# https://github.com/mikedh/trimesh
mtllib material.mtl
usemtl null.001
v -0.30804524 0.48569846 0.01829396
v -0.30803764 0.49034640 0.01757628
v -0.31140471 0.48570165 0.00848754
v -0.30815580 0.49033639 0.00021983
v -0.30817279 0.48568764 -0.00044092
v -0.30806261 0.48104969 0.01758182
v -0.30813134 0.49427837 0.00225374
v -0.30808705 0.47710770 0.01554790
v -0.30810353 0.49691331 0.00529957
v -0.30811489 0.47447273 0.01250208
v -0.30807656 0.49784017 0.00889346
v -0.30816382 0.47446859 0.00531294
v -0.30814183 0.47354591 0.00890794
v -0.30805460 0.49691746 0.01248870
v -0.30817750 0.47710001 0.00226398
v -0.30804092 0.49428606 0.01553767
v -0.30818078 0.48103964 0.00022537
v 0.32007056 0.48400855 0.01401860
v 0.32329619 0.48399404 0.00416735
v 0.32007816 0.48865652 0.01330091
v 0.31996000 0.48864648 -0.00405554
v 0.31994301 0.48399773 -0.00471629
v 0.32005319 0.47935978 0.01330645
v 0.31998447 0.49258849 -0.00202162
v 0.32002875 0.47541779 0.01127254
v 0.32001227 0.49522340 0.00102421
v 0.32000092 0.47278282 0.00822671
v 0.32003924 0.49615026 0.00461810
v 0.31995198 0.47277868 0.00103758
v 0.31997398 0.47185600 0.00463257
v 0.32006121 0.49522755 0.00821334
v 0.31993830 0.47541010 -0.00201139
v 0.32007489 0.49259615 0.01126230
v 0.31993502 0.47934976 -0.00405000
v -0.27430794 0.45922115 0.03445337
v -0.27422604 0.47133681 0.04234385
v -0.29326585 0.47427008 0.03584141
v -0.29333502 0.46460250 0.02950425
v -0.27440935 0.52008379 -0.00529434
v -0.27451697 0.51198357 -0.01711045
v -0.29350358 0.50670451 -0.01190258
v -0.29342160 0.51316696 -0.00241353
v -0.27440479 0.45112091 0.02263694
v -0.29341698 0.45814011 0.02001495
v -0.27430406 0.52293438 0.00864904
v -0.29333928 0.51544088 0.00878297
v -0.27421948 0.52009988 0.02259585
v -0.29326913 0.51317990 0.01998216
v -0.27450463 0.44827032 0.00869352
v -0.29349932 0.45586613 0.00881846
v -0.27465877 0.45919141 -0.01707900
v -0.27459466 0.45110479 -0.00525324
v -0.29356945 0.45812714 -0.00238074
v -0.29361674 0.46457860 -0.01187749
v -0.27416611 0.51201332 0.03442192
v -0.29322183 0.50672841 0.02947916
v -0.27468443 0.47129792 -0.02498409
v -0.29363397 0.47423884 -0.01822641
v -0.27414930 0.49990687 0.04232683
v -0.29320461 0.49706846 0.03582783
v -0.27466145 0.48558179 -0.02699866
v -0.29361621 0.48563680 -0.02012294
v -0.27417052 0.48562345 0.04510861
v -0.29322007 0.48567042 0.03806207
v -0.27460769 0.49986798 -0.02500111
v -0.29357272 0.49703723 -0.01823999
v -0.20173725 0.48378730 0.04570576
v -0.20171763 0.49873424 0.04268063
v -0.25828961 0.50038368 0.04459069
v -0.25830916 0.48558229 0.04756861
v -0.20221612 0.49869195 -0.03053694
v -0.20227028 0.48374206 -0.03258638
v -0.25883400 0.48553777 -0.02952047
v -0.25878030 0.50034207 -0.02748125
v -0.20179795 0.46883664 0.04269844
v -0.25836915 0.47077745 0.04460832
v -0.20212384 0.51136994 -0.02195473
v -0.25868925 0.51289636 -0.01903347
v -0.20189072 0.45615858 0.03411624
v -0.25846067 0.45822319 0.03616079
v -0.20201357 0.51984531 -0.00910460
v -0.25858083 0.52128917 -0.00638428
v -0.20200099 0.44768322 0.02126611
v -0.25856960 0.44983038 0.02351161
v -0.20190260 0.52282745 0.00605748
v -0.25847131 0.52424216 0.00854050
v -0.20220748 0.44766572 -0.00906160
v -0.20211247 0.44470090 0.00610403
v -0.25867915 0.44687739 0.00858658
v -0.25877285 0.44981340 -0.00634170
v -0.20180710 0.51986283 0.02122311
v -0.25837758 0.52130640 0.02346903
v -0.20227225 0.45612621 -0.02192182
v -0.25883621 0.45819134 -0.01900087
v -0.20174232 0.51140231 0.03408333
v -0.25831372 0.51292819 0.03612795
v -0.20229644 0.46879435 -0.03051912
v -0.25885984 0.47073582 -0.02746361
v -0.30226824 0.46435410 0.00155764
v -0.30229703 0.46935254 -0.00464714
v -0.30205411 0.50699997 0.01616304
v -0.30202532 0.50200152 0.02236782
v -0.30230513 0.47683641 -0.00879554
v -0.30201721 0.49451765 0.02651622
v -0.30229315 0.48566583 -0.01052587
v -0.30203101 0.48568809 0.02797658
v -0.30225769 0.49449727 -0.00880606
v -0.30206466 0.47685680 0.02652674
v -0.30220938 0.50198591 -0.00466658
v -0.30211297 0.46936816 0.02238726
v -0.30215371 0.50699151 0.00153224
v -0.30216864 0.46436256 0.01618844
v -0.30209917 0.50875223 0.00884647
v -0.30222315 0.46260205 0.00887396
v -0.09470223 0.48510495 -0.01594777
v -0.09659259 0.47282562 -0.01387575
v -0.12973388 0.47080499 -0.02247005
v -0.12970993 0.48519379 -0.02463759
v -0.18413027 0.48410490 -0.03059912
v -0.18415585 0.46929681 -0.02850691
v -0.09249327 0.49741131 0.02877569
v -0.09091298 0.50781929 0.02375013
v -0.12926130 0.51181555 0.03075046
v -0.12924588 0.49962023 0.03783470
v -0.18359976 0.49895579 0.04146915
v -0.18362220 0.51150560 0.03325011
v -0.09817287 0.46241763 -0.00885043
v -0.12971848 0.45860943 -0.01538605
v -0.18413393 0.45674703 -0.02028788
v -0.08988535 0.51477140 0.01624311
v -0.12931176 0.51996070 0.02015469
v -0.18368332 0.51988739 0.02095588
v -0.09920051 0.45546573 -0.00134340
v -0.12966852 0.45046419 -0.00479003
v -0.18407279 0.44836521 -0.00799365
v -0.08956669 0.51720899 0.00739757
v -0.12938912 0.52281594 0.00765980
v -0.18377410 0.52282459 0.00645806
v -0.09951918 0.45302811 0.00750238
v -0.09908012 0.45547596 0.01633995
v -0.12949841 0.45047861 0.02019608
v -0.12959115 0.44760901 0.00770461
v -0.18398201 0.44542798 0.00650417
v -0.18387541 0.44838196 0.02099848
v -0.09000575 0.51476121 -0.00144024
v -0.12948187 0.51994628 -0.00483143
v -0.18388070 0.51987064 -0.00803625
v -0.09795041 0.46243650 0.02382425
v -0.12940416 0.45863608 0.03078214
v -0.18376921 0.45677796 0.03328272
v -0.09113544 0.50780040 -0.00892455
v -0.12957561 0.51178885 -0.01541774
v -0.18398690 0.51147461 -0.02032048
v -0.09630194 0.47285026 0.02881581
v -0.12932320 0.47083983 0.03785160
v -0.18367933 0.46933725 0.04148679
v -0.09278392 0.49738663 -0.01391586
v -0.12965657 0.49958539 -0.02248720
v -0.18407629 0.49891534 -0.02852456
v -0.09438563 0.48513180 0.03055444
v -0.12926762 0.48523134 0.04032816
v -0.18361992 0.48414817 0.04436142
v -0.08125506 0.48509422 0.02669105
v -0.07910725 0.49690589 0.02519799
v -0.07935044 0.49688527 -0.01052311
v -0.08152093 0.48507166 -0.01236140
v -0.08342266 0.47328085 0.02524101
v -0.07749288 0.50690186 -0.00635077
v -0.08528047 0.46326423 0.02106867
v -0.07622791 0.51359677 -0.00009121
v -0.08654544 0.45656937 0.01480887
v -0.07574837 0.51595086 0.00730274
v -0.08664617 0.45656082 0.00001265
v -0.08702497 0.45421553 0.00741516
v -0.07612718 0.51360530 0.01470500
v -0.08546661 0.46324843 -0.00627128
v -0.07730674 0.50691766 0.02098918
v -0.08366586 0.47326019 -0.01048008
v -0.16548188 0.49917734 0.04025766
v -0.16550256 0.48450932 0.04301684
v -0.16599023 0.48446792 -0.02861186
v -0.16593647 0.49913877 -0.02651194
v -0.16556071 0.46983811 0.04027515
v -0.16584973 0.51157951 -0.01868623
v -0.16564745 0.45739734 0.03244919
v -0.16574760 0.51989567 -0.00696814
v -0.16574958 0.44908091 0.02073110
v -0.16564585 0.52282184 0.00685864
v -0.16585182 0.44615507 0.00690432
v -0.16593787 0.44906494 -0.00692594
v -0.16555929 0.51991165 0.02068890
v -0.16599536 0.45736784 -0.01865394
v -0.16550180 0.51160902 0.03241690
v -0.16601528 0.46979955 -0.02649446
v -0.06833965 0.48503840 -0.00877478
v -0.07073937 0.47369480 -0.00708467
v -0.06572147 0.49640051 0.02162053
v -0.06370050 0.50601608 0.01822799
v -0.07276034 0.46407926 -0.00369212
v -0.06236900 0.51243943 0.01316690
v -0.07409184 0.45765612 0.00136896
v -0.06192982 0.51469266 0.00720792
v -0.07453078 0.45540291 0.00732794
v -0.07401075 0.45766300 0.01327779
v -0.06245008 0.51243258 0.00125807
v -0.07261053 0.46409196 0.01831285
v -0.06385031 0.50600332 -0.00377699
v -0.07054362 0.47371140 0.02166621
v -0.06591722 0.49638391 -0.00713060
v -0.06812449 0.48505664 0.02282790
v -0.07125577 0.49337980 -0.02303925
v -0.07127504 0.48764092 -0.02360102
v -0.09287660 0.48599958 -0.03322315
v -0.09285094 0.49364460 -0.03247480
v -0.07102922 0.46320963 0.02216976
v -0.07098904 0.46687034 0.02662493
v -0.09249562 0.45833030 0.03368483
v -0.09254914 0.45345372 0.02774991
v -0.07089781 0.51212502 0.02214060
v -0.07092513 0.51484025 0.01705362
v -0.09241048 0.52223289 0.02093450
v -0.09237409 0.51861584 0.02771107
v -0.07099575 0.51707280 0.00579588
v -0.07103634 0.51650435 0.00005774
v -0.09255863 0.52444971 -0.00170638
v -0.09250456 0.52520704 0.00593761
v -0.07095216 0.47132993 0.03028034
v -0.09244650 0.46427107 0.03855434
v -0.07122442 0.46047547 -0.00542683
v -0.07119135 0.45880476 0.00009212
v -0.09276512 0.44758579 -0.00166059
v -0.09280917 0.44981146 -0.00901260
v -0.07085951 0.49893022 0.03298208
v -0.07086436 0.50401407 0.03026087
v -0.09232953 0.50781095 0.03852840
v -0.09232308 0.50103855 0.04215343
v -0.07092000 0.47641692 0.03299549
v -0.09240364 0.47104770 0.04217130
v -0.07129003 0.47638553 -0.02135528
v -0.07128519 0.47130167 -0.01863406
v -0.09289012 0.46423343 -0.02660647
v -0.09289658 0.47100589 -0.03023152
v -0.07095820 0.51651096 0.01153468
v -0.09245454 0.52445853 0.01358251
v -0.07087729 0.50846946 0.02660014
v -0.09234676 0.51374614 0.03365181
v -0.07111321 0.45881137 0.01156906
v -0.07107114 0.46048847 0.01708601
v -0.09260499 0.44982877 0.02097765
v -0.09266102 0.44759464 0.01362830
v -0.07122955 0.49889883 -0.02136869
v -0.09281601 0.50099671 -0.03024938
v -0.07107840 0.51482725 -0.00545920
v -0.09261467 0.52221555 -0.00905573
v -0.07127226 0.46684632 -0.01497334
v -0.07125174 0.46319076 -0.01051380
v -0.09284557 0.45342857 -0.01578916
v -0.09287290 0.45829830 -0.02172988
v -0.07119738 0.50398588 -0.01865353
v -0.09277316 0.50777334 -0.02663241
v -0.07089377 0.48193595 0.03466605
v -0.09236871 0.47839981 0.04439672
v -0.07087451 0.48767489 0.03522782
v -0.09234305 0.48604485 0.04514509
v -0.07112033 0.51210612 -0.01054295
v -0.09267052 0.51859069 -0.01582799
v -0.07128660 0.48190263 -0.02303241
v -0.09289201 0.47835541 -0.03246570
v -0.07116050 0.50844544 -0.01499812
v -0.09272403 0.51371413 -0.02176290
v -0.07115380 0.45824289 0.00583092
v -0.09271509 0.44683731 0.00598430
v -0.07086294 0.49341312 0.03465922
v -0.09232765 0.49368900 0.04438762
v -0.10951287 0.51042861 -0.03026505
v -0.10945737 0.51713985 -0.02476391
v -0.10944727 0.44158846 0.00658240
v -0.10950378 0.44243404 -0.00205411
v -0.10900957 0.49451733 0.04996705
v -0.10902698 0.48588163 0.05082278
v -0.10955355 0.44494835 -0.01035976
v -0.10959467 0.44903466 -0.01801531
v -0.10900441 0.50282013 0.04744307
v -0.10925980 0.44906306 0.03117126
v -0.10932289 0.44496793 0.02352056
v -0.10920943 0.53012365 0.00652966
v -0.10915293 0.52927804 0.01516618
v -0.10938619 0.44244400 0.01521792
v -0.10939691 0.52264899 -0.01805918
v -0.10964714 0.47719479 -0.03685498
v -0.10962974 0.48583049 -0.03771069
v -0.10960074 0.49446717 -0.03686527
v -0.10919934 0.45457220 0.03787600
v -0.10910316 0.52676368 0.02347181
v -0.10906204 0.52267736 0.03112738
v -0.10927051 0.52926809 -0.00210584
v -0.10914384 0.46128356 0.04337714
v -0.10901170 0.51047105 0.04334784
v -0.10909542 0.46893919 0.04746326
v -0.10964501 0.46124104 -0.03023575
v -0.10965230 0.46889195 -0.03433100
v -0.10903116 0.51717603 0.03783870
v -0.10956128 0.50277293 -0.03435119
v -0.10933382 0.52674413 -0.01040848
v -0.10962555 0.45453602 -0.02472661
v -0.10905597 0.47724494 0.04997734
v -0.11746657 0.52977413 0.01531673
v -0.11752370 0.53062898 0.00658598
v -0.12584159 0.52977854 0.00664310
v -0.12578557 0.52894044 0.01520357
v -0.11776413 0.44112784 0.00663929
v -0.11770238 0.44199270 0.01536903
v -0.12601680 0.44287097 0.01525485
v -0.12607734 0.44202295 0.00669538
v -0.11771322 0.52307284 -0.01827115
v -0.11777434 0.51750356 -0.02504904
v -0.12608735 0.51690918 -0.02437494
v -0.12602742 0.52236986 -0.01772924
v -0.11794858 0.48585260 -0.03813708
v -0.11796618 0.47712266 -0.03727204
v -0.12627545 0.47731581 -0.03635956
v -0.12625819 0.48587546 -0.03720773
v -0.11791927 0.49458346 -0.03728244
v -0.12622945 0.49443609 -0.03636975
v -0.11757461 0.44868401 0.03149644
v -0.11751349 0.45425326 0.03827433
v -0.12583159 0.45489240 0.03771343
v -0.12589151 0.44943178 0.03106773
v -0.11737470 0.52310157 0.03145208
v -0.11741626 0.52723241 0.02371298
v -0.12573625 0.52644831 0.02343608
v -0.12569550 0.52239799 0.03102424
v -0.11758544 0.52976406 -0.00214375
v -0.12590213 0.52893054 -0.00191638
v -0.11745738 0.46103781 0.04383549
v -0.12577657 0.46154463 0.04316614
v -0.11787157 0.44452438 -0.01048772
v -0.11782126 0.44198263 -0.00209146
v -0.12613335 0.44286108 -0.00186510
v -0.12618268 0.44535324 -0.01009761
v -0.11731643 0.50302762 0.04794579
v -0.11732380 0.51076204 0.04380587
v -0.12564559 0.51029909 0.04313710
v -0.12563837 0.50271559 0.04719628
v -0.11740845 0.46877697 0.04796620
v -0.12572859 0.46913287 0.04721629
v -0.11797139 0.46872923 -0.03472052
v -0.11796402 0.46099484 -0.03058058
v -0.12627333 0.46150249 -0.02979861
v -0.12628056 0.46908605 -0.03385780
v -0.11734348 0.51754016 0.03823662
v -0.12566489 0.51694500 0.03767646
v -0.11763839 0.44454414 0.02376226
v -0.12595405 0.44537264 0.02348439
v -0.11787938 0.50297987 -0.03474092
v -0.12619033 0.50266874 -0.03387781
v -0.11764944 0.52721262 -0.01053698
v -0.12596488 0.52642894 -0.01014590
v -0.11794435 0.45421669 -0.02501134
v -0.11791313 0.44865531 -0.01822681
v -0.12622343 0.44940361 -0.01768577
v -0.12625404 0.45485657 -0.02433798
v -0.11783045 0.51071906 -0.03061020
v -0.12614235 0.51025701 -0.02982765
v -0.11736856 0.47717336 0.05050771
v -0.12568948 0.47736552 0.04970823
v -0.11733925 0.48590428 0.05136237
v -0.12566075 0.48592615 0.05054622
v -0.11732165 0.49463418 0.05049731
v -0.12564349 0.49448580 0.04969803
v -0.06659283 0.49297661 -0.02110092
v -0.06661078 0.48762956 -0.02162434
v -0.06638175 0.46486640 0.02102133
v -0.06634431 0.46827716 0.02517232
v -0.06625932 0.51044196 0.02099417
v -0.06628477 0.51297182 0.01625451
v -0.06635056 0.51505196 0.00576542
v -0.06638838 0.51452225 0.00041907
v -0.06630996 0.47243223 0.02857815
v -0.06656361 0.46231890 -0.00469103
v -0.06653281 0.46076226 0.00045109
v -0.06622364 0.49814805 0.03109542
v -0.06622815 0.50288481 0.02856001
v -0.06627999 0.47717193 0.03110792
v -0.06662475 0.47714266 -0.01953193
v -0.06662024 0.47240588 -0.01699650
v -0.06631558 0.51452839 0.01111239
v -0.06624020 0.50703597 0.02514923
v -0.06646000 0.46076843 0.01114442
v -0.06642081 0.46233100 0.01628469
v -0.06656840 0.49811882 -0.01954442
v -0.06642757 0.51295972 -0.00472119
v -0.06660819 0.46825477 -0.01358573
v -0.06658907 0.46484879 -0.00943068
v -0.06653843 0.50285852 -0.01701465
v -0.06625555 0.48231411 0.03266442
v -0.06623761 0.48766121 0.03318783
v -0.06646664 0.51042432 -0.00945784
v -0.06662156 0.48228306 -0.02109455
v -0.06650407 0.50701356 -0.01360882
v -0.06649782 0.46023878 0.00579807
v -0.06622683 0.49300766 0.03265805
v -0.13764067 0.45874900 -0.02594800
v -0.13764866 0.45392957 -0.02521698
v -0.14479841 0.44868949 -0.03042156
v -0.14478968 0.45402491 -0.03124865
v -0.13737893 0.52353400 -0.01310179
v -0.13740729 0.51935828 -0.01561647
v -0.14451088 0.52138835 -0.01691355
v -0.14448282 0.52997869 -0.01618779
v -0.13765530 0.47333026 -0.03386157
v -0.13767599 0.46859801 -0.03503046
v -0.14483023 0.46576849 -0.04184778
v -0.14480743 0.47101426 -0.04057019
v -0.13749473 0.51307607 -0.02598037
v -0.13751262 0.50825590 -0.02670565
v -0.14462256 0.50961804 -0.02866988
v -0.14461827 0.51783216 -0.03128666
v -0.13748544 0.44359103 0.00284900
v -0.13746651 0.44070005 0.00677368
v -0.14458632 0.43328586 0.00682643
v -0.14460739 0.43647376 0.00246898
v -0.13704622 0.48987892 0.04908168
v -0.13705537 0.49380025 0.04618614
v -0.14413780 0.49429277 0.04860722
v -0.14409631 0.49033478 0.05626575
v -0.13758102 0.44830590 -0.01305697
v -0.13757510 0.44413307 -0.01053733
v -0.14471276 0.43728307 -0.01332947
v -0.14471945 0.44189581 -0.01613531
v -0.13703468 0.49853259 0.04735504
v -0.13701400 0.50326484 0.04852394
v -0.14405945 0.50613254 0.05543792
v -0.14408226 0.50088680 0.05416032
v -0.13731106 0.44832882 0.02659527
v -0.13728271 0.45250455 0.02910994
v -0.14437881 0.45051262 0.03050368
v -0.14440686 0.44192231 0.02977792
v -0.13720456 0.52827173 0.01064447
v -0.13722348 0.53116274 0.00671979
v -0.14430337 0.53861511 0.00676368
v -0.14428228 0.53542727 0.01112114
v -0.13743202 0.44359559 0.01069491
v -0.13739754 0.44649109 0.01461615
v -0.14450055 0.44413736 0.01513792
v -0.14454809 0.43647879 0.01118009
v -0.13744205 0.51862723 -0.02043578
v -0.13747682 0.51789623 -0.02525509
v -0.14459834 0.52316844 -0.03046593
v -0.14455979 0.52399546 -0.02513066
v -0.13764377 0.48198393 -0.03558820
v -0.13763462 0.47806257 -0.03269267
v -0.14475189 0.47760829 -0.03501709
v -0.14479336 0.48156634 -0.04267561
v -0.13762270 0.48983002 -0.03559287
v -0.13765293 0.48590532 -0.03848373
v -0.14480339 0.48592013 -0.04586857
v -0.14476997 0.49027762 -0.04268080
v -0.13724793 0.45323551 0.03392926
v -0.13721317 0.45396650 0.03874858
v -0.14429136 0.44873253 0.04405607
v -0.14432989 0.44790551 0.03872080
v -0.13710897 0.52355695 0.02655044
v -0.13711490 0.52772975 0.02403079
v -0.14417693 0.53461802 0.02691957
v -0.14417024 0.53000522 0.02972542
v -0.13725796 0.52826720 0.00279855
v -0.13729244 0.52537173 -0.00112268
v -0.14438914 0.52776361 -0.00154779
v -0.14434159 0.53542227 0.00241003
v -0.13719526 0.45878679 0.03947385
v -0.13717736 0.46360704 0.04019913
v -0.14426711 0.46228307 0.04226001
v -0.14427140 0.45406887 0.04487680
v -0.13753973 0.44530752 -0.00580651
v -0.13750437 0.44648203 -0.00107568
v -0.14461380 0.44412777 -0.00149797
v -0.14467362 0.43856683 -0.00808532
v -0.13703565 0.50577962 0.04434822
v -0.13705730 0.50829440 0.04017250
v -0.14413986 0.50965893 0.04223179
v -0.14408334 0.50893301 0.05082194
v -0.13714218 0.46612665 0.04437184
v -0.13710700 0.46864626 0.04854456
v -0.14416774 0.46582469 0.05546193
v -0.14420667 0.46301889 0.05084928
v -0.13765433 0.46608320 -0.03085474
v -0.13763268 0.46356842 -0.02667903
v -0.14474984 0.46224213 -0.02864165
v -0.14480636 0.46296802 -0.03723180
v -0.13715026 0.52655530 0.01929997
v -0.13718562 0.52538079 0.01456915
v -0.14427587 0.52777320 0.01508809
v -0.14421608 0.53333426 0.02167543
v -0.13707219 0.51865864 0.03389028
v -0.13710305 0.51938409 0.02907009
v -0.14418833 0.52141571 0.03046143
v -0.14412539 0.52403235 0.03867543
v -0.13736847 0.44532207 0.01934838
v -0.13733941 0.44415307 0.02408060
v -0.14443834 0.43730637 0.02697757
v -0.14447060 0.43858406 0.02173190
v -0.13758773 0.49848565 -0.03387655
v -0.13759246 0.49375468 -0.03270202
v -0.14470719 0.49424446 -0.03502700
v -0.14472732 0.50083202 -0.04058795
v -0.13732152 0.52654076 -0.00585490
v -0.13735057 0.52770978 -0.01058712
v -0.14445134 0.53459471 -0.01338743
v -0.14441907 0.53331703 -0.00814176
v -0.13761780 0.45320413 -0.02039680
v -0.13758695 0.45247874 -0.01557661
v -0.14470135 0.45048526 -0.01687130
v -0.14476429 0.44786865 -0.02508530
v -0.13704932 0.51311380 0.03944148
v -0.13704133 0.51793319 0.03871046
v -0.14409128 0.52321148 0.04401169
v -0.14410000 0.51787609 0.04483879
v -0.13754781 0.50573623 -0.03087837
v -0.13758299 0.50321656 -0.03505109
v -0.14472196 0.50607634 -0.04187180
v -0.14468300 0.50888216 -0.03725915
v -0.13710226 0.47337717 0.04737003
v -0.13709752 0.47810814 0.04619549
v -0.14418249 0.47765660 0.04861712
v -0.14416236 0.47106901 0.05417809
v -0.13706729 0.48203284 0.04908635
v -0.13703705 0.48595756 0.05197722
v -0.14408630 0.48598096 0.05945871
v -0.14411971 0.48162350 0.05627093
v -0.12762946 0.52511352 0.02289486
v -0.12759006 0.52119702 0.03023228
v -0.12772165 0.45592216 0.03670043
v -0.12777959 0.45064196 0.03027433
v -0.12813416 0.48588139 -0.03574500
v -0.12810637 0.49415910 -0.03493472
v -0.12815084 0.47760457 -0.03492486
v -0.12796897 0.51588959 -0.02333627
v -0.12791102 0.52116978 -0.01691017
v -0.12790073 0.44429797 0.01498398
v -0.12795928 0.44347793 0.00670735
v -0.12773132 0.52833372 0.00665680
v -0.12767717 0.52752328 0.01493440
v -0.12784007 0.44671696 0.02294158
v -0.12753482 0.50216496 0.04586992
v -0.12753977 0.49420717 0.04828901
v -0.12806115 0.44669822 -0.00953073
v -0.12810054 0.45061472 -0.01686813
v -0.12755646 0.48593038 0.04910917
v -0.12801345 0.44428840 -0.00157025
v -0.12802215 0.50945723 -0.02860880
v -0.12815578 0.46964675 -0.03250577
v -0.12785055 0.52509475 -0.00957742
v -0.12813015 0.45588750 -0.02330053
v -0.12814879 0.46231380 -0.02858071
v -0.12758423 0.47765264 0.04829887
v -0.12762205 0.46969205 0.04588927
v -0.12806855 0.50211972 -0.03252512
v -0.12756047 0.51592422 0.03666468
v -0.12754181 0.50949794 0.04194487
v -0.12778987 0.52751368 -0.00161983
v -0.12766846 0.46235457 0.04197295
v -0.12948734 0.47820345 0.04555972
v -0.12947437 0.48206866 0.04593807
v -0.12946139 0.48593384 0.04631643
v -0.12952267 0.47076926 0.04330945
v -0.12950499 0.47448635 0.04443458
v -0.12989630 0.50790489 -0.02626228
v -0.12991796 0.50447875 -0.02809095
v -0.12993963 0.50105262 -0.02991963
v -0.12944771 0.50794291 0.03962589
v -0.12945643 0.51094353 0.03716037
v -0.12946513 0.51394421 0.03469486
v -0.12999715 0.45787758 -0.02130503
v -0.12998334 0.45541552 -0.01830151
v -0.12996951 0.45295346 -0.01529799
v -0.12967938 0.52476740 -0.00105802
v -0.12970771 0.52363795 -0.00477371
v -0.12973604 0.52250838 -0.00848940
v -0.12995729 0.49733549 -0.03104476
v -0.12997495 0.49361843 -0.03216989
v -0.12978292 0.44705445 0.01444784
v -0.12975459 0.44818395 0.01816353
v -0.12972625 0.44931349 0.02187923
v -0.12947896 0.51640630 0.03169134
v -0.12949277 0.51886839 0.02868781
v -0.12952958 0.52252591 0.02183560
v -0.12955184 0.52365112 0.01811857
v -0.12957412 0.52477634 0.01440153
v -0.13002110 0.47072697 -0.02990156
v -0.13001783 0.46730298 -0.02806881
v -0.13001457 0.46387896 -0.02623606
v -0.12956598 0.46391702 0.03965212
v -0.12954432 0.46734315 0.04148078
v -0.12944119 0.50109488 0.04329138
v -0.12944445 0.50451887 0.04145863
v -0.12993272 0.44929597 -0.00844579
v -0.12991044 0.44817072 -0.00472875
v -0.12988816 0.44704551 -0.00101172
v -0.12961566 0.45790994 0.03472825
v -0.12959082 0.46091345 0.03719018
v -0.12962471 0.52553320 0.00667130
v -0.12965204 0.52515030 0.00280664
v -0.12951118 0.52069712 0.02526171
v -0.12966979 0.45297888 0.02872708
v -0.12964272 0.45544440 0.03172767
v -0.12998793 0.48975325 -0.03254824
v -0.13000089 0.48588806 -0.03292659
v -0.13000868 0.48202333 -0.03254364
v -0.13001648 0.47815856 -0.03216068
v -0.12979251 0.51884294 -0.01533726
v -0.12981957 0.51637745 -0.01833783
v -0.12984662 0.51391184 -0.02133841
v -0.12983759 0.44628865 0.00671851
v -0.12981024 0.44667155 0.01058318
v -0.12959941 0.52515477 0.01053642
v -0.12969802 0.45114619 0.02530316
v -0.12944581 0.49366331 0.04555051
v -0.12944350 0.49737909 0.04442095
v -0.12995110 0.45112473 -0.01187189
v -0.12945360 0.48979858 0.04593347
v -0.12986287 0.44666708 0.00285340
v -0.12987146 0.51090842 -0.02380035
v -0.13001879 0.47444278 -0.03103112
v -0.12976427 0.52067566 -0.01191333
v -0.13000587 0.46087825 -0.02377054
v 0.28641436 0.45771259 0.03063673
v 0.30540097 0.46299163 0.02542886
v 0.30547011 0.47265920 0.03176602
v 0.28650507 0.46982819 0.03852715
v 0.28630218 0.51857525 -0.00911091
v 0.30531439 0.51155609 -0.00648892
v 0.30523241 0.50509369 -0.01597797
v 0.28620535 0.51047498 -0.02092709
v 0.28630674 0.44961235 0.01882037
v 0.30531901 0.45652923 0.01593956
v 0.28640202 0.52142584 0.00483251
v 0.30539671 0.51383001 0.00470758
v 0.28649205 0.51859134 0.01877928
v 0.30546686 0.51156902 0.01590677
v 0.28620145 0.44676176 0.00487699
v 0.30523667 0.45425528 0.00474307
v 0.28606352 0.45768282 -0.02089564
v 0.30511925 0.46296772 -0.01595288
v 0.30516651 0.45651630 -0.00645613
v 0.28611687 0.44959623 -0.00906981
v 0.28655618 0.51050472 0.03060528
v 0.30551413 0.50511760 0.02540377
v 0.28604671 0.46978930 -0.02880079
v 0.30510202 0.47262797 -0.02230179
v 0.28658184 0.49839827 0.03851013
v 0.30553135 0.49545759 0.03175244
v 0.28607315 0.48407316 -0.03081539
v 0.30511978 0.48402596 -0.02419833
v 0.28656405 0.48411483 0.04129189
v 0.30551592 0.48405954 0.03398668
v 0.28612345 0.49835938 -0.02881781
v 0.30516326 0.49542636 -0.02231538
v 0.21413681 0.48266840 0.04287505
v 0.27073768 0.48415893 0.04396757
v 0.27075723 0.49896035 0.04098965
v 0.21415643 0.49761534 0.03984992
v 0.21365795 0.49757305 -0.03336765
v 0.27026653 0.49891871 -0.03108229
v 0.27021283 0.48411441 -0.03312152
v 0.21360378 0.48262319 -0.03541709
v 0.21407612 0.46771777 0.03986773
v 0.27067769 0.46935409 0.04100729
v 0.21375072 0.51025105 -0.02478545
v 0.27035806 0.51147300 -0.02263451
v 0.21398383 0.45503971 0.03128552
v 0.27058664 0.45679983 0.03255975
v 0.21386099 0.51872641 -0.01193532
v 0.27046701 0.51986581 -0.00998533
v 0.21387357 0.44656435 0.01843540
v 0.27047825 0.44840702 0.01991056
v 0.21397246 0.52170855 0.00322677
v 0.27057654 0.52281880 0.00493945
v 0.21366709 0.44654682 -0.01189232
v 0.27027500 0.44839004 -0.00994275
v 0.27036870 0.44545403 0.00498554
v 0.21376260 0.44358200 0.00327331
v 0.21406747 0.51874393 0.01839240
v 0.27067024 0.51988304 0.01986798
v 0.21360232 0.45500734 -0.02475254
v 0.27021110 0.45676795 -0.02260192
v 0.21413225 0.51028347 0.03125262
v 0.27073359 0.51150483 0.03252691
v 0.21357763 0.46767548 -0.03334983
v 0.27018702 0.46931246 -0.03106465
v 0.31392270 0.46769464 -0.00884154
v 0.31395149 0.46269619 -0.00263676
v 0.31419444 0.50034362 0.01817342
v 0.31416565 0.50534207 0.01196864
v 0.31391460 0.47517851 -0.01298994
v 0.31420252 0.49285978 0.02232183
v 0.31392658 0.48400792 -0.01472026
v 0.31418872 0.48403019 0.02378219
v 0.31396204 0.49283937 -0.01300046
v 0.31415507 0.47519889 0.02233235
v 0.31401038 0.50032800 -0.00886098
v 0.31410676 0.46771026 0.01819286
v 0.31406602 0.50533360 -0.00266216
v 0.31405109 0.46270466 0.01199404
v 0.31412056 0.50709432 0.00465207
v 0.31399658 0.46094415 0.00467957
v 0.10628107 0.48456421 -0.01731579
v 0.14116721 0.48446503 -0.02648136
v 0.14114325 0.47007620 -0.02431381
v 0.10813336 0.47227481 -0.01526924
v 0.19549470 0.48308355 -0.03318310
v 0.19546910 0.46827546 -0.03109089
v 0.10474736 0.49688062 0.02743315
v 0.14163125 0.49889144 0.03599093
v 0.14161584 0.51108676 0.02890669
v 0.10315484 0.50729716 0.02242918
v 0.19602519 0.49793443 0.03888517
v 0.19600326 0.51048422 0.03066614
v 0.14115866 0.45788065 -0.01722982
v 0.10972589 0.46185830 -0.01026552
v 0.19549152 0.45572567 -0.02287186
v 0.14156587 0.51923198 0.01831092
v 0.10206254 0.51425499 0.01493659
v 0.19594213 0.51886600 0.01837190
v 0.14120911 0.44973540 -0.00663380
v 0.11081819 0.45490071 -0.00277293
v 0.19555266 0.44734386 -0.01057763
v 0.14148851 0.52208722 0.00581603
v 0.10163660 0.51669455 0.00609611
v 0.19585136 0.52180326 0.00387408
v 0.11124413 0.45246109 0.00606779
v 0.14128648 0.44688022 0.00586083
v 0.14137922 0.44974986 0.01835231
v 0.11093859 0.45491090 0.01491042
v 0.19564344 0.44440663 0.00392019
v 0.19575004 0.44736061 0.01841450
v 0.14139576 0.51921749 -0.00667520
v 0.10194214 0.51424479 -0.00274677
v 0.19574475 0.51884925 -0.01062022
v 0.14147298 0.45790732 0.02893837
v 0.10994834 0.46187717 0.02240915
v 0.19585624 0.45575660 0.03069874
v 0.14130151 0.51106006 -0.01726150
v 0.10293239 0.50727826 -0.01024550
v 0.19563855 0.51045328 -0.02290446
v 0.14155392 0.47011104 0.03600783
v 0.10842402 0.47229946 0.02742231
v 0.19594564 0.46831590 0.03890282
v 0.14122055 0.49885660 -0.02433096
v 0.10445671 0.49685597 -0.01525841
v 0.19554867 0.49789399 -0.03110854
v 0.14160950 0.48450255 0.03848439
v 0.10659766 0.48459107 0.02918642
v 0.19600505 0.48312682 0.04177745
v 0.09341571 0.48462430 0.02550212
v 0.09131136 0.49644741 0.02403801
v 0.09106816 0.49642676 -0.01168309
v 0.09314983 0.48460174 -0.01355032
v 0.09549978 0.47279945 0.02402315
v 0.08932148 0.50645310 -0.00748622
v 0.09724669 0.46277314 0.01982627
v 0.08817788 0.51315445 -0.00121026
v 0.09839029 0.45607179 0.01355008
v 0.08781171 0.51551080 0.00618944
v 0.09828956 0.45606327 -0.00124614
v 0.09875647 0.45371571 0.00615061
v 0.08827862 0.51316297 0.01358595
v 0.09706056 0.46275738 -0.00751367
v 0.08950762 0.50646889 0.01985373
v 0.09525658 0.47277883 -0.01169795
v 0.17787328 0.48358548 0.04067960
v 0.17789397 0.49825352 0.03792042
v 0.17743938 0.49821496 -0.02884918
v 0.17738561 0.48354411 -0.03094910
v 0.17781514 0.46891427 0.03793790
v 0.17752612 0.51065570 -0.02102347
v 0.17772840 0.45647353 0.03011195
v 0.17762825 0.51897186 -0.00930538
v 0.17762627 0.44815710 0.01839385
v 0.17773049 0.52189803 0.00452140
v 0.17743798 0.44814113 -0.00926318
v 0.17752454 0.44523123 0.00456707
v 0.17781655 0.51898783 0.01835166
v 0.17738049 0.45644400 -0.02099118
v 0.17787404 0.51068521 0.03007965
v 0.17736056 0.46887571 -0.02883170
v 0.08001859 0.48463926 -0.00978460
v 0.08238003 0.47328284 -0.00812690
v 0.07787560 0.49601418 0.02064311
v 0.07586040 0.50564057 0.01727804
v 0.08439524 0.46365646 -0.00476183
v 0.07449471 0.51207119 0.01223532
v 0.08576092 0.45722604 0.00028090
v 0.07398658 0.51432699 0.00628278
v 0.08626881 0.45497030 0.00623343
v 0.08584200 0.45723292 0.01218973
v 0.07441363 0.51206434 0.00032649
v 0.08454505 0.46366915 0.01724315
v 0.07571058 0.50562787 -0.00472694
v 0.08257578 0.47329944 0.02062398
v 0.07767986 0.49599758 -0.00810801
v 0.08023375 0.48465750 0.02181807
v 0.08278511 0.49296537 -0.02408775
v 0.10425095 0.49311432 -0.03381641
v 0.10422529 0.48546928 -0.03456476
v 0.08276585 0.48722646 -0.02464952
v 0.08301166 0.46279520 0.02112125
v 0.10455275 0.45292342 0.02640831
v 0.10460626 0.45780000 0.03234323
v 0.08305184 0.46645591 0.02557643
v 0.08314306 0.51171058 0.02109210
v 0.10472780 0.51808554 0.02636947
v 0.10469141 0.52170259 0.01959290
v 0.08311575 0.51442581 0.01600512
v 0.08304513 0.51665837 0.00474737
v 0.10459733 0.52467674 0.00459601
v 0.10454326 0.52391940 -0.00304799
v 0.08300454 0.51608986 -0.00099076
v 0.10465539 0.46374077 0.03721274
v 0.08308871 0.47091550 0.02923184
v 0.08281647 0.46006104 -0.00647533
v 0.10429272 0.44928116 -0.01035420
v 0.10433678 0.44705552 -0.00300220
v 0.08284954 0.45839033 -0.00095639
v 0.08318136 0.49851578 0.03193357
v 0.10477881 0.50050825 0.04081183
v 0.10477236 0.50728071 0.03718680
v 0.08317652 0.50359964 0.02921236
v 0.10469825 0.47051740 0.04082970
v 0.08312088 0.47600248 0.03194698
v 0.08275086 0.47597110 -0.02240378
v 0.10420531 0.47047558 -0.03157312
v 0.10421177 0.46370316 -0.02794808
v 0.08275570 0.47088721 -0.01968256
v 0.10464735 0.52392823 0.01224090
v 0.08308268 0.51609653 0.01048618
v 0.08316359 0.50805503 0.02555164
v 0.10475513 0.51321584 0.03231021
v 0.08292768 0.45839694 0.01052056
v 0.10444087 0.44706434 0.01228670
v 0.10449690 0.44929847 0.01963605
v 0.08296974 0.46007404 0.01603751
v 0.08281133 0.49848440 -0.02241719
v 0.10428588 0.50046641 -0.03159099
v 0.10448723 0.52168530 -0.01039733
v 0.08296248 0.51441282 -0.00650771
v 0.08276863 0.46643189 -0.01602184
v 0.10422899 0.45776799 -0.02307149
v 0.10425632 0.45289826 -0.01713076
v 0.08278915 0.46277633 -0.01156231
v 0.08284350 0.50357145 -0.01970203
v 0.10432873 0.50724310 -0.02797401
v 0.10473318 0.47786951 0.04305512
v 0.08314710 0.48152152 0.03361755
v 0.10475884 0.48551455 0.04380348
v 0.08316637 0.48726046 0.03417932
v 0.10443138 0.51806039 -0.01716959
v 0.08292055 0.51169163 -0.01159145
v 0.08275428 0.48148820 -0.02408091
v 0.10420988 0.47782511 -0.03380730
v 0.08288038 0.50803101 -0.01604662
v 0.10437786 0.51318383 -0.02310450
v 0.10438680 0.44630703 0.00464270
v 0.08288709 0.45782846 0.00478242
v 0.10477424 0.49315870 0.04304601
v 0.08317793 0.49299869 0.03361071
v 0.12108699 0.51651961 -0.02633314
v 0.12103149 0.50980830 -0.03183429
v 0.12104058 0.44181377 -0.00362335
v 0.12109709 0.44096819 0.00501317
v 0.12151738 0.48526138 0.04925354
v 0.12153479 0.49389705 0.04839782
v 0.12094969 0.44841439 -0.01958455
v 0.12099081 0.44432810 -0.01192899
v 0.12153995 0.50219989 0.04587384
v 0.12122147 0.44434765 0.02195132
v 0.12128457 0.44844282 0.02960202
v 0.12139144 0.52865779 0.01359695
v 0.12133493 0.52950335 0.00496043
v 0.12115817 0.44182375 0.01364868
v 0.12114745 0.52202874 -0.01962841
v 0.12091463 0.48521024 -0.03927992
v 0.12089722 0.47657454 -0.03842422
v 0.12094362 0.49384689 -0.03843451
v 0.12134502 0.45395193 0.03630676
v 0.12148232 0.52205712 0.02955814
v 0.12144121 0.52614343 0.02190258
v 0.12127385 0.52864784 -0.00367508
v 0.12140052 0.46066329 0.04180790
v 0.12153266 0.50985080 0.04177860
v 0.12144893 0.46831894 0.04589402
v 0.12089206 0.46827167 -0.03590024
v 0.12089935 0.46062076 -0.03180499
v 0.12151320 0.51655573 0.03626946
v 0.12098308 0.50215268 -0.03592043
v 0.12121054 0.52612388 -0.01197771
v 0.12091881 0.45391577 -0.02629585
v 0.12148839 0.47662470 0.04840811
v 0.12970892 0.52910912 0.01363429
v 0.13802101 0.52823067 0.01340793
v 0.13796499 0.52906877 0.00484746
v 0.12965178 0.52996397 0.00490354
v 0.12941135 0.44046283 0.00495686
v 0.13772924 0.44131321 0.00489974
v 0.13778979 0.44216123 0.01345921
v 0.12947309 0.44132769 0.01368659
v 0.12946226 0.52240783 -0.01995359
v 0.13777916 0.52166009 -0.01952488
v 0.13771923 0.51619941 -0.02617058
v 0.12940115 0.51683855 -0.02673148
v 0.12922689 0.48518759 -0.03981952
v 0.13754839 0.48516572 -0.03900337
v 0.13753113 0.47660604 -0.03815519
v 0.12920929 0.47645766 -0.03895447
v 0.12925620 0.49391845 -0.03896488
v 0.13757713 0.49372634 -0.03816539
v 0.12960087 0.44801900 0.02981400
v 0.13791507 0.44872200 0.02927209
v 0.13797499 0.45418265 0.03591780
v 0.12966199 0.45358825 0.03659189
v 0.12980078 0.52243656 0.02976964
v 0.13811108 0.52168828 0.02922860
v 0.13807033 0.52573854 0.02164044
v 0.12975922 0.52656740 0.02203054
v 0.13790445 0.52822077 -0.00371202
v 0.12959003 0.52909905 -0.00382619
v 0.13803001 0.46083489 0.04137050
v 0.12971810 0.46037281 0.04215306
v 0.12930390 0.44385937 -0.01217016
v 0.13762391 0.44464350 -0.01189325
v 0.13767323 0.44215134 -0.00366074
v 0.12935422 0.44131762 -0.00377390
v 0.12985905 0.50236261 0.04626336
v 0.13816822 0.50200582 0.04540063
v 0.13816099 0.50958937 0.04134146
v 0.12985167 0.51009703 0.04212344
v 0.13807799 0.46842313 0.04542064
v 0.12976703 0.46811196 0.04628376
v 0.12920408 0.46806422 -0.03640296
v 0.13752602 0.46837631 -0.03565344
v 0.13753325 0.46079275 -0.03159425
v 0.12921146 0.46032983 -0.03226302
v 0.12983200 0.51687515 0.03655418
v 0.13814169 0.51623523 0.03588082
v 0.13785253 0.44466290 0.02168875
v 0.12953709 0.44387913 0.02207983
v 0.12929609 0.50231487 -0.03642336
v 0.13761625 0.50195897 -0.03567345
v 0.13784170 0.52571917 -0.01194154
v 0.12952603 0.52654761 -0.01221941
v 0.12923113 0.45355168 -0.02669378
v 0.13755254 0.45414680 -0.02613362
v 0.13758315 0.44869387 -0.01948140
v 0.12926234 0.44799030 -0.01990925
v 0.12934503 0.51005405 -0.03229264
v 0.13766423 0.50954723 -0.03162329
v 0.13811710 0.47665575 0.04791259
v 0.12980692 0.47650835 0.04882528
v 0.13814583 0.48521641 0.04875058
v 0.12983623 0.48523927 0.04967993
v 0.13816309 0.49377605 0.04790239
v 0.12985383 0.49396917 0.04881487
v 0.07812894 0.48724014 -0.02260953
v 0.07814689 0.49258721 -0.02208612
v 0.07839540 0.46788773 0.02418713
v 0.07835797 0.46447697 0.02003614
v 0.07845495 0.51258242 0.01526932
v 0.07848041 0.51005250 0.02000898
v 0.07835133 0.51413286 -0.00056612
v 0.07838915 0.51466250 0.00478022
v 0.07842977 0.47204280 0.02759296
v 0.07820692 0.46037284 -0.00053410
v 0.07817610 0.46192947 -0.00567622
v 0.07851157 0.50249541 0.02757481
v 0.07851609 0.49775866 0.03011023
v 0.07845973 0.47678250 0.03012272
v 0.07811949 0.47201648 -0.01798170
v 0.07811497 0.47675326 -0.02051712
v 0.07842414 0.51413900 0.01012720
v 0.07849953 0.50664657 0.02416403
v 0.07831891 0.46194160 0.01529950
v 0.07827972 0.46037903 0.01015923
v 0.07817132 0.49772939 -0.02052962
v 0.07831214 0.51257026 -0.00570639
v 0.07815065 0.46445939 -0.01041588
v 0.07813153 0.46786535 -0.01457092
v 0.07820129 0.50246912 -0.01799984
v 0.07848416 0.48192471 0.03167922
v 0.07850211 0.48727179 0.03220264
v 0.07827308 0.51003492 -0.01044303
v 0.07811816 0.48189366 -0.02207975
v 0.07823565 0.50662416 -0.01459401
v 0.07824190 0.45984936 0.00481288
v 0.07851289 0.49261826 0.03167286
v 0.14893697 0.45797795 -0.02789864
v 0.15598765 0.45321569 -0.03329594
v 0.15597892 0.44788027 -0.03246885
v 0.14892898 0.45315856 -0.02716762
v 0.14919871 0.52276301 -0.01505243
v 0.15629451 0.52916944 -0.01823507
v 0.15626645 0.52057910 -0.01896084
v 0.14917035 0.51858729 -0.01756710
v 0.14892234 0.47255924 -0.03581220
v 0.15596990 0.47020504 -0.04261748
v 0.15594710 0.46495926 -0.04389507
v 0.14890166 0.46782699 -0.03698109
v 0.14908291 0.51230502 -0.02793100
v 0.15615906 0.51702297 -0.03333395
v 0.15615477 0.50880885 -0.03071716
v 0.14906500 0.50748485 -0.02865628
v 0.14909220 0.44282001 0.00089836
v 0.15616994 0.43566453 0.00042169
v 0.15619102 0.43247664 0.00477914
v 0.14911114 0.43992904 0.00482304
v 0.14953142 0.48910791 0.04713105
v 0.15668102 0.48952556 0.05421846
v 0.15663953 0.49348354 0.04655993
v 0.14952226 0.49302924 0.04423551
v 0.14899662 0.44753489 -0.01500761
v 0.15605788 0.44108659 -0.01818260
v 0.15606457 0.43647385 -0.01537676
v 0.14900254 0.44336206 -0.01248797
v 0.14954296 0.49776158 0.04540441
v 0.15669507 0.50007755 0.05211303
v 0.15671788 0.50532335 0.05339063
v 0.14956364 0.50249380 0.04657330
v 0.14926659 0.44755781 0.02464464
v 0.15637048 0.44111311 0.02773063
v 0.15639852 0.44970340 0.02845640
v 0.14929493 0.45173353 0.02715931
v 0.14937308 0.52750075 0.00869384
v 0.15649505 0.53461802 0.00907385
v 0.15647396 0.53780591 0.00471640
v 0.14935416 0.53039169 0.00476915
v 0.14914562 0.44282454 0.00874428
v 0.15622924 0.43566957 0.00913280
v 0.15627678 0.44332814 0.01309063
v 0.14918010 0.44572008 0.01266552
v 0.14913559 0.51785624 -0.02238641
v 0.15621755 0.52318627 -0.02717795
v 0.15617900 0.52235925 -0.03251322
v 0.14910083 0.51712525 -0.02720572
v 0.14893387 0.48121291 -0.03753884
v 0.15598397 0.48075712 -0.04472290
v 0.15602544 0.47679907 -0.03706438
v 0.14894302 0.47729155 -0.03464330
v 0.14895494 0.48905900 -0.03754351
v 0.15600736 0.48946840 -0.04472809
v 0.15597394 0.48511091 -0.04791585
v 0.14892471 0.48513430 -0.04043436
v 0.14932971 0.45246449 0.03197863
v 0.15644744 0.44709629 0.03667351
v 0.15648597 0.44792330 0.04200879
v 0.14936447 0.45319548 0.03679794
v 0.14946868 0.52278590 0.02459980
v 0.15660709 0.52919596 0.02767814
v 0.15660042 0.53380877 0.02487228
v 0.14946274 0.52695876 0.02208016
v 0.14931968 0.52749622 0.00084792
v 0.15643574 0.53461301 0.00036275
v 0.15638819 0.52695435 -0.00359508
v 0.14928520 0.52460068 -0.00307332
v 0.14938238 0.45801574 0.03752321
v 0.15650593 0.45325965 0.04282951
v 0.15651022 0.46147385 0.04021272
v 0.14940028 0.46283603 0.03824849
v 0.14903790 0.44453651 -0.00775714
v 0.15610373 0.43775761 -0.01013261
v 0.15616353 0.44331855 -0.00354526
v 0.14907327 0.44571102 -0.00302632
v 0.14954199 0.50500864 0.04239758
v 0.15669399 0.50812382 0.04877465
v 0.15663749 0.50884968 0.04018450
v 0.14952032 0.50752342 0.03822187
v 0.14943546 0.46535560 0.04242121
v 0.15657066 0.46220967 0.04880200
v 0.15660961 0.46501547 0.05341464
v 0.14947064 0.46787524 0.04659393
v 0.14892331 0.46531218 -0.03280538
v 0.15597098 0.46215880 -0.03927909
v 0.15602750 0.46143290 -0.03068894
v 0.14894496 0.46279737 -0.02862966
v 0.14942738 0.52578425 0.01734934
v 0.15656126 0.53252500 0.01962815
v 0.15650146 0.52696401 0.01304080
v 0.14939202 0.52460980 0.01261852
v 0.14950545 0.51788759 0.03193964
v 0.15665194 0.52322310 0.03662815
v 0.15658900 0.52060646 0.02841414
v 0.14947459 0.51861310 0.02711945
v 0.14920917 0.44455105 0.01739774
v 0.15630673 0.43777484 0.01968461
v 0.15633899 0.43649715 0.02493028
v 0.14923823 0.44338205 0.02212996
v 0.14898992 0.49771464 -0.03582719
v 0.15605001 0.50002283 -0.04263524
v 0.15607014 0.49343523 -0.03707429
v 0.14898518 0.49298367 -0.03465265
v 0.14925613 0.52576971 -0.00780553
v 0.15635826 0.53250778 -0.01018905
v 0.15632600 0.53378552 -0.01543472
v 0.14922707 0.52693874 -0.01253775
v 0.14895985 0.45243311 -0.02234743
v 0.15601304 0.44705942 -0.02713259
v 0.15607598 0.44967604 -0.01891859
v 0.14899069 0.45170772 -0.01752725
v 0.14952832 0.51234275 0.03749085
v 0.15667734 0.51706690 0.04279150
v 0.15668607 0.52240223 0.04196441
v 0.14953631 0.51716214 0.03675983
v 0.14902984 0.50496519 -0.03282900
v 0.15609433 0.50807297 -0.03930644
v 0.15605538 0.50526714 -0.04391909
v 0.14899465 0.50244552 -0.03700172
v 0.14947538 0.47260615 0.04541939
v 0.15661497 0.47025979 0.05213080
v 0.15659484 0.47684738 0.04656984
v 0.14948012 0.47733712 0.04424486
v 0.14951035 0.48126182 0.04713572
v 0.15665762 0.48081428 0.05422365
v 0.15669103 0.48517174 0.05741142
v 0.14954059 0.48518655 0.05002658
v 0.13998820 0.52047712 0.02841097
v 0.13994880 0.52439362 0.02107355
v 0.13979867 0.44992206 0.02845302
v 0.13985661 0.45520225 0.03487912
v 0.13947189 0.49343920 -0.03675603
v 0.13944410 0.48516148 -0.03756632
v 0.13942742 0.47688466 -0.03674617
v 0.13966724 0.52044988 -0.01873149
v 0.13960931 0.51516968 -0.02515758
v 0.13961898 0.44275802 0.00488604
v 0.13967752 0.44357806 0.01316267
v 0.13990110 0.52680337 0.01311309
v 0.13984694 0.52761382 0.00483548
v 0.13973819 0.44599706 0.02112027
v 0.14003849 0.49348727 0.04646770
v 0.14004344 0.50144506 0.04404861
v 0.13947771 0.44989482 -0.01868944
v 0.13951711 0.44597831 -0.01135204
v 0.14002180 0.48521048 0.04728786
v 0.13956481 0.44356850 -0.00339157
v 0.13955611 0.50873733 -0.03043011
v 0.13942248 0.46892685 -0.03432708
v 0.13972771 0.52437484 -0.01139873
v 0.13942946 0.46159390 -0.03040202
v 0.13944811 0.45516759 -0.02512184
v 0.13999403 0.47693273 0.04647756
v 0.13995621 0.46897215 0.04406796
v 0.13950971 0.50139982 -0.03434643
v 0.14003645 0.50877804 0.04012356
v 0.14001779 0.51520431 0.03484337
v 0.13978839 0.52679378 -0.00344115
v 0.13990980 0.46163467 0.04015164
v 0.14186260 0.47747341 0.04371273
v 0.14187557 0.48133859 0.04409109
v 0.14188854 0.48520380 0.04446945
v 0.14182729 0.47003922 0.04146247
v 0.14184494 0.47375631 0.04258760
v 0.14145364 0.50717485 -0.02810927
v 0.14143197 0.50374871 -0.02993794
v 0.14141031 0.50032252 -0.03176661
v 0.14190222 0.50721288 0.03777890
v 0.14189351 0.51021349 0.03531339
v 0.14188480 0.51321417 0.03284788
v 0.14135279 0.45714754 -0.02315201
v 0.14136660 0.45468545 -0.02014850
v 0.14138043 0.45222339 -0.01714498
v 0.14167057 0.52403736 -0.00290500
v 0.14164223 0.52290785 -0.00662069
v 0.14161390 0.52177835 -0.01033638
v 0.14139265 0.49660546 -0.03289175
v 0.14137499 0.49288836 -0.03401688
v 0.14156702 0.44632438 0.01260085
v 0.14159536 0.44745389 0.01631655
v 0.14162369 0.44858342 0.02003224
v 0.14187099 0.51567626 0.02984435
v 0.14185716 0.51813835 0.02684083
v 0.14182036 0.52179587 0.01998861
v 0.14179809 0.52292109 0.01627158
v 0.14177582 0.52404630 0.01255455
v 0.14132884 0.46999693 -0.03174854
v 0.14133210 0.46657291 -0.02991579
v 0.14133537 0.46314892 -0.02808304
v 0.14178395 0.46318698 0.03780513
v 0.14180562 0.46661308 0.03963380
v 0.14190875 0.50036484 0.04144440
v 0.14190549 0.50378883 0.03961165
v 0.14141722 0.44856593 -0.01029277
v 0.14143950 0.44744068 -0.00657574
v 0.14146177 0.44631547 -0.00285870
v 0.14173427 0.45717990 0.03288126
v 0.14175911 0.46018341 0.03534320
v 0.14172524 0.52480316 0.00482432
v 0.14169790 0.52442026 0.00095966
v 0.14183876 0.51996708 0.02341472
v 0.14168017 0.45224884 0.02688010
v 0.14170721 0.45471436 0.02988068
v 0.14136201 0.48902321 -0.03439523
v 0.14134905 0.48515803 -0.03477358
v 0.14134125 0.48129326 -0.03439062
v 0.14133346 0.47742850 -0.03400767
v 0.14155743 0.51811290 -0.01718424
v 0.14153038 0.51564735 -0.02018482
v 0.14150332 0.51318181 -0.02318540
v 0.14151235 0.44555861 0.00487153
v 0.14153969 0.44594148 0.00873619
v 0.14175053 0.52442473 0.00868943
v 0.14165193 0.45041615 0.02345617
v 0.14190413 0.49293324 0.04370352
v 0.14190644 0.49664906 0.04257396
v 0.14139883 0.45039466 -0.01371887
v 0.14189634 0.48906854 0.04408649
v 0.14148706 0.44593704 0.00100641
v 0.14147848 0.51017833 -0.02564733
v 0.14133115 0.47371271 -0.03287811
v 0.14158566 0.51994562 -0.01376031
v 0.14134409 0.46014822 -0.02561753
vn -0.89887393 0.00267588 0.43819928
vn -0.90149963 0.13672863 0.41061383
vn -0.99996173 0.00268149 -0.00833135
vn -0.90267515 0.14150427 -0.40639159
vn -0.90103865 0.00216194 -0.43373337
vn -0.90222043 -0.13139418 0.41077235
vn -0.90992588 0.26408884 -0.31983110
vn -0.91013533 -0.25403455 0.32729223
vn -0.91788453 0.35569692 -0.17597668
vn -0.91872591 -0.34734979 0.18785892
vn -0.92083317 0.38990188 0.00654702
vn -0.91978306 -0.35097218 -0.17555007
vn -0.92291331 -0.38494420 0.00700960
vn -0.91684574 0.35250205 0.18744646
vn -0.91133267 -0.25957650 -0.31951964
vn -0.90875584 0.25931048 0.32698750
vn -0.90342265 -0.13713647 -0.40622801
vn 0.90475702 -0.00217668 0.42592251
vn 0.99975562 -0.00269862 -0.02194273
vn 0.90772849 0.13186099 0.39829847
vn 0.89780760 0.13666031 -0.41864726
vn 0.89504933 -0.00267031 -0.44595915
vn 0.90700853 -0.13626166 0.39845735
vn 0.90689558 0.25920108 -0.33219752
vn 0.91312653 -0.25893962 0.31488129
vn 0.91730452 0.35075966 -0.18846798
vn 0.91931587 -0.35229480 0.17534766
vn 0.92292148 0.38494143 -0.00600277
vn 0.91540635 -0.35590976 -0.18804137
vn 0.92083853 -0.38990477 -0.00554020
vn 0.92119586 0.34755701 0.17493521
vn 0.90548903 -0.26446465 -0.33188564
vn 0.91450524 0.25440514 0.31457627
vn 0.89705819 -0.14198066 -0.41848326
vn -0.23725557 -0.68315661 0.69065684
vn -0.24462317 -0.36732432 0.89734739
vn -0.54515541 -0.30337933 0.78151560
vn -0.52683580 -0.58113223 0.62026560
vn -0.23065938 0.89854372 -0.37338394
vn -0.24295478 0.68445206 -0.68738526
vn -0.53209722 0.58398408 -0.61305404
vn -0.50393593 0.79212284 -0.34436890
vn -0.23038666 -0.89730531 0.37651718
vn -0.50345719 -0.78941506 0.35121894
vn -0.22395259 0.97459954 0.00096143
vn -0.48851350 0.87255174 0.00282141
vn -0.22556235 0.89897728 0.37544841
vn -0.49920541 0.79252690 0.35027868
vn -0.22918120 -0.97338146 0.00211995
vn -0.49319860 -0.86990815 0.00385994
vn -0.24662927 -0.68395633 -0.68656957
vn -0.23547997 -0.89773703 -0.37231359
vn -0.50818944 -0.78981256 -0.34342337
vn -0.53523022 -0.58184451 -0.61236078
vn -0.23357712 0.68524510 0.68984127
vn -0.52370369 0.58469510 0.61956924
vn -0.25412437 -0.34671295 -0.90289038
vn -0.55020088 -0.29445606 -0.78139275
vn -0.24264085 0.36970443 0.89690804
vn -0.54351395 0.30723825 0.78115129
vn -0.25228551 0.00010088 -0.96765286
vn -0.55265546 0.00098735 -0.83340925
vn -0.24714065 0.00124067 0.96897882
vn -0.55106550 0.00197662 0.83445972
vn -0.25226080 0.34699747 -0.90330356
vn -0.54861325 0.29648000 -0.78174365
vn 0.05196984 -0.00275423 0.99864489
vn 0.04882440 0.38112891 0.92323184
vn -0.04838305 0.38277033 0.92257571
vn -0.05813380 0.00258453 0.99830544
vn 0.02738275 0.34913498 -0.93667227
vn 0.02777371 -0.00289538 -0.99961007
vn -0.10590402 0.00097233 -0.99437588
vn -0.09490217 0.35568920 -0.92977351
vn 0.04385426 -0.38579419 0.92154199
vn -0.06148189 -0.37799966 0.92376202
vn 0.02144847 0.70238256 -0.71147645
vn -0.07114209 0.70648646 -0.70414180
vn 0.02784939 -0.70976180 0.70389110
vn -0.05988929 -0.70222151 0.70943516
vn 0.01444889 0.92142600 -0.38828522
vn -0.04627797 0.92353082 -0.38072196
vn 0.01138483 -0.92535299 0.37893575
vn -0.05881805 -0.92046565 0.38637215
vn 0.01390310 0.99989206 -0.00475943
vn -0.02994921 0.99954963 0.00190526
vn 0.00345602 -0.92295414 -0.38489452
vn 0.00210994 -0.99999171 -0.00348512
vn -0.06431270 -0.99792433 0.00331637
vn -0.07818789 -0.92165136 -0.38005981
vn 0.02250551 0.92471623 0.37999126
vn -0.02716852 0.92281097 0.38429394
vn 0.01276388 -0.70659864 -0.70749950
vn -0.09570233 -0.70392007 -0.70380229
vn 0.03670137 0.70714372 0.70611674
vn -0.03568907 0.70588833 0.70742351
vn 0.02292227 -0.35677394 -0.93390948
vn -0.10729239 -0.35217240 -0.92976505
vn -0.76241034 -0.59153289 -0.26233447
vn -0.78308660 -0.42089474 -0.45784608
vn -0.75557297 0.59561765 0.27267030
vn -0.77450442 0.42508709 0.46844846
vn -0.79853737 -0.21294899 -0.56301939
vn -0.79076868 0.21580772 0.57281053
vn -0.80174905 0.00179749 -0.59765810
vn -0.79705995 0.00250045 0.60389501
vn -0.79738402 0.21656521 -0.56327456
vn -0.79191363 -0.21087396 0.57306629
vn -0.78081536 0.42455119 -0.45834887
vn -0.77677524 -0.42036071 0.46895322
vn -0.75922078 0.59530652 -0.26304749
vn -0.75876206 -0.59122550 0.27337265
vn -0.74792331 0.66376847 0.00470611
vn -0.75148213 -0.65973055 0.00549552
vn 0.25074005 -0.03083915 -0.96756315
vn 0.24438229 -0.31885073 -0.91575736
vn 0.17699398 -0.33093268 -0.92690706
vn 0.17624103 -0.00831187 -0.98431200
vn 0.11012814 -0.00085847 -0.99391711
vn 0.10874621 -0.35046580 -0.93024087
vn 0.24843855 0.26300552 0.93225878
vn 0.20353957 0.57374471 0.79334021
vn 0.11638250 0.64561927 0.75473905
vn 0.14852081 0.32717645 0.93321872
vn 0.05515808 0.37638196 0.92482126
vn 0.02877734 0.70025849 0.71330923
vn 0.21245867 -0.60251915 -0.76930618
vn 0.15771046 -0.65006262 -0.74333447
vn 0.08788390 -0.69780934 -0.71087170
vn 0.15155192 0.86189288 0.48391396
vn 0.08542212 0.89710319 0.43348476
vn 0.00656709 0.92134225 0.38869706
vn 0.16744947 -0.86855704 -0.46644327
vn 0.12825757 -0.89580995 -0.42552856
vn 0.06041017 -0.91960889 -0.38816246
vn 0.12459981 0.99220610 -0.00139840
vn 0.07402632 0.99725592 0.00090990
vn 0.00315090 0.99999481 -0.00066309
vn 0.14768831 -0.98903388 -0.00040814
vn 0.17376608 -0.86800581 0.46515715
vn 0.12228801 -0.89510989 0.42874700
vn 0.11249968 -0.99365008 0.00182046
vn 0.04303168 -0.99907368 0.00027212
vn 0.04330178 -0.92018890 0.38907239
vn 0.14494602 0.86134875 -0.48689729
vn 0.09120349 0.89721626 -0.43207043
vn 0.02376669 0.92057496 -0.38984209
vn 0.22287160 -0.60163051 0.76705217
vn 0.14674108 -0.64943290 0.74612606
vn 0.05665036 -0.69883257 0.71303844
vn 0.19273643 0.57283467 -0.79668891
vn 0.12716573 0.64493901 -0.75357991
vn 0.06020608 0.69827318 -0.71329504
vn 0.26015991 -0.31252515 0.91358900
vn 0.16585590 -0.33823445 0.92633110
vn 0.07010233 -0.37515098 0.92430913
vn 0.23271626 0.26909375 -0.93457574
vn 0.15993331 0.31825393 -0.93441737
vn 0.09493291 0.34969276 -0.93204224
vn 0.26933923 -0.02922087 0.96260196
vn 0.16718915 -0.00716155 0.98589885
vn 0.07109896 0.00050442 0.99746913
vn 0.27412590 -0.04653612 0.96056724
vn 0.25374916 0.20954043 0.94430089
vn 0.23848537 0.22438115 -0.94486922
vn 0.25811821 -0.04716501 -0.96496141
vn 0.25799429 -0.29023296 0.92152256
vn 0.19042623 0.50792629 -0.84008849
vn 0.20818968 -0.55773711 0.80348390
vn 0.13066377 0.82957405 -0.54289412
vn 0.14318743 -0.84504175 0.51517159
vn 0.10435082 0.99453974 -0.00127908
vn 0.13605553 -0.84564197 -0.51611871
vn 0.10848022 -0.99409860 -0.00016234
vn 0.13814613 0.83018309 0.54010344
vn 0.19706130 -0.55865836 -0.80564743
vn 0.20201321 0.50886220 0.83680940
vn 0.24267440 -0.30550414 -0.92074770
vn 0.05563341 0.36231950 0.93039209
vn 0.07106529 0.00052454 0.99747157
vn 0.11014104 -0.00086672 -0.99391562
vn 0.09528321 0.34141302 -0.93507129
vn 0.07002044 -0.36107734 0.92990339
vn 0.06159529 0.68234593 -0.72842985
vn 0.05674066 -0.68294424 0.72826350
vn 0.02472161 0.91416299 -0.40459228
vn 0.04334820 -0.91383994 0.40375429
vn 0.00333675 0.99999416 -0.00070835
vn 0.04321617 -0.99906570 0.00023189
vn 0.06110598 -0.91322851 -0.40283960
vn 0.00686761 0.91498196 0.40343633
vn 0.08863857 -0.68196142 -0.72599715
vn 0.02950080 0.68435055 0.72855622
vn 0.10877077 -0.34216550 -0.93332297
vn 0.25780806 -0.03354300 -0.96561378
vn 0.24443324 -0.28454611 -0.92697674
vn 0.25119215 0.20396365 0.94620365
vn 0.19853663 0.49824005 0.84400243
vn 0.20105694 -0.52197647 -0.82892501
vn 0.13625494 0.82799387 0.54393083
vn 0.13911554 -0.82235080 -0.55171192
vn 0.10566894 0.99440050 -0.00131258
vn 0.10991907 -0.99394059 -0.00019691
vn 0.14673491 -0.82172614 0.55066776
vn 0.12872434 0.82736623 -0.54671305
vn 0.21250825 -0.52103746 0.82665604
vn 0.18685117 0.49729037 -0.84722430
vn 0.26022339 -0.26473302 0.92854738
vn 0.23610944 0.21873721 -0.94678742
vn 0.27367976 -0.03778536 0.96107841
vn 0.39326864 0.17940523 -0.90175033
vn 0.39868787 0.00054806 -0.91708648
vn 0.33246526 -0.00299200 -0.94311076
vn 0.32633585 0.18091467 -0.92777950
vn 0.43110085 -0.75101453 0.50012934
vn 0.42871931 -0.63943702 0.63821632
vn 0.38717210 -0.65455526 0.64934987
vn 0.38817018 -0.76834583 0.50888956
vn 0.38440037 0.76946330 0.51006138
vn 0.38057306 0.85565531 0.35073939
vn 0.32750261 0.87385494 0.35933220
vn 0.33402500 0.78467816 0.52221400
vn 0.37589464 0.92665726 -0.00309441
vn 0.37524158 0.90856642 -0.18357790
vn 0.31440318 0.93026173 -0.18911332
vn 0.31748462 0.94825667 -0.00357561
vn 0.42540821 -0.50301445 0.75233263
vn 0.38479614 -0.51566535 0.76552016
vn 0.42777631 -0.83411175 -0.34823135
vn 0.43043232 -0.88478214 -0.17857389
vn 0.37876412 -0.90724468 -0.18287948
vn 0.37352809 -0.85635996 -0.35654518
vn 0.39979112 0.35319579 0.84582496
vn 0.39421487 0.51306772 0.76246721
vn 0.34872472 0.52087855 0.77915120
vn 0.35628662 0.35706332 0.86346149
vn 0.42127472 -0.34673390 0.83803535
vn 0.38110754 -0.35665601 0.85296750
vn 0.40982699 -0.34770536 -0.84329289
vn 0.41512731 -0.50388747 -0.75747395
vn 0.35363564 -0.52028042 -0.77733523
vn 0.34637895 -0.36042526 -0.86609197
vn 0.37769726 0.90877569 0.17740230
vn 0.32191154 0.92916727 0.18171717
vn 0.38901260 0.65370446 0.64910686
vn 0.34120020 0.66537452 0.66397238
vn 0.43283039 -0.88457876 0.17371882
vn 0.43248278 -0.83371335 0.34333771
vn 0.38777539 -0.85297400 0.34937882
vn 0.38601935 -0.90541542 0.17666900
vn 0.38823554 0.35221478 -0.85159731
vn 0.32109353 0.35871953 -0.87648118
vn 0.37575707 0.85524541 -0.35687801
vn 0.31278929 0.87587422 -0.36743337
vn 0.41999319 -0.64017767 -0.64325601
vn 0.42425674 -0.75159490 -0.50508559
vn 0.36745137 -0.77279013 -0.51746976
vn 0.36074308 -0.65942031 -0.65956759
vn 0.38379222 0.51218450 -0.76835579
vn 0.31695697 0.52334774 -0.79097760
vn 0.41646138 -0.17638959 0.89187813
vn 0.37622246 -0.18329686 0.90821743
vn 0.41113964 0.00160410 0.91157097
vn 0.37030819 -0.00198261 0.92890680
vn 0.37741405 0.76887000 -0.51613712
vn 0.31269774 0.78730190 -0.53139055
vn 0.40427953 -0.17742218 -0.89726222
vn 0.33923432 -0.18578909 -0.92217273
vn 0.38013288 0.65295261 -0.65509689
vn 0.31411314 0.66816884 -0.67445046
vn 0.43213612 -0.90180516 -0.00242127
vn 0.38297749 -0.92375308 -0.00293643
vn 0.40550965 0.18044420 0.89610368
vn 0.36357775 0.18047114 0.91391546
vn 0.15641442 0.54758698 -0.82199943
vn 0.15840675 0.69723755 -0.69911879
vn 0.17732446 -0.98415250 0.00015227
vn 0.17349534 -0.96597856 -0.19179372
vn 0.19274941 0.19127262 0.96242529
vn 0.19366798 -0.00027980 0.98106712
vn 0.16968726 -0.91068846 -0.37663355
vn 0.16604339 -0.82033581 -0.54724652
vn 0.19112736 0.37560853 0.90685648
vn 0.18752062 -0.81688654 0.54546529
vn 0.18447170 -0.90809190 0.37595120
vn 0.17142405 0.98519689 -0.00093282
vn 0.17529278 0.96575266 0.19129629
vn 0.18103054 -0.96458513 0.19184229
vn 0.16101666 0.81992066 -0.54936683
vn 0.15577185 -0.19397733 -0.96855974
vn 0.15479261 -0.00136031 -0.98794609
vn 0.15457097 0.19137596 -0.96926934
vn 0.19006722 -0.69448483 0.69394904
vn 0.17911042 0.90918279 0.37590709
vn 0.18273599 0.81773281 0.54582107
vn 0.16765629 0.96669513 -0.19337019
vn 0.19201568 -0.54557931 0.81576544
vn 0.18885824 0.54568654 0.81643051
vn 0.19329202 -0.37584764 0.90629840
vn 0.15981163 -0.54931748 -0.82018942
vn 0.15746741 -0.37901464 -0.91189474
vn 0.18602632 0.69497913 0.69454902
vn 0.15511928 0.37675655 -0.91323191
vn 0.16414070 0.91090101 -0.37857252
vn 0.16270810 -0.69832820 -0.69703931
vn 0.19384998 -0.19174790 0.96210968
vn -0.01919645 0.98069340 0.19460717
vn -0.02047725 0.99979025 -0.00043811
vn -0.36269400 0.93190634 0.00193082
vn -0.36150539 0.91412413 0.18355073
vn -0.02584240 -0.99966574 0.00075333
vn -0.02446064 -0.98034376 0.19577497
vn -0.36641410 -0.91194773 0.18464029
vn -0.36769789 -0.92994034 0.00304014
vn -0.02470352 0.83098590 -0.55574471
vn -0.02606966 0.70656860 -0.70716429
vn -0.36791104 0.65886408 -0.65615517
vn -0.36664090 0.77471775 -0.51515716
vn -0.02996317 -0.00051466 -0.99955088
vn -0.03035673 -0.19554023 -0.98022574
vn -0.37189955 -0.18115830 -0.91042429
vn -0.37153205 0.00044522 -0.92842007
vn -0.02930821 0.19453214 -0.98045820
vn -0.37092271 0.18206856 -0.91064119
vn -0.02160768 -0.83086038 0.55606133
vn -0.02024308 -0.70644349 0.70747995
vn -0.36247981 -0.65689993 0.66112852
vn -0.36375362 -0.77275306 0.52013087
vn -0.01713933 0.83162785 0.55506885
vn -0.01806797 0.92391241 0.38217717
vn -0.36045724 0.86125165 0.35821259
vn -0.35959715 0.77531588 0.51920629
vn -0.02185366 0.98046809 -0.19546042
vn -0.36397427 0.91391605 -0.17966706
vn -0.01898930 -0.55487680 0.83171588
vn -0.36131370 -0.51576483 0.77681339
vn -0.02824029 -0.92378646 -0.38186523
vn -0.02711785 -0.98056895 -0.19429128
vn -0.36888319 -0.91215909 -0.17858055
vn -0.36993352 -0.85928339 -0.35324410
vn -0.01584048 0.38317424 0.92354023
vn -0.01600487 0.55596322 0.83105284
vn -0.35853660 0.51862466 0.77619582
vn -0.35838506 0.35772815 0.86231709
vn -0.01789641 -0.38198352 0.92399585
vn -0.36029598 -0.35477075 0.86274248
vn -0.03047305 -0.38305059 -0.92322457
vn -0.03030725 -0.55583733 -0.83073848
vn -0.37185323 -0.51665938 -0.77122515
vn -0.37200862 -0.35576415 -0.85734564
vn -0.01644420 0.70738578 0.70663637
vn -0.35894719 0.65962458 0.66034263
vn -0.02303101 -0.92334479 0.38328066
vn -0.36508241 -0.85887200 0.35924047
vn -0.02841553 0.38210782 -0.92368078
vn -0.37009585 0.35673472 -0.85777003
vn -0.02327872 0.92347056 -0.38296247
vn -0.36530936 0.86083984 -0.35426524
vn -0.02986853 -0.70726037 -0.70632201
vn -0.02917113 -0.83150178 -0.55475563
vn -0.37079671 -0.77335000 -0.51423699
vn -0.37144274 -0.65766048 -0.65537244
vn -0.02732236 0.55500340 -0.83139932
vn -0.36907768 0.51773137 -0.77183932
vn -0.01700574 -0.19440860 0.98077327
vn -0.35946596 -0.18010463 0.91561270
vn -0.01635064 0.00063984 0.99986613
vn -0.35885552 0.00152022 0.93339193
vn -0.01595770 0.19566546 0.98054087
vn -0.35849136 0.18312362 0.91539592
vn 0.39079672 0.17751567 -0.90319777
vn 0.39019400 -0.00159664 -0.92073131
vn 0.39786708 -0.76410335 0.50778723
vn 0.39912218 -0.64985049 0.64683527
vn 0.40197200 0.76255941 0.50687438
vn 0.40111601 0.84730548 0.34810841
vn 0.39890447 0.91698676 -0.00324548
vn 0.39764461 0.89924055 -0.18233241
vn 0.40027359 -0.51066679 0.76092088
vn 0.39177749 -0.84943599 -0.35350949
vn 0.39280963 -0.90157956 -0.18125904
vn 0.40316567 0.35074639 0.84524220
vn 0.40301216 0.50941569 0.76031363
vn 0.40127680 -0.35189962 0.84566164
vn 0.38972637 -0.35287955 -0.85064059
vn 0.38987738 -0.51154977 -0.76571047
vn 0.40007997 0.89944887 0.17586286
vn 0.40261102 0.64846653 0.64606154
vn 0.39524820 -0.90137267 0.17693543
vn 0.39655784 -0.84903175 0.34912336
vn 0.39161670 0.34976593 -0.85105830
vn 0.39633524 0.84689760 -0.35451782
vn 0.39028096 -0.65060103 -0.65145922
vn 0.39092201 -0.76469237 -0.51227498
vn 0.39261821 0.50853485 -0.76631808
vn 0.40209523 -0.17964943 0.89780045
vn 0.40269595 -0.00053634 0.91533375
vn 0.39502749 0.76196975 -0.51318169
vn 0.38983274 -0.18068877 -0.90298504
vn 0.39377186 0.64771861 -0.65223032
vn 0.39398146 -0.91911590 -0.00215157
vn 0.40305802 0.17855603 0.89758676
vn 0.43903050 -0.16234481 -0.88368338
vn 0.63704914 -0.54405296 -0.54605377
vn 0.71895939 -0.49027494 -0.49267420
vn 0.57410371 -0.03988116 -0.81781077
vn 0.44164196 0.48383120 -0.75555259
vn 0.35192838 0.77656329 -0.52258581
vn 0.51811510 0.70881307 -0.47868663
vn 0.57565659 0.34445122 -0.74160159
vn 0.44000852 0.18693864 -0.87832028
vn 0.63658619 -0.29547071 -0.71235883
vn 0.71854365 -0.26644251 -0.64241999
vn 0.57526922 0.27449420 -0.77053118
vn 0.43989480 0.15893349 -0.88387370
vn 0.34947678 0.51832098 -0.78051865
vn 0.51587951 0.47292277 -0.71429157
vn 0.57431018 0.03582238 -0.81785363
vn 0.44001344 -0.73787504 -0.51178962
vn 0.64013618 -0.76825148 -0.00391448
vn 0.72173989 -0.69214970 -0.00451417
vn 0.57439309 -0.60415864 -0.55232686
vn 0.45183834 0.50843644 0.73303109
vn 0.36011061 0.18208393 0.91496766
vn 0.52559119 0.16579524 0.83442545
vn 0.58532071 0.54754120 0.59799522
vn 0.43903404 -0.48709750 -0.75497359
vn 0.63829607 -0.71007246 -0.29727975
vn 0.72008085 -0.63976538 -0.26867077
vn 0.57379609 -0.34842399 -0.74118745
vn 0.45090938 -0.18933699 0.87225699
vn 0.64780515 0.29201564 0.70361590
vn 0.72864467 0.26255020 0.63256961
vn 0.58421850 -0.27761468 0.76263946
vn 0.44927722 -0.48622927 0.74948722
vn 0.35482681 -0.77846777 0.51777011
vn 0.52076721 -0.71160644 0.47161210
vn 0.58383751 -0.34757328 0.73370749
vn 0.45090586 0.73547828 0.50572288
vn 0.64425814 0.76479292 -0.00482789
vn 0.72545254 0.68825155 -0.00533654
vn 0.58510524 0.60103822 0.54443079
vn 0.44694689 -0.73728710 0.50660264
vn 0.35215694 -0.91834390 0.18063778
vn 0.51832485 -0.83937699 0.16366319
vn 0.58186448 -0.60352582 0.54515171
vn 0.44673052 0.87947118 -0.16420238
vn 0.63996148 0.53997254 -0.54669839
vn 0.72158432 0.48581696 -0.49325249
vn 0.58167672 0.81232017 -0.04228824
vn 0.43907595 -0.51082951 -0.73909777
vn 0.34664035 -0.18398373 -0.91977745
vn 0.51328814 -0.16858807 -0.84149480
vn 0.57417178 -0.55065799 -0.60588992
vn 0.44181356 0.50758427 -0.73970199
vn 0.63697708 -0.00216925 -0.77087969
vn 0.71889430 -0.00234378 -0.69511551
vn 0.57711822 0.54684538 -0.60654324
vn 0.44418901 -0.88186741 0.15813282
vn 0.64442945 -0.54342645 0.53795761
vn 0.72560483 -0.48971075 0.48340574
vn 0.57781774 -0.81544077 0.03439525
vn 0.45188475 0.48470020 0.74890983
vn 0.64609736 0.70661575 0.28853497
vn 0.72710884 0.63586754 0.25881499
vn 0.58570004 0.34530210 0.73329532
vn 0.44397262 0.73489010 -0.51266444
vn 0.35459906 0.91644341 -0.18544827
vn 0.52055633 0.83658320 -0.17073281
vn 0.57763344 0.60040426 -0.55304104
vn 0.45102289 -0.16132726 0.87781090
vn 0.35727409 -0.52022445 0.77570730
vn 0.52300167 -0.47572228 0.70721823
vn 0.58518577 -0.03894003 0.80996376
vn 0.44439200 -0.87628275 0.18612957
vn 0.34966892 -0.91855586 -0.18435518
vn 0.51605231 -0.83957118 -0.16973597
vn 0.57956648 -0.76783687 0.27300054
vn 0.45078471 0.75132978 0.48197171
vn 0.36006761 0.51922148 0.77508736
vn 0.52555579 0.47374594 0.70665121
vn 0.58408803 0.73610306 0.34204313
vn 0.44674200 -0.75316632 0.48286861
vn 0.64622980 -0.29465264 0.70396513
vn 0.72722638 -0.26570591 0.63288403
vn 0.58012676 -0.73882198 0.34292150
vn 0.44013220 -0.75372690 -0.48803627
vn 0.34668437 -0.52112234 -0.77989835
vn 0.51332963 -0.47654149 -0.71372330
vn 0.57541066 -0.73922145 -0.34993467
vn 0.44652528 0.87388533 -0.19219674
vn 0.35708401 0.91665417 0.17954431
vn 0.52282614 0.83677578 0.16266263
vn 0.57992339 0.76471257 -0.28089774
vn 0.44891816 0.87965655 0.15708868
vn 0.35900676 0.77716297 0.51684809
vn 0.52458298 0.70935881 0.47076827
vn 0.58219367 0.81236279 0.03342587
vn 0.44182584 -0.87649959 -0.19115037
vn 0.64228970 -0.70973402 0.28938127
vn 0.72367686 -0.63946074 0.25958008
vn 0.57580268 -0.76815569 -0.27997899
vn 0.43899521 -0.19034699 -0.87809521
vn 0.34762192 0.18102333 -0.91999441
vn 0.51418656 0.16482645 -0.84169143
vn 0.57378745 -0.27849895 -0.77019888
vn 0.44909292 0.87410390 0.18508913
vn 0.64210248 0.70627719 -0.29812235
vn 0.72351217 0.63556218 -0.26942700
vn 0.58369005 0.76503080 0.27209163
vn 0.44200164 -0.88205296 -0.16314758
vn 0.34774914 -0.77906805 -0.52165455
vn 0.51430273 -0.71215445 -0.47783768
vn 0.57730258 -0.81548429 -0.04131775
vn 0.45188642 0.15994897 0.87761891
vn 0.64733970 0.54059887 0.53731203
vn 0.72822869 0.48638090 0.48282149
vn 0.58539110 0.03676187 0.80991721
vn 0.44417605 0.75076532 -0.48893663
vn 0.63816279 0.29119647 -0.71270818
vn 0.71996248 0.26181406 -0.64273441
vn 0.57936931 0.73570204 -0.35081860
vn 0.45192492 0.18795064 0.87203121
vn 0.35913113 -0.18292411 0.91518497
vn 0.52469635 -0.16762011 0.83462405
vn 0.58570480 0.27538019 0.76230943
vn 0.44910237 -0.50998080 0.73363930
vn 0.64741647 -0.00128446 0.76213539
vn 0.72829539 -0.00154724 0.68526167
vn 0.58237290 -0.54996353 0.59865010
vn -0.72072923 0.63914233 0.26841486
vn -0.72009200 0.57548827 0.38766074
vn -0.72222519 -0.48534071 0.49278310
vn -0.72316772 -0.57115269 0.38834661
vn -0.72893047 0.00155065 -0.68458599
vn -0.72847813 0.13607755 -0.67141825
vn -0.72920048 -0.13296236 -0.67125827
vn -0.72624904 0.48923576 -0.48291895
vn -0.72530782 0.57504576 -0.37848508
vn -0.72513884 -0.67425191 0.13985041
vn -0.72608805 -0.68758100 0.00534022
vn -0.72237802 0.69148368 0.00451813
vn -0.72150356 0.67830658 0.13904276
vn -0.72415239 -0.63493955 0.26917511
vn -0.71919125 0.26618680 0.64180100
vn -0.71927065 0.13685884 0.68111634
vn -0.72774601 -0.63524359 -0.25855651
vn -0.72838473 -0.57159454 -0.37780347
vn -0.71954101 0.00234691 0.69444603
vn -0.72696871 -0.67440921 -0.12918487
vn -0.72711241 0.38470069 -0.56860614
vn -0.72928137 -0.26229188 -0.63194287
vn -0.72432250 0.63883740 -0.25931385
vn -0.72886401 -0.48590446 -0.48234233
vn -0.72916716 -0.38146630 -0.56815380
vn -0.71999067 -0.13218229 0.68127918
vn -0.72060531 -0.26155648 0.64211851
vn -0.72786516 0.26545084 -0.63225651
vn -0.71960926 0.48979881 0.49219874
vn -0.71930408 0.38536254 0.57801157
vn -0.72332972 0.67815703 -0.12998950
vn -0.72136068 -0.38080353 0.57846993
vn -0.38139004 -0.17831807 0.90705252
vn -0.30782983 -0.26620600 0.91344136
vn -0.25452441 0.00126074 0.96706551
vn -0.25601330 -0.36819068 0.89380813
vn -0.30721179 -0.10010136 0.94636178
vn -0.39090943 0.51286072 -0.76430607
vn -0.31680277 0.59628969 -0.73761415
vn -0.26617122 0.36959293 -0.89025497
vn -0.38047162 0.51374584 0.76896465
vn -0.30647692 0.45641476 0.83531880
vn -0.25461993 0.68366987 0.68393290
vn -0.26757583 -0.68226546 -0.68038011
vn -0.31871051 -0.83289260 -0.45245281
vn -0.39261225 -0.76590645 -0.50915903
vn -0.38585779 0.90526688 -0.17778002
vn -0.31153038 0.94496870 -0.09991452
vn -0.26121545 0.89231682 -0.36815375
vn -0.31952390 0.10178737 -0.94209546
vn -0.39273810 0.18040103 -0.90178287
vn -0.38826659 -0.90318418 0.18305065
vn -0.31521481 -0.94328433 0.10418376
vn -0.26097172 -0.89091259 0.37171033
vn -0.30803975 0.83457589 0.45672160
vn -0.38151672 0.76798785 0.51443148
vn -0.25618407 0.89274371 0.37064597
vn -0.31014523 0.94508702 0.10305563
vn -0.38341188 0.90547311 0.18197188
vn -0.26815844 -0.36922055 -0.88981307
vn -0.32000795 -0.59546030 -0.73690021
vn -0.39366016 -0.51166296 -0.76369673
vn -0.38322285 -0.51077670 0.76957619
vn -0.30988115 -0.59462649 0.74188477
vn -0.25402987 0.37062496 0.89336783
vn -0.30668017 0.59716666 0.74117428
vn -0.26600212 -0.89133894 -0.36709368
vn -0.31655854 -0.94341511 -0.09878588
vn -0.39071923 -0.90339053 -0.17670321
vn -0.25828186 -0.68147612 0.68474871
vn -0.30892181 -0.45376348 0.83586246
vn -0.25849962 0.96601069 0.00120158
vn -0.31269780 0.91185451 -0.26597261
vn -0.30732471 0.74059337 0.59755588
vn -0.38563547 -0.76531535 0.51534230
vn -0.31251180 -0.83236635 0.45771456
vn -0.31885859 0.26787734 -0.90915948
vn -0.26766780 0.00014594 -0.96351129
vn -0.32029450 -0.26724076 -0.90884203
vn -0.39370352 -0.17936209 -0.90156907
vn -0.38849139 0.76739609 -0.51007617
vn -0.31423506 0.83404958 -0.45345086
vn -0.26391146 0.68288356 -0.68119073
vn -0.26368758 -0.96460527 0.00235272
vn -0.31399509 -0.91015536 0.27023011
vn -0.30906346 0.91216022 0.26915342
vn -0.31125516 -0.73822683 0.59844917
vn -0.38042560 0.18144625 0.90683717
vn -0.30666816 0.10287736 0.94624043
vn -0.31941059 -0.73890775 -0.59328932
vn -0.30645317 0.26893124 0.91310596
vn -0.31758213 -0.91047943 -0.26489434
vn -0.31782582 0.45545623 -0.83159274
vn -0.32006919 -0.10119209 -0.94197452
vn -0.31543693 0.73990631 -0.59417027
vn -0.32026795 -0.45472747 -0.83105445
vn 0.24295619 -0.68444860 0.68738818
vn 0.53209591 -0.58398116 0.61305791
vn 0.55410314 -0.30633688 0.77403319
vn 0.25483590 -0.36866808 0.89394766
vn 0.23038679 0.89730316 -0.37652212
vn 0.50345623 0.78941262 -0.35122576
vn 0.52683699 0.58113515 -0.62026191
vn 0.23725446 0.68316001 -0.69065386
vn 0.23065937 -0.89854568 0.37337905
vn 0.50393718 -0.79212517 0.34436184
vn 0.22918519 0.97338057 -0.00212292
vn 0.49319404 0.86991078 -0.00386023
vn 0.23548546 0.89773697 0.37231031
vn 0.50818408 0.78981662 0.34342211
vn 0.22394805 -0.97460067 -0.00096448
vn 0.48851797 -0.87254930 -0.00282238
vn 0.23357703 -0.68524826 -0.68983811
vn 0.52370638 -0.58469349 -0.61956859
vn 0.49921036 -0.79252291 -0.35028049
vn 0.22555625 -0.89897746 -0.37545177
vn 0.24662951 0.68395311 0.68657267
vn 0.53522742 0.58184624 0.61236143
vn 0.23994114 -0.34804213 -0.90625322
vn 0.53792095 -0.29738361 -0.78879917
vn 0.25681320 0.36836061 0.89350849
vn 0.55574203 0.30428079 0.77366918
vn 0.23908684 -0.00122112 -0.97099745
vn 0.54125679 -0.00195568 -0.84085506
vn 0.26031101 -0.00012460 0.96552479
vn 0.56237620 -0.00101898 0.82688087
vn 0.24180444 0.34566817 -0.90666652
vn 0.53950787 0.29355264 -0.78915024
vn -0.03838491 -0.00251115 0.99925989
vn 0.07173101 0.00223513 0.99742156
vn 0.06299606 0.38247061 0.92181766
vn -0.03420078 0.38135222 0.92379695
vn -0.03825190 0.34931153 -0.93622553
vn 0.08414904 0.35520747 -0.93099231
vn 0.09236196 0.00043890 -0.99572539
vn -0.04139358 -0.00270930 -0.99913925
vn -0.03338064 -0.38558641 0.92206776
vn 0.07201635 -0.37835878 0.92285335
vn -0.02735190 0.70251387 -0.71114433
vn 0.06535069 0.70611924 -0.70507085
vn -0.02208354 -0.70962739 0.70423096
vn 0.06576176 -0.70255953 0.70857996
vn -0.01477494 0.92150462 -0.38808632
vn 0.04605990 0.92328238 -0.38135046
vn -0.01120441 -0.92529219 0.37908953
vn 0.05911836 -0.92078292 0.38556948
vn -0.00858638 0.99995261 -0.00460634
vn 0.03535004 0.99937391 0.00146080
vn -0.01366123 -0.92290807 -0.38477802
vn 0.06804695 -0.92204481 -0.38105512
vn 0.05898143 -0.99825603 0.00247715
vn -0.00753782 -0.99996573 -0.00341943
vn -0.01235474 0.92481005 0.38022855
vn 0.03736174 0.92263740 0.38385481
vn -0.02619520 -0.70649385 -0.70723426
vn 0.08232414 -0.70439905 -0.70501393
vn -0.02328030 0.70730501 0.70652515
vn 0.04911304 0.70566010 0.70684630
vn -0.03755219 -0.35661125 -0.93349785
vn 0.09272970 -0.35271043 -0.93112648
vn 0.77450562 -0.42508554 -0.46844777
vn 0.75557476 -0.59561700 -0.27266675
vn 0.78308564 0.42089668 0.45784590
vn 0.76240838 0.59153378 0.26233813
vn 0.78964210 -0.21722201 -0.57382929
vn 0.79964280 0.21152878 0.56198484
vn 0.79353690 -0.00249445 -0.60851705
vn 0.80520868 -0.00181029 0.59298885
vn 0.79079568 0.21229260 -0.57408535
vn 0.79849529 -0.21515276 0.56224072
vn 0.77677649 0.42036101 -0.46895090
vn 0.78081411 -0.42455122 0.45835099
vn 0.75876176 0.59122264 -0.27337947
vn 0.75922102 -0.59530956 0.26304001
vn 0.75147867 0.65973443 -0.00549919
vn 0.74792671 -0.66376466 -0.00471042
vn -0.26405025 -0.02945413 -0.96405911
vn -0.18966597 -0.00732741 -0.98182136
vn -0.19137336 -0.32994160 -0.92439967
vn -0.25853777 -0.31749764 -0.91233408
vn -0.12365080 -0.00022950 -0.99232578
vn -0.12328305 -0.34984154 -0.92866153
vn -0.23430622 0.26430428 0.93554467
vn -0.13404094 0.32793662 0.93514204
vn -0.10262221 0.64620852 0.75622964
vn -0.18963140 0.57480252 0.79601634
vn -0.04053777 0.37663940 0.92547256
vn -0.01529637 0.70037711 0.71360910
vn -0.17130984 -0.64917737 -0.74109495
vn -0.22615002 -0.60133910 -0.76632071
vn -0.10130586 -0.69730037 -0.70958400
vn -0.07468506 0.89753395 0.43457454
vn -0.14031054 0.86267817 0.48590058
vn 0.00368210 0.92135000 0.38871670
vn -0.13885604 -0.89509135 -0.42371044
vn -0.17845444 -0.86762643 -0.46408883
vn -0.07063589 -0.91925639 -0.38727039
vn -0.06864020 0.99763978 0.00188099
vn -0.11926636 0.99286228 0.00026155
vn 0.00222082 0.99999732 -0.00065671
vn -0.15300046 -0.98822474 0.00163857
vn -0.11780928 -0.99303055 0.00338811
vn -0.12125500 -0.89445460 0.43040469
vn -0.17208682 -0.86707520 0.46751121
vn -0.04839917 -0.99882776 0.00089446
vn -0.04295212 -0.91995686 0.38965952
vn -0.09224778 0.89770991 -0.43082178
vn -0.14692394 0.86213404 -0.48491064
vn -0.02411773 0.92070383 -0.38951614
vn -0.14006306 -0.64866126 0.74807823
vn -0.21564367 -0.60045075 0.77003682
vn -0.05069796 -0.69854373 0.71376920
vn -0.13393995 0.64564151 -0.75180262
vn -0.20047882 0.57389259 -0.79401237
vn -0.06615254 0.69861317 -0.71243489
vn -0.15504818 -0.33737108 0.92851537
vn -0.24937718 -0.31115431 0.91705728
vn -0.05953098 -0.37480223 0.92519152
vn -0.17092349 0.31914401 -0.93216532
vn -0.24396564 0.27037624 -0.93133104
vn -0.10572901 0.35023254 -0.93067640
vn -0.15378900 -0.00629799 0.98808366
vn -0.25636390 -0.02780649 0.96618032
vn -0.05751052 0.00085042 0.99834454
vn -0.26127118 -0.04509569 0.96421146
vn -0.23974000 0.21086816 0.94765997
vn -0.25011483 0.22569574 -0.94154340
vn -0.27147999 -0.04574015 -0.96135658
vn -0.24698406 -0.28887436 0.92495972
vn -0.19910885 0.50897437 -0.83743703
vn -0.20023082 -0.55663836 0.80626386
vn -0.13357623 0.83028501 -0.54109550
vn -0.14070651 -0.84427798 0.51710385
vn -0.09900521 0.99508691 0.00010513
vn -0.14761679 -0.84487873 -0.51418787
vn -0.11382025 -0.99350041 0.00135079
vn -0.12631181 0.83089471 0.54190350
vn -0.21101293 -0.55756044 -0.80286980
vn -0.18786240 0.50991112 0.83946311
vn -0.25682595 -0.30416030 -0.91734779
vn -0.05747676 0.00087034 0.99834651
vn -0.04101299 0.36257949 0.93105000
vn -0.10616479 0.34195495 -0.93370008
vn -0.12366373 -0.00023766 -0.99232423
vn -0.05929738 -0.36072946 0.93078363
vn -0.06783322 0.68269414 -0.72754890
vn -0.05049545 -0.68265575 0.72899336
vn -0.02530795 0.91429758 -0.40425169
vn -0.04276433 -0.91360825 0.40434045
vn 0.00203435 0.99999768 -0.00069944
vn -0.07149671 -0.91287178 -0.40193701
vn -0.04858394 -0.99881881 0.00085674
vn 0.00354788 0.91499090 0.40345895
vn -0.10218111 -0.68144798 -0.72469836
vn -0.01589804 0.68447274 0.72886509
vn -0.12330514 -0.34154108 -0.93174332
vn -0.27110553 -0.03211997 -0.96201360
vn -0.25855646 -0.28319284 -0.92355311
vn -0.23718722 0.20527768 0.94952792
vn -0.18434489 0.49927026 0.84660864
vn -0.21512729 -0.52085668 -0.82609236
vn -0.12438072 0.82869512 0.54570496
vn -0.15103522 -0.82157022 -0.54973698
vn -0.10032472 0.99495476 0.00008955
vn -0.11525725 -0.99333483 0.00133577
vn -0.14364371 -0.82094514 0.55264425
vn -0.13170068 0.82806700 -0.54494041
vn -0.20403560 -0.51991695 0.82949132
vn -0.19568838 0.49831960 -0.84462041
vn -0.24898016 -0.26336312 0.93201333
vn -0.24779545 0.22003917 -0.94349366
vn -0.26077124 -0.03634750 0.96471614
vn -0.40453604 0.18155172 -0.89632004
vn -0.33795649 0.18270196 -0.92325807
vn -0.34528387 -0.00116855 -0.93849766
vn -0.41112599 0.00272682 -0.91157448
vn -0.42828709 -0.74870241 0.50597912
vn -0.38533548 -0.76626486 0.51415443
vn -0.38181326 -0.65248638 0.65458399
vn -0.42342502 -0.63714468 0.64401704
vn -0.37327492 0.77150202 0.51521885
vn -0.32265854 0.78644496 0.52668387
vn -0.31787422 0.87559122 0.36372516
vn -0.37115347 0.85767794 0.35585636
vn -0.37091136 0.92866623 0.00198881
vn -0.31239685 0.94995141 0.00071178
vn -0.31193852 0.93194675 -0.18485008
vn -0.37281126 0.91057920 -0.17848626
vn -0.37710911 -0.51361549 0.77070606
vn -0.41782793 -0.50074577 0.75807226
vn -0.43695843 -0.83178538 -0.34234548
vn -0.38294914 -0.85432476 -0.35139617
vn -0.38609448 -0.90518683 -0.17767346
vn -0.43757811 -0.88244659 -0.17266570
vn -0.38633397 0.35531077 0.85117579
vn -0.34257311 0.35894364 0.86821842
vn -0.33527866 0.52271879 0.78380698
vn -0.38103306 0.51515347 0.76774389
vn -0.37137505 -0.35463148 0.85808921
vn -0.41168818 -0.34449270 0.84370470
vn -0.42313364 -0.34546417 -0.83762306
vn -0.36007085 -0.35852450 -0.86128342
vn -0.36697885 -0.51834154 -0.77243036
vn -0.42810592 -0.50161856 -0.75173408
vn -0.31440374 0.93087935 0.18604843
vn -0.37035298 0.91078788 0.18249406
vn -0.37661719 0.65576452 0.65431827
vn -0.32854518 0.66717637 0.66853106
vn -0.43517864 -0.88224357 0.17962702
vn -0.38844448 -0.90333188 0.18194059
vn -0.38756722 -0.85088813 0.35465628
vn -0.43224880 -0.83138680 0.34922349
vn -0.39789078 0.35432985 -0.84624660
vn -0.33105963 0.36047417 -0.87204236
vn -0.31304500 0.87755787 -0.36317354
vn -0.37597272 0.85726798 -0.35176143
vn -0.43214905 -0.63788497 -0.63745588
vn -0.37323079 -0.65744555 -0.65457171
vn -0.37861380 -0.77078295 -0.51239163
vn -0.43512997 -0.74928308 -0.49923623
vn -0.39145491 0.51427013 -0.76307887
vn -0.32487422 0.52507448 -0.78660887
vn -0.36480555 -0.18130319 0.91326123
vn -0.40522555 -0.17417888 0.89747089
vn -0.35763457 -0.00002413 0.93386161
vn -0.39867845 0.00378287 0.91708302
vn -0.31566188 0.78899240 -0.52711344
vn -0.38026261 0.77090859 -0.51097977
vn -0.41740483 -0.17521147 -0.89166927
vn -0.35275099 -0.18392739 -0.91746253
vn -0.38549721 0.65501243 -0.64988518
vn -0.31966570 0.66987389 -0.67013645
vn -0.38794661 -0.92167896 0.00231099
vn -0.43697500 -0.89946687 0.00349450
vn -0.35012668 0.18239132 0.91877353
vn -0.39229694 0.18259066 0.90153420
vn -0.16415550 0.69810528 -0.69692326
vn -0.16464037 0.54845083 -0.81981415
vn -0.18128471 -0.96502411 -0.18937887
vn -0.18259852 -0.98318416 0.00260214
vn -0.18029405 0.00072634 0.98361248
vn -0.17859834 0.19227178 0.96495295
vn -0.17788830 -0.81941056 -0.54490560
vn -0.17969553 -0.90974855 -0.37425533
vn -0.17674065 0.37659833 0.90936047
vn -0.18422048 -0.90709996 0.37846068
vn -0.18447103 -0.81588578 0.54799718
vn -0.16747290 0.96667504 0.19362952
vn -0.16611622 0.98610526 0.00136471
vn -0.18358976 -0.96360415 0.19432418
vn -0.16406715 0.82079500 -0.54715407
vn -0.16823167 -0.00049122 -0.98574740
vn -0.16998364 -0.19310093 -0.96634239
vn -0.16671896 0.19224033 -0.96708244
vn -0.18433787 -0.69347745 0.69649732
vn -0.17088668 0.81868416 0.54822814
vn -0.16908251 0.91011953 0.37827718
vn -0.16506903 0.96759027 -0.19110548
vn -0.18382618 -0.54456806 0.81832361
vn -0.17478766 0.54666507 0.81890577
vn -0.18295634 -0.37483540 0.90885949
vn -0.17190328 -0.37812847 -0.90965277
vn -0.17391494 -0.54841954 -0.81791788
vn -0.17281233 0.69594455 0.69699150
vn -0.16550638 0.37761915 -0.91104966
vn -0.16437623 0.91178471 -0.37633643
vn -0.17593624 -0.69741720 -0.69473433
vn -0.18176420 -0.19073735 0.96466631
vn 0.02712120 0.98056877 0.19429184
vn 0.36888278 0.91215956 0.17857912
vn 0.36769381 0.92994195 -0.00304060
vn 0.02584898 0.99966556 -0.00075343
vn 0.02047093 -0.99979037 0.00043810
vn 0.36269581 -0.93190557 -0.00193143
vn 0.36398163 -0.91391283 0.17966843
vn 0.02184800 -0.98046833 0.19545975
vn 0.02160544 0.83086139 -0.55605996
vn 0.36375868 0.77275234 -0.52012831
vn 0.36248517 0.65689862 -0.66112691
vn 0.02024136 0.70644403 -0.70747948
vn 0.01635079 -0.00063925 -0.99986613
vn 0.35885677 -0.00151988 -0.93339139
vn 0.35849169 -0.18312332 -0.91539586
vn 0.01595767 -0.19566488 -0.98054105
vn 0.01700510 0.19440745 -0.98077345
vn 0.35946703 0.18010345 -0.91561252
vn 0.02470435 -0.83098501 0.55574608
vn 0.36663690 -0.77471805 0.51515961
vn 0.36790654 -0.65886474 0.65615702
vn 0.02607040 -0.70656806 0.70716476
vn 0.02916820 0.83150321 0.55475366
vn 0.37079853 0.77335054 0.51423484
vn 0.36993152 0.85928571 0.35324043
vn 0.02824048 0.92378777 0.38186201
vn 0.36640653 0.91195112 -0.18463881
vn 0.02446574 0.98034346 -0.19577569
vn 0.36907470 -0.51772970 0.77184194
vn 0.02732365 -0.55500132 0.83140063
vn 0.01806921 -0.92391109 -0.38218030
vn 0.36046085 -0.86124891 -0.35821560
vn 0.36150494 -0.91412413 -0.18355204
vn 0.01919476 -0.98069364 -0.19460651
vn 0.03047274 0.38304979 0.92322499
vn 0.37200907 0.35576305 0.85734582
vn 0.37185538 0.51665932 0.77122420
vn 0.03030831 0.55583876 0.83073747
vn 0.37009275 -0.35673556 0.85777098
vn 0.02841735 -0.38210815 0.92368060
vn 0.01584119 -0.38317522 -0.92353982
vn 0.35838279 -0.35772902 -0.86231768
vn 0.35853523 -0.51862431 -0.77619672
vn 0.01600567 -0.55596197 -0.83105367
vn 0.02986763 0.70726120 0.70632112
vn 0.37144682 0.65765959 0.65537107
vn 0.36531299 -0.86083686 0.35426876
vn 0.02327791 -0.92346936 0.38296539
vn 0.01789477 0.38198319 -0.92399597
vn 0.36029932 0.35476953 -0.86274159
vn 0.36507937 0.85887498 -0.35923651
vn 0.02303075 0.92334598 -0.38327771
vn 0.01644571 -0.70738488 -0.70663726
vn 0.35894397 -0.65962541 -0.66034353
vn 0.35959521 -0.77531540 -0.51920843
vn 0.01714251 -0.83162642 -0.55507088
vn 0.01898775 0.55487883 -0.83171451
vn 0.36131623 0.51576620 -0.77681136
vn 0.37092230 -0.18206947 0.91064119
vn 0.02930864 -0.19453324 0.98045802
vn 0.37153134 -0.00044486 0.92842031
vn 0.02996304 0.00051526 0.99955088
vn 0.37189907 0.18115854 0.91042447
vn 0.03035629 0.19554098 0.98022562
vn -0.40269393 0.00053656 -0.91533452
vn -0.40209463 0.17964889 -0.89780080
vn -0.39376917 -0.64771765 0.65223283
vn -0.39502257 -0.76197034 0.51318461
vn -0.39177451 0.84943902 0.35350555
vn -0.39092433 0.76469320 0.51227188
vn -0.39524472 0.90137416 -0.17693566
vn -0.39397368 0.91911924 0.00215131
vn -0.39262024 -0.50853354 0.76631784
vn -0.40008679 -0.89944607 -0.17586184
vn -0.40111738 -0.84730309 -0.34811261
vn -0.38987815 0.51154900 0.76571059
vn -0.38972926 0.35287958 0.85063922
vn -0.39161634 -0.34976617 0.85105836
vn -0.40301299 -0.50941604 -0.76031297
vn -0.40316346 -0.35074604 -0.84524339
vn -0.39280528 0.90158135 0.18125975
vn -0.39028329 0.65060002 0.65145880
vn -0.39633155 -0.84689838 0.35452011
vn -0.39764684 -0.89923966 0.18233220
vn -0.40127698 0.35189921 -0.84566170
vn -0.39656103 0.84903109 -0.34912103
vn -0.40196630 -0.76255965 -0.50687855
vn -0.40260771 -0.64846784 -0.64606237
vn -0.40027139 0.51066792 -0.76092124
vn -0.39079788 -0.17751621 0.90319717
vn -0.39019603 0.00159689 0.92073041
vn -0.39787111 0.76410306 -0.50778455
vn -0.40305468 -0.17855553 -0.89758831
vn -0.39912406 0.64985168 -0.64683288
vn -0.39891389 -0.91698265 0.00324546
vn -0.38983560 0.18068925 0.90298373
vn -0.45188704 -0.15994789 -0.87761879
vn -0.58539051 -0.03676160 -0.80991763
vn -0.72822726 -0.48638120 -0.48282340
vn -0.64734203 -0.54059708 -0.53731102
vn -0.44927648 0.48622808 -0.74948847
vn -0.58383662 0.34757078 -0.73370939
vn -0.52076393 0.71160674 -0.47161517
vn -0.35482630 0.77846467 -0.51777518
vn -0.45091149 0.18933573 -0.87225616
vn -0.58421856 0.27761394 -0.76263958
vn -0.72864467 -0.26254889 -0.63257027
vn -0.64780462 -0.29201505 -0.70361668
vn -0.45102459 0.16133048 -0.87780941
vn -0.58518994 0.03894185 -0.80996072
vn -0.52300078 0.47571906 -0.70722103
vn -0.35727343 0.52022308 -0.77570850
vn -0.45090324 -0.73547816 -0.50572550
vn -0.58510053 -0.60103929 -0.54443473
vn -0.72544795 -0.68825638 0.00533563
vn -0.64425445 -0.76479608 0.00482747
vn -0.43907613 0.51083326 0.73909509
vn -0.57417148 0.55066061 0.60588783
vn -0.51328623 0.16859047 0.84149539
vn -0.34663865 0.18398544 0.91977769
vn -0.45188573 -0.48470038 -0.74890912
vn -0.58569878 -0.34530440 -0.73329514
vn -0.72710311 -0.63587177 -0.25882071
vn -0.64609504 -0.70661682 -0.28853747
vn -0.44000772 -0.18693982 0.87832040
vn -0.57526922 -0.27449489 0.77053088
vn -0.71854305 0.26644376 0.64242011
vn -0.63658684 0.29547119 0.71235812
vn -0.44164339 -0.48383197 0.75555128
vn -0.57565731 -0.34445363 0.74159986
vn -0.51812041 -0.70881146 0.47868326
vn -0.35192999 -0.77656603 0.52258062
vn -0.44001681 0.73787493 0.51178688
vn -0.57439786 0.60415769 0.55232304
vn -0.72174370 0.69214576 0.00451358
vn -0.64013916 0.76824903 0.00391424
vn -0.44397071 -0.73488998 0.51266629
vn -0.57762903 -0.60040653 0.55304319
vn -0.52055711 -0.83658242 0.17073393
vn -0.35460159 -0.91644245 0.18544804
vn -0.44418627 0.88186783 -0.15813814
vn -0.57782030 0.81543899 -0.03439625
vn -0.72560799 0.48971024 -0.48340148
vn -0.64442986 0.54342794 -0.53795564
vn -0.45183808 -0.50843269 -0.73303384
vn -0.58531988 -0.54753888 -0.59799814
vn -0.52559525 -0.16579272 -0.83442342
vn -0.36011297 -0.18208218 -0.91496712
vn -0.44910479 0.50998127 -0.73363751
vn -0.58236969 0.54996544 -0.59865147
vn -0.72829109 0.00154971 -0.68526614
vn -0.64741385 0.00128615 -0.76213753
vn -0.44673410 -0.87947035 0.16419660
vn -0.58167523 -0.81232125 0.04228694
vn -0.72158235 -0.48581702 0.49325520
vn -0.63996202 -0.53997087 0.54669940
vn -0.43903378 0.48709708 0.75497407
vn -0.57379735 0.34842169 0.74118757
vn -0.72008657 0.63976121 0.26866513
vn -0.63829857 0.71007138 0.29727715
vn -0.44694886 0.73728734 -0.50660056
vn -0.58186847 0.60352433 -0.54514915
vn -0.51832354 0.83937806 -0.16366209
vn -0.35215446 0.91834480 -0.18063803
vn -0.43989345 -0.15893026 0.88387495
vn -0.57430756 -0.03582037 0.81785560
vn -0.51587754 -0.47292730 0.71429002
vn -0.34947520 -0.51832294 0.78051805
vn -0.44652587 -0.87388581 0.19219351
vn -0.57991976 -0.76471740 0.28089198
vn -0.52282524 -0.83677590 -0.16266493
vn -0.35708433 -0.91665399 -0.17954463
vn -0.44013244 0.75372690 0.48803601
vn -0.57540870 0.73922265 0.34993544
vn -0.51333016 0.47654098 0.71372324
vn -0.34668276 0.52112317 0.77989852
vn -0.44417214 -0.75076991 0.48893324
vn -0.57936984 -0.73570353 0.35081455
vn -0.71996093 -0.26181355 0.64273632
vn -0.63816160 -0.29119796 0.71270859
vn -0.45078301 -0.75133049 -0.48197222
vn -0.58408892 -0.73610258 -0.34204262
vn -0.52555305 -0.47374776 -0.70665205
vn -0.36006722 -0.51922137 -0.77508765
vn -0.44439253 0.87628186 -0.18613277
vn -0.57957065 0.76783174 -0.27300605
vn -0.51605481 0.83957005 0.16973364
vn -0.34967145 0.91855502 0.18435472
vn -0.44199920 0.88205320 0.16315283
vn -0.57730472 0.81548268 0.04131855
vn -0.51430064 0.71215463 0.47783965
vn -0.34775129 0.77906436 0.52165878
vn -0.44909599 -0.87410289 -0.18508634
vn -0.58368593 -0.76503587 -0.27208614
vn -0.72350699 -0.63556641 0.26943102
vn -0.64210087 -0.70627803 0.29812381
vn -0.45192578 -0.18794991 -0.87203097
vn -0.58570850 -0.27537924 -0.76230687
vn -0.52470219 0.16762182 -0.83462000
vn -0.35913414 0.18292488 -0.91518372
vn -0.44182283 0.87650043 0.19115336
vn -0.57580721 0.76815033 0.27998415
vn -0.72368264 0.63945585 -0.25957608
vn -0.64229220 0.70973259 -0.28937951
vn -0.44892088 -0.87965608 -0.15708354
vn -0.58219063 -0.81236494 -0.03342586
vn -0.52458352 -0.70935971 -0.47076637
vn -0.35900468 -0.77716672 -0.51684391
vn -0.43902969 0.16234584 0.88368362
vn -0.57410455 0.03988144 0.81781012
vn -0.71896082 0.49027449 0.49267259
vn -0.63704753 0.54405391 0.54605478
vn -0.44674280 0.75316316 -0.48287287
vn -0.58012325 0.73882228 -0.34292662
vn -0.72722578 0.26570764 -0.63288403
vn -0.64622951 0.29465204 -0.70396560
vn -0.43899444 0.19034754 0.87809557
vn -0.57378203 0.27849972 0.77020264
vn -0.51418030 -0.16482505 0.84169555
vn -0.34761840 -0.18102252 0.91999584
vn -0.44181192 -0.50758362 0.73970348
vn -0.57711947 -0.54684430 0.60654312
vn -0.71889675 0.00234592 0.69511294
vn -0.63697928 0.00217098 0.77087784
vn 0.72838825 0.57159132 0.37780142
vn 0.72774613 0.63524425 0.25855443
vn 0.72530365 -0.57504958 0.37848738
vn 0.72624373 -0.48923823 0.48292452
vn 0.71999335 0.13218048 -0.68127668
vn 0.71954179 -0.00234640 -0.69444519
vn 0.71926928 -0.13685930 -0.68111771
vn 0.72317266 0.57114828 -0.38834387
vn 0.72222972 0.48533863 -0.49277854
vn 0.72238368 -0.69147778 -0.00451908
vn 0.72333741 -0.67814857 0.12999079
vn 0.72696674 0.67441159 0.12918361
vn 0.72608107 0.68758833 -0.00534082
vn 0.72432357 -0.63883573 0.25931516
vn 0.72920144 0.13296176 0.67125738
vn 0.72928220 0.26228994 0.63194263
vn 0.72008777 -0.57549196 -0.38766301
vn 0.72072959 -0.63914150 -0.26841584
vn 0.72892928 -0.00155015 0.68458730
vn 0.72150344 -0.67830628 -0.13904452
vn 0.72136402 0.38080335 -0.57846588
vn 0.71918863 -0.26618895 -0.64180303
vn 0.72415251 0.63494033 -0.26917282
vn 0.71930176 -0.38536355 -0.57801378
vn 0.71960545 -0.48980141 -0.49220183
vn 0.72847641 -0.13607912 0.67141992
vn 0.72786248 -0.26545292 0.63225865
vn 0.72060937 0.26155347 -0.64211518
vn 0.72916859 0.38146555 0.56815243
vn 0.72886729 0.48590234 0.48233956
vn 0.72513181 0.67425972 -0.13984893
vn 0.72710896 -0.38470039 0.56861073
vn 0.39273724 -0.18040079 0.90178329
vn 0.31879762 -0.26789182 0.90917665
vn 0.26766655 -0.00014402 0.96351165
vn 0.26617306 -0.36959568 0.89025331
vn 0.31952322 -0.10178771 0.94209570
vn 0.38322368 0.51077765 -0.76957512
vn 0.30993769 0.59460312 -0.74187988
vn 0.25601274 0.36818814 -0.89380926
vn 0.39366311 0.51166344 0.76369494
vn 0.32027063 0.45472923 0.83105236
vn 0.26757979 0.68226522 0.68037874
vn 0.25461307 -0.68367010 -0.68393523
vn 0.30803481 -0.83457845 -0.45672017
vn 0.38151810 -0.76798910 -0.51442856
vn 0.38826767 0.90318400 -0.18304928
vn 0.31522086 0.94328272 -0.10418044
vn 0.26097649 0.89091212 -0.37170815
vn 0.30721316 0.10010136 -0.94636136
vn 0.38139150 0.17831829 -0.90705192
vn 0.38585737 -0.90526676 0.17778142
vn 0.31152448 -0.94497043 0.09991709
vn 0.26121119 -0.89231735 0.36815545
vn 0.31871212 0.83289009 0.45245624
vn 0.39260986 0.76590556 0.50916231
vn 0.26600572 0.89133900 0.36709103
vn 0.31659934 0.94340098 0.09878962
vn 0.39071780 0.90339130 0.17670262
vn 0.25403023 -0.37062582 -0.89336729
vn 0.30673805 -0.59714669 -0.74116635
vn 0.38046843 -0.51374590 -0.76896620
vn 0.39090884 -0.51285952 0.76430720
vn 0.31674936 -0.59631205 0.73761904
vn 0.26815736 0.36922029 0.88981348
vn 0.31994981 0.59548068 0.73690903
vn 0.25618091 -0.89274400 -0.37064749
vn 0.31010297 -0.94510132 -0.10305166
vn 0.38341045 -0.90547353 -0.18197298
vn 0.26390705 -0.68288147 0.68119454
vn 0.31782287 -0.45545039 0.83159697
vn 0.26368546 0.96460593 -0.00235270
vn 0.31395105 0.91016823 -0.27023795
vn 0.31941131 0.73890764 0.59328908
vn 0.38849157 -0.76739812 0.51007301
vn 0.31422964 -0.83405304 0.45344824
vn 0.30788946 0.26619107 -0.91342568
vn 0.25452301 -0.00125919 -0.96706599
vn 0.30645001 -0.26892686 -0.91310829
vn 0.38042399 -0.18144478 -0.90683812
vn 0.38563475 0.76531357 -0.51534545
vn 0.31251508 0.83236367 -0.45771727
vn 0.25828347 0.68147898 -0.68474531
vn 0.25850165 -0.96601009 -0.00120173
vn 0.31274301 -0.91184133 0.26596472
vn 0.31759942 0.91047525 0.26488766
vn 0.31539732 -0.73991221 0.59418392
vn 0.39370471 0.17936349 0.90156823
vn 0.32006961 0.10119125 0.94197440
vn 0.30732480 -0.74059415 -0.59755492
vn 0.32029560 0.26724491 0.90884042
vn 0.30904356 -0.91216499 -0.26916003
vn 0.30892205 0.45376995 -0.83585882
vn 0.30666840 -0.10287838 -0.94624019
vn 0.31129590 0.73822016 -0.59843618
vn 0.30647340 -0.45641387 -0.83532059
vt 0.86403394 0.70634711
vt 0.86403394 0.70634711
vt 0.86403394 0.70634711
vt 0.86403394 0.70634711
vt 0.86403394 0.70634711
vt 0.86403394 0.70634711
vt 0.86403394 0.70634711
vt 0.86403394 0.70634711
vt 0.86403394 0.70634711
vt 0.86403394 0.70634711
vt 0.86403394 0.70634711
vt 0.86403394 0.70634711
vt 0.86403394 0.70634711
vt 0.86403394 0.70634711
vt 0.86403394 0.70634711
vt 0.86403394 0.70634711
vt 0.86403394 0.70634711
vt 0.86389595 0.70634615
vt 0.86389595 0.70634615
vt 0.86389595 0.70634615
vt 0.86389595 0.70634615
vt 0.86389595 0.70634615
vt 0.86389595 0.70634615
vt 0.86389595 0.70634615
vt 0.86389595 0.70634615
vt 0.86389595 0.70634615
vt 0.86389595 0.70634615
vt 0.86389595 0.70634615
vt 0.86389595 0.70634615
vt 0.86389595 0.70634615
vt 0.86389595 0.70634615
vt 0.86389595 0.70634615
vt 0.86389595 0.70634615
vt 0.86389595 0.70634615
vt 0.86403394 0.70634711
vt 0.86403394 0.70634711
vt 0.86403394 0.70634711
vt 0.86403394 0.70634711
vt 0.86403394 0.70634717
vt 0.86403394 0.70634717
vt 0.86403394 0.70634717
vt 0.86403394 0.70634711
vt 0.86403394 0.70634711
vt 0.86403394 0.70634711
vt 0.86403394 0.70634711
vt 0.86403394 0.70634711
vt 0.86403394 0.70634711
vt 0.86403394 0.70634711
vt 0.86403406 0.70634711
vt 0.86403394 0.70634711
vt 0.86403406 0.70634711
vt 0.86403406 0.70634711
vt 0.86403394 0.70634711
vt 0.86403394 0.70634711
vt 0.86403394 0.70634711
vt 0.86403394 0.70634711
vt 0.86403406 0.70634717
vt 0.86403394 0.70634711
vt 0.86403394 0.70634711
vt 0.86403394 0.70634711
vt 0.86403394 0.70634717
vt 0.86403394 0.70634711
vt 0.86403394 0.70634711
vt 0.86403394 0.70634711
vt 0.86403394 0.70634717
vt 0.86403394 0.70634717
vt 0.86403370 0.70634663
vt 0.86403358 0.70634681
vt 0.86403394 0.70634711
vt 0.86403394 0.70634705
vt 0.86403406 0.70634758
vt 0.86403418 0.70634758
vt 0.86403406 0.70634723
vt 0.86403394 0.70634723
vt 0.86403394 0.70634663
vt 0.86403394 0.70634705
vt 0.86403382 0.70634758
vt 0.86403394 0.70634723
vt 0.86403406 0.70634663
vt 0.86403394 0.70634705
vt 0.86403370 0.70634753
vt 0.86403394 0.70634723
vt 0.86403430 0.70634675
vt 0.86403406 0.70634705
vt 0.86403346 0.70634735
vt 0.86403394 0.70634717
vt 0.86403441 0.70634711
vt 0.86403441 0.70634687
vt 0.86403406 0.70634711
vt 0.86403406 0.70634711
vt 0.86403346 0.70634723
vt 0.86403394 0.70634711
vt 0.86403441 0.70634723
vt 0.86403406 0.70634711
vt 0.86403346 0.70634699
vt 0.86403394 0.70634711
vt 0.86403430 0.70634747
vt 0.86403406 0.70634717
vt 0.86403394 0.70634711
vt 0.86403394 0.70634711
vt 0.86403394 0.70634711
vt 0.86403394 0.70634711
vt 0.86403394 0.70634711
vt 0.86403394 0.70634711
vt 0.86403394 0.70634711
vt 0.86403394 0.70634711
vt 0.86403394 0.70634711
vt 0.86403394 0.70634711
vt 0.86403394 0.70634711
vt 0.86403394 0.70634711
vt 0.86403394 0.70634711
vt 0.86403394 0.70634711
vt 0.86403394 0.70634711
vt 0.86403394 0.70634711
vt 0.86404365 0.70636785
vt 0.86405122 0.70636070
vt 0.86403769 0.70634985
vt 0.86403608 0.70635110
vt 0.86403441 0.70634782
vt 0.86403453 0.70634758
vt 0.86401320 0.70633507
vt 0.86400914 0.70634401
vt 0.86402977 0.70634615
vt 0.86403036 0.70634460
vt 0.86403334 0.70634663
vt 0.86403322 0.70634687
vt 0.86405468 0.70635176
vt 0.86403853 0.70634812
vt 0.86403477 0.70634735
vt 0.86400890 0.70635259
vt 0.86402977 0.70634776
vt 0.86403322 0.70634723
vt 0.86405444 0.70634353
vt 0.86403853 0.70634639
vt 0.86403477 0.70634705
vt 0.86401153 0.70635962
vt 0.86403012 0.70634919
vt 0.86403322 0.70634758
vt 0.86405206 0.70633674
vt 0.86404735 0.70633125
vt 0.86403668 0.70634365
vt 0.86403781 0.70634484
vt 0.86403465 0.70634675
vt 0.86403453 0.70634651
vt 0.86401612 0.70636553
vt 0.86403108 0.70635045
vt 0.86403346 0.70634782
vt 0.86404055 0.70632690
vt 0.86403525 0.70634288
vt 0.86403418 0.70634633
vt 0.86402351 0.70636982
vt 0.86403251 0.70635128
vt 0.86403370 0.70634794
vt 0.86403120 0.70632529
vt 0.86403346 0.70634270
vt 0.86403382 0.70634627
vt 0.86403334 0.70637107
vt 0.86403430 0.70635158
vt 0.86403406 0.70634794
vt 0.86402112 0.70632809
vt 0.86403179 0.70634329
vt 0.86403358 0.70634639
vt 0.86401081 0.70631516
vt 0.86399812 0.70632851
vt 0.86403108 0.70638752
vt 0.86404932 0.70638347
vt 0.86402869 0.70630908
vt 0.86401498 0.70638376
vt 0.86404580 0.70631182
vt 0.86400384 0.70637625
vt 0.86405778 0.70631981
vt 0.86399728 0.70636755
vt 0.86406970 0.70634031
vt 0.86406535 0.70632911
vt 0.86399341 0.70635736
vt 0.86407042 0.70635486
vt 0.86399281 0.70634401
vt 0.86406404 0.70637119
vt 0.86403286 0.70634627
vt 0.86403334 0.70634592
vt 0.86403465 0.70634830
vt 0.86403406 0.70634848
vt 0.86403382 0.70634574
vt 0.86403358 0.70634842
vt 0.86403441 0.70634580
vt 0.86403310 0.70634818
vt 0.86403477 0.70634604
vt 0.86403275 0.70634782
vt 0.86403513 0.70634651
vt 0.86403525 0.70634699
vt 0.86403263 0.70634735
vt 0.86403525 0.70634747
vt 0.86403263 0.70634675
vt 0.86403501 0.70634794
vt 0.86405635 0.70641434
vt 0.86408764 0.70639467
vt 0.86396956 0.70632100
vt 0.86396551 0.70634782
vt 0.86410338 0.70636308
vt 0.86396873 0.70636731
vt 0.86410338 0.70633358
vt 0.86397451 0.70638025
vt 0.86409616 0.70631146
vt 0.86408073 0.70629418
vt 0.86398226 0.70639193
vt 0.86405540 0.70627952
vt 0.86399716 0.70640516
vt 0.86402065 0.70627725
vt 0.86402243 0.70641601
vt 0.86398816 0.70629334
vt 0.91608685 0.19265753
vt 0.91595650 0.19291323
vt 0.91708618 0.19378138
vt 0.91734952 0.19328058
vt 0.91332531 0.19267738
vt 0.91324258 0.19239509
vt 0.91181481 0.19276720
vt 0.91198784 0.19331068
vt 0.91471094 0.19066083
vt 0.91499466 0.19069207
vt 0.91522688 0.18932307
vt 0.91465598 0.18926924
vt 0.91551483 0.19091678
vt 0.91573620 0.19109148
vt 0.91672939 0.19012159
vt 0.91628683 0.18975496
vt 0.91321743 0.19210339
vt 0.91174954 0.19219917
vt 0.91443443 0.19357234
vt 0.91415012 0.19349122
vt 0.91357201 0.19486111
vt 0.91411555 0.19502318
vt 0.91389620 0.19088858
vt 0.91415220 0.19075924
vt 0.91353935 0.18949550
vt 0.91303617 0.18976700
vt 0.91325045 0.19181359
vt 0.91179430 0.19162714
vt 0.91555798 0.19332659
vt 0.91530466 0.19347179
vt 0.91579056 0.19485295
vt 0.91629094 0.19458318
vt 0.91526711 0.19078004
vt 0.91577750 0.18948710
vt 0.91442758 0.19068247
vt 0.91408634 0.18932742
vt 0.91365361 0.19316739
vt 0.91346306 0.19294024
vt 0.91226268 0.19380915
vt 0.91262847 0.19424319
vt 0.91616499 0.19238192
vt 0.91750610 0.19273913
vt 0.91592085 0.19130588
vt 0.91709095 0.19056547
vt 0.91502309 0.19356221
vt 0.91472936 0.19359630
vt 0.91468120 0.19507688
vt 0.91524690 0.19501984
vt 0.91618240 0.19209874
vt 0.91756988 0.19217885
vt 0.91333979 0.19153726
vt 0.91196340 0.19107866
vt 0.91348165 0.19128484
vt 0.91223335 0.19057369
vt 0.91606021 0.19155174
vt 0.91735756 0.19106978
vt 0.91577786 0.19313943
vt 0.91672844 0.19422132
vt 0.91614854 0.19181967
vt 0.91751903 0.19161481
vt 0.91388255 0.19335824
vt 0.91307151 0.19459605
vt 0.91366959 0.19106591
vt 0.91259539 0.19013125
vt 0.91908252 0.19216377
vt 0.91898513 0.19129235
vt 0.91219068 0.19581783
vt 0.91294503 0.19622600
vt 0.91149801 0.18910724
vt 0.91095477 0.18976694
vt 0.91376573 0.19648069
vt 0.91462135 0.19656813
vt 0.91214830 0.18854719
vt 0.91059017 0.19385725
vt 0.91098911 0.19461107
vt 0.91706955 0.18846387
vt 0.91629064 0.18806481
vt 0.91153055 0.19527274
vt 0.91873956 0.19045234
vt 0.91775835 0.19530946
vt 0.91831523 0.19463956
vt 0.91873521 0.19387376
vt 0.91034007 0.19304222
vt 0.91545075 0.18782657
vt 0.91458333 0.18775725
vt 0.91775584 0.18900979
vt 0.91025031 0.19219518
vt 0.91289979 0.18812573
vt 0.91032439 0.19134605
vt 0.91631371 0.19626045
vt 0.91708237 0.19585669
vt 0.91372216 0.18785840
vt 0.91899967 0.19303721
vt 0.91831797 0.18968266
vt 0.91548306 0.19650871
vt 0.91057241 0.19053155
vt 0.91663498 0.18720907
vt 0.91757727 0.18768954
vt 0.91819423 0.18674386
vt 0.91705477 0.18616390
vt 0.91167736 0.19656503
vt 0.91088367 0.19590575
vt 0.91009790 0.19667166
vt 0.91104740 0.19747490
vt 0.91957492 0.19010234
vt 0.91990894 0.19110656
vt 0.92102247 0.19088411
vt 0.92064184 0.18965364
vt 0.91906923 0.19515979
vt 0.91840070 0.19596905
vt 0.91919047 0.19678581
vt 0.92002505 0.19581300
vt 0.91958392 0.19424045
vt 0.92063510 0.19468093
vt 0.90976244 0.19419181
vt 0.90945959 0.19321585
vt 0.90837622 0.19342786
vt 0.90873444 0.19461191
vt 0.91457230 0.18683934
vt 0.91562033 0.18692207
vt 0.91582668 0.18581545
vt 0.91455728 0.18571723
vt 0.91841209 0.18834656
vt 0.91919070 0.18754935
vt 0.90935463 0.19219756
vt 0.90825653 0.19219714
vt 0.91357428 0.19737440
vt 0.91258574 0.19706035
vt 0.91214448 0.19807190
vt 0.91333610 0.19846189
vt 0.91163164 0.18779409
vt 0.91254032 0.18728656
vt 0.91210175 0.18626595
vt 0.91100115 0.18687791
vt 0.90945005 0.19117910
vt 0.90836519 0.19096541
vt 0.91758168 0.19662869
vt 0.91665059 0.19711030
vt 0.91705710 0.19815707
vt 0.91819125 0.19758213
vt 0.91353291 0.18696177
vt 0.91329807 0.18586034
vt 0.91022795 0.19510776
vt 0.90931737 0.19570553
vt 0.91990608 0.19322926
vt 0.92101973 0.19345218
vt 0.91908491 0.18916905
vt 0.92002523 0.18852645
vt 0.91564697 0.19739687
vt 0.91460931 0.19749409
vt 0.91458458 0.19860315
vt 0.91584241 0.19850951
vt 0.92002261 0.19216794
vt 0.92114037 0.19216794
vt 0.90972650 0.19019151
vt 0.90871322 0.18977630
vt 0.91020411 0.18927914
vt 0.90927398 0.18866897
vt 0.91083848 0.18846488
vt 0.91005230 0.18769485
vt 0.91586477 0.19256854
vt 0.91575557 0.19278193
vt 0.91355437 0.19258595
vt 0.91348374 0.19235146
vt 0.91470587 0.19089627
vt 0.91494298 0.19092810
vt 0.91538328 0.19111192
vt 0.91557050 0.19126105
vt 0.91346127 0.19210857
vt 0.91447967 0.19332957
vt 0.91424012 0.19326270
vt 0.91402304 0.19109201
vt 0.91423696 0.19098276
vt 0.91348732 0.19186693
vt 0.91542065 0.19312912
vt 0.91520649 0.19324398
vt 0.91517222 0.19099885
vt 0.91446757 0.19091696
vt 0.91382772 0.19299203
vt 0.91367042 0.19280219
vt 0.91592962 0.19234002
vt 0.91572624 0.19144070
vt 0.91497219 0.19332045
vt 0.91472685 0.19334924
vt 0.91594791 0.19210434
vt 0.91356069 0.19163615
vt 0.91367799 0.19142479
vt 0.91584396 0.19164580
vt 0.91560572 0.19297117
vt 0.91591895 0.19186956
vt 0.91402060 0.19314700
vt 0.91383427 0.19124115
vt 0.91710454 0.20077693
vt 0.91632342 0.20124459
vt 0.91662782 0.20303029
vt 0.91735530 0.20254135
vt 0.92258346 0.18782777
vt 0.92283440 0.18872577
vt 0.92406863 0.18819934
vt 0.92406076 0.18675065
vt 0.92025244 0.19921350
vt 0.91970128 0.19995427
vt 0.92067707 0.20151228
vt 0.92117208 0.20077145
vt 0.92365670 0.19124293
vt 0.92353469 0.19217038
vt 0.92488056 0.19217074
vt 0.92544615 0.19082975
vt 0.91036069 0.19994467
vt 0.90948898 0.19973207
vt 0.90846801 0.20119560
vt 0.90931690 0.20135546
vt 0.90769190 0.18666965
vt 0.90838534 0.18610591
vt 0.90744835 0.18522614
vt 0.90618974 0.18578243
vt 0.91363913 0.20102394
vt 0.91274494 0.20116007
vt 0.91235399 0.20291620
vt 0.91320711 0.20273900
vt 0.90891039 0.18537718
vt 0.90940630 0.18462193
vt 0.90835583 0.18315941
vt 0.90792155 0.18391609
vt 0.90685040 0.19633210
vt 0.90662694 0.19547451
vt 0.90545058 0.19595301
vt 0.90542382 0.19732112
vt 0.91881585 0.18418068
vt 0.91972506 0.18436557
vt 0.92072302 0.18280685
vt 0.91983527 0.18267769
vt 0.90898734 0.19898945
vt 0.90845609 0.19827265
vt 0.90753728 0.19916147
vt 0.90802699 0.20045263
vt 0.92330837 0.18953037
vt 0.92381477 0.19031876
vt 0.92564696 0.18994468
vt 0.92511469 0.18920946
vt 0.92158258 0.19794589
vt 0.92083323 0.19849408
vt 0.92175055 0.19946021
vt 0.92310774 0.19895262
vt 0.92257673 0.19651526
vt 0.92235696 0.19742411
vt 0.92388654 0.19849038
vt 0.92405307 0.19760036
vt 0.90618742 0.19470608
vt 0.90571415 0.19395739
vt 0.90398681 0.19429916
vt 0.90448087 0.19499266
vt 0.91540867 0.18322104
vt 0.91631466 0.18303871
vt 0.91662675 0.18122214
vt 0.91576153 0.18144828
vt 0.92027283 0.18511558
vt 0.92084956 0.18584192
vt 0.92177659 0.18488181
vt 0.92121243 0.18355870
vt 0.90586627 0.19308501
vt 0.90597874 0.19220853
vt 0.90471208 0.19221509
vt 0.90418041 0.19346988
vt 0.91199285 0.20065999
vt 0.91122299 0.20019406
vt 0.91070378 0.20137477
vt 0.91165727 0.20239282
vt 0.91028309 0.18439627
vt 0.91115129 0.18413460
vt 0.91061211 0.18294680
vt 0.90921044 0.18298560
vt 0.90585726 0.19133347
vt 0.90569586 0.19046348
vt 0.90396625 0.19014162
vt 0.90416867 0.19096738
vt 0.91879678 0.20013005
vt 0.91790599 0.20034236
vt 0.91837215 0.20156890
vt 0.91979361 0.20162988
vt 0.91710758 0.18351525
vt 0.91791773 0.18395984
vt 0.91839868 0.18272114
vt 0.91736782 0.18172264
vt 0.91358882 0.18327248
vt 0.91450059 0.18336636
vt 0.91446149 0.18204725
vt 0.91313618 0.18153572
vt 0.90775764 0.19772124
vt 0.90703565 0.19720131
vt 0.90555364 0.19816667
vt 0.90627366 0.19862825
vt 0.92330545 0.19481152
vt 0.92282987 0.19561636
vt 0.92406529 0.19614607
vt 0.92511386 0.19513470
vt 0.92159605 0.18639511
vt 0.92236733 0.18691981
vt 0.92389888 0.18586284
vt 0.92312515 0.18539816
vt 0.91543227 0.20106548
vt 0.91453761 0.20092589
vt 0.91450572 0.20222402
vt 0.91577995 0.20280761
vt 0.91192496 0.18365550
vt 0.91268170 0.18314201
vt 0.91226846 0.18136472
vt 0.91156679 0.18190336
vt 0.92365581 0.19309813
vt 0.92381310 0.19402307
vt 0.92564696 0.19439888
vt 0.92544615 0.19351268
vt 0.90616053 0.18970984
vt 0.90659046 0.18893605
vt 0.90540767 0.18847328
vt 0.90445173 0.18944359
vt 0.90680254 0.18807483
vt 0.90697569 0.18720138
vt 0.90547597 0.18625647
vt 0.90535963 0.18710548
vt 0.91589397 0.18543857
vt 0.91454899 0.18534541
vt 0.90801942 0.19349849
vt 0.90840054 0.19474840
vt 0.92033535 0.19602692
vt 0.92098159 0.19482863
vt 0.91945046 0.19705558
vt 0.92139447 0.19080997
vt 0.92098802 0.18950844
vt 0.90983754 0.19692564
vt 0.91083938 0.19777745
vt 0.91839933 0.18642759
vt 0.91719222 0.18581563
vt 0.90901166 0.19590652
vt 0.91078877 0.18657535
vt 0.90978885 0.18744260
vt 0.91325843 0.19882321
vt 0.91457856 0.19897079
vt 0.90897232 0.18847483
vt 0.91199684 0.19841450
vt 0.92151880 0.19216889
vt 0.91839361 0.19789815
vt 0.92033768 0.18831307
vt 0.91590667 0.19886839
vt 0.91719210 0.19850242
vt 0.90837717 0.18964201
vt 0.90800756 0.19089717
vt 0.92139143 0.19352829
vt 0.91321844 0.18550348
vt 0.91194969 0.18592250
vt 0.91945392 0.18727994
vt 0.90789485 0.19219840
vt 0.90786916 0.18944073
vt 0.90813154 0.18878877
vt 0.90849519 0.18816900
vt 0.90745455 0.19079286
vt 0.90761375 0.19009489
vt 0.92209083 0.19216943
vt 0.92208600 0.19290489
vt 0.92196763 0.19364542
vt 0.91172427 0.18541497
vt 0.91238189 0.18512833
vt 0.91309172 0.18493927
vt 0.91600758 0.19943589
vt 0.91528279 0.19953537
vt 0.91456777 0.19952601
vt 0.91985059 0.18687201
vt 0.92037272 0.18738437
vt 0.92082095 0.18798143
vt 0.92178804 0.19437367
vt 0.92150569 0.19505149
vt 0.90944505 0.19730902
vt 0.90895593 0.19680202
vt 0.90853900 0.19621730
vt 0.91381490 0.18480629
vt 0.91453624 0.18478370
vt 0.91599506 0.18486774
vt 0.91671938 0.18502694
vt 0.91739869 0.18528914
vt 0.91870642 0.19838750
vt 0.91806769 0.19875890
vt 0.91739583 0.19902420
vt 0.90734935 0.19220114
vt 0.90734929 0.19150037
vt 0.91045982 0.18610781
vt 0.91107184 0.18571043
vt 0.91313678 0.19938177
vt 0.91243225 0.19919944
vt 0.91177762 0.19892025
vt 0.90746796 0.19360828
vt 0.90735590 0.19290203
vt 0.91871583 0.18593723
vt 0.91932374 0.18636602
vt 0.91526103 0.18476981
vt 0.90789658 0.19495511
vt 0.90763426 0.19430453
vt 0.92121440 0.19572520
vt 0.92081636 0.19635814
vt 0.92036694 0.19695383
vt 0.91984338 0.19746321
vt 0.92151093 0.18928719
vt 0.92179221 0.18996513
vt 0.92197043 0.19069374
vt 0.91051728 0.19824511
vt 0.90994054 0.19781190
vt 0.91807485 0.18555963
vt 0.90816724 0.19560295
vt 0.90939063 0.18706191
vt 0.90988350 0.18655032
vt 0.91385365 0.19950819
vt 0.90890592 0.18757695
vt 0.91112828 0.19863325
vt 0.92208743 0.19143409
vt 0.91931528 0.19796425
vt 0.92121959 0.18861461
vt 0.91672355 0.19928020
vt 0.86389595 0.70634615
vt 0.86389595 0.70634615
vt 0.86389595 0.70634615
vt 0.86389595 0.70634615
vt 0.86389595 0.70634609
vt 0.86389595 0.70634615
vt 0.86389595 0.70634609
vt 0.86389595 0.70634609
vt 0.86389595 0.70634615
vt 0.86389595 0.70634615
vt 0.86389583 0.70634615
vt 0.86389595 0.70634615
vt 0.86389583 0.70634615
vt 0.86389595 0.70634615
vt 0.86389595 0.70634615
vt 0.86389595 0.70634615
vt 0.86389595 0.70634615
vt 0.86389595 0.70634615
vt 0.86389595 0.70634615
vt 0.86389595 0.70634615
vt 0.86389583 0.70634615
vt 0.86389595 0.70634615
vt 0.86389595 0.70634609
vt 0.86389595 0.70634615
vt 0.86389583 0.70634615
vt 0.86389595 0.70634615
vt 0.86389595 0.70634609
vt 0.86389595 0.70634615
vt 0.86389595 0.70634615
vt 0.86389595 0.70634615
vt 0.86389595 0.70634609
vt 0.86389595 0.70634609
vt 0.86389571 0.70634663
vt 0.86389583 0.70634621
vt 0.86389583 0.70634615
vt 0.86389548 0.70634645
vt 0.86389595 0.70634568
vt 0.86389595 0.70634604
vt 0.86389595 0.70634604
vt 0.86389619 0.70634568
vt 0.86389583 0.70634663
vt 0.86389595 0.70634621
vt 0.86389583 0.70634568
vt 0.86389595 0.70634604
vt 0.86389607 0.70634663
vt 0.86389595 0.70634621
vt 0.86389560 0.70634574
vt 0.86389583 0.70634604
vt 0.86389619 0.70634651
vt 0.86389595 0.70634621
vt 0.86389548 0.70634592
vt 0.86389583 0.70634609
vt 0.86389643 0.70634615
vt 0.86389595 0.70634615
vt 0.86389595 0.70634615
vt 0.86389643 0.70634639
vt 0.86389536 0.70634604
vt 0.86389583 0.70634615
vt 0.86389643 0.70634604
vt 0.86389595 0.70634615
vt 0.86389548 0.70634627
vt 0.86389583 0.70634615
vt 0.86389631 0.70634580
vt 0.86389595 0.70634609
vt 0.86389595 0.70634615
vt 0.86389595 0.70634615
vt 0.86389595 0.70634615
vt 0.86389595 0.70634615
vt 0.86389595 0.70634615
vt 0.86389595 0.70634615
vt 0.86389595 0.70634615
vt 0.86389595 0.70634615
vt 0.86389595 0.70634615
vt 0.86389595 0.70634615
vt 0.86389595 0.70634615
vt 0.86389595 0.70634615
vt 0.86389595 0.70634615
vt 0.86389595 0.70634615
vt 0.86389595 0.70634615
vt 0.86389595 0.70634615
vt 0.86390555 0.70632541
vt 0.86389810 0.70634216
vt 0.86389971 0.70634341
vt 0.86391324 0.70633256
vt 0.86389631 0.70634544
vt 0.86389655 0.70634568
vt 0.86387521 0.70635819
vt 0.86389238 0.70634866
vt 0.86389178 0.70634711
vt 0.86387116 0.70634925
vt 0.86389536 0.70634663
vt 0.86389512 0.70634639
vt 0.86390042 0.70634514
vt 0.86391658 0.70634151
vt 0.86389667 0.70634592
vt 0.86389166 0.70634550
vt 0.86387092 0.70634067
vt 0.86389512 0.70634604
vt 0.86390042 0.70634687
vt 0.86391646 0.70634973
vt 0.86389679 0.70634621
vt 0.86389214 0.70634407
vt 0.86387354 0.70633364
vt 0.86389524 0.70634568
vt 0.86391395 0.70635653
vt 0.86389983 0.70634842
vt 0.86389869 0.70634961
vt 0.86390936 0.70636201
vt 0.86389667 0.70634651
vt 0.86389643 0.70634675
vt 0.86389309 0.70634282
vt 0.86387813 0.70632774
vt 0.86389536 0.70634544
vt 0.86389714 0.70635039
vt 0.86390245 0.70636636
vt 0.86389619 0.70634693
vt 0.86389452 0.70634198
vt 0.86388552 0.70632344
vt 0.86389571 0.70634532
vt 0.86389548 0.70635056
vt 0.86389309 0.70636797
vt 0.86389583 0.70634699
vt 0.86389631 0.70634168
vt 0.86389536 0.70632219
vt 0.86389607 0.70634532
vt 0.86389369 0.70634997
vt 0.86388314 0.70636517
vt 0.86389548 0.70634687
vt 0.86387283 0.70637810
vt 0.86386013 0.70636475
vt 0.86389297 0.70630574
vt 0.86391133 0.70630980
vt 0.86389071 0.70638418
vt 0.86387688 0.70630950
vt 0.86390769 0.70638144
vt 0.86386585 0.70631701
vt 0.86391979 0.70637345
vt 0.86385930 0.70632571
vt 0.86393160 0.70635295
vt 0.86392725 0.70636415
vt 0.86385530 0.70633590
vt 0.86393243 0.70633841
vt 0.86385483 0.70634925
vt 0.86392593 0.70632207
vt 0.86389536 0.70634735
vt 0.86389488 0.70634699
vt 0.86389607 0.70634478
vt 0.86389655 0.70634496
vt 0.86389583 0.70634753
vt 0.86389560 0.70634484
vt 0.86389631 0.70634747
vt 0.86389512 0.70634508
vt 0.86389679 0.70634723
vt 0.86389476 0.70634544
vt 0.86389726 0.70634627
vt 0.86389714 0.70634675
vt 0.86389452 0.70634592
vt 0.86389726 0.70634580
vt 0.86389452 0.70634651
vt 0.86389703 0.70634532
vt 0.86391824 0.70627892
vt 0.86394954 0.70629859
vt 0.86383158 0.70637226
vt 0.86382741 0.70634544
vt 0.86396539 0.70633018
vt 0.86383075 0.70632595
vt 0.86396539 0.70635968
vt 0.86383641 0.70631301
vt 0.86395818 0.70638180
vt 0.86394274 0.70639908
vt 0.86384428 0.70630133
vt 0.86391729 0.70641375
vt 0.86385918 0.70628810
vt 0.86388254 0.70641601
vt 0.86388433 0.70627725
vt 0.86385018 0.70639992
vt 0.89435899 0.19157785
vt 0.89562929 0.19095874
vt 0.89536667 0.19045651
vt 0.89423102 0.19132006
vt 0.89162475 0.19155687
vt 0.89028221 0.19092631
vt 0.89010888 0.19147038
vt 0.89154166 0.19184148
vt 0.89299077 0.19359249
vt 0.89293516 0.19497883
vt 0.89350462 0.19492638
vt 0.89327115 0.19356453
vt 0.89378780 0.19334042
vt 0.89456409 0.19449610
vt 0.89500642 0.19412917
vt 0.89400816 0.19316417
vt 0.89004290 0.19203919
vt 0.89151508 0.19213605
vt 0.89272487 0.19065821
vt 0.89240438 0.18921292
vt 0.89186281 0.18937492
vt 0.89244390 0.19073963
vt 0.89218545 0.19336206
vt 0.89132136 0.19447708
vt 0.89182252 0.19474989
vt 0.89243889 0.19349241
vt 0.89008641 0.19261211
vt 0.89154667 0.19242877
vt 0.89383817 0.19090396
vt 0.89457369 0.18965304
vt 0.89407456 0.18938285
vt 0.89358693 0.19075698
vt 0.89405471 0.19476354
vt 0.89354146 0.19347751
vt 0.89271128 0.19356984
vt 0.89236754 0.19491929
vt 0.89195043 0.19106293
vt 0.89092201 0.18999302
vt 0.89055675 0.19042742
vt 0.89176202 0.19129229
vt 0.89443552 0.19185627
vt 0.89578533 0.19150198
vt 0.89536840 0.19368422
vt 0.89419216 0.19294685
vt 0.89330786 0.19066685
vt 0.89353228 0.18921596
vt 0.89296812 0.18915904
vt 0.89301699 0.19063348
vt 0.89445370 0.19214308
vt 0.89584881 0.19206446
vt 0.89025396 0.19316173
vt 0.89163482 0.19270778
vt 0.89052230 0.19366789
vt 0.89177495 0.19296247
vt 0.89563560 0.19317812
vt 0.89433110 0.19269747
vt 0.89405525 0.19109231
vt 0.89500993 0.19001561
vt 0.89441955 0.19242591
vt 0.89579767 0.19263089
vt 0.89136392 0.18963993
vt 0.89217860 0.19087148
vt 0.89088261 0.19411165
vt 0.89196098 0.19318324
vt 0.89726651 0.19295377
vt 0.89736462 0.19208020
vt 0.89123464 0.18801254
vt 0.89048171 0.18842065
vt 0.88924211 0.19447070
vt 0.88978308 0.19513136
vt 0.89290786 0.18766981
vt 0.89205366 0.18775767
vt 0.89043105 0.19569260
vt 0.88928217 0.18962693
vt 0.88888353 0.19038028
vt 0.89456719 0.19618386
vt 0.89534670 0.19578576
vt 0.88982284 0.18896556
vt 0.89702004 0.19379556
vt 0.89659840 0.18959922
vt 0.89604163 0.18892843
vt 0.89701813 0.19036633
vt 0.88863319 0.19119489
vt 0.89286059 0.19648802
vt 0.89372748 0.19642061
vt 0.89603388 0.19524002
vt 0.88854265 0.19204164
vt 0.89118046 0.19611573
vt 0.88861549 0.19289064
vt 0.89536595 0.18838084
vt 0.89459789 0.18797696
vt 0.89200091 0.19638491
vt 0.89728224 0.19120467
vt 0.89659721 0.19456655
vt 0.89376825 0.18772888
vt 0.88886178 0.19370544
vt 0.89491057 0.19704026
vt 0.89532906 0.19808686
vt 0.89647043 0.19750857
vt 0.89585406 0.19656110
vt 0.88996816 0.18767464
vt 0.88933820 0.18676621
vt 0.88839060 0.18756872
vt 0.88917595 0.18833345
vt 0.89785683 0.19414669
vt 0.89892572 0.19459677
vt 0.89930826 0.19336379
vt 0.89819235 0.19314027
vt 0.89735365 0.18907875
vt 0.89831048 0.18842489
vt 0.89747494 0.18745124
vt 0.89668477 0.18826872
vt 0.89786857 0.18999952
vt 0.89892125 0.18955874
vt 0.88805604 0.19004571
vt 0.88702911 0.18962598
vt 0.88667059 0.19080824
vt 0.88775301 0.19102079
vt 0.89284784 0.19740564
vt 0.89283025 0.19852775
vt 0.89409977 0.19843274
vt 0.89389557 0.19732529
vt 0.89746934 0.19670361
vt 0.89669067 0.19590449
vt 0.88654965 0.19203740
vt 0.88764715 0.19203824
vt 0.89186168 0.18686509
vt 0.89162272 0.18577880
vt 0.89043307 0.18616921
vt 0.89087492 0.18717945
vt 0.88991272 0.19644397
vt 0.88928002 0.19735807
vt 0.89037776 0.19797260
vt 0.89081895 0.19695348
vt 0.88665634 0.19326800
vt 0.88774115 0.19305611
vt 0.89586544 0.18760884
vt 0.89647496 0.18665487
vt 0.89534056 0.18608057
vt 0.89493471 0.18712753
vt 0.89180964 0.19728065
vt 0.89157212 0.19838130
vt 0.88761145 0.18853372
vt 0.88852119 0.18913072
vt 0.89819092 0.19101280
vt 0.89930660 0.19078994
vt 0.89830667 0.19572580
vt 0.89736533 0.19508141
vt 0.89393163 0.18684155
vt 0.89412636 0.18572921
vt 0.89286947 0.18563664
vt 0.89289498 0.18674493
vt 0.89830697 0.19207656
vt 0.89942700 0.19207710
vt 0.88700187 0.19445664
vt 0.88801557 0.19404364
vt 0.88755947 0.19556415
vt 0.88849050 0.19495636
vt 0.88833439 0.19653928
vt 0.88912237 0.19577163
vt 0.89402807 0.19144887
vt 0.89413410 0.19166464
vt 0.89178556 0.19188571
vt 0.89185613 0.19164819
vt 0.89322096 0.19333220
vt 0.89298761 0.19335818
vt 0.89384037 0.19299632
vt 0.89365506 0.19314712
vt 0.89176166 0.19213217
vt 0.89253420 0.19096708
vt 0.89277071 0.19089842
vt 0.89252490 0.19327140
vt 0.89231390 0.19316083
vt 0.89178634 0.19237697
vt 0.89348793 0.19098139
vt 0.89370018 0.19109935
vt 0.89344639 0.19326109
vt 0.89275229 0.19333786
vt 0.89197254 0.19142920
vt 0.89212477 0.19123578
vt 0.89419580 0.19189757
vt 0.89399463 0.19281316
vt 0.89301479 0.19087791
vt 0.89325726 0.19090605
vt 0.89421719 0.19213742
vt 0.89185810 0.19261068
vt 0.89197344 0.19282436
vt 0.89411151 0.19260371
vt 0.89388156 0.19125795
vt 0.89418656 0.19237560
vt 0.89231658 0.19108081
vt 0.89212757 0.19301003
vt 0.89538527 0.18346155
vt 0.89563268 0.18169749
vt 0.89490473 0.18121034
vt 0.89460367 0.18299538
vt 0.90086997 0.19642913
vt 0.90234965 0.19751137
vt 0.90235996 0.19605839
vt 0.90112287 0.19552904
vt 0.89853579 0.18502086
vt 0.89945358 0.18346024
vt 0.89895689 0.18271995
vt 0.89798325 0.18428040
vt 0.90194929 0.19300538
vt 0.90374386 0.19342047
vt 0.90317708 0.19207495
vt 0.90182722 0.19207531
vt 0.88865054 0.18430114
vt 0.88760751 0.18289411
vt 0.88676053 0.18305457
vt 0.88778073 0.18451411
vt 0.88597417 0.19755697
vt 0.88447213 0.19843882
vt 0.88572687 0.19899774
vt 0.88666505 0.19812185
vt 0.89192247 0.18321979
vt 0.89148837 0.18150777
vt 0.89063632 0.18133241
vt 0.89102948 0.18308508
vt 0.88718718 0.19885123
vt 0.88619524 0.20030755
vt 0.88662672 0.20106459
vt 0.88768023 0.19960707
vt 0.88514841 0.18790799
vt 0.88372529 0.18692106
vt 0.88375145 0.18828589
vt 0.88492501 0.18876386
vt 0.89708734 0.20007616
vt 0.89810425 0.20158440
vt 0.89899421 0.20145738
vt 0.89799845 0.19989330
vt 0.88728070 0.18525559
vt 0.88632131 0.18379629
vt 0.88583362 0.18508470
vt 0.88675076 0.18597120
vt 0.90159887 0.19472265
vt 0.90341067 0.19504583
vt 0.90394503 0.19430846
vt 0.90210736 0.19393229
vt 0.89986891 0.18628836
vt 0.90139490 0.18527812
vt 0.90003479 0.18477172
vt 0.89911795 0.18574023
vt 0.90086591 0.18772036
vt 0.90234405 0.18663156
vt 0.90217578 0.18574005
vt 0.90064502 0.18681008
vt 0.88448608 0.18953049
vt 0.88278306 0.18924332
vt 0.88228959 0.18993497
vt 0.88401294 0.19027740
vt 0.89367479 0.20102638
vt 0.89402193 0.20280111
vt 0.89488697 0.20303029
vt 0.89458042 0.20121163
vt 0.89854890 0.19914335
vt 0.89948660 0.20070541
vt 0.90005541 0.19938111
vt 0.89912856 0.19841683
vt 0.88416392 0.19114816
vt 0.88248211 0.19076246
vt 0.88301104 0.19201499
vt 0.88427514 0.19202322
vt 0.89027923 0.18358535
vt 0.88994169 0.18185604
vt 0.88899142 0.18287349
vt 0.88951111 0.18405133
vt 0.88855535 0.19983512
vt 0.88747966 0.20124072
vt 0.88887936 0.20128435
vt 0.88942188 0.20009941
vt 0.88415247 0.19289649
vt 0.88246638 0.19325930
vt 0.88226295 0.19408309
vt 0.88398993 0.19376475
vt 0.89707816 0.18410593
vt 0.89807260 0.18260396
vt 0.89665085 0.18266761
vt 0.89618701 0.18389487
vt 0.89537525 0.20073730
vt 0.89563006 0.20253187
vt 0.89666539 0.20153624
vt 0.89618748 0.20029473
vt 0.89185500 0.20096892
vt 0.89139682 0.20270342
vt 0.89272344 0.20219707
vt 0.89276689 0.20087814
vt 0.88605404 0.18652165
vt 0.88457292 0.18561685
vt 0.88385451 0.18607754
vt 0.88533354 0.18704063
vt 0.90159714 0.18942738
vt 0.90340990 0.18910241
vt 0.90235788 0.18808901
vt 0.90112013 0.18862092
vt 0.89987779 0.19786388
vt 0.90140921 0.19886625
vt 0.90218598 0.19840145
vt 0.90065193 0.19733918
vt 0.89371353 0.18317580
vt 0.89405793 0.18143457
vt 0.89278603 0.18201989
vt 0.89281994 0.18331653
vt 0.89019334 0.20058066
vt 0.88982958 0.20233065
vt 0.89052904 0.20287144
vt 0.89094806 0.20109636
vt 0.90194881 0.19114500
vt 0.90374416 0.19072878
vt 0.90394503 0.18983990
vt 0.90210640 0.19021761
vt 0.88445246 0.19451791
vt 0.88274640 0.19478041
vt 0.88369817 0.19575071
vt 0.88488001 0.19529134
vt 0.88508981 0.19615167
vt 0.88364685 0.19711602
vt 0.88376093 0.19796389
vt 0.88526046 0.19702423
vt 0.89282113 0.19889945
vt 0.89416611 0.19880980
vt 0.88669556 0.18948948
vt 0.88631415 0.19073749
vt 0.89926851 0.18941069
vt 0.89862114 0.18821061
vt 0.89773518 0.18718112
vt 0.89927268 0.19474262
vt 0.89968109 0.19343835
vt 0.88913023 0.18646419
vt 0.88813043 0.18731529
vt 0.89546591 0.19843560
vt 0.89667541 0.19782555
vt 0.88730609 0.18833303
vt 0.88807052 0.19679058
vt 0.88906705 0.19765967
vt 0.89286315 0.18526942
vt 0.89154482 0.18541807
vt 0.88725758 0.19575733
vt 0.89028543 0.18582731
vt 0.89980650 0.19207627
vt 0.89667726 0.18633866
vt 0.89861953 0.19593996
vt 0.89547539 0.18573523
vt 0.89419031 0.18537050
vt 0.88666570 0.19459009
vt 0.88629901 0.19333559
vt 0.89967912 0.19071376
vt 0.89022505 0.19831538
vt 0.89149153 0.19873768
vt 0.89773262 0.19697380
vt 0.88618839 0.19203579
vt 0.88615781 0.19478995
vt 0.88641852 0.19544166
vt 0.88678020 0.19606155
vt 0.88574648 0.19343877
vt 0.88590413 0.19413608
vt 0.90037984 0.19207603
vt 0.90037501 0.19133878
vt 0.90025645 0.19059652
vt 0.88999802 0.19882172
vt 0.89065427 0.19911015
vt 0.89136314 0.19930118
vt 0.89429057 0.18480337
vt 0.89356637 0.18470472
vt 0.89285189 0.18471485
vt 0.89812934 0.19738317
vt 0.89865333 0.19687063
vt 0.89910334 0.19627297
vt 0.90007651 0.18986666
vt 0.89979362 0.18918753
vt 0.88773853 0.18693256
vt 0.88725036 0.18743885
vt 0.88683414 0.18802267
vt 0.89208567 0.19943631
vt 0.89280671 0.19946104
vt 0.89426577 0.19938105
vt 0.89499074 0.19922364
vt 0.89567113 0.19896299
vt 0.89698982 0.18584895
vt 0.89635068 0.18547803
vt 0.89567858 0.18521345
vt 0.88564354 0.19203222
vt 0.88564253 0.19273204
vt 0.88873690 0.19812578
vt 0.88934720 0.19852459
vt 0.89142299 0.18486041
vt 0.89071953 0.18504316
vt 0.89006633 0.18532246
vt 0.88576353 0.19062728
vt 0.88565105 0.19133228
vt 0.89699113 0.19831723
vt 0.89760083 0.19788897
vt 0.89353126 0.19947696
vt 0.88619256 0.18928272
vt 0.88593018 0.18993217
vt 0.89950168 0.18851268
vt 0.89910275 0.18787891
vt 0.89865249 0.18728262
vt 0.89812821 0.18677300
vt 0.89979649 0.19496495
vt 0.90007901 0.19428563
vt 0.90025818 0.19355530
vt 0.88880843 0.18599755
vt 0.88823295 0.18643028
vt 0.89634854 0.19869381
vt 0.88646293 0.18863600
vt 0.88767177 0.19716966
vt 0.88816237 0.19768208
vt 0.89213872 0.18473339
vt 0.88718891 0.19665396
vt 0.88941818 0.18560958
vt 0.90037596 0.19281316
vt 0.89759934 0.18627197
vt 0.89950365 0.19563884
vt 0.89500630 0.18495816
f 1/1/1 2/2/2 3/3/3
f 4/4/4 5/5/5 3/3/3
f 6/6/6 1/1/1 3/3/3
f 7/7/7 4/4/4 3/3/3
f 8/8/8 6/6/6 3/3/3
f 9/9/9 7/7/7 3/3/3
f 10/10/10 8/8/8 3/3/3
f 11/11/11 9/9/9 3/3/3
f 12/12/12 13/13/13 3/3/3
f 13/13/13 10/10/10 3/3/3
f 14/14/14 11/11/11 3/3/3
f 15/15/15 12/12/12 3/3/3
f 16/16/16 14/14/14 3/3/3
f 17/17/17 15/15/15 3/3/3
f 2/2/2 16/16/16 3/3/3
f 5/5/5 17/17/17 3/3/3
f 18/18/18 19/19/19 20/20/20
f 21/21/21 19/19/19 22/22/22
f 23/23/23 19/19/19 18/18/18
f 24/24/24 19/19/19 21/21/21
f 25/25/25 19/19/19 23/23/23
f 26/26/26 19/19/19 24/24/24
f 27/27/27 19/19/19 25/25/25
f 28/28/28 19/19/19 26/26/26
f 29/29/29 19/19/19 30/30/30
f 30/30/30 19/19/19 27/27/27
f 31/31/31 19/19/19 28/28/28
f 32/32/32 19/19/19 29/29/29
f 33/33/33 19/19/19 31/31/31
f 34/34/34 19/19/19 32/32/32
f 20/20/20 19/19/19 33/33/33
f 22/22/22 19/19/19 34/34/34
f 35/35/35 36/36/36 37/37/37
f 35/35/35 37/37/37 38/38/38
f 39/39/39 40/40/40 41/41/41
f 39/39/39 41/41/41 42/42/42
f 43/43/43 35/35/35 38/38/38
f 43/43/43 38/38/38 44/44/44
f 45/45/45 39/39/39 42/42/42
f 45/45/45 42/42/42 46/46/46
f 47/47/47 45/45/45 46/46/46
f 47/47/47 46/46/46 48/48/48
f 49/49/49 43/43/43 44/44/44
f 49/49/49 44/44/44 50/50/50
f 51/51/51 52/52/52 53/53/53
f 51/51/51 53/53/53 54/54/54
f 55/55/55 47/47/47 48/48/48
f 55/55/55 48/48/48 56/56/56
f 57/57/57 51/51/51 54/54/54
f 57/57/57 54/54/54 58/58/58
f 59/59/59 55/55/55 56/56/56
f 59/59/59 56/56/56 60/60/60
f 61/61/61 57/57/57 58/58/58
f 61/61/61 58/58/58 62/62/62
f 63/63/63 59/59/59 60/60/60
f 63/63/63 60/60/60 64/64/64
f 65/65/65 61/61/61 62/62/62
f 65/65/65 62/62/62 66/66/66
f 36/36/36 63/63/63 64/64/64
f 36/36/36 64/64/64 37/37/37
f 40/40/40 65/65/65 66/66/66
f 40/40/40 66/66/66 41/41/41
f 67/67/67 68/68/68 69/69/69
f 67/67/67 69/69/69 70/70/70
f 71/71/71 72/72/72 73/73/73
f 71/71/71 73/73/73 74/74/74
f 75/75/75 67/67/67 70/70/70
f 75/75/75 70/70/70 76/76/76
f 77/77/77 71/71/71 74/74/74
f 77/77/77 74/74/74 78/78/78
f 79/79/79 75/75/75 76/76/76
f 79/79/79 76/76/76 80/80/80
f 81/81/81 77/77/77 78/78/78
f 81/81/81 78/78/78 82/82/82
f 83/83/83 79/79/79 80/80/80
f 83/83/83 80/80/80 84/84/84
f 85/85/85 81/81/81 82/82/82
f 85/85/85 82/82/82 86/86/86
f 87/87/87 88/88/88 89/89/89
f 87/87/87 89/89/89 90/90/90
f 88/88/88 83/83/83 84/84/84
f 88/88/88 84/84/84 89/89/89
f 91/91/91 85/85/85 86/86/86
f 91/91/91 86/86/86 92/92/92
f 93/93/93 87/87/87 90/90/90
f 93/93/93 90/90/90 94/94/94
f 95/95/95 91/91/91 92/92/92
f 95/95/95 92/92/92 96/96/96
f 97/97/97 93/93/93 94/94/94
f 97/97/97 94/94/94 98/98/98
f 68/68/68 95/95/95 96/96/96
f 68/68/68 96/96/96 69/69/69
f 72/72/72 97/97/97 98/98/98
f 72/72/72 98/98/98 73/73/73
f 54/54/54 53/53/53 99/99/99
f 54/54/54 99/99/99 100/100/100
f 56/56/56 48/48/48 101/101/101
f 56/56/56 101/101/101 102/102/102
f 58/58/58 54/54/54 100/100/100
f 58/58/58 100/100/100 103/103/103
f 60/60/60 56/56/56 102/102/102
f 60/60/60 102/102/102 104/104/104
f 62/62/62 58/58/58 103/103/103
f 62/62/62 103/103/103 105/105/105
f 64/64/64 60/60/60 104/104/104
f 64/64/64 104/104/104 106/106/106
f 66/66/66 62/62/62 105/105/105
f 66/66/66 105/105/105 107/107/107
f 37/37/37 64/64/64 106/106/106
f 37/37/37 106/106/106 108/108/108
f 41/41/41 66/66/66 107/107/107
f 41/41/41 107/107/107 109/109/109
f 38/38/38 37/37/37 108/108/108
f 38/38/38 108/108/108 110/110/110
f 42/42/42 41/41/41 109/109/109
f 42/42/42 109/109/109 111/111/111
f 44/44/44 38/38/38 110/110/110
f 44/44/44 110/110/110 112/112/112
f 46/46/46 42/42/42 111/111/111
f 46/46/46 111/111/111 113/113/113
f 53/53/53 50/50/50 114/114/114
f 53/53/53 114/114/114 99/99/99
f 50/50/50 44/44/44 112/112/112
f 50/50/50 112/112/112 114/114/114
f 48/48/48 46/46/46 113/113/113
f 48/48/48 113/113/113 101/101/101
f 111/111/111 109/109/109 7/7/7
f 111/111/111 7/7/7 9/9/9
f 112/112/112 110/110/110 8/8/8
f 112/112/112 8/8/8 10/10/10
f 113/113/113 111/111/111 9/9/9
f 113/113/113 9/9/9 11/11/11
f 99/99/99 114/114/114 13/13/13
f 99/99/99 13/13/13 12/12/12
f 114/114/114 112/112/112 10/10/10
f 114/114/114 10/10/10 13/13/13
f 101/101/101 113/113/113 11/11/11
f 101/101/101 11/11/11 14/14/14
f 100/100/100 99/99/99 12/12/12
f 100/100/100 12/12/12 15/15/15
f 102/102/102 101/101/101 14/14/14
f 102/102/102 14/14/14 16/16/16
f 103/103/103 100/100/100 15/15/15
f 103/103/103 15/15/15 17/17/17
f 104/104/104 102/102/102 16/16/16
f 104/104/104 16/16/16 2/2/2
f 105/105/105 103/103/103 17/17/17
f 105/105/105 17/17/17 5/5/5
f 106/106/106 104/104/104 2/2/2
f 106/106/106 2/2/2 1/1/1
f 107/107/107 105/105/105 5/5/5
f 107/107/107 5/5/5 4/4/4
f 108/108/108 106/106/106 1/1/1
f 108/108/108 1/1/1 6/6/6
f 109/109/109 107/107/107 4/4/4
f 109/109/109 4/4/4 7/7/7
f 110/110/110 108/108/108 6/6/6
f 110/110/110 6/6/6 8/8/8
f 90/90/90 89/89/89 49/49/49
f 90/90/90 49/49/49 52/52/52
f 94/94/94 90/90/90 52/52/52
f 94/94/94 52/52/52 51/51/51
f 98/98/98 94/94/94 51/51/51
f 98/98/98 51/51/51 57/57/57
f 73/73/73 98/98/98 57/57/57
f 73/73/73 57/57/57 61/61/61
f 74/74/74 73/73/73 61/61/61
f 74/74/74 61/61/61 65/65/65
f 78/78/78 74/74/74 65/65/65
f 78/78/78 65/65/65 40/40/40
f 82/82/82 78/78/78 40/40/40
f 82/82/82 40/40/40 39/39/39
f 86/86/86 82/82/82 39/39/39
f 86/86/86 39/39/39 45/45/45
f 92/92/92 86/86/86 45/45/45
f 92/92/92 45/45/45 47/47/47
f 96/96/96 92/92/92 47/47/47
f 96/96/96 47/47/47 55/55/55
f 69/69/69 96/96/96 55/55/55
f 69/69/69 55/55/55 59/59/59
f 70/70/70 69/69/69 59/59/59
f 70/70/70 59/59/59 63/63/63
f 76/76/76 70/70/70 63/63/63
f 76/76/76 63/63/63 36/36/36
f 80/80/80 76/76/76 36/36/36
f 80/80/80 36/36/36 35/35/35
f 84/84/84 80/80/80 35/35/35
f 84/84/84 35/35/35 43/43/43
f 89/89/89 84/84/84 43/43/43
f 89/89/89 43/43/43 49/49/49
f 52/52/52 49/49/49 50/50/50
f 52/52/52 50/50/50 53/53/53
f 115/115/115 116/116/116 117/117/117
f 115/115/115 117/117/117 118/118/118
f 119/119/119 120/120/120 97/97/97
f 119/119/119 97/97/97 72/72/72
f 121/121/121 122/122/122 123/123/123
f 121/121/121 123/123/123 124/124/124
f 125/125/125 126/126/126 95/95/95
f 125/125/125 95/95/95 68/68/68
f 116/116/116 127/127/127 128/128/128
f 116/116/116 128/128/128 117/117/117
f 120/120/120 129/129/129 93/93/93
f 120/120/120 93/93/93 97/97/97
f 122/122/122 130/130/130 131/131/131
f 122/122/122 131/131/131 123/123/123
f 126/126/126 132/132/132 91/91/91
f 126/126/126 91/91/91 95/95/95
f 127/127/127 133/133/133 134/134/134
f 127/127/127 134/134/134 128/128/128
f 129/129/129 135/135/135 87/87/87
f 129/129/129 87/87/87 93/93/93
f 130/130/130 136/136/136 137/137/137
f 130/130/130 137/137/137 131/131/131
f 132/132/132 138/138/138 85/85/85
f 132/132/132 85/85/85 91/91/91
f 139/139/139 140/140/140 141/141/141
f 139/139/139 141/141/141 142/142/142
f 143/143/143 144/144/144 83/83/83
f 143/143/143 83/83/83 88/88/88
f 133/133/133 139/139/139 142/142/142
f 133/133/133 142/142/142 134/134/134
f 135/135/135 143/143/143 88/88/88
f 135/135/135 88/88/88 87/87/87
f 136/136/136 145/145/145 146/146/146
f 136/136/136 146/146/146 137/137/137
f 138/138/138 147/147/147 81/81/81
f 138/138/138 81/81/81 85/85/85
f 140/140/140 148/148/148 149/149/149
f 140/140/140 149/149/149 141/141/141
f 144/144/144 150/150/150 79/79/79
f 144/144/144 79/79/79 83/83/83
f 145/145/145 151/151/151 152/152/152
f 145/145/145 152/152/152 146/146/146
f 147/147/147 153/153/153 77/77/77
f 147/147/147 77/77/77 81/81/81
f 148/148/148 154/154/154 155/155/155
f 148/148/148 155/155/155 149/149/149
f 150/150/150 156/156/156 75/75/75
f 150/150/150 75/75/75 79/79/79
f 151/151/151 157/157/157 158/158/158
f 151/151/151 158/158/158 152/152/152
f 153/153/153 159/159/159 71/71/71
f 153/153/153 71/71/71 77/77/77
f 154/154/154 160/160/160 161/161/161
f 154/154/154 161/161/161 155/155/155
f 156/156/156 162/162/162 67/67/67
f 156/156/156 67/67/67 75/75/75
f 157/157/157 115/115/115 118/118/118
f 157/157/157 118/118/118 158/158/158
f 159/159/159 119/119/119 72/72/72
f 159/159/159 72/72/72 71/71/71
f 160/160/160 121/121/121 124/124/124
f 160/160/160 124/124/124 161/161/161
f 162/162/162 125/125/125 68/68/68
f 162/162/162 68/68/68 67/67/67
f 163/163/163 164/164/164 121/121/121
f 163/163/163 121/121/121 160/160/160
f 165/165/165 166/166/166 115/115/115
f 165/165/165 115/115/115 157/157/157
f 167/167/167 163/163/163 160/160/160
f 167/167/167 160/160/160 154/154/154
f 168/168/168 165/165/165 157/157/157
f 168/168/168 157/157/157 151/151/151
f 169/169/169 167/167/167 154/154/154
f 169/169/169 154/154/154 148/148/148
f 170/170/170 168/168/168 151/151/151
f 170/170/170 151/151/151 145/145/145
f 171/171/171 169/169/169 148/148/148
f 171/171/171 148/148/148 140/140/140
f 172/172/172 170/170/170 145/145/145
f 172/172/172 145/145/145 136/136/136
f 173/173/173 174/174/174 139/139/139
f 173/173/173 139/139/139 133/133/133
f 174/174/174 171/171/171 140/140/140
f 174/174/174 140/140/140 139/139/139
f 175/175/175 172/172/172 136/136/136
f 175/175/175 136/136/136 130/130/130
f 176/176/176 173/173/173 133/133/133
f 176/176/176 133/133/133 127/127/127
f 177/177/177 175/175/175 130/130/130
f 177/177/177 130/130/130 122/122/122
f 178/178/178 176/176/176 127/127/127
f 178/178/178 127/127/127 116/116/116
f 164/164/164 177/177/177 122/122/122
f 164/164/164 122/122/122 121/121/121
f 166/166/166 178/178/178 116/116/116
f 166/166/166 116/116/116 115/115/115
f 161/161/161 124/124/124 179/179/179
f 161/161/161 179/179/179 180/180/180
f 158/158/158 118/118/118 181/181/181
f 158/158/158 181/181/181 182/182/182
f 155/155/155 161/161/161 180/180/180
f 155/155/155 180/180/180 183/183/183
f 152/152/152 158/158/158 182/182/182
f 152/152/152 182/182/182 184/184/184
f 149/149/149 155/155/155 183/183/183
f 149/149/149 183/183/183 185/185/185
f 146/146/146 152/152/152 184/184/184
f 146/146/146 184/184/184 186/186/186
f 141/141/141 149/149/149 185/185/185
f 141/141/141 185/185/185 187/187/187
f 137/137/137 146/146/146 186/186/186
f 137/137/137 186/186/186 188/188/188
f 134/134/134 142/142/142 189/189/189
f 134/134/134 189/189/189 190/190/190
f 142/142/142 141/141/141 187/187/187
f 142/142/142 187/187/187 189/189/189
f 131/131/131 137/137/137 188/188/188
f 131/131/131 188/188/188 191/191/191
f 128/128/128 134/134/134 190/190/190
f 128/128/128 190/190/190 192/192/192
f 123/123/123 131/131/131 191/191/191
f 123/123/123 191/191/191 193/193/193
f 117/117/117 128/128/128 192/192/192
f 117/117/117 192/192/192 194/194/194
f 124/124/124 123/123/123 193/193/193
f 124/124/124 193/193/193 179/179/179
f 118/118/118 117/117/117 194/194/194
f 118/118/118 194/194/194 181/181/181
f 180/180/180 179/179/179 125/125/125
f 180/180/180 125/125/125 162/162/162
f 182/182/182 181/181/181 119/119/119
f 182/182/182 119/119/119 159/159/159
f 183/183/183 180/180/180 162/162/162
f 183/183/183 162/162/162 156/156/156
f 184/184/184 182/182/182 159/159/159
f 184/184/184 159/159/159 153/153/153
f 185/185/185 183/183/183 156/156/156
f 185/185/185 156/156/156 150/150/150
f 186/186/186 184/184/184 153/153/153
f 186/186/186 153/153/153 147/147/147
f 187/187/187 185/185/185 150/150/150
f 187/187/187 150/150/150 144/144/144
f 188/188/188 186/186/186 147/147/147
f 188/188/188 147/147/147 138/138/138
f 190/190/190 189/189/189 143/143/143
f 190/190/190 143/143/143 135/135/135
f 189/189/189 187/187/187 144/144/144
f 189/189/189 144/144/144 143/143/143
f 191/191/191 188/188/188 138/138/138
f 191/191/191 138/138/138 132/132/132
f 192/192/192 190/190/190 135/135/135
f 192/192/192 135/135/135 129/129/129
f 193/193/193 191/191/191 132/132/132
f 193/193/193 132/132/132 126/126/126
f 194/194/194 192/192/192 129/129/129
f 194/194/194 129/129/129 120/120/120
f 179/179/179 193/193/193 126/126/126
f 179/179/179 126/126/126 125/125/125
f 181/181/181 194/194/194 120/120/120
f 181/181/181 120/120/120 119/119/119
f 195/195/195 196/196/196 178/178/178
f 195/195/195 178/178/178 166/166/166
f 197/197/197 198/198/198 177/177/177
f 197/197/197 177/177/177 164/164/164
f 196/196/196 199/199/199 176/176/176
f 196/196/196 176/176/176 178/178/178
f 198/198/198 200/200/200 175/175/175
f 198/198/198 175/175/175 177/177/177
f 199/199/199 201/201/201 173/173/173
f 199/199/199 173/173/173 176/176/176
f 200/200/200 202/202/202 172/172/172
f 200/200/200 172/172/172 175/175/175
f 203/203/203 204/204/204 171/171/171
f 203/203/203 171/171/171 174/174/174
f 201/201/201 203/203/203 174/174/174
f 201/201/201 174/174/174 173/173/173
f 202/202/202 205/205/205 170/170/170
f 202/202/202 170/170/170 172/172/172
f 204/204/204 206/206/206 169/169/169
f 204/204/204 169/169/169 171/171/171
f 205/205/205 207/207/207 168/168/168
f 205/205/205 168/168/168 170/170/170
f 206/206/206 208/208/208 167/167/167
f 206/206/206 167/167/167 169/169/169
f 207/207/207 209/209/209 165/165/165
f 207/207/207 165/165/165 168/168/168
f 208/208/208 210/210/210 163/163/163
f 208/208/208 163/163/163 167/167/167
f 209/209/209 195/195/195 166/166/166
f 209/209/209 166/166/166 165/165/165
f 210/210/210 197/197/197 164/164/164
f 210/210/210 164/164/164 163/163/163
f 211/211/211 212/212/212 213/213/213
f 211/211/211 213/213/213 214/214/214
f 215/215/215 216/216/216 217/217/217
f 215/215/215 217/217/217 218/218/218
f 219/219/219 220/220/220 221/221/221
f 219/219/219 221/221/221 222/222/222
f 223/223/223 224/224/224 225/225/225
f 223/223/223 225/225/225 226/226/226
f 216/216/216 227/227/227 228/228/228
f 216/216/216 228/228/228 217/217/217
f 229/229/229 230/230/230 231/231/231
f 229/229/229 231/231/231 232/232/232
f 233/233/233 234/234/234 235/235/235
f 233/233/233 235/235/235 236/236/236
f 227/227/227 237/237/237 238/238/238
f 227/227/227 238/238/238 228/228/228
f 239/239/239 240/240/240 241/241/241
f 239/239/239 241/241/241 242/242/242
f 220/220/220 243/243/243 244/244/244
f 220/220/220 244/244/244 221/221/221
f 245/245/245 219/219/219 222/222/222
f 245/245/245 222/222/222 246/246/246
f 247/247/247 248/248/248 249/249/249
f 247/247/247 249/249/249 250/250/250
f 251/251/251 211/211/211 214/214/214
f 251/251/251 214/214/214 252/252/252
f 224/224/224 253/253/253 254/254/254
f 224/224/224 254/254/254 225/225/225
f 255/255/255 256/256/256 257/257/257
f 255/255/255 257/257/257 258/258/258
f 234/234/234 245/245/245 246/246/246
f 234/234/234 246/246/246 235/235/235
f 259/259/259 251/251/251 252/252/252
f 259/259/259 252/252/252 260/260/260
f 237/237/237 261/261/261 262/262/262
f 237/237/237 262/262/262 238/238/238
f 261/261/261 263/263/263 264/264/264
f 261/261/261 264/264/264 262/262/262
f 240/240/240 255/255/255 258/258/258
f 240/240/240 258/258/258 241/241/241
f 253/253/253 265/265/265 266/266/266
f 253/253/253 266/266/266 254/254/254
f 267/267/267 239/239/239 242/242/242
f 267/267/267 242/242/242 268/268/268
f 269/269/269 259/259/259 260/260/260
f 269/269/269 260/260/260 270/270/270
f 230/230/230 271/271/271 272/272/272
f 230/230/230 272/272/272 231/231/231
f 263/263/263 273/273/273 274/274/274
f 263/263/263 274/274/274 264/264/264
f 256/256/256 229/229/229 232/232/232
f 256/256/256 232/232/232 257/257/257
f 273/273/273 233/233/233 236/236/236
f 273/273/273 236/236/236 274/274/274
f 248/248/248 215/215/215 218/218/218
f 248/248/248 218/218/218 249/249/249
f 243/243/243 223/223/223 226/226/226
f 243/243/243 226/226/226 244/244/244
f 271/271/271 247/247/247 250/250/250
f 271/271/271 250/250/250 272/272/272
f 265/265/265 269/269/269 270/270/270
f 265/265/265 270/270/270 266/266/266
f 212/212/212 267/267/267 268/268/268
f 212/212/212 268/268/268 213/213/213
f 270/270/270 260/260/260 275/275/275
f 270/270/270 275/275/275 276/276/276
f 231/231/231 272/272/272 277/277/277
f 231/231/231 277/277/277 278/278/278
f 264/264/264 274/274/274 279/279/279
f 264/264/264 279/279/279 280/280/280
f 257/257/257 232/232/232 281/281/281
f 257/257/257 281/281/281 282/282/282
f 274/274/274 236/236/236 283/283/283
f 274/274/274 283/283/283 279/279/279
f 249/249/249 218/218/218 284/284/284
f 249/249/249 284/284/284 285/285/285
f 244/244/244 226/226/226 286/286/286
f 244/244/244 286/286/286 287/287/287
f 272/272/272 250/250/250 288/288/288
f 272/272/272 288/288/288 277/277/277
f 266/266/266 270/270/270 276/276/276
f 266/266/266 276/276/276 289/289/289
f 213/213/213 268/268/268 290/290/290
f 213/213/213 290/290/290 291/291/291
f 214/214/214 213/213/213 291/291/291
f 214/214/214 291/291/291 292/292/292
f 218/218/218 217/217/217 293/293/293
f 218/218/218 293/293/293 284/284/284
f 222/222/222 221/221/221 294/294/294
f 222/222/222 294/294/294 295/295/295
f 226/226/226 225/225/225 296/296/296
f 226/226/226 296/296/296 286/286/286
f 217/217/217 228/228/228 297/297/297
f 217/217/217 297/297/297 293/293/293
f 232/232/232 231/231/231 278/278/278
f 232/232/232 278/278/278 281/281/281
f 236/236/236 235/235/235 298/298/298
f 236/236/236 298/298/298 283/283/283
f 228/228/228 238/238/238 299/299/299
f 228/228/228 299/299/299 297/297/297
f 242/242/242 241/241/241 300/300/300
f 242/242/242 300/300/300 301/301/301
f 221/221/221 244/244/244 287/287/287
f 221/221/221 287/287/287 294/294/294
f 246/246/246 222/222/222 295/295/295
f 246/246/246 295/295/295 302/302/302
f 250/250/250 249/249/249 285/285/285
f 250/250/250 285/285/285 288/288/288
f 252/252/252 214/214/214 292/292/292
f 252/252/252 292/292/292 303/303/303
f 225/225/225 254/254/254 304/304/304
f 225/225/225 304/304/304 296/296/296
f 258/258/258 257/257/257 282/282/282
f 258/258/258 282/282/282 305/305/305
f 235/235/235 246/246/246 302/302/302
f 235/235/235 302/302/302 298/298/298
f 260/260/260 252/252/252 303/303/303
f 260/260/260 303/303/303 275/275/275
f 238/238/238 262/262/262 306/306/306
f 238/238/238 306/306/306 299/299/299
f 262/262/262 264/264/264 280/280/280
f 262/262/262 280/280/280 306/306/306
f 241/241/241 258/258/258 305/305/305
f 241/241/241 305/305/305 300/300/300
f 254/254/254 266/266/266 289/289/289
f 254/254/254 289/289/289 304/304/304
f 268/268/268 242/242/242 301/301/301
f 268/268/268 301/301/301 290/290/290
f 307/307/307 308/308/308 309/309/309
f 307/307/307 309/309/309 310/310/310
f 311/311/311 312/312/312 313/313/313
f 311/311/311 313/313/313 314/314/314
f 315/315/315 316/316/316 317/317/317
f 315/315/315 317/317/317 318/318/318
f 319/319/319 320/320/320 321/321/321
f 319/319/319 321/321/321 322/322/322
f 323/323/323 319/319/319 322/322/322
f 323/323/323 322/322/322 324/324/324
f 325/325/325 326/326/326 327/327/327
f 325/325/325 327/327/327 328/328/328
f 329/329/329 330/330/330 331/331/331
f 329/329/329 331/331/331 332/332/332
f 308/308/308 333/333/333 334/334/334
f 308/308/308 334/334/334 309/309/309
f 326/326/326 335/335/335 336/336/336
f 326/326/326 336/336/336 327/327/327
f 337/337/337 338/338/338 339/339/339
f 337/337/337 339/339/339 340/340/340
f 341/341/341 342/342/342 343/343/343
f 341/341/341 343/343/343 344/344/344
f 335/335/335 345/345/345 346/346/346
f 335/335/335 346/346/346 336/336/336
f 347/347/347 348/348/348 349/349/349
f 347/347/347 349/349/349 350/350/350
f 330/330/330 307/307/307 310/310/310
f 330/330/330 310/310/310 331/331/331
f 351/351/351 329/329/329 332/332/332
f 351/351/351 332/332/332 352/352/352
f 312/312/312 353/353/353 354/354/354
f 312/312/312 354/354/354 313/313/313
f 355/355/355 323/323/323 324/324/324
f 355/355/355 324/324/324 356/356/356
f 333/333/333 357/357/357 358/358/358
f 333/333/333 358/358/358 334/334/334
f 359/359/359 360/360/360 361/361/361
f 359/359/359 361/361/361 362/362/362
f 342/342/342 351/351/351 352/352/352
f 342/342/342 352/352/352 343/343/343
f 363/363/363 355/355/355 356/356/356
f 363/363/363 356/356/356 364/364/364
f 345/345/345 365/365/365 366/366/366
f 345/345/345 366/366/366 346/346/346
f 365/365/365 367/367/367 368/368/368
f 365/365/365 368/368/368 366/366/366
f 348/348/348 359/359/359 362/362/362
f 348/348/348 362/362/362 349/349/349
f 357/357/357 315/315/315 318/318/318
f 357/357/357 318/318/318 358/358/358
f 320/320/320 347/347/347 350/350/350
f 320/320/320 350/350/350 321/321/321
f 316/316/316 363/363/363 364/364/364
f 316/316/316 364/364/364 317/317/317
f 338/338/338 311/311/311 314/314/314
f 338/338/338 314/314/314 339/339/339
f 367/367/367 369/369/369 370/370/370
f 367/367/367 370/370/370 368/368/368
f 360/360/360 337/337/337 340/340/340
f 360/360/360 340/340/340 361/361/361
f 369/369/369 341/341/341 344/344/344
f 369/369/369 344/344/344 370/370/370
f 353/353/353 325/325/325 328/328/328
f 353/353/353 328/328/328 354/354/354
f 212/212/212 211/211/211 371/371/371
f 212/212/212 371/371/371 372/372/372
f 216/216/216 215/215/215 373/373/373
f 216/216/216 373/373/373 374/374/374
f 220/220/220 219/219/219 375/375/375
f 220/220/220 375/375/375 376/376/376
f 224/224/224 223/223/223 377/377/377
f 224/224/224 377/377/377 378/378/378
f 227/227/227 216/216/216 374/374/374
f 227/227/227 374/374/374 379/379/379
f 230/230/230 229/229/229 380/380/380
f 230/230/230 380/380/380 381/381/381
f 234/234/234 233/233/233 382/382/382
f 234/234/234 382/382/382 383/383/383
f 237/237/237 227/227/227 379/379/379
f 237/237/237 379/379/379 384/384/384
f 240/240/240 239/239/239 385/385/385
f 240/240/240 385/385/385 386/386/386
f 243/243/243 220/220/220 376/376/376
f 243/243/243 376/376/376 387/387/387
f 219/219/219 245/245/245 388/388/388
f 219/219/219 388/388/388 375/375/375
f 248/248/248 247/247/247 389/389/389
f 248/248/248 389/389/389 390/390/390
f 211/211/211 251/251/251 391/391/391
f 211/211/211 391/391/391 371/371/371
f 253/253/253 224/224/224 378/378/378
f 253/253/253 378/378/378 392/392/392
f 256/256/256 255/255/255 393/393/393
f 256/256/256 393/393/393 394/394/394
f 245/245/245 234/234/234 383/383/383
f 245/245/245 383/383/383 388/388/388
f 251/251/251 259/259/259 395/395/395
f 251/251/251 395/395/395 391/391/391
f 261/261/261 237/237/237 384/384/384
f 261/261/261 384/384/384 396/396/396
f 263/263/263 261/261/261 396/396/396
f 263/263/263 396/396/396 397/397/397
f 255/255/255 240/240/240 386/386/386
f 255/255/255 386/386/386 393/393/393
f 265/265/265 253/253/253 392/392/392
f 265/265/265 392/392/392 398/398/398
f 239/239/239 267/267/267 399/399/399
f 239/239/239 399/399/399 385/385/385
f 259/259/259 269/269/269 400/400/400
f 259/259/259 400/400/400 395/395/395
f 271/271/271 230/230/230 381/381/381
f 271/271/271 381/381/381 401/401/401
f 273/273/273 263/263/263 397/397/397
f 273/273/273 397/397/397 402/402/402
f 229/229/229 256/256/256 394/394/394
f 229/229/229 394/394/394 380/380/380
f 233/233/233 273/273/273 402/402/402
f 233/233/233 402/402/402 382/382/382
f 215/215/215 248/248/248 390/390/390
f 215/215/215 390/390/390 373/373/373
f 223/223/223 243/243/243 387/387/387
f 223/223/223 387/387/387 377/377/377
f 247/247/247 271/271/271 401/401/401
f 247/247/247 401/401/401 389/389/389
f 269/269/269 265/265/265 398/398/398
f 269/269/269 398/398/398 400/400/400
f 267/267/267 212/212/212 372/372/372
f 267/267/267 372/372/372 399/399/399
f 403/403/403 404/404/404 405/405/405
f 403/403/403 405/405/405 406/406/406
f 407/407/407 408/408/408 409/409/409
f 407/407/407 409/409/409 410/410/410
f 411/411/411 412/412/412 413/413/413
f 411/411/411 413/413/413 414/414/414
f 415/415/415 416/416/416 417/417/417
f 415/415/415 417/417/417 418/418/418
f 419/419/419 420/420/420 421/421/421
f 419/419/419 421/421/421 422/422/422
f 423/423/423 424/424/424 425/425/425
f 423/423/423 425/425/425 426/426/426
f 427/427/427 428/428/428 429/429/429
f 427/427/427 429/429/429 430/430/430
f 431/431/431 432/432/432 433/433/433
f 431/431/431 433/433/433 434/434/434
f 435/435/435 436/436/436 437/437/437
f 435/435/435 437/437/437 438/438/438
f 439/439/439 440/440/440 441/441/441
f 439/439/439 441/441/441 442/442/442
f 443/443/443 444/444/444 445/445/445
f 443/443/443 445/445/445 446/446/446
f 447/447/447 448/448/448 449/449/449
f 447/447/447 449/449/449 450/450/450
f 451/451/451 452/452/452 453/453/453
f 451/451/451 453/453/453 454/454/454
f 455/455/455 456/456/456 457/457/457
f 455/455/455 457/457/457 458/458/458
f 459/459/459 460/460/460 461/461/461
f 459/459/459 461/461/461 462/462/462
f 463/463/463 464/464/464 465/465/465
f 463/463/463 465/465/465 466/466/466
f 467/467/467 468/468/468 469/469/469
f 467/467/467 469/469/469 470/470/470
f 471/471/471 472/472/472 473/473/473
f 471/471/471 473/473/473 474/474/474
f 475/475/475 476/476/476 477/477/477
f 475/475/475 477/477/477 478/478/478
f 479/479/479 480/480/480 481/481/481
f 479/479/479 481/481/481 482/482/482
f 483/483/483 484/484/484 485/485/485
f 483/483/483 485/485/485 486/486/486
f 487/487/487 488/488/488 489/489/489
f 487/487/487 489/489/489 490/490/490
f 491/491/491 492/492/492 493/493/493
f 491/491/491 493/493/493 494/494/494
f 495/495/495 496/496/496 497/497/497
f 495/495/495 497/497/497 498/498/498
f 499/499/499 500/500/500 501/501/501
f 499/499/499 501/501/501 502/502/502
f 503/503/503 504/504/504 505/505/505
f 503/503/503 505/505/505 506/506/506
f 507/507/507 508/508/508 509/509/509
f 507/507/507 509/509/509 510/510/510
f 511/511/511 512/512/512 513/513/513
f 511/511/511 513/513/513 514/514/514
f 515/515/515 516/516/516 517/517/517
f 515/515/515 517/517/517 518/518/518
f 519/519/519 520/520/520 521/521/521
f 519/519/519 521/521/521 522/522/522
f 523/523/523 524/524/524 525/525/525
f 523/523/523 525/525/525 526/526/526
f 527/527/527 528/528/528 529/529/529
f 527/527/527 529/529/529 530/530/530
f 285/285/285 284/284/284 325/325/325
f 285/285/285 325/325/325 353/353/353
f 279/279/279 283/283/283 341/341/341
f 279/279/279 341/341/341 369/369/369
f 282/282/282 281/281/281 337/337/337
f 282/282/282 337/337/337 360/360/360
f 280/280/280 279/279/279 369/369/369
f 280/280/280 369/369/369 367/367/367
f 278/278/278 277/277/277 311/311/311
f 278/278/278 311/311/311 338/338/338
f 276/276/276 275/275/275 363/363/363
f 276/276/276 363/363/363 316/316/316
f 290/290/290 301/301/301 347/347/347
f 290/290/290 347/347/347 320/320/320
f 304/304/304 289/289/289 315/315/315
f 304/304/304 315/315/315 357/357/357
f 300/300/300 305/305/305 359/359/359
f 300/300/300 359/359/359 348/348/348
f 306/306/306 280/280/280 367/367/367
f 306/306/306 367/367/367 365/365/365
f 299/299/299 306/306/306 365/365/365
f 299/299/299 365/365/365 345/345/345
f 275/275/275 303/303/303 355/355/355
f 275/275/275 355/355/355 363/363/363
f 298/298/298 302/302/302 351/351/351
f 298/298/298 351/351/351 342/342/342
f 305/305/305 282/282/282 360/360/360
f 305/305/305 360/360/360 359/359/359
f 296/296/296 304/304/304 357/357/357
f 296/296/296 357/357/357 333/333/333
f 303/303/303 292/292/292 323/323/323
f 303/303/303 323/323/323 355/355/355
f 288/288/288 285/285/285 353/353/353
f 288/288/288 353/353/353 312/312/312
f 302/302/302 295/295/295 329/329/329
f 302/302/302 329/329/329 351/351/351
f 294/294/294 287/287/287 307/307/307
f 294/294/294 307/307/307 330/330/330
f 301/301/301 300/300/300 348/348/348
f 301/301/301 348/348/348 347/347/347
f 297/297/297 299/299/299 345/345/345
f 297/297/297 345/345/345 335/335/335
f 283/283/283 298/298/298 342/342/342
f 283/283/283 342/342/342 341/341/341
f 281/281/281 278/278/278 338/338/338
f 281/281/281 338/338/338 337/337/337
f 293/293/293 297/297/297 335/335/335
f 293/293/293 335/335/335 326/326/326
f 286/286/286 296/296/296 333/333/333
f 286/286/286 333/333/333 308/308/308
f 295/295/295 294/294/294 330/330/330
f 295/295/295 330/330/330 329/329/329
f 284/284/284 293/293/293 326/326/326
f 284/284/284 326/326/326 325/325/325
f 292/292/292 291/291/291 319/319/319
f 292/292/292 319/319/319 323/323/323
f 291/291/291 290/290/290 320/320/320
f 291/291/291 320/320/320 319/319/319
f 289/289/289 276/276/276 316/316/316
f 289/289/289 316/316/316 315/315/315
f 277/277/277 288/288/288 312/312/312
f 277/277/277 312/312/312 311/311/311
f 287/287/287 286/286/286 308/308/308
f 287/287/287 308/308/308 307/307/307
f 332/332/332 331/331/331 531/531/531
f 332/332/332 531/531/531 532/532/532
f 328/328/328 327/327/327 533/533/533
f 328/328/328 533/533/533 534/534/534
f 324/324/324 322/322/322 535/535/535
f 324/324/324 535/535/535 536/536/536
f 322/322/322 321/321/321 537/537/537
f 322/322/322 537/537/537 535/535/535
f 318/318/318 317/317/317 538/538/538
f 318/318/318 538/538/538 539/539/539
f 314/314/314 313/313/313 540/540/540
f 314/314/314 540/540/540 541/541/541
f 310/310/310 309/309/309 542/542/542
f 310/310/310 542/542/542 543/543/543
f 354/354/354 328/328/328 534/534/534
f 354/354/354 534/534/534 544/544/544
f 370/370/370 344/344/344 545/545/545
f 370/370/370 545/545/545 546/546/546
f 361/361/361 340/340/340 547/547/547
f 361/361/361 547/547/547 548/548/548
f 368/368/368 370/370/370 546/546/546
f 368/368/368 546/546/546 549/549/549
f 339/339/339 314/314/314 541/541/541
f 339/339/339 541/541/541 550/550/550
f 317/317/317 364/364/364 551/551/551
f 317/317/317 551/551/551 538/538/538
f 321/321/321 350/350/350 552/552/552
f 321/321/321 552/552/552 537/537/537
f 358/358/358 318/318/318 539/539/539
f 358/358/358 539/539/539 553/553/553
f 349/349/349 362/362/362 554/554/554
f 349/349/349 554/554/554 555/555/555
f 366/366/366 368/368/368 549/549/549
f 366/366/366 549/549/549 556/556/556
f 346/346/346 366/366/366 556/556/556
f 346/346/346 556/556/556 557/557/557
f 364/364/364 356/356/356 558/558/558
f 364/364/364 558/558/558 551/551/551
f 343/343/343 352/352/352 559/559/559
f 343/343/343 559/559/559 560/560/560
f 362/362/362 361/361/361 548/548/548
f 362/362/362 548/548/548 554/554/554
f 334/334/334 358/358/358 553/553/553
f 334/334/334 553/553/553 561/561/561
f 356/356/356 324/324/324 536/536/536
f 356/356/356 536/536/536 558/558/558
f 313/313/313 354/354/354 544/544/544
f 313/313/313 544/544/544 540/540/540
f 352/352/352 332/332/332 532/532/532
f 352/352/352 532/532/532 559/559/559
f 331/331/331 310/310/310 543/543/543
f 331/331/331 543/543/543 531/531/531
f 350/350/350 349/349/349 555/555/555
f 350/350/350 555/555/555 552/552/552
f 336/336/336 346/346/346 557/557/557
f 336/336/336 557/557/557 562/562/562
f 344/344/344 343/343/343 560/560/560
f 344/344/344 560/560/560 545/545/545
f 340/340/340 339/339/339 550/550/550
f 340/340/340 550/550/550 547/547/547
f 327/327/327 336/336/336 562/562/562
f 327/327/327 562/562/562 533/533/533
f 309/309/309 334/334/334 561/561/561
f 309/309/309 561/561/561 542/542/542
f 524/524/524 527/527/527 530/530/530
f 524/524/524 530/530/530 525/525/525
f 563/563/563 564/564/564 527/527/527
f 563/563/563 527/527/527 524/524/524
f 564/564/564 565/565/565 528/528/528
f 564/564/564 528/528/528 527/527/527
f 484/484/484 523/523/523 526/526/526
f 484/484/484 526/526/526 485/485/485
f 566/566/566 567/567/567 523/523/523
f 566/566/566 523/523/523 484/484/484
f 567/567/567 563/563/563 524/524/524
f 567/567/567 524/524/524 523/523/523
f 416/416/416 519/519/519 522/522/522
f 416/416/416 522/522/522 417/417/417
f 568/568/568 569/569/569 519/519/519
f 568/568/568 519/519/519 416/416/416
f 569/569/569 570/570/570 520/520/520
f 569/569/569 520/520/520 519/519/519
f 480/480/480 515/515/515 518/518/518
f 480/480/480 518/518/518 481/481/481
f 571/571/571 572/572/572 515/515/515
f 571/571/571 515/515/515 480/480/480
f 572/572/572 573/573/573 516/516/516
f 572/572/572 516/516/516 515/515/515
f 404/404/404 511/511/511 514/514/514
f 404/404/404 514/514/514 405/405/405
f 574/574/574 575/575/575 511/511/511
f 574/574/574 511/511/511 404/404/404
f 575/575/575 576/576/576 512/512/512
f 575/575/575 512/512/512 511/511/511
f 468/468/468 507/507/507 510/510/510
f 468/468/468 510/510/510 469/469/469
f 577/577/577 578/578/578 507/507/507
f 577/577/577 507/507/507 468/468/468
f 578/578/578 579/579/579 508/508/508
f 578/578/578 508/508/508 507/507/507
f 520/520/520 503/503/503 506/506/506
f 520/520/520 506/506/506 521/521/521
f 570/570/570 580/580/580 503/503/503
f 570/570/570 503/503/503 520/520/520
f 580/580/580 581/581/581 504/504/504
f 580/580/580 504/504/504 503/503/503
f 444/444/444 499/499/499 502/502/502
f 444/444/444 502/502/502 445/445/445
f 582/582/582 583/583/583 499/499/499
f 582/582/582 499/499/499 444/444/444
f 583/583/583 584/584/584 500/500/500
f 583/583/583 500/500/500 499/499/499
f 516/516/516 495/495/495 498/498/498
f 516/516/516 498/498/498 517/517/517
f 573/573/573 585/585/585 495/495/495
f 573/573/573 495/495/495 516/516/516
f 585/585/585 586/586/586 496/496/496
f 585/585/585 496/496/496 495/495/495
f 464/464/464 491/491/491 494/494/494
f 464/464/464 494/494/494 465/465/465
f 587/587/587 588/588/588 491/491/491
f 587/587/587 491/491/491 464/464/464
f 588/588/588 589/589/589 492/492/492
f 588/588/588 492/492/492 491/491/491
f 412/412/412 487/487/487 490/490/490
f 412/412/412 490/490/490 413/413/413
f 590/590/590 591/591/591 487/487/487
f 590/590/590 487/487/487 412/412/412
f 591/591/591 592/592/592 488/488/488
f 591/591/591 488/488/488 487/487/487
f 472/472/472 483/483/483 486/486/486
f 472/472/472 486/486/486 473/473/473
f 593/593/593 594/594/594 483/483/483
f 593/593/593 483/483/483 472/472/472
f 594/594/594 566/566/566 484/484/484
f 594/594/594 484/484/484 483/483/483
f 432/432/432 479/479/479 482/482/482
f 432/432/432 482/482/482 433/433/433
f 595/595/595 596/596/596 479/479/479
f 595/595/595 479/479/479 432/432/432
f 596/596/596 571/571/571 480/480/480
f 596/596/596 480/480/480 479/479/479
f 428/428/428 475/475/475 478/478/478
f 428/428/428 478/478/478 429/429/429
f 597/597/597 598/598/598 475/475/475
f 597/597/597 475/475/475 428/428/428
f 598/598/598 599/599/599 476/476/476
f 598/598/598 476/476/476 475/475/475
f 460/460/460 471/471/471 474/474/474
f 460/460/460 474/474/474 461/461/461
f 600/600/600 601/601/601 471/471/471
f 600/600/600 471/471/471 460/460/460
f 601/601/601 593/593/593 472/472/472
f 601/601/601 472/472/472 471/471/471
f 440/440/440 467/467/467 470/470/470
f 440/440/440 470/470/470 441/441/441
f 602/602/602 603/603/603 467/467/467
f 602/602/602 467/467/467 440/440/440
f 603/603/603 577/577/577 468/468/468
f 603/603/603 468/468/468 467/467/467
f 496/496/496 463/463/463 466/466/466
f 496/496/496 466/466/466 497/497/497
f 586/586/586 604/604/604 463/463/463
f 586/586/586 463/463/463 496/496/496
f 604/604/604 587/587/587 464/464/464
f 604/604/604 464/464/464 463/463/463
f 436/436/436 459/459/459 462/462/462
f 436/436/436 462/462/462 437/437/437
f 605/605/605 606/606/606 459/459/459
f 605/605/605 459/459/459 436/436/436
f 606/606/606 600/600/600 460/460/460
f 606/606/606 460/460/460 459/459/459
f 504/504/504 455/455/455 458/458/458
f 504/504/504 458/458/458 505/505/505
f 581/581/581 607/607/607 455/455/455
f 581/581/581 455/455/455 504/504/504
f 607/607/607 608/608/608 456/456/456
f 607/607/607 456/456/456 455/455/455
f 456/456/456 451/451/451 454/454/454
f 456/456/456 454/454/454 457/457/457
f 608/608/608 609/609/609 451/451/451
f 608/608/608 451/451/451 456/456/456
f 609/609/609 610/610/610 452/452/452
f 609/609/609 452/452/452 451/451/451
f 408/408/408 447/447/447 450/450/450
f 408/408/408 450/450/450 409/409/409
f 611/611/611 612/612/612 447/447/447
f 611/611/611 447/447/447 408/408/408
f 612/612/612 613/613/613 448/448/448
f 612/612/612 448/448/448 447/447/447
f 420/420/420 443/443/443 446/446/446
f 420/420/420 446/446/446 421/421/421
f 614/614/614 615/615/615 443/443/443
f 614/614/614 443/443/443 420/420/420
f 615/615/615 582/582/582 444/444/444
f 615/615/615 444/444/444 443/443/443
f 492/492/492 439/439/439 442/442/442
f 492/492/492 442/442/442 493/493/493
f 589/589/589 616/616/616 439/439/439
f 589/589/589 439/439/439 492/492/492
f 616/616/616 602/602/602 440/440/440
f 616/616/616 440/440/440 439/439/439
f 500/500/500 435/435/435 438/438/438
f 500/500/500 438/438/438 501/501/501
f 584/584/584 617/617/617 435/435/435
f 584/584/584 435/435/435 500/500/500
f 617/617/617 605/605/605 436/436/436
f 617/617/617 436/436/436 435/435/435
f 424/424/424 431/431/431 434/434/434
f 424/424/424 434/434/434 425/425/425
f 618/618/618 619/619/619 431/431/431
f 618/618/618 431/431/431 424/424/424
f 619/619/619 595/595/595 432/432/432
f 619/619/619 432/432/432 431/431/431
f 512/512/512 427/427/427 430/430/430
f 512/512/512 430/430/430 513/513/513
f 576/576/576 620/620/620 427/427/427
f 576/576/576 427/427/427 512/512/512
f 620/620/620 597/597/597 428/428/428
f 620/620/620 428/428/428 427/427/427
f 528/528/528 423/423/423 426/426/426
f 528/528/528 426/426/426 529/529/529
f 565/565/565 621/621/621 423/423/423
f 565/565/565 423/423/423 528/528/528
f 621/621/621 618/618/618 424/424/424
f 621/621/621 424/424/424 423/423/423
f 476/476/476 419/419/419 422/422/422
f 476/476/476 422/422/422 477/477/477
f 599/599/599 622/622/622 419/419/419
f 599/599/599 419/419/419 476/476/476
f 622/622/622 614/614/614 420/420/420
f 622/622/622 420/420/420 419/419/419
f 448/448/448 415/415/415 418/418/418
f 448/448/448 418/418/418 449/449/449
f 613/613/613 623/623/623 415/415/415
f 613/613/613 415/415/415 448/448/448
f 623/623/623 568/568/568 416/416/416
f 623/623/623 416/416/416 415/415/415
f 452/452/452 411/411/411 414/414/414
f 452/452/452 414/414/414 453/453/453
f 610/610/610 624/624/624 411/411/411
f 610/610/610 411/411/411 452/452/452
f 624/624/624 590/590/590 412/412/412
f 624/624/624 412/412/412 411/411/411
f 508/508/508 407/407/407 410/410/410
f 508/508/508 410/410/410 509/509/509
f 579/579/579 625/625/625 407/407/407
f 579/579/579 407/407/407 508/508/508
f 625/625/625 611/611/611 408/408/408
f 625/625/625 408/408/408 407/407/407
f 488/488/488 403/403/403 406/406/406
f 488/488/488 406/406/406 489/489/489
f 592/592/592 626/626/626 403/403/403
f 592/592/592 403/403/403 488/488/488
f 626/626/626 574/574/574 404/404/404
f 626/626/626 404/404/404 403/403/403
f 627/627/627 628/628/628 629/629/629
f 627/627/627 629/629/629 630/630/630
f 631/631/631 632/632/632 633/633/633
f 631/631/631 633/633/633 634/634/634
f 635/635/635 636/636/636 628/628/628
f 635/635/635 628/628/628 627/627/627
f 637/637/637 638/638/638 632/632/632
f 637/637/637 632/632/632 631/631/631
f 639/639/639 640/640/640 638/638/638
f 639/639/639 638/638/638 637/637/637
f 641/641/641 642/642/642 636/636/636
f 641/641/641 636/636/636 635/635/635
f 643/643/643 644/644/644 645/645/645
f 643/643/643 645/645/645 646/646/646
f 647/647/647 648/648/648 640/640/640
f 647/647/647 640/640/640 639/639/639
f 649/649/649 650/650/650 644/644/644
f 649/649/649 644/644/644 643/643/643
f 651/651/651 652/652/652 648/648/648
f 651/651/651 648/648/648 647/647/647
f 653/653/653 654/654/654 650/650/650
f 653/653/653 650/650/650 649/649/649
f 655/655/655 656/656/656 652/652/652
f 655/655/655 652/652/652 651/651/651
f 657/657/657 658/658/658 654/654/654
f 657/657/657 654/654/654 653/653/653
f 630/630/630 629/629/629 656/656/656
f 630/630/630 656/656/656 655/655/655
f 634/634/634 633/633/633 658/658/658
f 634/634/634 658/658/658 657/657/657
f 659/659/659 660/660/660 661/661/661
f 659/659/659 661/661/661 662/662/662
f 663/663/663 664/664/664 665/665/665
f 663/663/663 665/665/665 666/666/666
f 667/667/667 668/668/668 660/660/660
f 667/667/667 660/660/660 659/659/659
f 669/669/669 670/670/670 664/664/664
f 669/669/669 664/664/664 663/663/663
f 671/671/671 672/672/672 668/668/668
f 671/671/671 668/668/668 667/667/667
f 673/673/673 674/674/674 670/670/670
f 673/673/673 670/670/670 669/669/669
f 675/675/675 676/676/676 672/672/672
f 675/675/675 672/672/672 671/671/671
f 677/677/677 678/678/678 674/674/674
f 677/677/677 674/674/674 673/673/673
f 679/679/679 680/680/680 681/681/681
f 679/679/679 681/681/681 682/682/682
f 682/682/682 681/681/681 676/676/676
f 682/682/682 676/676/676 675/675/675
f 683/683/683 684/684/684 678/678/678
f 683/683/683 678/678/678 677/677/677
f 685/685/685 686/686/686 680/680/680
f 685/685/685 680/680/680 679/679/679
f 687/687/687 688/688/688 684/684/684
f 687/687/687 684/684/684 683/683/683
f 689/689/689 690/690/690 686/686/686
f 689/689/689 686/686/686 685/685/685
f 662/662/662 661/661/661 688/688/688
f 662/662/662 688/688/688 687/687/687
f 666/666/666 665/665/665 690/690/690
f 666/666/666 690/690/690 689/689/689
f 644/644/644 691/691/691 692/692/692
f 644/644/644 692/692/692 645/645/645
f 648/648/648 693/693/693 694/694/694
f 648/648/648 694/694/694 640/640/640
f 650/650/650 695/695/695 691/691/691
f 650/650/650 691/691/691 644/644/644
f 652/652/652 696/696/696 693/693/693
f 652/652/652 693/693/693 648/648/648
f 654/654/654 697/697/697 695/695/695
f 654/654/654 695/695/695 650/650/650
f 656/656/656 698/698/698 696/696/696
f 656/656/656 696/696/696 652/652/652
f 658/658/658 699/699/699 697/697/697
f 658/658/658 697/697/697 654/654/654
f 629/629/629 700/700/700 698/698/698
f 629/629/629 698/698/698 656/656/656
f 633/633/633 701/701/701 699/699/699
f 633/633/633 699/699/699 658/658/658
f 628/628/628 702/702/702 700/700/700
f 628/628/628 700/700/700 629/629/629
f 632/632/632 703/703/703 701/701/701
f 632/632/632 701/701/701 633/633/633
f 636/636/636 704/704/704 702/702/702
f 636/636/636 702/702/702 628/628/628
f 638/638/638 705/705/705 703/703/703
f 638/638/638 703/703/703 632/632/632
f 645/645/645 692/692/692 706/706/706
f 645/645/645 706/706/706 642/642/642
f 642/642/642 706/706/706 704/704/704
f 642/642/642 704/704/704 636/636/636
f 640/640/640 694/694/694 705/705/705
f 640/640/640 705/705/705 638/638/638
f 703/703/703 26/26/26 24/24/24
f 703/703/703 24/24/24 701/701/701
f 704/704/704 27/27/27 25/25/25
f 704/704/704 25/25/25 702/702/702
f 705/705/705 28/28/28 26/26/26
f 705/705/705 26/26/26 703/703/703
f 692/692/692 29/29/29 30/30/30
f 692/692/692 30/30/30 706/706/706
f 706/706/706 30/30/30 27/27/27
f 706/706/706 27/27/27 704/704/704
f 694/694/694 31/31/31 28/28/28
f 694/694/694 28/28/28 705/705/705
f 691/691/691 32/32/32 29/29/29
f 691/691/691 29/29/29 692/692/692
f 693/693/693 33/33/33 31/31/31
f 693/693/693 31/31/31 694/694/694
f 695/695/695 34/34/34 32/32/32
f 695/695/695 32/32/32 691/691/691
f 696/696/696 20/20/20 33/33/33
f 696/696/696 33/33/33 693/693/693
f 697/697/697 22/22/22 34/34/34
f 697/697/697 34/34/34 695/695/695
f 698/698/698 18/18/18 20/20/20
f 698/698/698 20/20/20 696/696/696
f 699/699/699 21/21/21 22/22/22
f 699/699/699 22/22/22 697/697/697
f 700/700/700 23/23/23 18/18/18
f 700/700/700 18/18/18 698/698/698
f 701/701/701 24/24/24 21/21/21
f 701/701/701 21/21/21 699/699/699
f 702/702/702 25/25/25 23/23/23
f 702/702/702 23/23/23 700/700/700
f 680/680/680 646/646/646 641/641/641
f 680/680/680 641/641/641 681/681/681
f 686/686/686 643/643/643 646/646/646
f 686/686/686 646/646/646 680/680/680
f 690/690/690 649/649/649 643/643/643
f 690/690/690 643/643/643 686/686/686
f 665/665/665 653/653/653 649/649/649
f 665/665/665 649/649/649 690/690/690
f 664/664/664 657/657/657 653/653/653
f 664/664/664 653/653/653 665/665/665
f 670/670/670 634/634/634 657/657/657
f 670/670/670 657/657/657 664/664/664
f 674/674/674 631/631/631 634/634/634
f 674/674/674 634/634/634 670/670/670
f 678/678/678 637/637/637 631/631/631
f 678/678/678 631/631/631 674/674/674
f 684/684/684 639/639/639 637/637/637
f 684/684/684 637/637/637 678/678/678
f 688/688/688 647/647/647 639/639/639
f 688/688/688 639/639/639 684/684/684
f 661/661/661 651/651/651 647/647/647
f 661/661/661 647/647/647 688/688/688
f 660/660/660 655/655/655 651/651/651
f 660/660/660 651/651/651 661/661/661
f 668/668/668 630/630/630 655/655/655
f 668/668/668 655/655/655 660/660/660
f 672/672/672 627/627/627 630/630/630
f 672/672/672 630/630/630 668/668/668
f 676/676/676 635/635/635 627/627/627
f 676/676/676 627/627/627 672/672/672
f 681/681/681 641/641/641 635/635/635
f 681/681/681 635/635/635 676/676/676
f 646/646/646 645/645/645 642/642/642
f 646/646/646 642/642/642 641/641/641
f 707/707/707 708/708/708 709/709/709
f 707/707/707 709/709/709 710/710/710
f 711/711/711 666/666/666 689/689/689
f 711/711/711 689/689/689 712/712/712
f 713/713/713 714/714/714 715/715/715
f 713/713/713 715/715/715 716/716/716
f 717/717/717 662/662/662 687/687/687
f 717/717/717 687/687/687 718/718/718
f 710/710/710 709/709/709 719/719/719
f 710/710/710 719/719/719 720/720/720
f 712/712/712 689/689/689 685/685/685
f 712/712/712 685/685/685 721/721/721
f 716/716/716 715/715/715 722/722/722
f 716/716/716 722/722/722 723/723/723
f 718/718/718 687/687/687 683/683/683
f 718/718/718 683/683/683 724/724/724
f 720/720/720 719/719/719 725/725/725
f 720/720/720 725/725/725 726/726/726
f 721/721/721 685/685/685 679/679/679
f 721/721/721 679/679/679 727/727/727
f 723/723/723 722/722/722 728/728/728
f 723/723/723 728/728/728 729/729/729
f 724/724/724 683/683/683 677/677/677
f 724/724/724 677/677/677 730/730/730
f 731/731/731 732/732/732 733/733/733
f 731/731/731 733/733/733 734/734/734
f 735/735/735 682/682/682 675/675/675
f 735/735/735 675/675/675 736/736/736
f 726/726/726 725/725/725 732/732/732
f 726/726/726 732/732/732 731/731/731
f 727/727/727 679/679/679 682/682/682
f 727/727/727 682/682/682 735/735/735
f 729/729/729 728/728/728 737/737/737
f 729/729/729 737/737/737 738/738/738
f 730/730/730 677/677/677 673/673/673
f 730/730/730 673/673/673 739/739/739
f 734/734/734 733/733/733 740/740/740
f 734/734/734 740/740/740 741/741/741
f 736/736/736 675/675/675 671/671/671
f 736/736/736 671/671/671 742/742/742
f 738/738/738 737/737/737 743/743/743
f 738/738/738 743/743/743 744/744/744
f 739/739/739 673/673/673 669/669/669
f 739/739/739 669/669/669 745/745/745
f 741/741/741 740/740/740 746/746/746
f 741/741/741 746/746/746 747/747/747
f 742/742/742 671/671/671 667/667/667
f 742/742/742 667/667/667 748/748/748
f 744/744/744 743/743/743 749/749/749
f 744/744/744 749/749/749 750/750/750
f 745/745/745 669/669/669 663/663/663
f 745/745/745 663/663/663 751/751/751
f 747/747/747 746/746/746 752/752/752
f 747/747/747 752/752/752 753/753/753
f 748/748/748 667/667/667 659/659/659
f 748/748/748 659/659/659 754/754/754
f 750/750/750 749/749/749 708/708/708
f 750/750/750 708/708/708 707/707/707
f 751/751/751 663/663/663 666/666/666
f 751/751/751 666/666/666 711/711/711
f 753/753/753 752/752/752 714/714/714
f 753/753/753 714/714/714 713/713/713
f 754/754/754 659/659/659 662/662/662
f 754/754/754 662/662/662 717/717/717
f 755/755/755 753/753/753 713/713/713
f 755/755/755 713/713/713 756/756/756
f 757/757/757 750/750/750 707/707/707
f 757/757/757 707/707/707 758/758/758
f 759/759/759 747/747/747 753/753/753
f 759/759/759 753/753/753 755/755/755
f 760/760/760 744/744/744 750/750/750
f 760/760/760 750/750/750 757/757/757
f 761/761/761 741/741/741 747/747/747
f 761/761/761 747/747/747 759/759/759
f 762/762/762 738/738/738 744/744/744
f 762/762/762 744/744/744 760/760/760
f 763/763/763 734/734/734 741/741/741
f 763/763/763 741/741/741 761/761/761
f 764/764/764 729/729/729 738/738/738
f 764/764/764 738/738/738 762/762/762
f 765/765/765 726/726/726 731/731/731
f 765/765/765 731/731/731 766/766/766
f 766/766/766 731/731/731 734/734/734
f 766/766/766 734/734/734 763/763/763
f 767/767/767 723/723/723 729/729/729
f 767/767/767 729/729/729 764/764/764
f 768/768/768 720/720/720 726/726/726
f 768/768/768 726/726/726 765/765/765
f 769/769/769 716/716/716 723/723/723
f 769/769/769 723/723/723 767/767/767
f 770/770/770 710/710/710 720/720/720
f 770/770/770 720/720/720 768/768/768
f 756/756/756 713/713/713 716/716/716
f 756/756/756 716/716/716 769/769/769
f 758/758/758 707/707/707 710/710/710
f 758/758/758 710/710/710 770/770/770
f 752/752/752 771/771/771 772/772/772
f 752/752/752 772/772/772 714/714/714
f 749/749/749 773/773/773 774/774/774
f 749/749/749 774/774/774 708/708/708
f 746/746/746 775/775/775 771/771/771
f 746/746/746 771/771/771 752/752/752
f 743/743/743 776/776/776 773/773/773
f 743/743/743 773/773/773 749/749/749
f 740/740/740 777/777/777 775/775/775
f 740/740/740 775/775/775 746/746/746
f 737/737/737 778/778/778 776/776/776
f 737/737/737 776/776/776 743/743/743
f 733/733/733 779/779/779 777/777/777
f 733/733/733 777/777/777 740/740/740
f 728/728/728 780/780/780 778/778/778
f 728/728/728 778/778/778 737/737/737
f 725/725/725 781/781/781 782/782/782
f 725/725/725 782/782/782 732/732/732
f 732/732/732 782/782/782 779/779/779
f 732/732/732 779/779/779 733/733/733
f 722/722/722 783/783/783 780/780/780
f 722/722/722 780/780/780 728/728/728
f 719/719/719 784/784/784 781/781/781
f 719/719/719 781/781/781 725/725/725
f 715/715/715 785/785/785 783/783/783
f 715/715/715 783/783/783 722/722/722
f 709/709/709 786/786/786 784/784/784
f 709/709/709 784/784/784 719/719/719
f 714/714/714 772/772/772 785/785/785
f 714/714/714 785/785/785 715/715/715
f 708/708/708 774/774/774 786/786/786
f 708/708/708 786/786/786 709/709/709
f 771/771/771 754/754/754 717/717/717
f 771/771/771 717/717/717 772/772/772
f 773/773/773 751/751/751 711/711/711
f 773/773/773 711/711/711 774/774/774
f 775/775/775 748/748/748 754/754/754
f 775/775/775 754/754/754 771/771/771
f 776/776/776 745/745/745 751/751/751
f 776/776/776 751/751/751 773/773/773
f 777/777/777 742/742/742 748/748/748
f 777/777/777 748/748/748 775/775/775
f 778/778/778 739/739/739 745/745/745
f 778/778/778 745/745/745 776/776/776
f 779/779/779 736/736/736 742/742/742
f 779/779/779 742/742/742 777/777/777
f 780/780/780 730/730/730 739/739/739
f 780/780/780 739/739/739 778/778/778
f 781/781/781 727/727/727 735/735/735
f 781/781/781 735/735/735 782/782/782
f 782/782/782 735/735/735 736/736/736
f 782/782/782 736/736/736 779/779/779
f 783/783/783 724/724/724 730/730/730
f 783/783/783 730/730/730 780/780/780
f 784/784/784 721/721/721 727/727/727
f 784/784/784 727/727/727 781/781/781
f 785/785/785 718/718/718 724/724/724
f 785/785/785 724/724/724 783/783/783
f 786/786/786 712/712/712 721/721/721
f 786/786/786 721/721/721 784/784/784
f 772/772/772 717/717/717 718/718/718
f 772/772/772 718/718/718 785/785/785
f 774/774/774 711/711/711 712/712/712
f 774/774/774 712/712/712 786/786/786
f 787/787/787 758/758/758 770/770/770
f 787/787/787 770/770/770 788/788/788
f 789/789/789 756/756/756 769/769/769
f 789/789/789 769/769/769 790/790/790
f 788/788/788 770/770/770 768/768/768
f 788/788/788 768/768/768 791/791/791
f 790/790/790 769/769/769 767/767/767
f 790/790/790 767/767/767 792/792/792
f 791/791/791 768/768/768 765/765/765
f 791/791/791 765/765/765 793/793/793
f 792/792/792 767/767/767 764/764/764
f 792/792/792 764/764/764 794/794/794
f 795/795/795 766/766/766 763/763/763
f 795/795/795 763/763/763 796/796/796
f 793/793/793 765/765/765 766/766/766
f 793/793/793 766/766/766 795/795/795
f 794/794/794 764/764/764 762/762/762
f 794/794/794 762/762/762 797/797/797
f 796/796/796 763/763/763 761/761/761
f 796/796/796 761/761/761 798/798/798
f 797/797/797 762/762/762 760/760/760
f 797/797/797 760/760/760 799/799/799
f 798/798/798 761/761/761 759/759/759
f 798/798/798 759/759/759 800/800/800
f 799/799/799 760/760/760 757/757/757
f 799/799/799 757/757/757 801/801/801
f 800/800/800 759/759/759 755/755/755
f 800/800/800 755/755/755 802/802/802
f 801/801/801 757/757/757 758/758/758
f 801/801/801 758/758/758 787/787/787
f 802/802/802 755/755/755 756/756/756
f 802/802/802 756/756/756 789/789/789
f 803/803/803 804/804/804 805/805/805
f 803/803/803 805/805/805 806/806/806
f 807/807/807 808/808/808 809/809/809
f 807/807/807 809/809/809 810/810/810
f 811/811/811 812/812/812 813/813/813
f 811/811/811 813/813/813 814/814/814
f 815/815/815 816/816/816 817/817/817
f 815/815/815 817/817/817 818/818/818
f 810/810/810 809/809/809 819/819/819
f 810/810/810 819/819/819 820/820/820
f 821/821/821 822/822/822 823/823/823
f 821/821/821 823/823/823 824/824/824
f 825/825/825 826/826/826 827/827/827
f 825/825/825 827/827/827 828/828/828
f 820/820/820 819/819/819 829/829/829
f 820/820/820 829/829/829 830/830/830
f 831/831/831 832/832/832 833/833/833
f 831/831/831 833/833/833 834/834/834
f 814/814/814 813/813/813 835/835/835
f 814/814/814 835/835/835 836/836/836
f 837/837/837 838/838/838 812/812/812
f 837/837/837 812/812/812 811/811/811
f 839/839/839 840/840/840 841/841/841
f 839/839/839 841/841/841 842/842/842
f 843/843/843 844/844/844 804/804/804
f 843/843/843 804/804/804 803/803/803
f 818/818/818 817/817/817 845/845/845
f 818/818/818 845/845/845 846/846/846
f 847/847/847 848/848/848 849/849/849
f 847/847/847 849/849/849 850/850/850
f 828/828/828 827/827/827 838/838/838
f 828/828/828 838/838/838 837/837/837
f 851/851/851 852/852/852 844/844/844
f 851/851/851 844/844/844 843/843/843
f 830/830/830 829/829/829 853/853/853
f 830/830/830 853/853/853 854/854/854
f 854/854/854 853/853/853 855/855/855
f 854/854/854 855/855/855 856/856/856
f 834/834/834 833/833/833 848/848/848
f 834/834/834 848/848/848 847/847/847
f 846/846/846 845/845/845 857/857/857
f 846/846/846 857/857/857 858/858/858
f 859/859/859 860/860/860 832/832/832
f 859/859/859 832/832/832 831/831/831
f 861/861/861 862/862/862 852/852/852
f 861/861/861 852/852/852 851/851/851
f 824/824/824 823/823/823 863/863/863
f 824/824/824 863/863/863 864/864/864
f 856/856/856 855/855/855 865/865/865
f 856/856/856 865/865/865 866/866/866
f 850/850/850 849/849/849 822/822/822
f 850/850/850 822/822/822 821/821/821
f 866/866/866 865/865/865 826/826/826
f 866/866/866 826/826/826 825/825/825
f 842/842/842 841/841/841 808/808/808
f 842/842/842 808/808/808 807/807/807
f 836/836/836 835/835/835 816/816/816
f 836/836/836 816/816/816 815/815/815
f 864/864/864 863/863/863 840/840/840
f 864/864/864 840/840/840 839/839/839
f 858/858/858 857/857/857 862/862/862
f 858/858/858 862/862/862 861/861/861
f 806/806/806 805/805/805 860/860/860
f 806/806/806 860/860/860 859/859/859
f 862/862/862 867/867/867 868/868/868
f 862/862/862 868/868/868 852/852/852
f 823/823/823 869/869/869 870/870/870
f 823/823/823 870/870/870 863/863/863
f 855/855/855 871/871/871 872/872/872
f 855/855/855 872/872/872 865/865/865
f 849/849/849 873/873/873 874/874/874
f 849/849/849 874/874/874 822/822/822
f 865/865/865 872/872/872 875/875/875
f 865/865/865 875/875/875 826/826/826
f 841/841/841 876/876/876 877/877/877
f 841/841/841 877/877/877 808/808/808
f 835/835/835 878/878/878 879/879/879
f 835/835/835 879/879/879 816/816/816
f 863/863/863 870/870/870 880/880/880
f 863/863/863 880/880/880 840/840/840
f 857/857/857 881/881/881 867/867/867
f 857/857/857 867/867/867 862/862/862
f 805/805/805 882/882/882 883/883/883
f 805/805/805 883/883/883 860/860/860
f 804/804/804 884/884/884 882/882/882
f 804/804/804 882/882/882 805/805/805
f 808/808/808 877/877/877 885/885/885
f 808/808/808 885/885/885 809/809/809
f 812/812/812 886/886/886 887/887/887
f 812/812/812 887/887/887 813/813/813
f 816/816/816 879/879/879 888/888/888
f 816/816/816 888/888/888 817/817/817
f 809/809/809 885/885/885 889/889/889
f 809/809/809 889/889/889 819/819/819
f 822/822/822 874/874/874 869/869/869
f 822/822/822 869/869/869 823/823/823
f 826/826/826 875/875/875 890/890/890
f 826/826/826 890/890/890 827/827/827
f 819/819/819 889/889/889 891/891/891
f 819/819/819 891/891/891 829/829/829
f 832/832/832 892/892/892 893/893/893
f 832/832/832 893/893/893 833/833/833
f 813/813/813 887/887/887 878/878/878
f 813/813/813 878/878/878 835/835/835
f 838/838/838 894/894/894 886/886/886
f 838/838/838 886/886/886 812/812/812
f 840/840/840 880/880/880 876/876/876
f 840/840/840 876/876/876 841/841/841
f 844/844/844 895/895/895 884/884/884
f 844/844/844 884/884/884 804/804/804
f 817/817/817 888/888/888 896/896/896
f 817/817/817 896/896/896 845/845/845
f 848/848/848 897/897/897 873/873/873
f 848/848/848 873/873/873 849/849/849
f 827/827/827 890/890/890 894/894/894
f 827/827/827 894/894/894 838/838/838
f 852/852/852 868/868/868 895/895/895
f 852/852/852 895/895/895 844/844/844
f 829/829/829 891/891/891 898/898/898
f 829/829/829 898/898/898 853/853/853
f 853/853/853 898/898/898 871/871/871
f 853/853/853 871/871/871 855/855/855
f 833/833/833 893/893/893 897/897/897
f 833/833/833 897/897/897 848/848/848
f 845/845/845 896/896/896 881/881/881
f 845/845/845 881/881/881 857/857/857
f 860/860/860 883/883/883 892/892/892
f 860/860/860 892/892/892 832/832/832
f 899/899/899 900/900/900 901/901/901
f 899/899/899 901/901/901 902/902/902
f 903/903/903 904/904/904 905/905/905
f 903/903/903 905/905/905 906/906/906
f 907/907/907 908/908/908 909/909/909
f 907/907/907 909/909/909 910/910/910
f 911/911/911 912/912/912 913/913/913
f 911/911/911 913/913/913 914/914/914
f 915/915/915 916/916/916 912/912/912
f 915/915/915 912/912/912 911/911/911
f 917/917/917 918/918/918 919/919/919
f 917/917/917 919/919/919 920/920/920
f 921/921/921 922/922/922 923/923/923
f 921/921/921 923/923/923 924/924/924
f 902/902/902 901/901/901 925/925/925
f 902/902/902 925/925/925 926/926/926
f 920/920/920 919/919/919 927/927/927
f 920/920/920 927/927/927 928/928/928
f 929/929/929 930/930/930 931/931/931
f 929/929/929 931/931/931 932/932/932
f 933/933/933 934/934/934 935/935/935
f 933/933/933 935/935/935 936/936/936
f 928/928/928 927/927/927 937/937/937
f 928/928/928 937/937/937 938/938/938
f 939/939/939 940/940/940 941/941/941
f 939/939/939 941/941/941 942/942/942
f 924/924/924 923/923/923 900/900/900
f 924/924/924 900/900/900 899/899/899
f 943/943/943 944/944/944 922/922/922
f 943/943/943 922/922/922 921/921/921
f 906/906/906 905/905/905 945/945/945
f 906/906/906 945/945/945 946/946/946
f 947/947/947 948/948/948 916/916/916
f 947/947/947 916/916/916 915/915/915
f 926/926/926 925/925/925 949/949/949
f 926/926/926 949/949/949 950/950/950
f 951/951/951 952/952/952 953/953/953
f 951/951/951 953/953/953 954/954/954
f 936/936/936 935/935/935 944/944/944
f 936/936/936 944/944/944 943/943/943
f 955/955/955 956/956/956 948/948/948
f 955/955/955 948/948/948 947/947/947
f 938/938/938 937/937/937 957/957/957
f 938/938/938 957/957/957 958/958/958
f 958/958/958 957/957/957 959/959/959
f 958/958/958 959/959/959 960/960/960
f 942/942/942 941/941/941 952/952/952
f 942/942/942 952/952/952 951/951/951
f 950/950/950 949/949/949 908/908/908
f 950/950/950 908/908/908 907/907/907
f 914/914/914 913/913/913 940/940/940
f 914/914/914 940/940/940 939/939/939
f 910/910/910 909/909/909 956/956/956
f 910/910/910 956/956/956 955/955/955
f 932/932/932 931/931/931 904/904/904
f 932/932/932 904/904/904 903/903/903
f 960/960/960 959/959/959 961/961/961
f 960/960/960 961/961/961 962/962/962
f 954/954/954 953/953/953 930/930/930
f 954/954/954 930/930/930 929/929/929
f 962/962/962 961/961/961 934/934/934
f 962/962/962 934/934/934 933/933/933
f 946/946/946 945/945/945 918/918/918
f 946/946/946 918/918/918 917/917/917
f 806/806/806 963/963/963 964/964/964
f 806/806/806 964/964/964 803/803/803
f 810/810/810 965/965/965 966/966/966
f 810/810/810 966/966/966 807/807/807
f 814/814/814 967/967/967 968/968/968
f 814/814/814 968/968/968 811/811/811
f 818/818/818 969/969/969 970/970/970
f 818/818/818 970/970/970 815/815/815
f 820/820/820 971/971/971 965/965/965
f 820/820/820 965/965/965 810/810/810
f 824/824/824 972/972/972 973/973/973
f 824/824/824 973/973/973 821/821/821
f 828/828/828 974/974/974 975/975/975
f 828/828/828 975/975/975 825/825/825
f 830/830/830 976/976/976 971/971/971
f 830/830/830 971/971/971 820/820/820
f 834/834/834 977/977/977 978/978/978
f 834/834/834 978/978/978 831/831/831
f 836/836/836 979/979/979 967/967/967
f 836/836/836 967/967/967 814/814/814
f 811/811/811 968/968/968 980/980/980
f 811/811/811 980/980/980 837/837/837
f 842/842/842 981/981/981 982/982/982
f 842/842/842 982/982/982 839/839/839
f 803/803/803 964/964/964 983/983/983
f 803/803/803 983/983/983 843/843/843
f 846/846/846 984/984/984 969/969/969
f 846/846/846 969/969/969 818/818/818
f 850/850/850 985/985/985 986/986/986
f 850/850/850 986/986/986 847/847/847
f 837/837/837 980/980/980 974/974/974
f 837/837/837 974/974/974 828/828/828
f 843/843/843 983/983/983 987/987/987
f 843/843/843 987/987/987 851/851/851
f 854/854/854 988/988/988 976/976/976
f 854/854/854 976/976/976 830/830/830
f 856/856/856 989/989/989 988/988/988
f 856/856/856 988/988/988 854/854/854
f 847/847/847 986/986/986 977/977/977
f 847/847/847 977/977/977 834/834/834
f 858/858/858 990/990/990 984/984/984
f 858/858/858 984/984/984 846/846/846
f 831/831/831 978/978/978 991/991/991
f 831/831/831 991/991/991 859/859/859
f 851/851/851 987/987/987 992/992/992
f 851/851/851 992/992/992 861/861/861
f 864/864/864 993/993/993 972/972/972
f 864/864/864 972/972/972 824/824/824
f 866/866/866 994/994/994 989/989/989
f 866/866/866 989/989/989 856/856/856
f 821/821/821 973/973/973 985/985/985
f 821/821/821 985/985/985 850/850/850
f 825/825/825 975/975/975 994/994/994
f 825/825/825 994/994/994 866/866/866
f 807/807/807 966/966/966 981/981/981
f 807/807/807 981/981/981 842/842/842
f 815/815/815 970/970/970 979/979/979
f 815/815/815 979/979/979 836/836/836
f 839/839/839 982/982/982 993/993/993
f 839/839/839 993/993/993 864/864/864
f 861/861/861 992/992/992 990/990/990
f 861/861/861 990/990/990 858/858/858
f 859/859/859 991/991/991 963/963/963
f 859/859/859 963/963/963 806/806/806
f 995/995/995 996/996/996 997/997/997
f 995/995/995 997/997/997 998/998/998
f 999/999/999 1000/1000/1000 1001/1001/1001
f 999/999/999 1001/1001/1001 1002/1002/1002
f 1003/1003/1003 1004/1004/1004 1005/1005/1005
f 1003/1003/1003 1005/1005/1005 1006/1006/1006
f 1007/1007/1007 1008/1008/1008 1009/1009/1009
f 1007/1007/1007 1009/1009/1009 1010/1010/1010
f 1011/1011/1011 1012/1012/1012 1013/1013/1013
f 1011/1011/1011 1013/1013/1013 1014/1014/1014
f 1015/1015/1015 1016/1016/1016 1017/1017/1017
f 1015/1015/1015 1017/1017/1017 1018/1018/1018
f 1019/1019/1019 1020/1020/1020 1021/1021/1021
f 1019/1019/1019 1021/1021/1021 1022/1022/1022
f 1023/1023/1023 1024/1024/1024 1025/1025/1025
f 1023/1023/1023 1025/1025/1025 1026/1026/1026
f 1027/1027/1027 1028/1028/1028 1029/1029/1029
f 1027/1027/1027 1029/1029/1029 1030/1030/1030
f 1031/1031/1031 1032/1032/1032 1033/1033/1033
f 1031/1031/1031 1033/1033/1033 1034/1034/1034
f 1035/1035/1035 1036/1036/1036 1037/1037/1037
f 1035/1035/1035 1037/1037/1037 1038/1038/1038
f 1039/1039/1039 1040/1040/1040 1041/1041/1041
f 1039/1039/1039 1041/1041/1041 1042/1042/1042
f 1043/1043/1043 1044/1044/1044 1045/1045/1045
f 1043/1043/1043 1045/1045/1045 1046/1046/1046
f 1047/1047/1047 1048/1048/1048 1049/1049/1049
f 1047/1047/1047 1049/1049/1049 1050/1050/1050
f 1051/1051/1051 1052/1052/1052 1053/1053/1053
f 1051/1051/1051 1053/1053/1053 1054/1054/1054
f 1055/1055/1055 1056/1056/1056 1057/1057/1057
f 1055/1055/1055 1057/1057/1057 1058/1058/1058
f 1059/1059/1059 1060/1060/1060 1061/1061/1061
f 1059/1059/1059 1061/1061/1061 1062/1062/1062
f 1063/1063/1063 1064/1064/1064 1065/1065/1065
f 1063/1063/1063 1065/1065/1065 1066/1066/1066
f 1067/1067/1067 1068/1068/1068 1069/1069/1069
f 1067/1067/1067 1069/1069/1069 1070/1070/1070
f 1071/1071/1071 1072/1072/1072 1073/1073/1073
f 1071/1071/1071 1073/1073/1073 1074/1074/1074
f 1075/1075/1075 1076/1076/1076 1077/1077/1077
f 1075/1075/1075 1077/1077/1077 1078/1078/1078
f 1079/1079/1079 1080/1080/1080 1081/1081/1081
f 1079/1079/1079 1081/1081/1081 1082/1082/1082
f 1083/1083/1083 1084/1084/1084 1085/1085/1085
f 1083/1083/1083 1085/1085/1085 1086/1086/1086
f 1087/1087/1087 1088/1088/1088 1089/1089/1089
f 1087/1087/1087 1089/1089/1089 1090/1090/1090
f 1091/1091/1091 1092/1092/1092 1093/1093/1093
f 1091/1091/1091 1093/1093/1093 1094/1094/1094
f 1095/1095/1095 1096/1096/1096 1097/1097/1097
f 1095/1095/1095 1097/1097/1097 1098/1098/1098
f 1099/1099/1099 1100/1100/1100 1101/1101/1101
f 1099/1099/1099 1101/1101/1101 1102/1102/1102
f 1103/1103/1103 1104/1104/1104 1105/1105/1105
f 1103/1103/1103 1105/1105/1105 1106/1106/1106
f 1107/1107/1107 1108/1108/1108 1109/1109/1109
f 1107/1107/1107 1109/1109/1109 1110/1110/1110
f 1111/1111/1111 1112/1112/1112 1113/1113/1113
f 1111/1111/1111 1113/1113/1113 1114/1114/1114
f 1115/1115/1115 1116/1116/1116 1117/1117/1117
f 1115/1115/1115 1117/1117/1117 1118/1118/1118
f 1119/1119/1119 1120/1120/1120 1121/1121/1121
f 1119/1119/1119 1121/1121/1121 1122/1122/1122
f 876/876/876 946/946/946 917/917/917
f 876/876/876 917/917/917 877/877/877
f 872/872/872 962/962/962 933/933/933
f 872/872/872 933/933/933 875/875/875
f 873/873/873 954/954/954 929/929/929
f 873/873/873 929/929/929 874/874/874
f 871/871/871 960/960/960 962/962/962
f 871/871/871 962/962/962 872/872/872
f 869/869/869 932/932/932 903/903/903
f 869/869/869 903/903/903 870/870/870
f 867/867/867 910/910/910 955/955/955
f 867/867/867 955/955/955 868/868/868
f 883/883/883 914/914/914 939/939/939
f 883/883/883 939/939/939 892/892/892
f 896/896/896 950/950/950 907/907/907
f 896/896/896 907/907/907 881/881/881
f 893/893/893 942/942/942 951/951/951
f 893/893/893 951/951/951 897/897/897
f 898/898/898 958/958/958 960/960/960
f 898/898/898 960/960/960 871/871/871
f 891/891/891 938/938/938 958/958/958
f 891/891/891 958/958/958 898/898/898
f 868/868/868 955/955/955 947/947/947
f 868/868/868 947/947/947 895/895/895
f 890/890/890 936/936/936 943/943/943
f 890/890/890 943/943/943 894/894/894
f 897/897/897 951/951/951 954/954/954
f 897/897/897 954/954/954 873/873/873
f 888/888/888 926/926/926 950/950/950
f 888/888/888 950/950/950 896/896/896
f 895/895/895 947/947/947 915/915/915
f 895/895/895 915/915/915 884/884/884
f 880/880/880 906/906/906 946/946/946
f 880/880/880 946/946/946 876/876/876
f 894/894/894 943/943/943 921/921/921
f 894/894/894 921/921/921 886/886/886
f 887/887/887 924/924/924 899/899/899
f 887/887/887 899/899/899 878/878/878
f 892/892/892 939/939/939 942/942/942
f 892/892/892 942/942/942 893/893/893
f 889/889/889 928/928/928 938/938/938
f 889/889/889 938/938/938 891/891/891
f 875/875/875 933/933/933 936/936/936
f 875/875/875 936/936/936 890/890/890
f 874/874/874 929/929/929 932/932/932
f 874/874/874 932/932/932 869/869/869
f 885/885/885 920/920/920 928/928/928
f 885/885/885 928/928/928 889/889/889
f 879/879/879 902/902/902 926/926/926
f 879/879/879 926/926/926 888/888/888
f 886/886/886 921/921/921 924/924/924
f 886/886/886 924/924/924 887/887/887
f 877/877/877 917/917/917 920/920/920
f 877/877/877 920/920/920 885/885/885
f 884/884/884 915/915/915 911/911/911
f 884/884/884 911/911/911 882/882/882
f 882/882/882 911/911/911 914/914/914
f 882/882/882 914/914/914 883/883/883
f 881/881/881 907/907/907 910/910/910
f 881/881/881 910/910/910 867/867/867
f 870/870/870 903/903/903 906/906/906
f 870/870/870 906/906/906 880/880/880
f 878/878/878 899/899/899 902/902/902
f 878/878/878 902/902/902 879/879/879
f 922/922/922 1123/1123/1123 1124/1124/1124
f 922/922/922 1124/1124/1124 923/923/923
f 918/918/918 1125/1125/1125 1126/1126/1126
f 918/918/918 1126/1126/1126 919/919/919
f 916/916/916 1127/1127/1127 1128/1128/1128
f 916/916/916 1128/1128/1128 912/912/912
f 912/912/912 1128/1128/1128 1129/1129/1129
f 912/912/912 1129/1129/1129 913/913/913
f 908/908/908 1130/1130/1130 1131/1131/1131
f 908/908/908 1131/1131/1131 909/909/909
f 904/904/904 1132/1132/1132 1133/1133/1133
f 904/904/904 1133/1133/1133 905/905/905
f 900/900/900 1134/1134/1134 1135/1135/1135
f 900/900/900 1135/1135/1135 901/901/901
f 945/945/945 1136/1136/1136 1125/1125/1125
f 945/945/945 1125/1125/1125 918/918/918
f 961/961/961 1137/1137/1137 1138/1138/1138
f 961/961/961 1138/1138/1138 934/934/934
f 953/953/953 1139/1139/1139 1140/1140/1140
f 953/953/953 1140/1140/1140 930/930/930
f 959/959/959 1141/1141/1141 1137/1137/1137
f 959/959/959 1137/1137/1137 961/961/961
f 931/931/931 1142/1142/1142 1132/1132/1132
f 931/931/931 1132/1132/1132 904/904/904
f 909/909/909 1131/1131/1131 1143/1143/1143
f 909/909/909 1143/1143/1143 956/956/956
f 913/913/913 1129/1129/1129 1144/1144/1144
f 913/913/913 1144/1144/1144 940/940/940
f 949/949/949 1145/1145/1145 1130/1130/1130
f 949/949/949 1130/1130/1130 908/908/908
f 941/941/941 1146/1146/1146 1147/1147/1147
f 941/941/941 1147/1147/1147 952/952/952
f 957/957/957 1148/1148/1148 1141/1141/1141
f 957/957/957 1141/1141/1141 959/959/959
f 937/937/937 1149/1149/1149 1148/1148/1148
f 937/937/937 1148/1148/1148 957/957/957
f 956/956/956 1143/1143/1143 1150/1150/1150
f 956/956/956 1150/1150/1150 948/948/948
f 935/935/935 1151/1151/1151 1152/1152/1152
f 935/935/935 1152/1152/1152 944/944/944
f 952/952/952 1147/1147/1147 1139/1139/1139
f 952/952/952 1139/1139/1139 953/953/953
f 925/925/925 1153/1153/1153 1145/1145/1145
f 925/925/925 1145/1145/1145 949/949/949
f 948/948/948 1150/1150/1150 1127/1127/1127
f 948/948/948 1127/1127/1127 916/916/916
f 905/905/905 1133/1133/1133 1136/1136/1136
f 905/905/905 1136/1136/1136 945/945/945
f 944/944/944 1152/1152/1152 1123/1123/1123
f 944/944/944 1123/1123/1123 922/922/922
f 923/923/923 1124/1124/1124 1134/1134/1134
f 923/923/923 1134/1134/1134 900/900/900
f 940/940/940 1144/1144/1144 1146/1146/1146
f 940/940/940 1146/1146/1146 941/941/941
f 927/927/927 1154/1154/1154 1149/1149/1149
f 927/927/927 1149/1149/1149 937/937/937
f 934/934/934 1138/1138/1138 1151/1151/1151
f 934/934/934 1151/1151/1151 935/935/935
f 930/930/930 1140/1140/1140 1142/1142/1142
f 930/930/930 1142/1142/1142 931/931/931
f 919/919/919 1126/1126/1126 1154/1154/1154
f 919/919/919 1154/1154/1154 927/927/927
f 901/901/901 1135/1135/1135 1153/1153/1153
f 901/901/901 1153/1153/1153 925/925/925
f 1118/1118/1118 1117/1117/1117 1120/1120/1120
f 1118/1118/1118 1120/1120/1120 1119/1119/1119
f 1155/1155/1155 1118/1118/1118 1119/1119/1119
f 1155/1155/1155 1119/1119/1119 1156/1156/1156
f 1156/1156/1156 1119/1119/1119 1122/1122/1122
f 1156/1156/1156 1122/1122/1122 1157/1157/1157
f 1078/1078/1078 1077/1077/1077 1116/1116/1116
f 1078/1078/1078 1116/1116/1116 1115/1115/1115
f 1158/1158/1158 1078/1078/1078 1115/1115/1115
f 1158/1158/1158 1115/1115/1115 1159/1159/1159
f 1159/1159/1159 1115/1115/1115 1118/1118/1118
f 1159/1159/1159 1118/1118/1118 1155/1155/1155
f 1010/1010/1010 1009/1009/1009 1112/1112/1112
f 1010/1010/1010 1112/1112/1112 1111/1111/1111
f 1160/1160/1160 1010/1010/1010 1111/1111/1111
f 1160/1160/1160 1111/1111/1111 1161/1161/1161
f 1161/1161/1161 1111/1111/1111 1114/1114/1114
f 1161/1161/1161 1114/1114/1114 1162/1162/1162
f 1074/1074/1074 1073/1073/1073 1108/1108/1108
f 1074/1074/1074 1108/1108/1108 1107/1107/1107
f 1163/1163/1163 1074/1074/1074 1107/1107/1107
f 1163/1163/1163 1107/1107/1107 1164/1164/1164
f 1164/1164/1164 1107/1107/1107 1110/1110/1110
f 1164/1164/1164 1110/1110/1110 1165/1165/1165
f 998/998/998 997/997/997 1104/1104/1104
f 998/998/998 1104/1104/1104 1103/1103/1103
f 1166/1166/1166 998/998/998 1103/1103/1103
f 1166/1166/1166 1103/1103/1103 1167/1167/1167
f 1167/1167/1167 1103/1103/1103 1106/1106/1106
f 1167/1167/1167 1106/1106/1106 1168/1168/1168
f 1062/1062/1062 1061/1061/1061 1100/1100/1100
f 1062/1062/1062 1100/1100/1100 1099/1099/1099
f 1169/1169/1169 1062/1062/1062 1099/1099/1099
f 1169/1169/1169 1099/1099/1099 1170/1170/1170
f 1170/1170/1170 1099/1099/1099 1102/1102/1102
f 1170/1170/1170 1102/1102/1102 1171/1171/1171
f 1114/1114/1114 1113/1113/1113 1096/1096/1096
f 1114/1114/1114 1096/1096/1096 1095/1095/1095
f 1162/1162/1162 1114/1114/1114 1095/1095/1095
f 1162/1162/1162 1095/1095/1095 1172/1172/1172
f 1172/1172/1172 1095/1095/1095 1098/1098/1098
f 1172/1172/1172 1098/1098/1098 1173/1173/1173
f 1038/1038/1038 1037/1037/1037 1092/1092/1092
f 1038/1038/1038 1092/1092/1092 1091/1091/1091
f 1174/1174/1174 1038/1038/1038 1091/1091/1091
f 1174/1174/1174 1091/1091/1091 1175/1175/1175
f 1175/1175/1175 1091/1091/1091 1094/1094/1094
f 1175/1175/1175 1094/1094/1094 1176/1176/1176
f 1110/1110/1110 1109/1109/1109 1088/1088/1088
f 1110/1110/1110 1088/1088/1088 1087/1087/1087
f 1165/1165/1165 1110/1110/1110 1087/1087/1087
f 1165/1165/1165 1087/1087/1087 1177/1177/1177
f 1177/1177/1177 1087/1087/1087 1090/1090/1090
f 1177/1177/1177 1090/1090/1090 1178/1178/1178
f 1058/1058/1058 1057/1057/1057 1084/1084/1084
f 1058/1058/1058 1084/1084/1084 1083/1083/1083
f 1179/1179/1179 1058/1058/1058 1083/1083/1083
f 1179/1179/1179 1083/1083/1083 1180/1180/1180
f 1180/1180/1180 1083/1083/1083 1086/1086/1086
f 1180/1180/1180 1086/1086/1086 1181/1181/1181
f 1006/1006/1006 1005/1005/1005 1080/1080/1080
f 1006/1006/1006 1080/1080/1080 1079/1079/1079
f 1182/1182/1182 1006/1006/1006 1079/1079/1079
f 1182/1182/1182 1079/1079/1079 1183/1183/1183
f 1183/1183/1183 1079/1079/1079 1082/1082/1082
f 1183/1183/1183 1082/1082/1082 1184/1184/1184
f 1066/1066/1066 1065/1065/1065 1076/1076/1076
f 1066/1066/1066 1076/1076/1076 1075/1075/1075
f 1185/1185/1185 1066/1066/1066 1075/1075/1075
f 1185/1185/1185 1075/1075/1075 1186/1186/1186
f 1186/1186/1186 1075/1075/1075 1078/1078/1078
f 1186/1186/1186 1078/1078/1078 1158/1158/1158
f 1026/1026/1026 1025/1025/1025 1072/1072/1072
f 1026/1026/1026 1072/1072/1072 1071/1071/1071
f 1187/1187/1187 1026/1026/1026 1071/1071/1071
f 1187/1187/1187 1071/1071/1071 1188/1188/1188
f 1188/1188/1188 1071/1071/1071 1074/1074/1074
f 1188/1188/1188 1074/1074/1074 1163/1163/1163
f 1022/1022/1022 1021/1021/1021 1068/1068/1068
f 1022/1022/1022 1068/1068/1068 1067/1067/1067
f 1189/1189/1189 1022/1022/1022 1067/1067/1067
f 1189/1189/1189 1067/1067/1067 1190/1190/1190
f 1190/1190/1190 1067/1067/1067 1070/1070/1070
f 1190/1190/1190 1070/1070/1070 1191/1191/1191
f 1054/1054/1054 1053/1053/1053 1064/1064/1064
f 1054/1054/1054 1064/1064/1064 1063/1063/1063
f 1192/1192/1192 1054/1054/1054 1063/1063/1063
f 1192/1192/1192 1063/1063/1063 1193/1193/1193
f 1193/1193/1193 1063/1063/1063 1066/1066/1066
f 1193/1193/1193 1066/1066/1066 1185/1185/1185
f 1034/1034/1034 1033/1033/1033 1060/1060/1060
f 1034/1034/1034 1060/1060/1060 1059/1059/1059
f 1194/1194/1194 1034/1034/1034 1059/1059/1059
f 1194/1194/1194 1059/1059/1059 1195/1195/1195
f 1195/1195/1195 1059/1059/1059 1062/1062/1062
f 1195/1195/1195 1062/1062/1062 1169/1169/1169
f 1090/1090/1090 1089/1089/1089 1056/1056/1056
f 1090/1090/1090 1056/1056/1056 1055/1055/1055
f 1178/1178/1178 1090/1090/1090 1055/1055/1055
f 1178/1178/1178 1055/1055/1055 1196/1196/1196
f 1196/1196/1196 1055/1055/1055 1058/1058/1058
f 1196/1196/1196 1058/1058/1058 1179/1179/1179
f 1030/1030/1030 1029/1029/1029 1052/1052/1052
f 1030/1030/1030 1052/1052/1052 1051/1051/1051
f 1197/1197/1197 1030/1030/1030 1051/1051/1051
f 1197/1197/1197 1051/1051/1051 1198/1198/1198
f 1198/1198/1198 1051/1051/1051 1054/1054/1054
f 1198/1198/1198 1054/1054/1054 1192/1192/1192
f 1098/1098/1098 1097/1097/1097 1048/1048/1048
f 1098/1098/1098 1048/1048/1048 1047/1047/1047
f 1173/1173/1173 1098/1098/1098 1047/1047/1047
f 1173/1173/1173 1047/1047/1047 1199/1199/1199
f 1199/1199/1199 1047/1047/1047 1050/1050/1050
f 1199/1199/1199 1050/1050/1050 1200/1200/1200
f 1050/1050/1050 1049/1049/1049 1044/1044/1044
f 1050/1050/1050 1044/1044/1044 1043/1043/1043
f 1200/1200/1200 1050/1050/1050 1043/1043/1043
f 1200/1200/1200 1043/1043/1043 1201/1201/1201
f 1201/1201/1201 1043/1043/1043 1046/1046/1046
f 1201/1201/1201 1046/1046/1046 1202/1202/1202
f 1002/1002/1002 1001/1001/1001 1040/1040/1040
f 1002/1002/1002 1040/1040/1040 1039/1039/1039
f 1203/1203/1203 1002/1002/1002 1039/1039/1039
f 1203/1203/1203 1039/1039/1039 1204/1204/1204
f 1204/1204/1204 1039/1039/1039 1042/1042/1042
f 1204/1204/1204 1042/1042/1042 1205/1205/1205
f 1014/1014/1014 1013/1013/1013 1036/1036/1036
f 1014/1014/1014 1036/1036/1036 1035/1035/1035
f 1206/1206/1206 1014/1014/1014 1035/1035/1035
f 1206/1206/1206 1035/1035/1035 1207/1207/1207
f 1207/1207/1207 1035/1035/1035 1038/1038/1038
f 1207/1207/1207 1038/1038/1038 1174/1174/1174
f 1086/1086/1086 1085/1085/1085 1032/1032/1032
f 1086/1086/1086 1032/1032/1032 1031/1031/1031
f 1181/1181/1181 1086/1086/1086 1031/1031/1031
f 1181/1181/1181 1031/1031/1031 1208/1208/1208
f 1208/1208/1208 1031/1031/1031 1034/1034/1034
f 1208/1208/1208 1034/1034/1034 1194/1194/1194
f 1094/1094/1094 1093/1093/1093 1028/1028/1028
f 1094/1094/1094 1028/1028/1028 1027/1027/1027
f 1176/1176/1176 1094/1094/1094 1027/1027/1027
f 1176/1176/1176 1027/1027/1027 1209/1209/1209
f 1209/1209/1209 1027/1027/1027 1030/1030/1030
f 1209/1209/1209 1030/1030/1030 1197/1197/1197
f 1018/1018/1018 1017/1017/1017 1024/1024/1024
f 1018/1018/1018 1024/1024/1024 1023/1023/1023
f 1210/1210/1210 1018/1018/1018 1023/1023/1023
f 1210/1210/1210 1023/1023/1023 1211/1211/1211
f 1211/1211/1211 1023/1023/1023 1026/1026/1026
f 1211/1211/1211 1026/1026/1026 1187/1187/1187
f 1106/1106/1106 1105/1105/1105 1020/1020/1020
f 1106/1106/1106 1020/1020/1020 1019/1019/1019
f 1168/1168/1168 1106/1106/1106 1019/1019/1019
f 1168/1168/1168 1019/1019/1019 1212/1212/1212
f 1212/1212/1212 1019/1019/1019 1022/1022/1022
f 1212/1212/1212 1022/1022/1022 1189/1189/1189
f 1122/1122/1122 1121/1121/1121 1016/1016/1016
f 1122/1122/1122 1016/1016/1016 1015/1015/1015
f 1157/1157/1157 1122/1122/1122 1015/1015/1015
f 1157/1157/1157 1015/1015/1015 1213/1213/1213
f 1213/1213/1213 1015/1015/1015 1018/1018/1018
f 1213/1213/1213 1018/1018/1018 1210/1210/1210
f 1070/1070/1070 1069/1069/1069 1012/1012/1012
f 1070/1070/1070 1012/1012/1012 1011/1011/1011
f 1191/1191/1191 1070/1070/1070 1011/1011/1011
f 1191/1191/1191 1011/1011/1011 1214/1214/1214
f 1214/1214/1214 1011/1011/1011 1014/1014/1014
f 1214/1214/1214 1014/1014/1014 1206/1206/1206
f 1042/1042/1042 1041/1041/1041 1008/1008/1008
f 1042/1042/1042 1008/1008/1008 1007/1007/1007
f 1205/1205/1205 1042/1042/1042 1007/1007/1007
f 1205/1205/1205 1007/1007/1007 1215/1215/1215
f 1215/1215/1215 1007/1007/1007 1010/1010/1010
f 1215/1215/1215 1010/1010/1010 1160/1160/1160
f 1046/1046/1046 1045/1045/1045 1004/1004/1004
f 1046/1046/1046 1004/1004/1004 1003/1003/1003
f 1202/1202/1202 1046/1046/1046 1003/1003/1003
f 1202/1202/1202 1003/1003/1003 1216/1216/1216
f 1216/1216/1216 1003/1003/1003 1006/1006/1006
f 1216/1216/1216 1006/1006/1006 1182/1182/1182
f 1102/1102/1102 1101/1101/1101 1000/1000/1000
f 1102/1102/1102 1000/1000/1000 999/999/999
f 1171/1171/1171 1102/1102/1102 999/999/999
f 1171/1171/1171 999/999/999 1217/1217/1217
f 1217/1217/1217 999/999/999 1002/1002/1002
f 1217/1217/1217 1002/1002/1002 1203/1203/1203
f 1082/1082/1082 1081/1081/1081 996/996/996
f 1082/1082/1082 996/996/996 995/995/995
f 1184/1184/1184 1082/1082/1082 995/995/995
f 1184/1184/1184 995/995/995 1218/1218/1218
f 1218/1218/1218 995/995/995 998/998/998
f 1218/1218/1218 998/998/998 1166/1166/1166
f 603/603/603 561/561/561 577/577/577
f 561/561/561 603/603/603 602/602/602
f 561/561/561 602/602/602 542/542/542
f 562/562/562 600/600/600 533/533/533
f 600/600/600 562/562/562 601/601/601
f 601/601/601 562/562/562 593/593/593
f 599/599/599 547/547/547 550/550/550
f 547/547/547 599/599/599 598/598/598
f 547/547/547 598/598/598 597/597/597
f 545/545/545 596/596/596 595/595/595
f 596/596/596 545/545/545 560/560/560
f 596/596/596 560/560/560 571/571/571
f 557/557/557 593/593/593 562/562/562
f 593/593/593 557/557/557 594/594/594
f 594/594/594 557/557/557 566/566/566
f 592/592/592 552/552/552 555/555/555
f 552/552/552 592/592/592 591/591/591
f 552/552/552 591/591/591 590/590/590
f 531/531/531 588/588/588 587/587/587
f 588/588/588 531/531/531 589/589/589
f 589/589/589 531/531/531 543/543/543
f 559/559/559 585/585/585 573/573/573
f 585/585/585 559/559/559 532/532/532
f 585/585/585 532/532/532 586/586/586
f 544/544/544 582/582/582 540/540/540
f 582/582/582 544/544/544 583/583/583
f 583/583/583 544/544/544 584/584/584
f 580/580/580 536/536/536 581/581/581
f 536/536/536 580/580/580 558/558/558
f 558/558/558 580/580/580 570/570/570
f 578/578/578 553/553/553 579/579/579
f 553/553/553 578/578/578 577/577/577
f 553/553/553 577/577/577 561/561/561
f 576/576/576 554/554/554 548/548/548
f 554/554/554 576/576/576 575/575/575
f 554/554/554 575/575/575 574/574/574
f 560/560/560 572/572/572 571/571/571
f 572/572/572 560/560/560 559/559/559
f 572/572/572 559/559/559 573/573/573
f 569/569/569 558/558/558 570/570/570
f 558/558/558 569/569/569 551/551/551
f 551/551/551 569/569/569 568/568/568
f 556/556/556 566/566/566 557/557/557
f 566/566/566 556/556/556 567/567/567
f 567/567/567 556/556/556 563/563/563
f 549/549/549 563/563/563 556/556/556
f 563/563/563 549/549/549 564/564/564
f 564/564/564 549/549/549 565/565/565
f 574/574/574 555/555/555 554/554/554
f 555/555/555 574/574/574 626/626/626
f 555/555/555 626/626/626 592/592/592
f 625/625/625 539/539/539 611/611/611
f 539/539/539 625/625/625 579/579/579
f 539/539/539 579/579/579 553/553/553
f 590/590/590 537/537/537 552/552/552
f 537/537/537 590/590/590 624/624/624
f 537/537/537 624/624/624 610/610/610
f 623/623/623 551/551/551 568/568/568
f 551/551/551 623/623/623 538/538/538
f 538/538/538 623/623/623 613/613/613
f 614/614/614 550/550/550 541/541/541
f 550/550/550 614/614/614 599/599/599
f 546/546/546 565/565/565 549/549/549
f 565/565/565 546/546/546 621/621/621
f 621/621/621 546/546/546 618/618/618
f 597/597/597 548/548/548 547/547/547
f 548/548/548 597/597/597 620/620/620
f 548/548/548 620/620/620 576/576/576
f 546/546/546 619/619/619 618/618/618
f 619/619/619 546/546/546 545/545/545
f 619/619/619 545/545/545 595/595/595
f 534/534/534 584/584/584 544/544/544
f 584/584/584 534/534/534 617/617/617
f 617/617/617 534/534/534 605/605/605
f 543/543/543 616/616/616 589/589/589
f 616/616/616 543/543/543 602/602/602
f 602/602/602 543/543/543 542/542/542
f 540/540/540 614/614/614 541/541/541
f 614/614/614 540/540/540 582/582/582
f 614/614/614 582/582/582 615/615/615
f 612/612/612 538/538/538 613/613/613
f 538/538/538 612/612/612 539/539/539
f 539/539/539 612/612/612 611/611/611
f 610/610/610 535/535/535 537/537/537
f 535/535/535 610/610/610 609/609/609
f 535/535/535 609/609/609 608/608/608
f 608/608/608 536/536/536 535/535/535
f 536/536/536 608/608/608 607/607/607
f 536/536/536 607/607/607 581/581/581
f 533/533/533 605/605/605 534/534/534
f 605/605/605 533/533/533 606/606/606
f 606/606/606 533/533/533 600/600/600
f 532/532/532 604/604/604 586/586/586
f 604/604/604 532/532/532 587/587/587
f 587/587/587 532/532/532 531/531/531
f 1153/1153/1153 1195/1195/1195 1169/1169/1169
f 1195/1195/1195 1153/1153/1153 1194/1194/1194
f 1194/1194/1194 1153/1153/1153 1135/1135/1135
f 1192/1192/1192 1154/1154/1154 1126/1126/1126
f 1154/1154/1154 1192/1192/1192 1193/1193/1193
f 1154/1154/1154 1193/1193/1193 1185/1185/1185
f 1140/1140/1140 1191/1191/1191 1142/1142/1142
f 1191/1191/1191 1140/1140/1140 1190/1190/1190
f 1190/1190/1190 1140/1140/1140 1189/1189/1189
f 1188/1188/1188 1138/1138/1138 1187/1187/1187
f 1138/1138/1138 1188/1188/1188 1151/1151/1151
f 1151/1151/1151 1188/1188/1188 1163/1163/1163
f 1185/1185/1185 1149/1149/1149 1154/1154/1154
f 1149/1149/1149 1185/1185/1185 1186/1186/1186
f 1149/1149/1149 1186/1186/1186 1158/1158/1158
f 1144/1144/1144 1184/1184/1184 1146/1146/1146
f 1184/1184/1184 1144/1144/1144 1183/1183/1183
f 1183/1183/1183 1144/1144/1144 1182/1182/1182
f 1180/1180/1180 1124/1124/1124 1179/1179/1179
f 1124/1124/1124 1180/1180/1180 1181/1181/1181
f 1124/1124/1124 1181/1181/1181 1134/1134/1134
f 1177/1177/1177 1152/1152/1152 1165/1165/1165
f 1152/1152/1152 1177/1177/1177 1123/1123/1123
f 1123/1123/1123 1177/1177/1177 1178/1178/1178
f 1174/1174/1174 1136/1136/1136 1133/1133/1133
f 1136/1136/1136 1174/1174/1174 1175/1175/1175
f 1136/1136/1136 1175/1175/1175 1176/1176/1176
f 1127/1127/1127 1172/1172/1172 1173/1173/1173
f 1172/1172/1172 1127/1127/1127 1150/1150/1150
f 1172/1172/1172 1150/1150/1150 1162/1162/1162
f 1145/1145/1145 1170/1170/1170 1171/1171/1171
f 1170/1170/1170 1145/1145/1145 1169/1169/1169
f 1169/1169/1169 1145/1145/1145 1153/1153/1153
f 1147/1147/1147 1168/1168/1168 1139/1139/1139
f 1168/1168/1168 1147/1147/1147 1167/1167/1167
f 1167/1167/1167 1147/1147/1147 1166/1166/1166
f 1164/1164/1164 1151/1151/1151 1163/1163/1163
f 1151/1151/1151 1164/1164/1164 1152/1152/1152
f 1152/1152/1152 1164/1164/1164 1165/1165/1165
f 1150/1150/1150 1161/1161/1161 1162/1162/1162
f 1161/1161/1161 1150/1150/1150 1143/1143/1143
f 1161/1161/1161 1143/1143/1143 1160/1160/1160
f 1158/1158/1158 1148/1148/1148 1149/1149/1149
f 1148/1148/1148 1158/1158/1158 1159/1159/1159
f 1148/1148/1148 1159/1159/1159 1155/1155/1155
f 1155/1155/1155 1141/1141/1141 1148/1148/1148
f 1141/1141/1141 1155/1155/1155 1156/1156/1156
f 1141/1141/1141 1156/1156/1156 1157/1157/1157
f 1146/1146/1146 1166/1166/1166 1147/1147/1147
f 1166/1166/1166 1146/1146/1146 1218/1218/1218
f 1218/1218/1218 1146/1146/1146 1184/1184/1184
f 1130/1130/1130 1217/1217/1217 1203/1203/1203
f 1217/1217/1217 1130/1130/1130 1171/1171/1171
f 1171/1171/1171 1130/1130/1130 1145/1145/1145
f 1129/1129/1129 1182/1182/1182 1144/1144/1144
f 1182/1182/1182 1129/1129/1129 1216/1216/1216
f 1216/1216/1216 1129/1129/1129 1202/1202/1202
f 1143/1143/1143 1215/1215/1215 1160/1160/1160
f 1215/1215/1215 1143/1143/1143 1131/1131/1131
f 1215/1215/1215 1131/1131/1131 1205/1205/1205
f 1142/1142/1142 1206/1206/1206 1132/1132/1132
f 1206/1206/1206 1142/1142/1142 1214/1214/1214
f 1214/1214/1214 1142/1142/1142 1191/1191/1191
f 1213/1213/1213 1141/1141/1141 1157/1157/1157
f 1141/1141/1141 1213/1213/1213 1137/1137/1137
f 1137/1137/1137 1213/1213/1213 1210/1210/1210
f 1139/1139/1139 1189/1189/1189 1140/1140/1140
f 1189/1189/1189 1139/1139/1139 1212/1212/1212
f 1212/1212/1212 1139/1139/1139 1168/1168/1168
f 1211/1211/1211 1137/1137/1137 1210/1210/1210
f 1137/1137/1137 1211/1211/1211 1138/1138/1138
f 1138/1138/1138 1211/1211/1211 1187/1187/1187
f 1176/1176/1176 1125/1125/1125 1136/1136/1136
f 1125/1125/1125 1176/1176/1176 1209/1209/1209
f 1125/1125/1125 1209/1209/1209 1197/1197/1197
f 1208/1208/1208 1134/1134/1134 1181/1181/1181
f 1134/1134/1134 1208/1208/1208 1194/1194/1194
f 1134/1134/1134 1194/1194/1194 1135/1135/1135
f 1206/1206/1206 1133/1133/1133 1132/1132/1132
f 1133/1133/1133 1206/1206/1206 1207/1207/1207
f 1133/1133/1133 1207/1207/1207 1174/1174/1174
f 1131/1131/1131 1204/1204/1204 1205/1205/1205
f 1204/1204/1204 1131/1131/1131 1130/1130/1130
f 1204/1204/1204 1130/1130/1130 1203/1203/1203
f 1128/1128/1128 1202/1202/1202 1129/1129/1129
f 1202/1202/1202 1128/1128/1128 1201/1201/1201
f 1201/1201/1201 1128/1128/1128 1200/1200/1200
f 1128/1128/1128 1199/1199/1199 1200/1200/1200
f 1199/1199/1199 1128/1128/1128 1127/1127/1127
f 1199/1199/1199 1127/1127/1127 1173/1173/1173
f 1197/1197/1197 1126/1126/1126 1125/1125/1125
f 1126/1126/1126 1197/1197/1197 1198/1198/1198
f 1126/1126/1126 1198/1198/1198 1192/1192/1192
f 1196/1196/1196 1123/1123/1123 1178/1178/1178
f 1123/1123/1123 1196/1196/1196 1179/1179/1179
f 1123/1123/1123 1179/1179/1179 1124/1124/1124

