# https://github.com/mikedh/trimesh
mtllib material.mtl
usemtl null.005
v 0.79041421 0.10501631 0.08938515
v 0.86786115 0.08433530 0.06765521
v 0.86786115 0.11018130 0.02828014
v 0.79043317 0.13719630 0.04003811
v 0.79039216 -0.05679270 -0.15869582
v 0.86786115 -0.04559870 -0.13029790
v 0.86786115 -0.08427870 -0.10398781
v 0.79041421 -0.10495970 -0.12571788
v 0.79039216 0.05684930 0.12236321
v 0.86786115 0.04565530 0.09396517
v 0.79038215 0.00002830 -0.17027676
v 0.79038215 0.00002830 -0.17027676
v 0.86786115 0.00002830 -0.13953674
v 0.86786115 0.00002830 -0.13953674
v 0.79039216 0.05684930 -0.15869582
v 0.86786115 0.04565530 -0.13029790
v 0.79038215 0.00002830 0.13394415
v 0.79038215 0.00002830 0.13394415
v 0.86786115 0.00002830 0.10320413
v 0.86786115 0.00002830 0.10320413
v 0.79041421 -0.10495970 0.08938515
v 0.86786115 -0.08427870 0.06765521
v 0.86786115 -0.04559870 0.09396517
v 0.79039216 -0.05679270 0.12236321
v 0.79041421 0.10501631 -0.12571788
v 0.86786115 0.08433530 -0.10398781
v 0.79043317 -0.13713971 0.04003811
v 0.86786115 -0.11012469 0.02828014
v 0.79043317 0.13719630 -0.07637084
v 0.86786115 0.11018130 -0.06461287
v 0.79044020 -0.14531370 -0.01816690
v 0.86786115 -0.11782569 -0.01816690
v 0.79044020 0.14849630 -0.01816690
v 0.86786115 0.11925731 -0.01816690
v 0.79043317 -0.13713971 -0.07637084
v 0.86786115 -0.11012469 -0.06461287
v 0.49531323 0.15293430 -0.01147580
v 0.72588217 0.15895930 -0.01816690
v 0.72588217 0.14686130 -0.07848287
v 0.49531323 0.14064430 -0.07238579
v 0.49531323 -0.15768971 -0.07238579
v 0.72588217 -0.14680471 -0.07848287
v 0.72588217 -0.15515070 -0.01816690
v 0.49531323 -0.16607670 -0.01147580
v 0.49531323 0.14064330 0.04943419
v 0.72588217 0.14686130 0.04215014
v 0.49531418 -0.12269069 -0.12402284
v 0.72588325 -0.11235269 -0.12961578
v 0.49531418 0.10564431 0.10107112
v 0.72588325 0.11240931 0.09328318
v 0.49531418 -0.07030969 -0.15852487
v 0.72588420 -0.06079170 -0.16378176
v 0.49531418 0.05326430 0.13557410
v 0.72588420 0.06084830 0.12744915
v 0.49531519 -0.00852270 -0.17064083
v 0.49531519 -0.00852270 -0.17064083
v 0.72588420 0.00002830 -0.17577994
v 0.72588420 0.00002830 -0.17577994
v 0.49531418 -0.07030969 0.13557410
v 0.72588420 -0.06079170 0.12744915
v 0.72588420 0.00002830 0.13944721
v 0.72588420 0.00002830 0.13944721
v 0.49531519 -0.00852270 0.14768910
v 0.49531519 -0.00852270 0.14768910
v 0.49531418 0.05326430 -0.15852487
v 0.72588420 0.06084830 -0.16378176
v 0.49531418 -0.12269069 0.10107112
v 0.72588325 -0.11235269 0.09328318
v 0.49531418 0.10564431 -0.12402284
v 0.72588325 0.11240931 -0.12961578
v 0.49531323 -0.15768971 0.04943419
v 0.72588217 -0.14680471 0.04215014
v 0.90348125 -0.05504970 0.04831612
v 0.90348125 -0.02977970 0.06869721
v 0.90348125 0.05510630 -0.08464885
v 0.90348125 0.02983630 -0.10502982
v 0.90348125 -0.07193369 0.01781416
v 0.90348125 0.07199030 -0.05414689
v 0.90348125 -0.07896269 -0.01816690
v 0.90348125 0.07791930 -0.01816690
v 0.90348125 -0.07193369 -0.05414689
v 0.90348125 0.07199030 0.01781416
v 0.90348125 -0.05504970 -0.08464885
v 0.90348125 0.05510630 0.04831612
v 0.90348125 -0.02977970 -0.10502982
v 0.90348125 0.02983630 0.06869721
v 0.90348125 0.00002830 -0.11218679
v 0.90348125 0.00002830 -0.11218679
v 0.90348125 0.00002830 0.07585418
v 0.90348125 0.00002830 0.07585418
v 0.92771721 -0.01461870 -0.06389284
v 0.92771721 -0.02703570 -0.05316389
v 0.92771721 0.01467530 0.02756011
v 0.92771721 0.02709230 0.01683116
v 0.92771721 0.00002830 -0.06765985
v 0.92771721 0.00002830 -0.06765985
v 0.92771721 -0.01461870 0.02755916
v 0.92771721 0.00002830 0.03132713
v 0.92771721 0.00002830 0.03132713
v 0.92771721 0.01467530 -0.06389284
v 0.92771721 -0.02703570 0.01683116
v 0.92771721 0.02709230 -0.05316389
v 0.92771721 -0.03533170 0.00077415
v 0.92771721 0.03538830 -0.03710687
v 0.92771721 -0.04171770 -0.01816690
v 0.92771721 0.03830230 -0.01816690
v 0.92771721 -0.03533170 -0.03710687
v 0.92771721 0.03538830 0.00077415
v 0.94113314 -0.00573570 -0.01816690
v 0.94113314 -0.00573570 -0.01816690
v 0.05751219 -0.09529670 -0.01816690
v 0.19990820 -0.13167471 -0.01816690
v 0.19990820 -0.12287670 0.04046714
v 0.06513721 -0.08693670 0.03189111
v 0.42146218 -0.15747570 -0.01314878
v 0.42146218 -0.14898670 0.04719222
v 0.04988721 0.08701631 -0.06822479
v 0.19990820 0.12291130 -0.07679987
v 0.19990820 0.09407631 -0.12650788
v 0.04342321 0.06660830 -0.11066186
v 0.42146218 0.13621029 -0.07348883
v 0.42146218 0.10275231 -0.12464380
v 0.19990820 -0.09404170 0.09017420
v 0.07160121 -0.06652869 0.07432818
v 0.42146218 -0.11552870 0.09834719
v 0.19990820 0.05092130 -0.15972078
v 0.03910419 0.03606630 -0.13901675
v 0.42146319 0.05267830 -0.15882385
v 0.19990820 -0.05088770 0.12338817
v 0.07592019 -0.03598670 0.10268414
v 0.42146319 -0.06545469 0.13252711
v 0.19990921 0.00001730 -0.17138374
v 0.19990921 0.00001730 -0.17138374
v 0.03758720 0.00004030 -0.14897382
v 0.03758720 0.00004030 -0.14897382
v 0.42146319 -0.00638770 -0.17082679
v 0.42146319 -0.00638770 -0.17082679
v 0.07743719 0.00004030 0.11264122
v 0.07743719 0.00004030 0.11264122
v 0.19990921 0.00001730 0.13505113
v 0.19990921 0.00001730 0.13505113
v 0.19990820 0.05092130 0.12338817
v 0.07592019 0.03606630 0.10268414
v 0.42146319 -0.00638770 0.14453018
v 0.42146319 -0.00638770 0.14453018
v 0.42146319 0.05267830 0.13252711
v 0.19990820 -0.05088770 -0.15972078
v 0.03910419 -0.03598670 -0.13901675
v 0.42146319 -0.06545469 -0.15882385
v 0.19990820 0.09407631 0.09017420
v 0.07160121 0.06660830 0.07432818
v 0.42146218 0.10275231 0.09834719
v 0.19990820 -0.09404170 -0.12650788
v 0.04342321 -0.06652869 -0.11066186
v 0.42146218 -0.11552870 -0.12464380
v 0.19990820 0.12291130 0.04046714
v 0.06513721 0.08701631 0.03189111
v 0.42146218 0.13621029 0.04719222
v 0.19990820 -0.12287670 -0.07679987
v 0.04988721 -0.08693670 -0.06822479
v 0.42146218 -0.14898670 -0.07348883
v 0.19990820 0.13303730 -0.01816690
v 0.05751219 0.09418231 -0.01816690
v 0.42146218 0.14795929 -0.01314878
v 0.00390521 0.07880531 -0.01816690
v -0.00475779 0.07280931 -0.06632090
v -0.00475779 -0.07274169 -0.06632090
v 0.00390521 -0.08031870 -0.01816690
v 0.01256719 0.07280931 0.02998722
v -0.01210180 -0.05566570 -0.10714388
v 0.01991120 0.05573330 0.07081115
v -0.01700780 -0.03011070 -0.13442087
v 0.02481821 0.03017830 0.09808815
v -0.01873079 0.00003430 -0.14399874
v -0.01873079 0.00003430 -0.14399874
v 0.02481821 -0.03011070 0.09808719
v 0.02654120 0.00003430 0.10766613
v 0.02654120 0.00003430 0.10766613
v -0.01700780 0.03017830 -0.13442087
v 0.01991120 -0.05566570 0.07081115
v -0.01210180 0.05573330 -0.10714388
v 0.01256719 -0.07274169 0.02998722
v 0.34761018 0.14298530 -0.01482081
v 0.34761119 0.13177730 -0.07459283
v 0.34761119 -0.14028370 -0.07459283
v 0.34761018 -0.14887570 -0.01482081
v 0.34761119 0.13177730 0.04495013
v 0.34761119 -0.10836569 -0.12526488
v 0.34761119 0.09986030 0.09562218
v 0.34761119 -0.06059870 -0.15912282
v 0.34761119 0.05209230 0.12948120
v 0.34761119 -0.00425270 -0.17101181
v 0.34761119 -0.00425270 -0.17101181
v 0.34761119 -0.06059870 0.12948120
v 0.34761119 -0.00425270 0.14137018
v 0.34761119 -0.00425270 0.14137018
v 0.34761119 0.05209230 -0.15912282
v 0.34761119 -0.10836569 0.09562218
v 0.34761119 0.09986030 -0.12526488
v 0.34761119 -0.14028370 0.04495013
v -0.04970181 -0.06533969 -0.01816690
v -0.04000181 -0.05854670 0.02808416
v -0.05940181 0.05860230 -0.06441689
v -0.06762579 0.04485930 -0.10362589
v -0.03177881 -0.04480270 0.06729221
v -0.07311979 0.02429030 -0.12982380
v -0.02628380 -0.02423470 0.09349120
v -0.07504979 0.00002830 -0.13902390
v -0.07504979 0.00002830 -0.13902390
v -0.02435482 0.00002830 0.10269117
v -0.02435482 0.00002830 0.10269117
v -0.02628380 0.02429030 0.09349120
v -0.07311979 -0.02423470 -0.12982380
v -0.03177881 0.04485930 0.06729221
v -0.06762579 -0.04480270 -0.10362589
v -0.04000181 0.05860230 0.02808416
v -0.05940181 -0.05854670 -0.06441689
v -0.04970181 0.06342831 -0.01816690
v 0.29968590 0.12890054 -0.07530892
v 0.29968590 0.12890054 0.04349554
v 0.29968590 0.05171235 -0.15931690
v 0.29968590 -0.13463564 0.04349554
v 0.29968518 0.13975747 -0.01590657
v 0.29968590 -0.10371798 -0.12566817
v 0.29968590 -0.10371798 0.09385455
v 0.29968590 0.09798356 -0.12566817
v 0.29968518 -0.14329448 -0.01590657
v 0.29968590 0.09798356 0.09385455
v 0.29968619 -0.00286721 -0.17113245
v 0.29968619 -0.00286721 -0.17113245
v 0.29968619 -0.00286721 0.13931978
v 0.29968619 -0.00286721 0.13931978
v 0.29968590 -0.13463564 -0.07530892
v 0.29968590 -0.05744776 -0.15931690
v 0.29968590 0.05171235 0.12750423
v 0.29968590 -0.05744776 0.12750423
v 0.05140841 -0.10821798 -0.01822865
v 0.21322703 -0.14955789 -0.01822865
v 0.21322703 -0.13955985 0.04840302
v 0.06007347 -0.09871768 0.03865719
v 0.04274338 0.09896225 -0.07511437
v 0.21322703 0.13975327 -0.08485901
v 0.21322703 0.10698523 -0.14134705
v 0.03539771 0.07577063 -0.12333977
v 0.21322703 -0.10679179 0.10489011
v 0.06741914 -0.07552606 0.08688271
v 0.21322703 0.05794395 -0.17909014
v 0.03048956 0.04106275 -0.15556228
v 0.21322703 -0.05775165 0.14263439
v 0.07232723 -0.04081818 0.11910629
v 0.21322817 0.00009672 -0.19234407
v 0.21322817 0.00009672 -0.19234407
v 0.02876568 0.00012285 -0.16687739
v 0.02876568 0.00012285 -0.16687739
v 0.07405114 0.00012285 0.13042152
v 0.07405114 0.00012285 0.13042152
v 0.21322817 0.00009672 0.15588820
v 0.21322817 0.00009672 0.15588820
v 0.21322703 0.05794395 0.14263439
v 0.07232723 0.04106275 0.11910629
v 0.21322703 -0.05775165 -0.17909014
v 0.03048956 -0.04081818 -0.15556228
v 0.21322703 0.10698523 0.10489011
v 0.06741914 0.07577063 0.08688271
v 0.21322703 -0.10679179 -0.14134705
v 0.03539771 -0.07552606 -0.12333977
v 0.21322703 0.13975327 0.04840302
v 0.06007347 0.09896225 0.03865719
v 0.21322703 -0.13955985 -0.08485901
v 0.04274338 -0.09871768 -0.07511437
v 0.21322703 0.15126045 -0.01822865
v 0.05140841 0.10710569 -0.01822865
v -0.00951052 0.08963129 -0.01822865
v -0.01935512 0.08281744 -0.07295072
v -0.01935512 -0.08258650 -0.07295072
v -0.00951052 -0.09119700 -0.01822865
v 0.00033295 0.08281744 0.03649366
v -0.02770084 -0.06318136 -0.11934197
v 0.00867867 0.06341229 0.08288586
v -0.03327602 -0.03414070 -0.15033948
v 0.01425502 0.03437163 0.11388350
v -0.03523403 0.00011604 -0.16122377
v -0.03523403 0.00011604 -0.16122377
v 0.01425502 -0.03414070 0.11388242
v 0.01621300 0.00011604 0.12476790
v 0.01621300 0.00011604 0.12476790
v -0.03327602 0.03437163 -0.15033948
v 0.00867867 -0.06318136 0.08288586
v -0.02770084 0.06341229 -0.11934197
v 0.00033295 -0.08258650 0.03649366
v -0.07042944 -0.07417488 -0.01822865
v -0.05940637 -0.06645533 0.03433108
v -0.08145249 0.06667262 -0.07078707
v -0.09079823 0.05105510 -0.11534405
v -0.05006176 -0.05083667 0.07888699
v -0.09704159 0.02768052 -0.14511526
v -0.04381722 -0.02746322 0.10865951
v -0.09923483 0.00010922 -0.15557039
v -0.09923483 0.00010922 -0.15557039
v -0.04162514 0.00010922 0.11911428
v -0.04162514 0.00010922 0.11911428
v -0.04381722 0.02768052 0.10865951
v -0.09704159 -0.02746322 -0.14511526
v -0.05006176 0.05105510 0.07888699
v -0.09079823 -0.05083667 -0.11534405
v -0.05940637 0.06667262 0.03433108
v -0.08145249 -0.06645533 -0.07078707
v -0.07042944 0.07215688 -0.01822865
v 0.32661426 0.14655945 -0.08316469
v 0.32661426 0.14655945 0.05184448
v 0.32661426 0.05884289 -0.17863119
v 0.32661426 -0.15292269 0.05184448
v 0.32661343 0.15889724 -0.01565993
v 0.32661426 -0.11778791 -0.14039290
v 0.32661426 -0.11778791 0.10907245
v 0.32661426 0.11142543 -0.14039290
v 0.32661343 -0.16276258 -0.01565993
v 0.32661426 0.11142543 0.10907245
v 0.32661462 -0.00318124 -0.19205844
v 0.32661462 -0.00318124 -0.19205844
v 0.32661462 -0.00318124 0.16073906
v 0.32661462 -0.00318124 0.16073906
v 0.32661426 -0.15292269 -0.08316469
v 0.32661426 -0.06520650 -0.17863119
v 0.32661426 0.05884289 0.14731181
v 0.32661426 -0.06520650 0.14731181
v 0.19166106 0.12115400 -0.21154916
v 0.19869202 0.11021369 -0.20492280
v 0.20427173 0.10153153 -0.19460237
v 0.20785415 0.09595712 -0.18159759
v 0.20908856 0.09403633 -0.16718161
v 0.20785415 0.09595712 -0.15276563
v 0.20427173 0.10153153 -0.13976061
v 0.19869202 0.11021369 -0.12944031
v 0.19166106 0.12115400 -0.12281394
v 0.19698036 0.12729280 -0.21154916
v 0.20880991 0.12189045 -0.20492280
v 0.21819782 0.11760313 -0.19460237
v 0.22422534 0.11485046 -0.18159759
v 0.22630233 0.11390200 -0.16718161
v 0.22422534 0.11485046 -0.15276563
v 0.21819782 0.11760313 -0.13976061
v 0.20880991 0.12189045 -0.12944031
v 0.19698036 0.12729280 -0.12281394
v 0.19813645 0.13533300 -0.21154916
v 0.21100885 0.13718379 -0.20492280
v 0.22122443 0.13865249 -0.19460237
v 0.22778314 0.13959554 -0.18159759
v 0.23004317 0.13992050 -0.16718161
v 0.22778314 0.13959554 -0.15276587
v 0.22122443 0.13865255 -0.13976061
v 0.21100885 0.13718379 -0.12944031
v 0.19813645 0.13533300 -0.12281394
v 0.19476199 0.14272180 -0.21154916
v 0.20459038 0.15123802 -0.20492280
v 0.21239024 0.15799657 -0.19460237
v 0.21739793 0.16233586 -0.18159759
v 0.21912354 0.16383111 -0.16718161
v 0.21739793 0.16233586 -0.15276587
v 0.21239024 0.15799662 -0.13976085
v 0.20459038 0.15123802 -0.12944031
v 0.19476199 0.14272180 -0.12281394
v 0.18792880 0.14711331 -0.21154916
v 0.19159257 0.15959123 -0.20492280
v 0.19450021 0.16949376 -0.19460237
v 0.19636708 0.17585163 -0.18159759
v 0.19701034 0.17804240 -0.16718161
v 0.19636708 0.17585163 -0.15276587
v 0.19450021 0.16949376 -0.13976085
v 0.19159257 0.15959123 -0.12944031
v 0.18792880 0.14711331 -0.12281394
v 0.17980582 0.14711331 -0.21154916
v 0.17614198 0.15959123 -0.20492280
v 0.17323434 0.16949376 -0.19460237
v 0.17136747 0.17585163 -0.18159759
v 0.17072427 0.17804240 -0.16718161
v 0.17136747 0.17585163 -0.15276587
v 0.17323434 0.16949385 -0.13976085
v 0.17614198 0.15959123 -0.12944031
v 0.17980582 0.14711331 -0.12281394
v 0.17297262 0.14272180 -0.21154916
v 0.16314423 0.15123802 -0.20492280
v 0.15534449 0.15799662 -0.19460237
v 0.15033668 0.16233586 -0.18159759
v 0.14861113 0.16383111 -0.16718161
v 0.15033668 0.16233593 -0.15276587
v 0.15534449 0.15799662 -0.13976085
v 0.16314423 0.15123802 -0.12944031
v 0.17297262 0.14272180 -0.12281394
v 0.18386734 0.13328139 -0.12053084
v 0.18386734 0.13328139 -0.12053084
v 0.18386734 0.13328139 -0.12053084
v 0.18386734 0.13328139 -0.12053084
v 0.18386734 0.13328139 -0.12053084
v 0.18386734 0.13328139 -0.12053084
v 0.18386734 0.13328139 -0.12053084
v 0.18386734 0.13328139 -0.12053084
v 0.18386734 0.13328139 -0.12053084
v 0.18386734 0.13328139 -0.12053084
v 0.18386734 0.13328139 -0.12053084
v 0.18386734 0.13328139 -0.21383226
v 0.18386734 0.13328139 -0.21383226
v 0.18386734 0.13328139 -0.21383226
v 0.18386734 0.13328139 -0.21383226
v 0.18386734 0.13328139 -0.21383226
v 0.18386734 0.13328139 -0.21383226
v 0.18386734 0.13328139 -0.21383226
v 0.18386734 0.13328139 -0.21383226
v 0.18386734 0.13328139 -0.21383226
v 0.18386734 0.13328139 -0.21383226
v 0.18386734 0.13328139 -0.21383226
v 0.16959816 0.13533300 -0.21154916
v 0.16959816 0.13533300 -0.21154916
v 0.15672582 0.13718379 -0.20492280
v 0.15672582 0.13718379 -0.20492280
v 0.14651021 0.13865255 -0.19460237
v 0.14651021 0.13865255 -0.19460237
v 0.13995144 0.13959554 -0.18159759
v 0.13995144 0.13959554 -0.18159759
v 0.13769147 0.13992050 -0.16718161
v 0.13769147 0.13992050 -0.16718161
v 0.13995144 0.13959561 -0.15276587
v 0.13995144 0.13959561 -0.15276587
v 0.14651021 0.13865255 -0.13976061
v 0.14651021 0.13865255 -0.13976061
v 0.15672582 0.13718379 -0.12944031
v 0.15672582 0.13718379 -0.12944031
v 0.16959816 0.13533300 -0.12281394
v 0.16959816 0.13533300 -0.12281394
v 0.17075419 0.12729280 -0.21154916
v 0.15892467 0.12189045 -0.20492280
v 0.14953676 0.11760313 -0.19460237
v 0.14350927 0.11485054 -0.18159759
v 0.14143232 0.11390200 -0.16718161
v 0.14350927 0.11485054 -0.15276563
v 0.14953676 0.11760313 -0.13976061
v 0.15892467 0.12189045 -0.12944031
v 0.17075419 0.12729286 -0.12281394
v 0.17607349 0.12115400 -0.21154916
v 0.16904259 0.11021369 -0.20492280
v 0.16346288 0.10153153 -0.19460237
v 0.15988040 0.09595712 -0.18159759
v 0.15864608 0.09403633 -0.16718161
v 0.15988040 0.09595712 -0.15276563
v 0.16346288 0.10153153 -0.13976061
v 0.16904259 0.11021377 -0.12944031
v 0.17607349 0.12115400 -0.12281394
v 0.18386734 0.11886559 -0.21154916
v 0.18386734 0.10586085 -0.20492280
v 0.18386734 0.09554014 -0.19460237
v 0.18386734 0.08891393 -0.18159759
v 0.18386734 0.08663072 -0.16718161
v 0.18386734 0.08891393 -0.15276563
v 0.18386734 0.09554022 -0.13976061
v 0.18386734 0.10586085 -0.12944031
v 0.18386734 0.11886559 -0.12281394
v 0.07546532 0.12666753 -0.13177490
v 0.08249629 0.11572723 -0.12514853
v 0.08807600 0.10704507 -0.11482811
v 0.09165841 0.10147065 -0.10182333
v 0.09289283 0.09954987 -0.08740735
v 0.09165841 0.10147065 -0.07299137
v 0.08807600 0.10704507 -0.05998635
v 0.08249629 0.11572723 -0.04966605
v 0.07546532 0.12666753 -0.04303968
v 0.08078462 0.13280633 -0.13177490
v 0.09261417 0.12740397 -0.12514853
v 0.10200208 0.12311667 -0.11482811
v 0.10802960 0.12036401 -0.10182333
v 0.11010659 0.11941554 -0.08740735
v 0.10802960 0.12036401 -0.07299137
v 0.10200208 0.12311667 -0.05998635
v 0.09261417 0.12740397 -0.04966605
v 0.08078462 0.13280633 -0.04303968
v 0.08194071 0.14084655 -0.13177490
v 0.09481311 0.14269733 -0.12514853
v 0.10502869 0.14416602 -0.11482811
v 0.11158741 0.14510909 -0.10182333
v 0.11384743 0.14543405 -0.08740735
v 0.11158741 0.14510909 -0.07299161
v 0.10502869 0.14416608 -0.05998635
v 0.09481311 0.14269733 -0.04966605
v 0.08194071 0.14084655 -0.04303968
v 0.07856625 0.14823535 -0.13177490
v 0.08839464 0.15675157 -0.12514853
v 0.09619451 0.16351011 -0.11482811
v 0.10120219 0.16784939 -0.10182333
v 0.10292780 0.16934466 -0.08740735
v 0.10120219 0.16784939 -0.07299161
v 0.09619451 0.16351017 -0.05998659
v 0.08839464 0.15675157 -0.04966605
v 0.07856625 0.14823535 -0.04303968
v 0.07173306 0.15262684 -0.13177490
v 0.07539684 0.16510478 -0.12514853
v 0.07830447 0.17500731 -0.11482811
v 0.08017135 0.18136516 -0.10182333
v 0.08081460 0.18355593 -0.08740735
v 0.08017135 0.18136516 -0.07299161
v 0.07830447 0.17500731 -0.05998659
v 0.07539684 0.16510478 -0.04966605
v 0.07173306 0.15262684 -0.04303968
v 0.06361008 0.15262684 -0.13177490
v 0.05994624 0.16510478 -0.12514853
v 0.05703861 0.17500731 -0.11482811
v 0.05517173 0.18136516 -0.10182333
v 0.05452853 0.18355593 -0.08740735
v 0.05517173 0.18136516 -0.07299161
v 0.05703861 0.17500740 -0.05998659
v 0.05994624 0.16510478 -0.04966605
v 0.06361008 0.15262684 -0.04303968
v 0.05677688 0.14823535 -0.13177490
v 0.04694849 0.15675157 -0.12514853
v 0.03914875 0.16351017 -0.11482811
v 0.03414094 0.16784939 -0.10182333
v 0.03241539 0.16934466 -0.08740735
v 0.03414094 0.16784948 -0.07299161
v 0.03914875 0.16351017 -0.05998659
v 0.04694849 0.15675157 -0.04966605
v 0.05677688 0.14823535 -0.04303968
v 0.06767160 0.13879493 -0.04075658
v 0.06767160 0.13879493 -0.04075658
v 0.06767160 0.13879493 -0.04075658
v 0.06767160 0.13879493 -0.04075658
v 0.06767160 0.13879493 -0.04075658
v 0.06767160 0.13879493 -0.04075658
v 0.06767160 0.13879493 -0.04075658
v 0.06767160 0.13879493 -0.04075658
v 0.06767160 0.13879493 -0.04075658
v 0.06767160 0.13879493 -0.04075658
v 0.06767160 0.13879493 -0.04075658
v 0.06767160 0.13879493 -0.13405800
v 0.06767160 0.13879493 -0.13405800
v 0.06767160 0.13879493 -0.13405800
v 0.06767160 0.13879493 -0.13405800
v 0.06767160 0.13879493 -0.13405800
v 0.06767160 0.13879493 -0.13405800
v 0.06767160 0.13879493 -0.13405800
v 0.06767160 0.13879493 -0.13405800
v 0.06767160 0.13879493 -0.13405800
v 0.06767160 0.13879493 -0.13405800
v 0.06767160 0.13879493 -0.13405800
v 0.05340242 0.14084655 -0.13177490
v 0.05340242 0.14084655 -0.13177490
v 0.04053009 0.14269733 -0.12514853
v 0.04053009 0.14269733 -0.12514853
v 0.03031448 0.14416608 -0.11482811
v 0.03031448 0.14416608 -0.11482811
v 0.02375570 0.14510909 -0.10182333
v 0.02375570 0.14510909 -0.10182333
v 0.02149573 0.14543405 -0.08740735
v 0.02149573 0.14543405 -0.08740735
v 0.02375570 0.14510915 -0.07299161
v 0.02375570 0.14510915 -0.07299161
v 0.03031448 0.14416608 -0.05998635
v 0.03031448 0.14416608 -0.05998635
v 0.04053009 0.14269733 -0.04966605
v 0.04053009 0.14269733 -0.04966605
v 0.05340242 0.14084655 -0.04303968
v 0.05340242 0.14084655 -0.04303968
v 0.05455846 0.13280633 -0.13177490
v 0.04272893 0.12740397 -0.12514853
v 0.03334102 0.12311667 -0.11482811
v 0.02731353 0.12036408 -0.10182333
v 0.02523658 0.11941554 -0.08740735
v 0.02731353 0.12036408 -0.07299137
v 0.03334102 0.12311667 -0.05998635
v 0.04272893 0.12740397 -0.04966605
v 0.05455846 0.13280639 -0.04303968
v 0.05987775 0.12666753 -0.13177490
v 0.05284685 0.11572723 -0.12514853
v 0.04726714 0.10704507 -0.11482811
v 0.04368466 0.10147065 -0.10182333
v 0.04245034 0.09954987 -0.08740735
v 0.04368466 0.10147065 -0.07299137
v 0.04726714 0.10704507 -0.05998635
v 0.05284685 0.11572731 -0.04966605
v 0.05987775 0.12666753 -0.04303968
v 0.06767160 0.12437913 -0.13177490
v 0.06767160 0.11137439 -0.12514853
v 0.06767160 0.10105368 -0.11482811
v 0.06767160 0.09442747 -0.10182333
v 0.06767160 0.09214427 -0.08740735
v 0.06767160 0.09442747 -0.07299137
v 0.06767160 0.10105376 -0.05998635
v 0.06767160 0.11137439 -0.04966605
v 0.06767160 0.12437913 -0.04303968
v 0.08400795 -0.16286881 -0.09241748
v 0.09103891 -0.17380913 -0.08579111
v 0.09661862 -0.18249129 -0.07547069
v 0.10020104 -0.18806569 -0.06246591
v 0.10143545 -0.18998648 -0.04804993
v 0.10020104 -0.18806569 -0.03363395
v 0.09661862 -0.18249129 -0.02062893
v 0.09103891 -0.17380913 -0.01030862
v 0.08400795 -0.16286881 -0.00368226
v 0.08932725 -0.15673001 -0.09241748
v 0.10115680 -0.16213237 -0.08579111
v 0.11054471 -0.16641967 -0.07547069
v 0.11657223 -0.16917233 -0.06246591
v 0.11864921 -0.17012082 -0.04804993
v 0.11657223 -0.16917233 -0.03363395
v 0.11054471 -0.16641967 -0.02062893
v 0.10115680 -0.16213237 -0.01030862
v 0.08932725 -0.15673001 -0.00368226
v 0.09048334 -0.14868979 -0.09241748
v 0.10335574 -0.14683901 -0.08579111
v 0.11357132 -0.14537032 -0.07547069
v 0.12013003 -0.14442725 -0.06246591
v 0.12239006 -0.14410229 -0.04804993
v 0.12013003 -0.14442725 -0.03363419
v 0.11357132 -0.14537026 -0.02062893
v 0.10335574 -0.14683901 -0.01030862
v 0.09048334 -0.14868979 -0.00368226
v 0.08710888 -0.14130099 -0.09241748
v 0.09693727 -0.13278477 -0.08579111
v 0.10473713 -0.12602623 -0.07547069
v 0.10974482 -0.12168695 -0.06246591
v 0.11147043 -0.12019168 -0.04804993
v 0.10974482 -0.12168695 -0.03363419
v 0.10473713 -0.12602617 -0.02062917
v 0.09693727 -0.13278477 -0.01030862
v 0.08710888 -0.14130099 -0.00368226
v 0.08027568 -0.13690950 -0.09241748
v 0.08393946 -0.12443157 -0.08579111
v 0.08684710 -0.11452903 -0.07547069
v 0.08871397 -0.10817118 -0.06246591
v 0.08935723 -0.10598041 -0.04804993
v 0.08871397 -0.10817118 -0.03363419
v 0.08684710 -0.11452903 -0.02062917
v 0.08393946 -0.12443157 -0.01030862
v 0.08027568 -0.13690950 -0.00368226
v 0.07215270 -0.13690950 -0.09241748
v 0.06848887 -0.12443157 -0.08579111
v 0.06558123 -0.11452903 -0.07547069
v 0.06371436 -0.10817118 -0.06246591
v 0.06307116 -0.10598041 -0.04804993
v 0.06371436 -0.10817118 -0.03363419
v 0.06558123 -0.11452894 -0.02062917
v 0.06848887 -0.12443157 -0.01030862
v 0.07215270 -0.13690950 -0.00368226
v 0.06531951 -0.14130099 -0.09241748
v 0.05549112 -0.13278477 -0.08579111
v 0.04769138 -0.12602617 -0.07547069
v 0.04268357 -0.12168695 -0.06246591
v 0.04095802 -0.12019168 -0.04804993
v 0.04268357 -0.12168686 -0.03363419
v 0.04769138 -0.12602617 -0.02062917
v 0.05549112 -0.13278477 -0.01030862
v 0.06531951 -0.14130099 -0.00368226
v 0.07621422 -0.15074141 -0.00139916
v 0.07621422 -0.15074141 -0.00139916
v 0.07621422 -0.15074141 -0.00139916
v 0.07621422 -0.15074141 -0.00139916
v 0.07621422 -0.15074141 -0.00139916
v 0.07621422 -0.15074141 -0.00139916
v 0.07621422 -0.15074141 -0.00139916
v 0.07621422 -0.15074141 -0.00139916
v 0.07621422 -0.15074141 -0.00139916
v 0.07621422 -0.15074141 -0.00139916
v 0.07621422 -0.15074141 -0.00139916
v 0.07621422 -0.15074141 -0.09470057
v 0.07621422 -0.15074141 -0.09470057
v 0.07621422 -0.15074141 -0.09470057
v 0.07621422 -0.15074141 -0.09470057
v 0.07621422 -0.15074141 -0.09470057
v 0.07621422 -0.15074141 -0.09470057
v 0.07621422 -0.15074141 -0.09470057
v 0.07621422 -0.15074141 -0.09470057
v 0.07621422 -0.15074141 -0.09470057
v 0.07621422 -0.15074141 -0.09470057
v 0.07621422 -0.15074141 -0.09470057
v 0.06194505 -0.14868979 -0.09241748
v 0.06194505 -0.14868979 -0.09241748
v 0.04907271 -0.14683901 -0.08579111
v 0.04907271 -0.14683901 -0.08579111
v 0.03885710 -0.14537026 -0.07547069
v 0.03885710 -0.14537026 -0.07547069
v 0.03229833 -0.14442725 -0.06246591
v 0.03229833 -0.14442725 -0.06246591
v 0.03003836 -0.14410229 -0.04804993
v 0.03003836 -0.14410229 -0.04804993
v 0.03229833 -0.14442720 -0.03363419
v 0.03229833 -0.14442720 -0.03363419
v 0.03885710 -0.14537026 -0.02062893
v 0.03885710 -0.14537026 -0.02062893
v 0.04907271 -0.14683901 -0.01030862
v 0.04907271 -0.14683901 -0.01030862
v 0.06194505 -0.14868979 -0.00368226
v 0.06194505 -0.14868979 -0.00368226
v 0.06310108 -0.15673001 -0.09241748
v 0.05127156 -0.16213237 -0.08579111
v 0.04188365 -0.16641967 -0.07547069
v 0.03585616 -0.16917227 -0.06246591
v 0.03377920 -0.17012082 -0.04804993
v 0.03585616 -0.16917227 -0.03363395
v 0.04188365 -0.16641967 -0.02062893
v 0.05127156 -0.16213237 -0.01030862
v 0.06310108 -0.15672995 -0.00368226
v 0.06842038 -0.16286881 -0.09241748
v 0.06138948 -0.17380913 -0.08579111
v 0.05580977 -0.18249129 -0.07547069
v 0.05222729 -0.18806569 -0.06246591
v 0.05099297 -0.18998648 -0.04804993
v 0.05222729 -0.18806569 -0.03363395
v 0.05580977 -0.18249129 -0.02062893
v 0.06138948 -0.17380904 -0.01030862
v 0.06842038 -0.16286881 -0.00368226
v 0.07621422 -0.16515721 -0.09241748
v 0.07621422 -0.17816196 -0.08579111
v 0.07621422 -0.18848266 -0.07547069
v 0.07621422 -0.19510888 -0.06246591
v 0.07621422 -0.19739209 -0.04804993
v 0.07621422 -0.19510888 -0.03363395
v 0.07621422 -0.18848260 -0.02062893
v 0.07621422 -0.17816196 -0.01030862
v 0.07621422 -0.16515721 -0.00368226
v 0.19325250 -0.15028636 -0.19836295
v 0.20028347 -0.16122667 -0.19173658
v 0.20586318 -0.16990884 -0.18141615
v 0.20944560 -0.17548324 -0.16841137
v 0.21068001 -0.17740403 -0.15399539
v 0.20944560 -0.17548324 -0.13957942
v 0.20586318 -0.16990884 -0.12657428
v 0.20028347 -0.16122667 -0.11625397
v 0.19325250 -0.15028636 -0.10962760
v 0.19857180 -0.14414756 -0.19836295
v 0.21040136 -0.14954992 -0.19173658
v 0.21978927 -0.15383722 -0.18141615
v 0.22581679 -0.15658988 -0.16841137
v 0.22789377 -0.15753837 -0.15399539
v 0.22581679 -0.15658988 -0.13957942
v 0.21978927 -0.15383722 -0.12657428
v 0.21040136 -0.14954992 -0.11625397
v 0.19857180 -0.14414756 -0.10962760
v 0.19972789 -0.13610734 -0.19836295
v 0.21260029 -0.13425656 -0.19173658
v 0.22281587 -0.13278787 -0.18141615
v 0.22937459 -0.13184480 -0.16841137
v 0.23163462 -0.13151984 -0.15399539
v 0.22937459 -0.13184480 -0.13957965
v 0.22281587 -0.13278781 -0.12657428
v 0.21260029 -0.13425656 -0.11625397
v 0.19972789 -0.13610734 -0.10962760
v 0.19635344 -0.12871854 -0.19836295
v 0.20618182 -0.12020231 -0.19173658
v 0.21398169 -0.11344377 -0.18141615
v 0.21898937 -0.10910450 -0.16841137
v 0.22071499 -0.10760923 -0.15399539
v 0.21898937 -0.10910450 -0.13957965
v 0.21398169 -0.11344371 -0.12657452
v 0.20618182 -0.12020231 -0.11625397
v 0.19635344 -0.12871854 -0.10962760
v 0.18952024 -0.12432704 -0.19836295
v 0.19318402 -0.11184911 -0.19173658
v 0.19609165 -0.10194658 -0.18141615
v 0.19795853 -0.09558873 -0.16841137
v 0.19860178 -0.09339796 -0.15399539
v 0.19795853 -0.09558873 -0.13957965
v 0.19609165 -0.10194658 -0.12657452
v 0.19318402 -0.11184911 -0.11625397
v 0.18952024 -0.12432704 -0.10962760
v 0.18139726 -0.12432704 -0.19836295
v 0.17773342 -0.11184911 -0.19173658
v 0.17482579 -0.10194658 -0.18141615
v 0.17295891 -0.09558873 -0.16841137
v 0.17231572 -0.09339796 -0.15399539
v 0.17295891 -0.09558873 -0.13957965
v 0.17482579 -0.10194649 -0.12657452
v 0.17773342 -0.11184911 -0.11625397
v 0.18139726 -0.12432704 -0.10962760
v 0.17456406 -0.12871854 -0.19836295
v 0.16473567 -0.12020231 -0.19173658
v 0.15693590 -0.11344371 -0.18141615
v 0.15192810 -0.10910450 -0.16841137
v 0.15020254 -0.10760923 -0.15399539
v 0.15192810 -0.10910441 -0.13957965
v 0.15693590 -0.11344371 -0.12657452
v 0.16473567 -0.12020231 -0.11625397
v 0.17456406 -0.12871854 -0.10962760
v 0.18545878 -0.13815896 -0.10734451
v 0.18545878 -0.13815896 -0.10734451
v 0.18545878 -0.13815896 -0.10734451
v 0.18545878 -0.13815896 -0.10734451
v 0.18545878 -0.13815896 -0.10734451
v 0.18545878 -0.13815896 -0.10734451
v 0.18545878 -0.13815896 -0.10734451
v 0.18545878 -0.13815896 -0.10734451
v 0.18545878 -0.13815896 -0.10734451
v 0.18545878 -0.13815896 -0.10734451
v 0.18545878 -0.13815896 -0.10734451
v 0.18545878 -0.13815896 -0.20064604
v 0.18545878 -0.13815896 -0.20064604
v 0.18545878 -0.13815896 -0.20064604
v 0.18545878 -0.13815896 -0.20064604
v 0.18545878 -0.13815896 -0.20064604
v 0.18545878 -0.13815896 -0.20064604
v 0.18545878 -0.13815896 -0.20064604
v 0.18545878 -0.13815896 -0.20064604
v 0.18545878 -0.13815896 -0.20064604
v 0.18545878 -0.13815896 -0.20064604
v 0.18545878 -0.13815896 -0.20064604
v 0.17118961 -0.13610734 -0.19836295
v 0.17118961 -0.13610734 -0.19836295
v 0.15831724 -0.13425656 -0.19173658
v 0.15831724 -0.13425656 -0.19173658
v 0.14810163 -0.13278781 -0.18141615
v 0.14810163 -0.13278781 -0.18141615
v 0.14154285 -0.13184480 -0.16841137
v 0.14154285 -0.13184480 -0.16841137
v 0.13928288 -0.13151984 -0.15399539
v 0.13928288 -0.13151984 -0.15399539
v 0.14154285 -0.13184474 -0.13957965
v 0.14154285 -0.13184474 -0.13957965
v 0.14810163 -0.13278781 -0.12657428
v 0.14810163 -0.13278781 -0.12657428
v 0.15831724 -0.13425656 -0.11625397
v 0.15831724 -0.13425656 -0.11625397
v 0.17118961 -0.13610734 -0.10962760
v 0.17118961 -0.13610734 -0.10962760
v 0.17234564 -0.14414756 -0.19836295
v 0.16051608 -0.14954992 -0.19173658
v 0.15112817 -0.15383722 -0.18141615
v 0.14510068 -0.15658982 -0.16841137
v 0.14302373 -0.15753837 -0.15399539
v 0.14510068 -0.15658982 -0.13957942
v 0.15112817 -0.15383722 -0.12657428
v 0.16051608 -0.14954992 -0.11625397
v 0.17234564 -0.14414750 -0.10962760
v 0.17766494 -0.15028636 -0.19836295
v 0.17063403 -0.16122667 -0.19173658
v 0.16505432 -0.16990884 -0.18141615
v 0.16147181 -0.17548324 -0.16841137
v 0.16023749 -0.17740403 -0.15399539
v 0.16147181 -0.17548324 -0.13957942
v 0.16505432 -0.16990884 -0.12657428
v 0.17063403 -0.16122659 -0.11625397
v 0.17766494 -0.15028636 -0.10962760
v 0.18545878 -0.15257476 -0.19836295
v 0.18545878 -0.16557951 -0.19173658
v 0.18545878 -0.17590021 -0.18141615
v 0.18545878 -0.18252642 -0.16841137
v 0.18545878 -0.18480964 -0.15399539
v 0.18545878 -0.18252642 -0.13957942
v 0.18545878 -0.17590015 -0.12657428
v 0.18545878 -0.16557951 -0.11625397
v 0.18545878 -0.15257476 -0.10962760
v 0.27446288 -0.01318836 -0.27704179
v 0.28149384 -0.02412868 -0.27041543
v 0.28707355 -0.03281084 -0.26009500
v 0.29065597 -0.03838525 -0.24709022
v 0.29189038 -0.04030604 -0.23267424
v 0.29065597 -0.03838525 -0.21825826
v 0.28707355 -0.03281084 -0.20525301
v 0.28149384 -0.02412868 -0.19493282
v 0.27446288 -0.01318836 -0.18830645
v 0.27978218 -0.00704956 -0.27704179
v 0.29161173 -0.01245192 -0.27041543
v 0.30099964 -0.01673922 -0.26009500
v 0.30702716 -0.01949188 -0.24709022
v 0.30910414 -0.02044037 -0.23267424
v 0.30702716 -0.01949188 -0.21825826
v 0.30099964 -0.01673922 -0.20525301
v 0.29161173 -0.01245192 -0.19493282
v 0.27978218 -0.00704956 -0.18830645
v 0.28093827 0.00099066 -0.27704179
v 0.29381067 0.00284144 -0.27041543
v 0.30402625 0.00431013 -0.26009500
v 0.31058496 0.00525319 -0.24709022
v 0.31284499 0.00557816 -0.23267424
v 0.31058496 0.00525319 -0.21825850
v 0.30402625 0.00431019 -0.20525301
v 0.29381067 0.00284144 -0.19493282
v 0.28093827 0.00099066 -0.18830645
v 0.27756381 0.00837946 -0.27704179
v 0.28739220 0.01689568 -0.27041543
v 0.29519206 0.02365422 -0.26009500
v 0.30019975 0.02799349 -0.24709022
v 0.30192536 0.02948876 -0.23267424
v 0.30019975 0.02799349 -0.21825850
v 0.29519206 0.02365428 -0.20525324
v 0.28739220 0.01689568 -0.19493282
v 0.27756381 0.00837946 -0.18830645
v 0.27073061 0.01277095 -0.27704179
v 0.27439439 0.02524888 -0.27041543
v 0.27730203 0.03515141 -0.26009500
v 0.27916890 0.04150926 -0.24709022
v 0.27981216 0.04370003 -0.23267424
v 0.27916890 0.04150926 -0.21825850
v 0.27730203 0.03515141 -0.20525324
v 0.27439439 0.02524888 -0.19493282
v 0.27073061 0.01277095 -0.18830645
v 0.26260763 0.01277095 -0.27704179
v 0.25894380 0.02524888 -0.27041543
v 0.25603616 0.03515141 -0.26009500
v 0.25416929 0.04150926 -0.24709022
v 0.25352609 0.04370003 -0.23267424
v 0.25416929 0.04150926 -0.21825850
v 0.25603616 0.03515150 -0.20525324
v 0.25894380 0.02524888 -0.19493282
v 0.26260763 0.01277095 -0.18830645
v 0.25577444 0.00837946 -0.27704179
v 0.24594605 0.01689568 -0.27041543
v 0.23814631 0.02365428 -0.26009500
v 0.23313844 0.02799349 -0.24709022
v 0.23141289 0.02948876 -0.23267424
v 0.23313844 0.02799358 -0.21825850
v 0.23814631 0.02365428 -0.20525324
v 0.24594605 0.01689568 -0.19493282
v 0.25577444 0.00837946 -0.18830645
v 0.26666915 -0.00106097 -0.18602335
v 0.26666915 -0.00106097 -0.18602335
v 0.26666915 -0.00106097 -0.18602335
v 0.26666915 -0.00106097 -0.18602335
v 0.26666915 -0.00106097 -0.18602335
v 0.26666915 -0.00106097 -0.18602335
v 0.26666915 -0.00106097 -0.18602335
v 0.26666915 -0.00106097 -0.18602335
v 0.26666915 -0.00106097 -0.18602335
v 0.26666915 -0.00106097 -0.18602335
v 0.26666915 -0.00106097 -0.18602335
v 0.26666915 -0.00106097 -0.27932489
v 0.26666915 -0.00106097 -0.27932489
v 0.26666915 -0.00106097 -0.27932489
v 0.26666915 -0.00106097 -0.27932489
v 0.26666915 -0.00106097 -0.27932489
v 0.26666915 -0.00106097 -0.27932489
v 0.26666915 -0.00106097 -0.27932489
v 0.26666915 -0.00106097 -0.27932489
v 0.26666915 -0.00106097 -0.27932489
v 0.26666915 -0.00106097 -0.27932489
v 0.26666915 -0.00106097 -0.27932489
v 0.25239998 0.00099066 -0.27704179
v 0.25239998 0.00099066 -0.27704179
v 0.23952758 0.00284144 -0.27041543
v 0.23952758 0.00284144 -0.27041543
v 0.22931200 0.00431019 -0.26009500
v 0.22931200 0.00431019 -0.26009500
v 0.22275323 0.00525319 -0.24709022
v 0.22275323 0.00525319 -0.24709022
v 0.22049326 0.00557816 -0.23267424
v 0.22049326 0.00557816 -0.23267424
v 0.22275323 0.00525325 -0.21825850
v 0.22275323 0.00525325 -0.21825850
v 0.22931200 0.00431019 -0.20525301
v 0.22931200 0.00431019 -0.20525301
v 0.23952758 0.00284144 -0.19493282
v 0.23952758 0.00284144 -0.19493282
v 0.25239998 0.00099066 -0.18830645
v 0.25239998 0.00099066 -0.18830645
v 0.25355601 -0.00704956 -0.27704179
v 0.24172646 -0.01245192 -0.27041543
v 0.23233855 -0.01673922 -0.26009500
v 0.22631109 -0.01949182 -0.24709022
v 0.22423410 -0.02044037 -0.23267424
v 0.22631109 -0.01949182 -0.21825826
v 0.23233855 -0.01673922 -0.20525301
v 0.24172646 -0.01245192 -0.19493282
v 0.25355601 -0.00704950 -0.18830645
v 0.25887531 -0.01318836 -0.27704179
v 0.25184441 -0.02412868 -0.27041543
v 0.24626470 -0.03281084 -0.26009500
v 0.24268222 -0.03838525 -0.24709022
v 0.24144787 -0.04030604 -0.23267424
v 0.24268222 -0.03838525 -0.21825826
v 0.24626470 -0.03281084 -0.20525301
v 0.25184441 -0.02412859 -0.19493282
v 0.25887531 -0.01318836 -0.18830645
v 0.26666915 -0.01547677 -0.27704179
v 0.26666915 -0.02848152 -0.27041543
v 0.26666915 -0.03880221 -0.26009500
v 0.26666915 -0.04542843 -0.24709022
v 0.26666915 -0.04771164 -0.23267424
v 0.26666915 -0.04542843 -0.21825826
v 0.26666915 -0.03880215 -0.20525301
v 0.26666915 -0.02848152 -0.19493282
v 0.26666915 -0.01547677 -0.18830645
vn 0.24011089 0.68863207 0.68420225
vn 0.52947992 0.61632949 0.58291429
vn 0.54964411 0.77760851 0.30531380
vn 0.24973778 0.89544749 0.36851728
vn 0.23052523 -0.37442583 -0.89814454
vn 0.50371027 -0.34733436 -0.79097080
vn 0.52947980 -0.61632931 -0.58291453
vn 0.24011058 -0.68863159 -0.68420279
vn 0.23052539 0.37442613 0.89814436
vn 0.50371033 0.34733501 0.79097050
vn 0.22657165 0.00000003 -0.97399449
vn 0.22657165 0.00000003 -0.97399449
vn 0.49086958 -0.00000009 -0.87123305
vn 0.49086958 -0.00000009 -0.87123305
vn 0.23052518 0.37442586 -0.89814454
vn 0.50371009 0.34733433 -0.79097104
vn 0.22657159 0.00000005 0.97399455
vn 0.22657159 0.00000005 0.97399455
vn 0.49086958 -0.00000009 0.87123305
vn 0.49086958 -0.00000009 0.87123305
vn 0.24011081 -0.68863201 0.68420237
vn 0.52947980 -0.61632949 0.58291435
vn 0.50371033 -0.34733495 0.79097050
vn 0.23052534 -0.37442598 0.89814436
vn 0.24011056 0.68863165 -0.68420273
vn 0.52947980 0.61632943 -0.58291447
vn 0.24704131 -0.90479922 0.34685606
vn 0.54407340 -0.78528994 0.29547215
vn 0.24973767 0.89544666 -0.36851922
vn 0.54964405 0.77760774 -0.30531579
vn 0.24569434 -0.96934736 -0.00000139
vn 0.54696822 -0.83715338 -0.00000119
vn 0.25373292 0.96727431 -0.00000193
vn 0.55673873 0.83068764 -0.00000193
vn 0.24704127 -0.90479869 -0.34685749
vn 0.54407340 -0.78528941 -0.29547369
vn -0.04518491 0.99897355 0.00321470
vn 0.06493433 0.99788785 -0.00183278
vn 0.05569326 0.92244524 -0.38209039
vn -0.04151933 0.92376363 -0.38070583
vn -0.03281912 -0.93626356 -0.34976190
vn 0.08953006 -0.93019164 -0.35598862
vn 0.09913871 -0.99507284 -0.00128112
vn -0.03458602 -0.99939930 0.00222603
vn -0.03862176 0.92159611 0.38622400
vn 0.06675173 0.92310208 0.37871736
vn -0.02439982 -0.71090698 -0.70286268
vn 0.06824840 -0.70419860 -0.70671529
vn -0.02496819 0.70365494 0.71010309
vn 0.06282795 0.70860165 0.70280606
vn -0.01460953 -0.38764343 -0.92169374
vn 0.04616951 -0.38049409 -0.92363012
vn -0.01129504 0.37846729 0.92554587
vn 0.05896936 0.38543016 0.92085093
vn -0.01124339 -0.00408668 -0.99992847
vn -0.01124339 -0.00408668 -0.99992847
vn 0.03264939 0.00227961 -0.99946427
vn 0.03264939 0.00227961 -0.99946427
vn -0.00855968 -0.38538831 0.92271483
vn 0.07312292 -0.38111150 0.92163283
vn 0.06165080 0.00230721 0.99809521
vn 0.06165080 0.00230721 0.99809521
vn -0.00482427 -0.00404526 0.99998027
vn -0.00482427 -0.00404526 0.99998027
vn -0.01742964 0.38067079 -0.92454636
vn 0.03226386 0.38463175 -0.92250609
vn -0.01948080 -0.70780569 0.70613849
vn 0.08901823 -0.70484442 0.70375431
vn -0.02999348 0.70675522 -0.70682210
vn 0.04240359 0.70756704 -0.70537287
vn -0.03023889 -0.93393886 0.35615149
vn 0.10001662 -0.93067634 0.35190663
vn 0.77881509 -0.46341375 0.42272305
vn 0.75901455 -0.26786479 0.59341842
vn 0.77881396 0.46341565 -0.42272303
vn 0.75901365 0.26786435 -0.59341979
vn 0.79081780 -0.57012159 0.22264019
vn 0.79522640 0.56753790 -0.21334420
vn 0.79374439 -0.60825151 -0.00000209
vn 0.80115813 0.59845275 -0.00000157
vn 0.79081756 -0.57012099 -0.22264290
vn 0.79522657 0.56753826 0.21334291
vn 0.77881384 -0.46341547 -0.42272362
vn 0.77881444 0.46341574 0.42272201
vn 0.75901371 -0.26786429 -0.59341973
vn 0.75901395 0.26786485 0.59341908
vn 0.74972552 -0.00000008 -0.66174901
vn 0.74972552 -0.00000008 -0.66174901
vn 0.74972636 -0.00000210 0.66174799
vn 0.74972636 -0.00000210 0.66174799
vn 0.91596246 -0.18262336 -0.35729751
vn 0.90432316 -0.33193779 -0.26835975
vn 0.92059088 0.18064396 0.34623730
vn 0.91485453 0.31589058 0.25150436
vn 0.92196429 0.00162961 -0.38727143
vn 0.92196429 0.00162961 -0.38727143
vn 0.91596454 -0.18262377 0.35729191
vn 0.92196518 0.00162311 0.38726935
vn 0.92196518 0.00162311 0.38726935
vn 0.92059004 0.18064477 -0.34623927
vn 0.90432507 -0.33193159 0.26836115
vn 0.91485411 0.31589183 -0.25150442
vn 0.89373642 -0.41653025 0.16654669
vn 0.90934390 0.39509124 -0.13037139
vn 0.88936478 -0.45719838 -0.00000363
vn 0.90717191 0.42076030 -0.00000150
vn 0.89373559 -0.41653040 -0.16655073
vn 0.90934414 0.39509094 0.13037033
vn 0.99907792 -0.04293618 -0.00000213
vn 0.99907792 -0.04293618 -0.00000213
vn -0.25740188 -0.96585149 0.02958742
vn -0.18296677 -0.98309243 0.00724322
vn -0.18416718 -0.92629749 0.32871786
vn -0.25146598 -0.91425622 0.31764844
vn -0.11688580 -0.99314541 -0.00003058
vn -0.11601610 -0.92968357 0.34961247
vn -0.24137850 0.93408036 -0.26311684
vn -0.14132267 0.93509239 -0.32500798
vn -0.10958002 0.75792694 -0.64306998
vn -0.19659255 0.79503667 -0.57381898
vn -0.04785426 0.92539448 -0.37597239
vn -0.02204173 0.71389526 -0.69990563
vn -0.16460687 -0.74468488 0.64679915
vn -0.21930940 -0.76819015 0.60148758
vn -0.09460174 -0.71066123 0.69714499
vn -0.08009813 0.43668801 -0.89604020
vn -0.14593390 0.48542729 -0.86201143
vn -0.00144440 0.38926557 -0.92112446
vn -0.13367710 -0.42728204 0.89418149
vn -0.17296031 -0.46580008 0.86782211
vn -0.06552484 -0.38827357 0.91921169
vn -0.07138482 0.00201914 -0.99744684
vn -0.07138482 0.00201914 -0.99744684
vn -0.12193301 0.00002432 -0.99253839
vn -0.12193301 0.00002432 -0.99253839
vn -0.00046652 -0.00006255 -0.99999988
vn -0.00046652 -0.00006255 -0.99999988
vn -0.15035160 0.00002443 0.98863268
vn -0.15035160 0.00002443 0.98863268
vn -0.11520573 0.00204247 0.99333960
vn -0.11520573 0.00204247 0.99333960
vn -0.12177248 0.43119952 0.89400148
vn -0.17293179 0.46583456 0.86780918
vn -0.04571278 -0.00001073 0.99895471
vn -0.04571278 -0.00001073 0.99895471
vn -0.04312811 0.38882747 0.92030054
vn -0.09188785 -0.43301114 -0.89669275
vn -0.14593689 -0.48539552 -0.86202878
vn -0.02394426 -0.38913998 -0.92086750
vn -0.14337862 0.74880809 0.64709276
vn -0.21926452 0.76820761 0.60148174
vn -0.05367916 0.71300751 0.69909865
vn -0.13075021 -0.75435686 -0.64331192
vn -0.19661093 -0.79502249 -0.57383221
vn -0.06318392 -0.71246648 -0.69885576
vn -0.16041137 0.92796916 0.33636513
vn -0.25477728 0.91515750 0.31237057
vn -0.06482035 0.92455018 0.37550685
vn -0.16546354 -0.93354070 -0.31799957
vn -0.23834614 -0.93281442 -0.27027491
vn -0.10033235 -0.93117470 -0.35049567
vn -0.16046749 0.98701417 0.00730934
vn -0.26285815 0.96439654 0.02906722
vn -0.06430887 0.99793011 -0.00010052
vn -0.26771122 0.96238279 0.04636956
vn -0.24675788 0.94612569 -0.20965849
vn -0.24431078 -0.94309330 -0.22558221
vn -0.26480943 -0.96320790 0.04589715
vn -0.25249630 0.92308956 0.29008853
vn -0.19477215 -0.83847457 -0.50894427
vn -0.20421423 0.80456251 0.55765206
vn -0.13211872 -0.54149938 -0.83025485
vn -0.14195228 0.51565379 0.84495610
vn -0.10167748 0.00000716 -0.99481744
vn -0.10167748 0.00000716 -0.99481744
vn -0.14183724 -0.51567644 0.84496158
vn -0.11115338 -0.00000400 0.99380326
vn -0.11115338 -0.00000400 0.99380326
vn -0.13223140 0.54150116 -0.83023578
vn -0.20404106 -0.80460697 0.55765122
vn -0.19494416 0.83845770 -0.50890630
vn -0.24976002 -0.91925037 0.30430034
vn -0.06427827 0.99793208 -0.00008888
vn -0.04819304 0.92944574 -0.36579797
vn -0.10062093 -0.93339694 -0.34444970
vn -0.11689574 -0.99314427 -0.00003400
vn -0.06470358 0.92861593 0.36535719
vn -0.06428696 -0.72336578 -0.68746579
vn -0.05363938 0.72397077 0.68774217
vn -0.02470288 -0.39958966 -0.91636133
vn -0.04307875 0.39929977 0.91580784
vn -0.00059634 -0.00005511 -0.99999982
vn -0.00059634 -0.00005511 -0.99999982
vn -0.06607774 -0.39870411 0.91469610
vn -0.04584278 0.00000029 0.99894875
vn -0.04584278 0.00000029 0.99894875
vn -0.00159828 0.39973825 -0.91662800
vn -0.09519003 -0.72155416 0.68578309
vn -0.02251431 0.72485495 -0.68853354
vn -0.11603386 -0.93191546 0.34361291
vn -0.26447126 -0.96385330 0.03227701
vn -0.25150880 -0.92545342 0.28333610
vn -0.24420296 0.94800854 -0.20407054
vn -0.19144613 0.84562266 -0.49826783
vn -0.20809840 -0.82783854 0.52093995
vn -0.13032734 0.54531831 -0.82803559
vn -0.14506900 -0.55123740 0.82164013
vn -0.10300525 -0.00001620 -0.99468082
vn -0.10300525 -0.00001620 -0.99468082
vn -0.11258432 -0.00002784 0.99364221
vn -0.11258432 -0.00002784 0.99364221
vn -0.14519402 0.55118746 0.82165152
vn -0.13021889 -0.54533976 -0.82803839
vn -0.20827331 0.82778710 0.52095199
vn -0.19127794 -0.84564263 -0.49829841
vn -0.25460875 0.93014461 0.26458561
vn -0.24196674 -0.94503015 -0.21993236
vn -0.26724482 0.96289408 0.03761992
vn -0.04854350 0.93351382 -0.35524017
vn -0.06457601 0.93270618 0.35480860
vn -0.00176068 0.41099843 -0.91163433
vn -0.11604764 -0.93419969 0.33734834
vn -0.06425267 0.99793369 -0.00009659
vn -0.06543078 -0.73467910 -0.67525214
vn -0.09577925 -0.73285395 0.67361087
vn -0.02300829 0.73624194 -0.67632717
vn -0.11691002 -0.99314255 -0.00003302
vn -0.05357947 0.73535419 0.67556161
vn -0.00073663 -0.00007333 -0.99999976
vn -0.00073663 -0.00007333 -0.99999976
vn -0.04598614 -0.00001387 0.99894208
vn -0.04598614 -0.00001387 0.99894208
vn -0.10091711 -0.93565607 -0.33817682
vn -0.02551574 -0.41084513 -0.91134804
vn -0.04301698 0.41053736 0.91082865
vn -0.06666224 -0.40991655 0.90968388
vn -0.25740179 -0.96585149 0.02958738
vn -0.18296671 -0.98309243 0.00724317
vn -0.18416715 -0.92629766 0.32871759
vn -0.25146598 -0.91425627 0.31764823
vn -0.24137841 0.93408024 -0.26311705
vn -0.14132267 0.93509233 -0.32500806
vn -0.10957997 0.75792688 -0.64307004
vn -0.19659229 0.79503673 -0.57381880
vn -0.16460685 -0.74468476 0.64679927
vn -0.21930952 -0.76819015 0.60148770
vn -0.08009795 0.43668845 -0.89603990
vn -0.14593369 0.48542732 -0.86201149
vn -0.13367710 -0.42728201 0.89418155
vn -0.17296019 -0.46580002 0.86782205
vn -0.07138466 0.00201910 -0.99744689
vn -0.07138466 0.00201910 -0.99744689
vn -0.12193284 0.00002433 -0.99253833
vn -0.12193284 0.00002433 -0.99253833
vn -0.15035130 0.00002450 0.98863262
vn -0.15035130 0.00002450 0.98863262
vn -0.11520583 0.00204247 0.99333954
vn -0.11520583 0.00204247 0.99333954
vn -0.12177245 0.43119937 0.89400142
vn -0.17293169 0.46583465 0.86780918
vn -0.09188770 -0.43301171 -0.89669251
vn -0.14593676 -0.48539561 -0.86202878
vn -0.14337860 0.74880803 0.64709288
vn -0.21926457 0.76820761 0.60148174
vn -0.13075013 -0.75435680 -0.64331210
vn -0.19661081 -0.79502255 -0.57383215
vn -0.16041140 0.92796922 0.33636490
vn -0.25477725 0.91515768 0.31237030
vn -0.16546348 -0.93354058 -0.31799969
vn -0.23834610 -0.93281436 -0.27027512
vn -0.16046748 0.98701417 0.00730928
vn -0.26285815 0.96439666 0.02906717
vn -0.26771125 0.96238279 0.04636944
vn -0.24675798 0.94612581 -0.20965844
vn -0.24431081 -0.94309324 -0.22558220
vn -0.26480937 -0.96320796 0.04589701
vn -0.25249630 0.92308956 0.29008853
vn -0.19477245 -0.83847451 -0.50894439
vn -0.20421420 0.80456263 0.55765176
vn -0.13211921 -0.54149926 -0.83025485
vn -0.14195219 0.51565385 0.84495604
vn -0.10167793 0.00000727 -0.99481738
vn -0.10167793 0.00000727 -0.99481738
vn -0.14183718 -0.51567650 0.84496158
vn -0.11115318 -0.00000394 0.99380332
vn -0.11115318 -0.00000394 0.99380332
vn -0.13223186 0.54150110 -0.83023578
vn -0.20404112 -0.80460727 0.55765092
vn -0.19494441 0.83845758 -0.50890636
vn -0.24976000 -0.91925043 0.30430040
vn -0.26447129 -0.96385336 0.03227684
vn -0.25150880 -0.92545336 0.28333625
vn -0.24420311 0.94800848 -0.20407063
vn -0.19144683 0.84562236 -0.49826804
vn -0.20809829 -0.82783866 0.52093971
vn -0.13032828 0.54531902 -0.82803488
vn -0.14506948 -0.55123764 0.82163990
vn -0.10300625 -0.00001610 -0.99468076
vn -0.10300625 -0.00001610 -0.99468076
vn -0.11258522 -0.00002789 0.99364215
vn -0.11258522 -0.00002789 0.99364215
vn -0.14519447 0.55118757 0.82165140
vn -0.13021985 -0.54534060 -0.82803780
vn -0.20827317 0.82778716 0.52095187
vn -0.19127847 -0.84564251 -0.49829856
vn -0.25460875 0.93014455 0.26458573
vn -0.24196663 -0.94503009 -0.21993248
vn -0.26724502 0.96289408 0.03761979
vn -0.04899522 0.93716550 -0.34542790
vn -0.06448576 0.93466628 0.34962910
vn -0.00189415 0.41841158 -0.90825570
vn -0.11609160 -0.93596995 0.33238998
vn -0.06429662 0.99792773 0.00248534
vn -0.06703731 -0.74689609 -0.66155291
vn -0.09646204 -0.74237102 0.66300857
vn -0.02356847 0.74526823 -0.66634816
vn -0.11696216 -0.99313426 0.00204801
vn -0.05353808 0.74165452 0.66864210
vn -0.00093185 -0.00399801 -0.99999166
vn -0.00093185 -0.00399801 -0.99999166
vn -0.04618103 -0.00395312 0.99892533
vn -0.04618103 -0.00395312 0.99892533
vn -0.10154956 -0.93917418 -0.32808492
vn -0.02668501 -0.42458770 -0.90499347
vn -0.04295881 0.41575390 0.90846211
vn -0.06737860 -0.42146960 0.90433598
vn 0.18070902 -0.28119087 -0.94248396
vn 0.32747215 -0.50955546 -0.79568541
vn 0.44242421 -0.68842262 -0.57474798
vn 0.51555777 -0.80222344 -0.30106136
vn 0.54064035 -0.84125382 -0.00000004
vn 0.51555800 -0.80222434 0.30105829
vn 0.44242421 -0.68842357 0.57474673
vn 0.32747057 -0.50955391 0.79568702
vn 0.18070911 -0.28119043 0.94248408
vn 0.30404490 -0.13885425 -0.94248408
vn 0.55097294 -0.25162205 -0.79568541
vn 0.74437952 -0.33994806 -0.57474744
vn 0.86742896 -0.39614233 -0.30106196
vn 0.90963238 -0.41541427 0.00000031
vn 0.86743009 -0.39614230 0.30105862
vn 0.74438113 -0.33994818 0.57474518
vn 0.55097091 -0.25162128 0.79568708
vn 0.30404496 -0.13885355 0.94248414
vn 0.33084917 0.04756860 -0.94248396
vn 0.59954369 0.08620110 -0.79568642
vn 0.81000209 0.11645945 -0.57474673
vn 0.94389856 0.13571274 -0.30106077
vn 0.98982131 0.14231633 0.00000092
vn 0.94389987 0.13571368 0.30105636
vn 0.81000382 0.11646266 0.57474357
vn 0.59954172 0.08620225 0.79568768
vn 0.33084914 0.04756934 0.94248390
vn 0.25260922 0.21888885 -0.94248408
vn 0.45776376 0.39665657 -0.79568583
vn 0.61845368 0.53589320 -0.57474661
vn 0.72068608 0.62447900 -0.30106077
vn 0.75574940 0.65486091 0.00000126
vn 0.72068655 0.62448013 0.30105740
vn 0.61845481 0.53589785 0.57474101
vn 0.45776299 0.39665830 0.79568553
vn 0.25260910 0.21888883 0.94248414
vn 0.09417062 0.32071298 -0.94248354
vn 0.17064841 0.58117473 -0.79568529
vn 0.23055029 0.78518236 -0.57474798
vn 0.26866210 0.91497672 -0.30106190
vn 0.28173265 0.95949298 0.00000133
vn 0.26866242 0.91497767 0.30105883
vn 0.23055181 0.78518629 0.57474220
vn 0.17064908 0.58117634 0.79568398
vn 0.09417062 0.32071212 0.94248384
vn -0.09417056 0.32071158 -0.94248390
vn -0.17064919 0.58117419 -0.79568559
vn -0.23055099 0.78518212 -0.57474816
vn -0.26866308 0.91497666 -0.30106151
vn -0.28173238 0.95949310 0.00000077
vn -0.26866284 0.91497779 0.30105826
vn -0.23055112 0.78518605 0.57474262
vn -0.17064944 0.58117580 0.79568428
vn -0.09417056 0.32071191 0.94248384
vn -0.25260934 0.21888781 -0.94248432
vn -0.45776498 0.39665592 -0.79568553
vn -0.61845237 0.53589410 -0.57474709
vn -0.72068667 0.62447852 -0.30106044
vn -0.75574917 0.65486121 0.00000033
vn -0.72068655 0.62448031 0.30105689
vn -0.61845446 0.53589690 0.57474226
vn -0.45776507 0.39665735 0.79568470
vn -0.25260946 0.21888834 0.94248426
vn 0.00000040 -0.00000015 1.00000000
vn 0.00000040 -0.00000015 1.00000000
vn 0.00000040 -0.00000015 1.00000000
vn 0.00000040 -0.00000015 1.00000000
vn 0.00000040 -0.00000015 1.00000000
vn 0.00000040 -0.00000015 1.00000000
vn 0.00000040 -0.00000015 1.00000000
vn 0.00000040 -0.00000015 1.00000000
vn 0.00000040 -0.00000015 1.00000000
vn 0.00000040 -0.00000015 1.00000000
vn 0.00000040 -0.00000015 1.00000000
vn 0.00000041 -0.00000079 -1.00000000
vn 0.00000041 -0.00000079 -1.00000000
vn 0.00000041 -0.00000079 -1.00000000
vn 0.00000041 -0.00000079 -1.00000000
vn 0.00000041 -0.00000079 -1.00000000
vn 0.00000041 -0.00000079 -1.00000000
vn 0.00000041 -0.00000079 -1.00000000
vn 0.00000041 -0.00000079 -1.00000000
vn 0.00000041 -0.00000079 -1.00000000
vn 0.00000041 -0.00000079 -1.00000000
vn 0.00000041 -0.00000079 -1.00000000
vn -0.33084917 0.04756991 -0.94248390
vn -0.33084917 0.04756991 -0.94248390
vn -0.59954399 0.08620262 -0.79568595
vn -0.59954399 0.08620262 -0.79568595
vn -0.81000131 0.11646151 -0.57474750
vn -0.81000131 0.11646151 -0.57474750
vn -0.94389868 0.13571271 -0.30106062
vn -0.94389868 0.13571271 -0.30106062
vn -0.98982126 0.14231613 0.00000065
vn -0.98982126 0.14231613 0.00000065
vn -0.94389969 0.13571516 0.30105627
vn -0.94389969 0.13571516 0.30105627
vn -0.81000310 0.11646361 0.57474446
vn -0.81000310 0.11646361 0.57474446
vn -0.59954238 0.08620380 0.79568702
vn -0.59954238 0.08620380 0.79568702
vn -0.33084935 0.04756969 0.94248390
vn -0.33084935 0.04756969 0.94248390
vn -0.30404559 -0.13885346 -0.94248396
vn -0.55097353 -0.25162145 -0.79568523
vn -0.74437958 -0.33994779 -0.57474738
vn -0.86742979 -0.39614111 -0.30106118
vn -0.90963215 -0.41541472 0.00000042
vn -0.86743104 -0.39614090 0.30105788
vn -0.74438101 -0.33994785 0.57474554
vn -0.55097073 -0.25162089 0.79568726
vn -0.30404559 -0.13885270 0.94248408
vn -0.18070889 -0.28119090 -0.94248396
vn -0.32747149 -0.50955611 -0.79568535
vn -0.44242385 -0.68842292 -0.57474780
vn -0.51555890 -0.80222279 -0.30106094
vn -0.54064006 -0.84125406 -0.00000011
vn -0.51555902 -0.80222386 0.30105805
vn -0.44242340 -0.68842375 0.57474726
vn -0.32747012 -0.50955373 0.79568732
vn -0.18070962 -0.28119084 0.94248384
vn 0.00000052 -0.33425125 -0.94248402
vn 0.00000042 -0.60570973 -0.79568565
vn 0.00000040 -0.81833065 -0.57474774
vn 0.00000039 -0.95360506 -0.30106050
vn 0.00000037 -1.00000000 -0.00000013
vn 0.00000045 -0.95360595 0.30105788
vn 0.00000016 -0.81833088 0.57474738
vn -0.00000038 -0.60570765 0.79568732
vn -0.00000006 -0.33425164 0.94248396
vn 0.18070893 -0.28119060 -0.94248402
vn 0.32747206 -0.50955540 -0.79568553
vn 0.44242427 -0.68842262 -0.57474792
vn 0.51555783 -0.80222332 -0.30106121
vn 0.54064059 -0.84125370 0.00000004
vn 0.51555806 -0.80222422 0.30105868
vn 0.44242406 -0.68842351 0.57474691
vn 0.32747036 -0.50955397 0.79568708
vn 0.18070894 -0.28119031 0.94248420
vn 0.30404484 -0.13885409 -0.94248420
vn 0.55097300 -0.25162241 -0.79568523
vn 0.74437934 -0.33994815 -0.57474744
vn 0.86742896 -0.39614227 -0.30106211
vn 0.90963238 -0.41541430 0.00000040
vn 0.86743009 -0.39614204 0.30105892
vn 0.74438095 -0.33994806 0.57474548
vn 0.55097067 -0.25162145 0.79568720
vn 0.30404487 -0.13885392 0.94248414
vn 0.33084908 0.04756926 -0.94248396
vn 0.59954381 0.08620118 -0.79568624
vn 0.81000221 0.11645917 -0.57474673
vn 0.94389838 0.13571280 -0.30106130
vn 0.98982131 0.14231648 0.00000093
vn 0.94389969 0.13571391 0.30105665
vn 0.81000400 0.11646263 0.57474333
vn 0.59954190 0.08620235 0.79568750
vn 0.33084917 0.04756916 0.94248402
vn 0.25260913 0.21888885 -0.94248420
vn 0.45776379 0.39665648 -0.79568595
vn 0.61845380 0.53589326 -0.57474637
vn 0.72068596 0.62447894 -0.30106118
vn 0.75574923 0.65486121 0.00000123
vn 0.72068655 0.62447989 0.30105770
vn 0.61845511 0.53589803 0.57474047
vn 0.45776346 0.39665851 0.79568499
vn 0.25260913 0.21888910 0.94248408
vn 0.09417044 0.32071194 -0.94248384
vn 0.17064825 0.58117473 -0.79568541
vn 0.23055029 0.78518271 -0.57474744
vn 0.26866204 0.91497689 -0.30106166
vn 0.28173265 0.95949298 0.00000124
vn 0.26866260 0.91497767 0.30105862
vn 0.23055193 0.78518647 0.57474172
vn 0.17064922 0.58117640 0.79568398
vn 0.09417041 0.32071218 0.94248372
vn -0.09417043 0.32071155 -0.94248396
vn -0.17064901 0.58117431 -0.79568547
vn -0.23055114 0.78518242 -0.57474756
vn -0.26866317 0.91497672 -0.30106127
vn -0.28173220 0.95949316 0.00000060
vn -0.26866272 0.91497785 0.30105811
vn -0.23055118 0.78518617 0.57474238
vn -0.17064953 0.58117568 0.79568440
vn -0.09417037 0.32071188 0.94248390
vn -0.25260946 0.21888810 -0.94248426
vn -0.45776495 0.39665562 -0.79568559
vn -0.61845249 0.53589398 -0.57474715
vn -0.72068667 0.62447840 -0.30106053
vn -0.75574899 0.65486151 0.00000011
vn -0.72068661 0.62448031 0.30105683
vn -0.61845464 0.53589678 0.57474214
vn -0.45776519 0.39665741 0.79568458
vn -0.25260940 0.21888846 0.94248420
vn 0.00000046 -0.00000017 1.00000000
vn 0.00000046 -0.00000017 1.00000000
vn 0.00000046 -0.00000017 1.00000000
vn 0.00000046 -0.00000017 1.00000000
vn 0.00000046 -0.00000017 1.00000000
vn 0.00000046 -0.00000017 1.00000000
vn 0.00000046 -0.00000017 1.00000000
vn 0.00000046 -0.00000017 1.00000000
vn 0.00000046 -0.00000017 1.00000000
vn 0.00000046 -0.00000017 1.00000000
vn 0.00000046 -0.00000017 1.00000000
vn 0.00000049 -0.00000071 -1.00000000
vn 0.00000049 -0.00000071 -1.00000000
vn 0.00000049 -0.00000071 -1.00000000
vn 0.00000049 -0.00000071 -1.00000000
vn 0.00000049 -0.00000071 -1.00000000
vn 0.00000049 -0.00000071 -1.00000000
vn 0.00000049 -0.00000071 -1.00000000
vn 0.00000049 -0.00000071 -1.00000000
vn 0.00000049 -0.00000071 -1.00000000
vn 0.00000049 -0.00000071 -1.00000000
vn 0.00000049 -0.00000071 -1.00000000
vn -0.33084935 0.04756973 -0.94248396
vn -0.33084935 0.04756973 -0.94248396
vn -0.59954399 0.08620257 -0.79568589
vn -0.59954399 0.08620257 -0.79568589
vn -0.81000119 0.11646122 -0.57474762
vn -0.81000119 0.11646122 -0.57474762
vn -0.94389856 0.13571300 -0.30106080
vn -0.94389856 0.13571300 -0.30106080
vn -0.98982126 0.14231639 0.00000048
vn -0.98982126 0.14231639 0.00000048
vn -0.94389969 0.13571489 0.30105621
vn -0.94389969 0.13571489 0.30105621
vn -0.81000316 0.11646333 0.57474458
vn -0.81000316 0.11646333 0.57474458
vn -0.59954220 0.08620391 0.79568720
vn -0.59954220 0.08620391 0.79568720
vn -0.33084929 0.04756990 0.94248390
vn -0.33084929 0.04756990 0.94248390
vn -0.30404550 -0.13885346 -0.94248396
vn -0.55097353 -0.25162160 -0.79568505
vn -0.74437964 -0.33994755 -0.57474744
vn -0.86742991 -0.39614099 -0.30106124
vn -0.90963221 -0.41541478 0.00000039
vn -0.86743104 -0.39614081 0.30105802
vn -0.74438095 -0.33994758 0.57474571
vn -0.55097085 -0.25162086 0.79568732
vn -0.30404547 -0.13885249 0.94248420
vn -0.18070875 -0.28119099 -0.94248396
vn -0.32747144 -0.50955635 -0.79568523
vn -0.44242388 -0.68842274 -0.57474798
vn -0.51555902 -0.80222285 -0.30106086
vn -0.54064006 -0.84125400 0.00000001
vn -0.51555908 -0.80222374 0.30105802
vn -0.44242343 -0.68842351 0.57474750
vn -0.32747012 -0.50955385 0.79568738
vn -0.18070948 -0.28119105 0.94248378
vn 0.00000044 -0.33425099 -0.94248414
vn 0.00000040 -0.60570931 -0.79568601
vn 0.00000039 -0.81833047 -0.57474804
vn 0.00000046 -0.95360512 -0.30106023
vn 0.00000044 -1.00000000 -0.00000002
vn 0.00000042 -0.95360595 0.30105785
vn 0.00000024 -0.81833082 0.57474756
vn -0.00000031 -0.60570759 0.79568732
vn -0.00000012 -0.33425134 0.94248402
vn 0.18070902 -0.28119004 -0.94248420
vn 0.32747215 -0.50955546 -0.79568541
vn 0.44242412 -0.68842274 -0.57474786
vn 0.51555765 -0.80222338 -0.30106166
vn 0.54064023 -0.84125394 0.00000000
vn 0.51555800 -0.80222416 0.30105883
vn 0.44242409 -0.68842363 0.57474685
vn 0.32747054 -0.50955379 0.79568714
vn 0.18070902 -0.28118995 0.94248420
vn 0.30404478 -0.13885354 -0.94248420
vn 0.55097294 -0.25162241 -0.79568529
vn 0.74437934 -0.33994824 -0.57474744
vn 0.86742884 -0.39614233 -0.30106243
vn 0.90963227 -0.41541466 0.00000032
vn 0.86743021 -0.39614201 0.30105904
vn 0.74438107 -0.33994794 0.57474536
vn 0.55097067 -0.25162134 0.79568726
vn 0.30404484 -0.13885379 0.94248426
vn 0.33084881 0.04756914 -0.94248414
vn 0.59954375 0.08620130 -0.79568630
vn 0.81000209 0.11645918 -0.57474679
vn 0.94389838 0.13571268 -0.30106151
vn 0.98982120 0.14231651 0.00000093
vn 0.94389975 0.13571389 0.30105659
vn 0.81000417 0.11646251 0.57474315
vn 0.59954184 0.08620231 0.79568762
vn 0.33084893 0.04756916 0.94248408
vn 0.25260922 0.21888879 -0.94248420
vn 0.45776385 0.39665666 -0.79568577
vn 0.61845362 0.53589332 -0.57474643
vn 0.72068608 0.62447888 -0.30106121
vn 0.75574923 0.65486121 0.00000125
vn 0.72068661 0.62447995 0.30105764
vn 0.61845523 0.53589791 0.57474053
vn 0.45776346 0.39665848 0.79568499
vn 0.25260922 0.21888906 0.94248408
vn 0.09417067 0.32071209 -0.94248384
vn 0.17064828 0.58117467 -0.79568547
vn 0.23055026 0.78518277 -0.57474750
vn 0.26866215 0.91497689 -0.30106166
vn 0.28173265 0.95949298 0.00000126
vn 0.26866257 0.91497779 0.30105853
vn 0.23055182 0.78518647 0.57474172
vn 0.17064913 0.58117634 0.79568398
vn 0.09417064 0.32071206 0.94248384
vn -0.09417062 0.32071191 -0.94248378
vn -0.17064907 0.58117437 -0.79568541
vn -0.23055106 0.78518254 -0.57474762
vn -0.26866326 0.91497660 -0.30106127
vn -0.28173235 0.95949304 0.00000057
vn -0.26866287 0.91497785 0.30105805
vn -0.23055123 0.78518617 0.57474238
vn -0.17064951 0.58117580 0.79568440
vn -0.09417062 0.32071191 0.94248378
vn -0.25260955 0.21888849 -0.94248408
vn -0.45776492 0.39665613 -0.79568541
vn -0.61845243 0.53589404 -0.57474709
vn -0.72068673 0.62447834 -0.30106059
vn -0.75574905 0.65486133 0.00000005
vn -0.72068661 0.62448031 0.30105689
vn -0.61845458 0.53589678 0.57474220
vn -0.45776516 0.39665741 0.79568458
vn -0.25260958 0.21888861 0.94248408
vn 0.00000043 -0.00000017 1.00000000
vn 0.00000043 -0.00000017 1.00000000
vn 0.00000043 -0.00000017 1.00000000
vn 0.00000043 -0.00000017 1.00000000
vn 0.00000043 -0.00000017 1.00000000
vn 0.00000043 -0.00000017 1.00000000
vn 0.00000043 -0.00000017 1.00000000
vn 0.00000043 -0.00000017 1.00000000
vn 0.00000043 -0.00000017 1.00000000
vn 0.00000043 -0.00000017 1.00000000
vn 0.00000043 -0.00000017 1.00000000
vn 0.00000048 -0.00000008 -1.00000000
vn 0.00000048 -0.00000008 -1.00000000
vn 0.00000048 -0.00000008 -1.00000000
vn 0.00000048 -0.00000008 -1.00000000
vn 0.00000048 -0.00000008 -1.00000000
vn 0.00000048 -0.00000008 -1.00000000
vn 0.00000048 -0.00000008 -1.00000000
vn 0.00000048 -0.00000008 -1.00000000
vn 0.00000048 -0.00000008 -1.00000000
vn 0.00000048 -0.00000008 -1.00000000
vn 0.00000048 -0.00000008 -1.00000000
vn -0.33084917 0.04757016 -0.94248390
vn -0.33084917 0.04757016 -0.94248390
vn -0.59954393 0.08620256 -0.79568607
vn -0.59954393 0.08620256 -0.79568607
vn -0.81000119 0.11646124 -0.57474762
vn -0.81000119 0.11646124 -0.57474762
vn -0.94389856 0.13571303 -0.30106086
vn -0.94389856 0.13571303 -0.30106086
vn -0.98982126 0.14231645 0.00000045
vn -0.98982126 0.14231645 0.00000045
vn -0.94389969 0.13571502 0.30105639
vn -0.94389969 0.13571502 0.30105639
vn -0.81000316 0.11646339 0.57474458
vn -0.81000316 0.11646339 0.57474458
vn -0.59954232 0.08620388 0.79568708
vn -0.59954232 0.08620388 0.79568708
vn -0.33084923 0.04756993 0.94248390
vn -0.33084923 0.04756993 0.94248390
vn -0.30404559 -0.13885286 -0.94248402
vn -0.55097359 -0.25162166 -0.79568511
vn -0.74437964 -0.33994758 -0.57474744
vn -0.86742961 -0.39614126 -0.30106139
vn -0.90963215 -0.41541490 0.00000039
vn -0.86743093 -0.39614081 0.30105811
vn -0.74438101 -0.33994746 0.57474577
vn -0.55097073 -0.25162086 0.79568726
vn -0.30404544 -0.13885266 0.94248420
vn -0.18070887 -0.28119057 -0.94248408
vn -0.32747152 -0.50955606 -0.79568529
vn -0.44242373 -0.68842304 -0.57474786
vn -0.51555872 -0.80222291 -0.30106097
vn -0.54063988 -0.84125423 0.00000001
vn -0.51555908 -0.80222368 0.30105823
vn -0.44242343 -0.68842357 0.57474738
vn -0.32747018 -0.50955355 0.79568744
vn -0.18070960 -0.28119096 0.94248384
vn 0.00000044 -0.33425087 -0.94248414
vn 0.00000037 -0.60570931 -0.79568607
vn 0.00000044 -0.81833071 -0.57474774
vn 0.00000044 -0.95360512 -0.30106047
vn 0.00000039 -1.00000000 0.00000002
vn 0.00000046 -0.95360583 0.30105799
vn 0.00000015 -0.81833106 0.57474726
vn -0.00000053 -0.60570735 0.79568756
vn -0.00000025 -0.33425105 0.94248408
vn 0.18070909 -0.28118980 -0.94248432
vn 0.32747215 -0.50955528 -0.79568553
vn 0.44242436 -0.68842274 -0.57474762
vn 0.51555783 -0.80222315 -0.30106169
vn 0.54064041 -0.84125382 0.00000001
vn 0.51555842 -0.80222440 0.30105737
vn 0.44242495 -0.68842459 0.57474500
vn 0.32747066 -0.50955379 0.79568708
vn 0.18070909 -0.28119019 0.94248420
vn 0.30404466 -0.13885337 -0.94248432
vn 0.55097300 -0.25162223 -0.79568523
vn 0.74437970 -0.33994800 -0.57474715
vn 0.86742896 -0.39614201 -0.30106246
vn 0.90963221 -0.41541454 0.00000034
vn 0.86743045 -0.39614213 0.30105782
vn 0.74438226 -0.33994865 0.57474357
vn 0.55097097 -0.25162160 0.79568684
vn 0.30404472 -0.13885362 0.94248426
vn 0.33084866 0.04756900 -0.94248414
vn 0.59954363 0.08620148 -0.79568630
vn 0.81000203 0.11645914 -0.57474685
vn 0.94389838 0.13571279 -0.30106151
vn 0.98982120 0.14231654 0.00000093
vn 0.94390023 0.13571392 0.30105534
vn 0.81000537 0.11646253 0.57474166
vn 0.59954214 0.08620184 0.79568744
vn 0.33084866 0.04756903 0.94248414
vn 0.25260916 0.21888892 -0.94248420
vn 0.45776388 0.39665675 -0.79568577
vn 0.61845362 0.53589338 -0.57474649
vn 0.72068596 0.62447888 -0.30106124
vn 0.75574911 0.65486127 0.00000123
vn 0.72068691 0.62448031 0.30105609
vn 0.61845607 0.53589880 0.57473868
vn 0.45776364 0.39665851 0.79568493
vn 0.25260916 0.21888870 0.94248414
vn 0.09417071 0.32071188 -0.94248384
vn 0.17064838 0.58117437 -0.79568553
vn 0.23055036 0.78518283 -0.57474738
vn 0.26866218 0.91497684 -0.30106166
vn 0.28173259 0.95949298 0.00000125
vn 0.26866266 0.91497821 0.30105692
vn 0.23055232 0.78518766 0.57474005
vn 0.17064925 0.58117658 0.79568380
vn 0.09417070 0.32071239 0.94248366
vn -0.09417064 0.32071173 -0.94248396
vn -0.17064881 0.58117419 -0.79568571
vn -0.23055066 0.78518265 -0.57474756
vn -0.26866293 0.91497684 -0.30106118
vn -0.28173199 0.95949316 0.00000048
vn -0.26866263 0.91497844 0.30105624
vn -0.23055139 0.78518742 0.57474077
vn -0.17064941 0.58117586 0.79568428
vn -0.09417059 0.32071221 0.94248372
vn -0.25260928 0.21888877 -0.94248420
vn -0.45776433 0.39665627 -0.79568577
vn -0.61845231 0.53589439 -0.57474691
vn -0.72068655 0.62447876 -0.30106020
vn -0.75574875 0.65486175 -0.00000000
vn -0.72068673 0.62448108 0.30105495
vn -0.61845523 0.53589791 0.57474053
vn -0.45776454 0.39665756 0.79568487
vn -0.25260922 0.21888851 0.94248426
vn 0.00000040 -0.00000026 1.00000000
vn 0.00000040 -0.00000026 1.00000000
vn 0.00000040 -0.00000026 1.00000000
vn 0.00000040 -0.00000026 1.00000000
vn 0.00000040 -0.00000026 1.00000000
vn 0.00000040 -0.00000026 1.00000000
vn 0.00000040 -0.00000026 1.00000000
vn 0.00000040 -0.00000026 1.00000000
vn 0.00000040 -0.00000026 1.00000000
vn 0.00000040 -0.00000026 1.00000000
vn 0.00000040 -0.00000026 1.00000000
vn 0.00000049 -0.00000033 -1.00000000
vn 0.00000049 -0.00000033 -1.00000000
vn 0.00000049 -0.00000033 -1.00000000
vn 0.00000049 -0.00000033 -1.00000000
vn 0.00000049 -0.00000033 -1.00000000
vn 0.00000049 -0.00000033 -1.00000000
vn 0.00000049 -0.00000033 -1.00000000
vn 0.00000049 -0.00000033 -1.00000000
vn 0.00000049 -0.00000033 -1.00000000
vn 0.00000049 -0.00000033 -1.00000000
vn 0.00000049 -0.00000033 -1.00000000
vn -0.33084863 0.04756984 -0.94248414
vn -0.33084863 0.04756984 -0.94248414
vn -0.59954363 0.08620280 -0.79568619
vn -0.59954363 0.08620280 -0.79568619
vn -0.81000131 0.11646124 -0.57474756
vn -0.81000131 0.11646124 -0.57474756
vn -0.94389856 0.13571325 -0.30106059
vn -0.94389856 0.13571325 -0.30106059
vn -0.98982126 0.14231658 0.00000053
vn -0.98982126 0.14231658 0.00000053
vn -0.94390029 0.13571525 0.30105457
vn -0.94390029 0.13571525 0.30105457
vn -0.81000417 0.11646365 0.57474303
vn -0.81000417 0.11646365 0.57474303
vn -0.59954190 0.08620387 0.79568738
vn -0.59954190 0.08620387 0.79568738
vn -0.33084869 0.04757006 0.94248414
vn -0.33084869 0.04757006 0.94248414
vn -0.30404514 -0.13885285 -0.94248426
vn -0.55097342 -0.25162172 -0.79568511
vn -0.74437946 -0.33994770 -0.57474762
vn -0.86742961 -0.39614117 -0.30106163
vn -0.90963215 -0.41541490 0.00000042
vn -0.86743128 -0.39614111 0.30105674
vn -0.74438184 -0.33994806 0.57474434
vn -0.55097049 -0.25162116 0.79568744
vn -0.30404499 -0.13885280 0.94248420
vn -0.18070874 -0.28119001 -0.94248432
vn -0.32747126 -0.50955611 -0.79568535
vn -0.44242328 -0.68842316 -0.57474798
vn -0.51555860 -0.80222285 -0.30106124
vn -0.54063964 -0.84125429 -0.00000004
vn -0.51555914 -0.80222416 0.30105680
vn -0.44242358 -0.68842459 0.57474601
vn -0.32746986 -0.50955337 0.79568774
vn -0.18070939 -0.28119087 0.94248390
vn 0.00000050 -0.33425048 -0.94248432
vn 0.00000038 -0.60570914 -0.79568624
vn 0.00000048 -0.81833076 -0.57474768
vn 0.00000056 -0.95360506 -0.30106041
vn 0.00000060 -1.00000000 -0.00000002
vn 0.00000065 -0.95360643 0.30105633
vn 0.00000025 -0.81833208 0.57474560
vn -0.00000047 -0.60570705 0.79568774
vn -0.00000020 -0.33425078 0.94248426
vn 0.18070900 -0.28118983 -0.94248432
vn 0.32747200 -0.50955546 -0.79568553
vn 0.44242412 -0.68842286 -0.57474762
vn 0.51555777 -0.80222332 -0.30106157
vn 0.54064047 -0.84125370 0.00000001
vn 0.51555878 -0.80222499 0.30105552
vn 0.44242474 -0.68842417 0.57474566
vn 0.32746917 -0.50955129 0.79568934
vn 0.18070896 -0.28119048 0.94248402
vn 0.30404529 -0.13885307 -0.94248420
vn 0.55097300 -0.25162229 -0.79568523
vn 0.74437946 -0.33994839 -0.57474720
vn 0.86742902 -0.39614215 -0.30106235
vn 0.90963233 -0.41541439 0.00000065
vn 0.86743093 -0.39614224 0.30105639
vn 0.74438184 -0.33994833 0.57474422
vn 0.55096859 -0.25162023 0.79568887
vn 0.30404514 -0.13885450 0.94248402
vn 0.33084959 0.04756946 -0.94248378
vn 0.59954381 0.08620164 -0.79568630
vn 0.81000239 0.11645912 -0.57474655
vn 0.94389838 0.13571285 -0.30106133
vn 0.98982120 0.14231665 0.00000124
vn 0.94390053 0.13571404 0.30105397
vn 0.81000489 0.11646271 0.57474202
vn 0.59953958 0.08620182 0.79568934
vn 0.33084962 0.04756923 0.94248390
vn 0.25260928 0.21888854 -0.94248414
vn 0.45776370 0.39665657 -0.79568601
vn 0.61845368 0.53589356 -0.57474619
vn 0.72068602 0.62447882 -0.30106133
vn 0.75574923 0.65486121 0.00000102
vn 0.72068733 0.62448066 0.30105442
vn 0.61845571 0.53589886 0.57473904
vn 0.45776120 0.39665723 0.79568708
vn 0.25260922 0.21888965 0.94248396
vn 0.09417053 0.32071191 -0.94248390
vn 0.17064819 0.58117467 -0.79568541
vn 0.23055007 0.78518295 -0.57474720
vn 0.26866212 0.91497678 -0.30106202
vn 0.28173274 0.95949298 0.00000105
vn 0.26866272 0.91497874 0.30105552
vn 0.23055197 0.78518748 0.57474029
vn 0.17064823 0.58117425 0.79568571
vn 0.09417050 0.32071224 0.94248378
vn -0.09417056 0.32071212 -0.94248372
vn -0.17064898 0.58117455 -0.79568535
vn -0.23055054 0.78518254 -0.57474780
vn -0.26866272 0.91497666 -0.30106160
vn -0.28173172 0.95949322 0.00000065
vn -0.26866242 0.91497886 0.30105504
vn -0.23055102 0.78518707 0.57474124
vn -0.17064871 0.58117342 0.79568619
vn -0.09417047 0.32071185 0.94248390
vn -0.25260907 0.21888858 -0.94248426
vn -0.45776471 0.39665645 -0.79568547
vn -0.61845183 0.53589439 -0.57474738
vn -0.72068644 0.62447828 -0.30106124
vn -0.75574893 0.65486157 -0.00000019
vn -0.72068715 0.62448102 0.30105412
vn -0.61845446 0.53589785 0.57474130
vn -0.45776278 0.39665648 0.79568654
vn -0.25260887 0.21888897 0.94248426
vn 0.00000039 -0.00000036 1.00000000
vn 0.00000039 -0.00000036 1.00000000
vn 0.00000039 -0.00000036 1.00000000
vn 0.00000039 -0.00000036 1.00000000
vn 0.00000039 -0.00000036 1.00000000
vn 0.00000039 -0.00000036 1.00000000
vn 0.00000039 -0.00000036 1.00000000
vn 0.00000039 -0.00000036 1.00000000
vn 0.00000039 -0.00000036 1.00000000
vn 0.00000039 -0.00000036 1.00000000
vn 0.00000039 -0.00000036 1.00000000
vn 0.00000044 -0.00000053 -1.00000000
vn 0.00000044 -0.00000053 -1.00000000
vn 0.00000044 -0.00000053 -1.00000000
vn 0.00000044 -0.00000053 -1.00000000
vn 0.00000044 -0.00000053 -1.00000000
vn 0.00000044 -0.00000053 -1.00000000
vn 0.00000044 -0.00000053 -1.00000000
vn 0.00000044 -0.00000053 -1.00000000
vn 0.00000044 -0.00000053 -1.00000000
vn 0.00000044 -0.00000053 -1.00000000
vn 0.00000044 -0.00000053 -1.00000000
vn -0.33084837 0.04756980 -0.94248432
vn -0.33084837 0.04756980 -0.94248432
vn -0.59954417 0.08620311 -0.79568589
vn -0.59954417 0.08620311 -0.79568589
vn -0.81000155 0.11646111 -0.57474720
vn -0.81000155 0.11646111 -0.57474720
vn -0.94389850 0.13571255 -0.30106136
vn -0.94389850 0.13571255 -0.30106136
vn -0.98982137 0.14231579 0.00000036
vn -0.98982137 0.14231579 0.00000036
vn -0.94390070 0.13571462 0.30105355
vn -0.94390070 0.13571462 0.30105355
vn -0.81000406 0.11646345 0.57474321
vn -0.81000406 0.11646345 0.57474321
vn -0.59953964 0.08620366 0.79568911
vn -0.59953964 0.08620366 0.79568911
vn -0.33084825 0.04757000 0.94248432
vn -0.33084825 0.04757000 0.94248432
vn -0.30404466 -0.13885297 -0.94248432
vn -0.55097306 -0.25162181 -0.79568535
vn -0.74437988 -0.33994782 -0.57474703
vn -0.86742926 -0.39614159 -0.30106196
vn -0.90963197 -0.41541505 0.00000060
vn -0.86743158 -0.39614174 0.30105543
vn -0.74438190 -0.33994859 0.57474393
vn -0.55096805 -0.25162032 0.79568934
vn -0.30404511 -0.13885312 0.94248426
vn -0.18070842 -0.28119069 -0.94248414
vn -0.32747099 -0.50955641 -0.79568541
vn -0.44242364 -0.68842310 -0.57474780
vn -0.51555842 -0.80222285 -0.30106178
vn -0.54063982 -0.84125412 0.00000002
vn -0.51555920 -0.80222470 0.30105525
vn -0.44242367 -0.68842459 0.57474601
vn -0.32746866 -0.50955099 0.79568976
vn -0.18070967 -0.28119093 0.94248384
vn 0.00000041 -0.33425105 -0.94248414
vn 0.00000036 -0.60570920 -0.79568619
vn 0.00000034 -0.81833071 -0.57474780
vn 0.00000043 -0.95360506 -0.30106071
vn 0.00000048 -1.00000000 -0.00000000
vn 0.00000055 -0.95360690 0.30105469
vn 0.00000019 -0.81833172 0.57474619
vn -0.00000043 -0.60570461 0.79568964
vn -0.00000013 -0.33425149 0.94248402
vt 0.85400683 0.44874787
vt 0.85371500 0.44867319
vt 0.85374761 0.44851869
vt 0.85402805 0.44854587
vt 0.85677612 0.44979346
vt 0.85706604 0.44996417
vt 0.85697716 0.45011324
vt 0.85669851 0.44999665
vt 0.85396057 0.44896036
vt 0.85364807 0.44883341
vt 0.85376889 0.44753385
vt 0.85688347 0.44957721
vt 0.85344511 0.44776869
vt 0.85720247 0.44981158
vt 0.85387433 0.44775295
vt 0.85358274 0.44792247
vt 0.85388625 0.44919163
vt 0.85676920 0.45123708
vt 0.85353374 0.44900483
vt 0.85711688 0.45104831
vt 0.85664225 0.45079583
vt 0.85693502 0.45071846
vt 0.85700262 0.45087844
vt 0.85669166 0.45100826
vt 0.85394955 0.44795662
vt 0.85367179 0.44807160
vt 0.85661870 0.45059186
vt 0.85690200 0.45056325
vt 0.85399914 0.44815272
vt 0.85372603 0.44821966
vt 0.85662282 0.45039231
vt 0.85690105 0.45041186
vt 0.85402578 0.44834828
vt 0.85375071 0.44836819
vt 0.85664707 0.45019442
vt 0.85692304 0.45026213
vt 0.85514235 0.44829172
vt 0.85425210 0.44833130
vt 0.85422772 0.44812113
vt 0.85512686 0.44804692
vt 0.85551858 0.45010209
vt 0.85641420 0.45016122
vt 0.85639095 0.45037544
vt 0.85550278 0.45033622
vt 0.85515863 0.44853520
vt 0.85426009 0.44854373
vt 0.85553402 0.44985890
vt 0.85645777 0.44994128
vt 0.85517544 0.44878137
vt 0.85425198 0.44876540
vt 0.85555029 0.44960618
vt 0.85651958 0.44971025
vt 0.85519314 0.44903356
vt 0.85422784 0.44900358
vt 0.85507929 0.44728041
vt 0.85556698 0.44934177
vt 0.85406041 0.44741750
vt 0.85659760 0.44945782
vt 0.85545379 0.45105994
vt 0.85642487 0.45105720
vt 0.85418963 0.44926715
vt 0.85647047 0.45131749
vt 0.85521239 0.44929230
vt 0.85543573 0.45132339
vt 0.85509467 0.44754130
vt 0.85413229 0.44767427
vt 0.85547107 0.45080936
vt 0.85639411 0.45081830
vt 0.85511124 0.44779706
vt 0.85418773 0.44790584
vt 0.85548806 0.45056969
vt 0.85638237 0.45059133
vt 0.85711503 0.45067871
vt 0.85717249 0.45079213
vt 0.85349971 0.44813615
vt 0.85342640 0.44803214
vt 0.85708719 0.45055431
vt 0.85354537 0.44825488
vt 0.85708171 0.45042443
vt 0.85356587 0.44838148
vt 0.85710508 0.45029664
vt 0.85356367 0.44850969
vt 0.85714990 0.45017737
vt 0.85353553 0.44863373
vt 0.85722226 0.45007294
vt 0.85347772 0.44874704
vt 0.85332012 0.44795108
vt 0.85732722 0.44999135
vt 0.85338420 0.44884235
vt 0.85726523 0.45088738
vt 0.85734814 0.45024508
vt 0.85730255 0.45029664
vt 0.85333049 0.44859308
vt 0.85336906 0.44853652
vt 0.85324103 0.44817710
vt 0.85740918 0.45021498
vt 0.85732085 0.45063901
vt 0.85327363 0.44863009
vt 0.85737711 0.45067722
vt 0.85330266 0.44820565
vt 0.85728276 0.45058161
vt 0.85334885 0.44825613
vt 0.85726249 0.45051205
vt 0.85337913 0.44832122
vt 0.85724854 0.45043606
vt 0.85339320 0.44839388
vt 0.85727286 0.45036268
vt 0.85338968 0.44846785
vt 0.85324150 0.44840801
vt 0.85741186 0.45044738
vt 0.85369188 0.45020109
vt 0.85430294 0.45023882
vt 0.85428464 0.45047081
vt 0.85370260 0.45041060
vt 0.85520291 0.45031190
vt 0.85518718 0.45054495
vt 0.85698116 0.44794881
vt 0.85633993 0.44796300
vt 0.85634285 0.44773793
vt 0.85701501 0.44775617
vt 0.85543013 0.44802594
vt 0.85541916 0.44778228
vt 0.85425270 0.45069611
vt 0.85369766 0.45060694
vt 0.85516649 0.45078099
vt 0.85635334 0.44752020
vt 0.85705107 0.44758523
vt 0.85540932 0.44753599
vt 0.85420990 0.45091158
vt 0.85367334 0.45078135
vt 0.85514271 0.45102286
vt 0.85636955 0.44730371
vt 0.85427153 0.44934177
vt 0.85708374 0.44743055
vt 0.85355896 0.44947565
vt 0.85540193 0.44728625
vt 0.85524321 0.44934177
vt 0.85701513 0.44889224
vt 0.85362768 0.45093572
vt 0.85647994 0.44907242
vt 0.85415739 0.45112193
vt 0.85643244 0.44886041
vt 0.85697073 0.44873655
vt 0.85552931 0.44923735
vt 0.85511619 0.45127302
vt 0.85550296 0.44899029
vt 0.85429251 0.44955784
vt 0.85359281 0.44962990
vt 0.85523576 0.44959414
vt 0.85639399 0.44864553
vt 0.85694760 0.44856155
vt 0.85548007 0.44874740
vt 0.85430652 0.44977760
vt 0.85363024 0.44980067
vt 0.85522711 0.44983858
vt 0.85636514 0.44842255
vt 0.85694349 0.44836509
vt 0.85546017 0.44850701
vt 0.85431123 0.45000559
vt 0.85366493 0.44999319
vt 0.85521662 0.45007795
vt 0.85634708 0.44819313
vt 0.85695583 0.44815618
vt 0.85544366 0.44826710
vt 0.85710996 0.44814670
vt 0.85714000 0.44793963
vt 0.85350621 0.44998455
vt 0.85353899 0.45019174
vt 0.85708988 0.44835579
vt 0.85346913 0.44979811
vt 0.85708421 0.44854802
vt 0.85343117 0.44964254
vt 0.85709792 0.44871044
vt 0.85724360 0.44746530
vt 0.85339975 0.44951153
vt 0.85354704 0.45075446
vt 0.85713387 0.44884408
vt 0.85351014 0.45088696
vt 0.85721320 0.44759667
vt 0.85356158 0.45059288
vt 0.85717630 0.44775271
vt 0.85355675 0.45040131
vt 0.85574478 0.44824243
vt 0.85573345 0.44800496
vt 0.85491490 0.45005381
vt 0.85490298 0.45028752
vt 0.85576189 0.44847888
vt 0.85492027 0.44981825
vt 0.85578477 0.44871342
vt 0.85492140 0.44958204
vt 0.85581279 0.44894695
vt 0.85572439 0.44729209
vt 0.85491925 0.44934177
vt 0.85483181 0.45098573
vt 0.85584617 0.44918239
vt 0.85479659 0.45122266
vt 0.85572398 0.44753075
vt 0.85486197 0.45075274
vt 0.85572702 0.44776750
vt 0.85488629 0.45052028
vt 0.85338622 0.45018232
vt 0.85341072 0.45039201
vt 0.85729891 0.44793046
vt 0.85733753 0.44774926
vt 0.85342562 0.45057875
vt 0.85737526 0.44760811
vt 0.85342073 0.45072758
vt 0.85740346 0.44749999
vt 0.85324049 0.44954741
vt 0.85725254 0.44879591
vt 0.85339260 0.45083821
vt 0.85722512 0.44868433
vt 0.85326952 0.44965506
vt 0.85722095 0.44853449
vt 0.85330802 0.44979560
vt 0.85723621 0.44834656
vt 0.85334760 0.44997597
vt 0.85726398 0.44813728
vt 0.85593021 0.44799137
vt 0.85595757 0.44846058
vt 0.85592812 0.44752729
vt 0.85469115 0.45050418
vt 0.85594016 0.44822645
vt 0.85472113 0.44980508
vt 0.85466421 0.45073438
vt 0.85592681 0.44775796
vt 0.85470831 0.45027173
vt 0.85598242 0.44869143
vt 0.85593379 0.44729584
vt 0.85470915 0.44934177
vt 0.85605186 0.44914669
vt 0.85458910 0.45118999
vt 0.85471898 0.45003819
vt 0.85471731 0.44957417
vt 0.85601383 0.44891894
vt 0.85463005 0.45096171
vt 0.23399314 0.23156548
vt 0.23723230 0.23176563
vt 0.23713505 0.23299521
vt 0.23404998 0.23267603
vt 0.25142807 0.21962714
vt 0.24802925 0.21970236
vt 0.24804440 0.21850944
vt 0.25160715 0.21860623
vt 0.23696573 0.23418921
vt 0.23402369 0.23371679
vt 0.24810021 0.21735525
vt 0.25179887 0.21770000
vt 0.23673861 0.23533148
vt 0.23389451 0.23464108
vt 0.24818587 0.21620774
vt 0.23706566 0.22701073
vt 0.25197190 0.21688008
vt 0.23328833 0.22772014
vt 0.25160778 0.22462797
vt 0.23365265 0.23545957
vt 0.24877140 0.22558296
vt 0.23646030 0.23644632
vt 0.24851936 0.22445923
vt 0.25137261 0.22380275
vt 0.23717676 0.22815597
vt 0.23346803 0.22853792
vt 0.24831586 0.22332019
vt 0.25125012 0.22287488
vt 0.23725101 0.22932076
vt 0.23366615 0.22944289
vt 0.24816288 0.22213805
vt 0.25122821 0.22183347
vt 0.23727565 0.23052925
vt 0.23384994 0.23046350
vt 0.24806686 0.22092217
vt 0.25129375 0.22072631
vt 0.25211051 0.22067624
vt 0.25227010 0.21957844
vt 0.23300907 0.23041785
vt 0.23318291 0.23151571
vt 0.25200397 0.22178447
vt 0.23281223 0.22942948
vt 0.25197461 0.22280335
vt 0.23261097 0.22860461
vt 0.25204688 0.22366434
vt 0.25281912 0.21706420
vt 0.23244433 0.22791034
vt 0.23322505 0.23449856
vt 0.25223723 0.22437263
vt 0.23302969 0.23520100
vt 0.25265774 0.21776074
vt 0.23330261 0.23364198
vt 0.25246212 0.21858788
vt 0.23327650 0.23262662
vt 0.23237261 0.23146588
vt 0.23250292 0.23257720
vt 0.25311208 0.21952981
vt 0.25331718 0.21856952
vt 0.23258153 0.23356730
vt 0.25351670 0.21782142
vt 0.23255558 0.23435611
vt 0.25366646 0.21724826
vt 0.23160034 0.22810048
vt 0.25286666 0.22411728
vt 0.23240682 0.23494256
vt 0.25272110 0.22352588
vt 0.23175389 0.22867131
vt 0.25269911 0.22273171
vt 0.23195831 0.22941619
vt 0.25277972 0.22173536
vt 0.23216829 0.23037219
vt 0.25292727 0.22062618
vt 0.24585734 0.21985263
vt 0.24600260 0.22233981
vt 0.24584667 0.21739298
vt 0.23928943 0.23317212
vt 0.24591012 0.22109866
vt 0.23944867 0.22946632
vt 0.23914711 0.23439193
vt 0.24583949 0.21861535
vt 0.23938045 0.23193991
vt 0.24613418 0.22356337
vt 0.24587600 0.21616608
vt 0.23938501 0.22701073
vt 0.24650194 0.22597653
vt 0.23874900 0.23680705
vt 0.23943716 0.23070198
vt 0.23942848 0.22824252
vt 0.24630065 0.22476918
vt 0.23896556 0.23559701
vt 0.76605541 0.25741237
vt 0.76605541 0.26343662
vt 0.76605541 0.26946092
vt 0.76605541 0.27548516
vt 0.76605541 0.28150946
vt 0.76605541 0.28753370
vt 0.76605541 0.29355800
vt 0.76605541 0.29958230
vt 0.76605541 0.30560654
vt 0.76057881 0.25741237
vt 0.76057881 0.26343662
vt 0.76057881 0.26946092
vt 0.76057881 0.27548516
vt 0.76057881 0.28150946
vt 0.76057881 0.28753370
vt 0.76057881 0.29355800
vt 0.76057881 0.29958230
vt 0.76057881 0.30560654
vt 0.75510216 0.25741237
vt 0.75510216 0.26343662
vt 0.75510216 0.26946092
vt 0.75510216 0.27548516
vt 0.75510216 0.28150946
vt 0.75510216 0.28753370
vt 0.75510216 0.29355800
vt 0.75510216 0.29958230
vt 0.75510216 0.30560654
vt 0.74962556 0.25741237
vt 0.74962556 0.26343662
vt 0.74962556 0.26946092
vt 0.74962556 0.27548516
vt 0.74962556 0.28150946
vt 0.74962556 0.28753370
vt 0.74962556 0.29355800
vt 0.74962556 0.29958230
vt 0.74962556 0.30560654
vt 0.74414897 0.25741237
vt 0.74414897 0.26343662
vt 0.74414897 0.26946092
vt 0.74414897 0.27548516
vt 0.74414897 0.28150946
vt 0.74414897 0.28753370
vt 0.74414897 0.29355800
vt 0.74414897 0.29958230
vt 0.74414897 0.30560654
vt 0.73867226 0.25741237
vt 0.73867226 0.26343662
vt 0.73867226 0.26946092
vt 0.73867226 0.27548516
vt 0.73867226 0.28150946
vt 0.73867226 0.28753370
vt 0.73867226 0.29355800
vt 0.73867226 0.29958230
vt 0.73867226 0.30560654
vt 0.73319566 0.25741237
vt 0.73319566 0.26343662
vt 0.73319566 0.26946092
vt 0.73319566 0.27548516
vt 0.73319566 0.28150946
vt 0.73319566 0.28753370
vt 0.73319566 0.29355800
vt 0.73319566 0.29958230
vt 0.73319566 0.30560654
vt 0.77427030 0.31163085
vt 0.76879364 0.31163085
vt 0.76331705 0.31163085
vt 0.77974701 0.31163085
vt 0.75784045 0.31163085
vt 0.78522360 0.31163085
vt 0.73045743 0.31163085
vt 0.75236386 0.31163085
vt 0.73593402 0.31163085
vt 0.74688727 0.31163085
vt 0.74141061 0.31163085
vt 0.77427030 0.25138807
vt 0.76879364 0.25138807
vt 0.76331705 0.25138807
vt 0.77974701 0.25138807
vt 0.75784045 0.25138807
vt 0.78522360 0.25138807
vt 0.73045743 0.25138807
vt 0.75236386 0.25138807
vt 0.73593402 0.25138807
vt 0.74688727 0.25138807
vt 0.74141061 0.25138807
vt 0.78796184 0.25741237
vt 0.72771907 0.25741237
vt 0.78796184 0.26343662
vt 0.72771907 0.26343662
vt 0.78796184 0.26946092
vt 0.72771907 0.26946092
vt 0.78796184 0.27548516
vt 0.72771907 0.27548516
vt 0.78796184 0.28150946
vt 0.72771907 0.28150946
vt 0.78796184 0.28753370
vt 0.72771907 0.28753370
vt 0.78796184 0.29355800
vt 0.72771907 0.29355800
vt 0.78796184 0.29958230
vt 0.72771907 0.29958230
vt 0.78796184 0.30560654
vt 0.72771907 0.30560654
vt 0.78248525 0.25741237
vt 0.78248525 0.26343662
vt 0.78248525 0.26946092
vt 0.78248525 0.27548516
vt 0.78248525 0.28150946
vt 0.78248525 0.28753370
vt 0.78248525 0.29355800
vt 0.78248525 0.29958230
vt 0.78248525 0.30560654
vt 0.77700865 0.25741237
vt 0.77700865 0.26343662
vt 0.77700865 0.26946092
vt 0.77700865 0.27548516
vt 0.77700865 0.28150946
vt 0.77700865 0.28753370
vt 0.77700865 0.29355800
vt 0.77700865 0.29958230
vt 0.77700865 0.30560654
vt 0.77153206 0.25741231
vt 0.77153206 0.26343662
vt 0.77153206 0.26946092
vt 0.77153206 0.27548516
vt 0.77153206 0.28150946
vt 0.77153206 0.28753370
vt 0.77153206 0.29355800
vt 0.77153206 0.29958230
vt 0.77153206 0.30560654
vt 0.76605541 0.25741237
vt 0.76605541 0.26343662
vt 0.76605541 0.26946092
vt 0.76605541 0.27548516
vt 0.76605541 0.28150946
vt 0.76605541 0.28753370
vt 0.76605541 0.29355800
vt 0.76605541 0.29958230
vt 0.76605541 0.30560654
vt 0.76057881 0.25741237
vt 0.76057881 0.26343662
vt 0.76057881 0.26946092
vt 0.76057881 0.27548516
vt 0.76057881 0.28150946
vt 0.76057881 0.28753370
vt 0.76057881 0.29355800
vt 0.76057881 0.29958230
vt 0.76057881 0.30560654
vt 0.75510216 0.25741237
vt 0.75510216 0.26343662
vt 0.75510216 0.26946092
vt 0.75510216 0.27548516
vt 0.75510216 0.28150946
vt 0.75510216 0.28753370
vt 0.75510216 0.29355800
vt 0.75510216 0.29958230
vt 0.75510216 0.30560654
vt 0.74962556 0.25741237
vt 0.74962556 0.26343662
vt 0.74962556 0.26946092
vt 0.74962556 0.27548516
vt 0.74962556 0.28150946
vt 0.74962556 0.28753370
vt 0.74962556 0.29355800
vt 0.74962556 0.29958230
vt 0.74962556 0.30560654
vt 0.74414897 0.25741237
vt 0.74414897 0.26343662
vt 0.74414897 0.26946092
vt 0.74414897 0.27548516
vt 0.74414897 0.28150946
vt 0.74414897 0.28753370
vt 0.74414897 0.29355800
vt 0.74414897 0.29958230
vt 0.74414897 0.30560654
vt 0.73867226 0.25741237
vt 0.73867226 0.26343662
vt 0.73867226 0.26946092
vt 0.73867226 0.27548516
vt 0.73867226 0.28150946
vt 0.73867226 0.28753370
vt 0.73867226 0.29355800
vt 0.73867226 0.29958230
vt 0.73867226 0.30560654
vt 0.73319566 0.25741237
vt 0.73319566 0.26343662
vt 0.73319566 0.26946092
vt 0.73319566 0.27548516
vt 0.73319566 0.28150946
vt 0.73319566 0.28753370
vt 0.73319566 0.29355800
vt 0.73319566 0.29958230
vt 0.73319566 0.30560654
vt 0.77427030 0.31163085
vt 0.76879364 0.31163085
vt 0.76331705 0.31163085
vt 0.77974701 0.31163085
vt 0.75784045 0.31163085
vt 0.78522360 0.31163085
vt 0.75236386 0.31163085
vt 0.73045743 0.31163085
vt 0.73593402 0.31163085
vt 0.74688727 0.31163085
vt 0.74141061 0.31163085
vt 0.77427030 0.25138807
vt 0.76879364 0.25138807
vt 0.76331705 0.25138807
vt 0.77974701 0.25138807
vt 0.75784045 0.25138807
vt 0.78522360 0.25138807
vt 0.73045743 0.25138807
vt 0.75236386 0.25138807
vt 0.74688727 0.25138807
vt 0.73593402 0.25138807
vt 0.74141061 0.25138807
vt 0.78796184 0.25741237
vt 0.72771907 0.25741237
vt 0.78796184 0.26343662
vt 0.72771907 0.26343662
vt 0.78796184 0.26946092
vt 0.72771907 0.26946092
vt 0.78796184 0.27548516
vt 0.72771907 0.27548516
vt 0.72771907 0.28150946
vt 0.78796184 0.28150946
vt 0.78796184 0.28753370
vt 0.72771907 0.28753370
vt 0.78796184 0.29355800
vt 0.72771907 0.29355800
vt 0.78796184 0.29958230
vt 0.72771907 0.29958230
vt 0.78796184 0.30560654
vt 0.72771907 0.30560654
vt 0.78248525 0.25741237
vt 0.78248525 0.26343662
vt 0.78248525 0.26946092
vt 0.78248525 0.27548516
vt 0.78248525 0.28150946
vt 0.78248525 0.28753370
vt 0.78248525 0.29355800
vt 0.78248525 0.29958230
vt 0.78248525 0.30560654
vt 0.77700865 0.25741237
vt 0.77700865 0.26343662
vt 0.77700865 0.26946092
vt 0.77700865 0.27548516
vt 0.77700865 0.28150946
vt 0.77700865 0.28753370
vt 0.77700865 0.29355800
vt 0.77700865 0.29958230
vt 0.77700865 0.30560654
vt 0.77153206 0.25741231
vt 0.77153206 0.26343662
vt 0.77153206 0.26946092
vt 0.77153206 0.27548516
vt 0.77153206 0.28150946
vt 0.77153206 0.28753370
vt 0.77153206 0.29355800
vt 0.77153206 0.29958230
vt 0.77153206 0.30560654
vt 0.76605541 0.25741237
vt 0.76605541 0.26343662
vt 0.76605541 0.26946092
vt 0.76605541 0.27548516
vt 0.76605541 0.28150946
vt 0.76605541 0.28753370
vt 0.76605541 0.29355800
vt 0.76605541 0.29958230
vt 0.76605541 0.30560654
vt 0.76057881 0.25741237
vt 0.76057881 0.26343662
vt 0.76057881 0.26946092
vt 0.76057881 0.27548516
vt 0.76057881 0.28150946
vt 0.76057881 0.28753370
vt 0.76057881 0.29355800
vt 0.76057881 0.29958230
vt 0.76057881 0.30560654
vt 0.75510216 0.25741237
vt 0.75510216 0.26343662
vt 0.75510216 0.26946092
vt 0.75510216 0.27548516
vt 0.75510216 0.28150946
vt 0.75510216 0.28753370
vt 0.75510216 0.29355800
vt 0.75510216 0.29958230
vt 0.75510216 0.30560654
vt 0.74962556 0.25741237
vt 0.74962556 0.26343662
vt 0.74962556 0.26946092
vt 0.74962556 0.27548516
vt 0.74962556 0.28150946
vt 0.74962556 0.28753370
vt 0.74962556 0.29355800
vt 0.74962556 0.29958230
vt 0.74962556 0.30560654
vt 0.74414897 0.25741237
vt 0.74414897 0.26343662
vt 0.74414897 0.26946092
vt 0.74414897 0.27548516
vt 0.74414897 0.28150946
vt 0.74414897 0.28753370
vt 0.74414897 0.29355800
vt 0.74414897 0.29958230
vt 0.74414897 0.30560654
vt 0.73867226 0.25741237
vt 0.73867226 0.26343662
vt 0.73867226 0.26946092
vt 0.73867226 0.27548516
vt 0.73867226 0.28150946
vt 0.73867226 0.28753370
vt 0.73867226 0.29355800
vt 0.73867226 0.29958230
vt 0.73867226 0.30560654
vt 0.73319566 0.25741237
vt 0.73319566 0.26343662
vt 0.73319566 0.26946092
vt 0.73319566 0.27548516
vt 0.73319566 0.28150946
vt 0.73319566 0.28753370
vt 0.73319566 0.29355800
vt 0.73319566 0.29958230
vt 0.73319566 0.30560654
vt 0.77427030 0.31163085
vt 0.76879364 0.31163085
vt 0.76331705 0.31163085
vt 0.77974701 0.31163085
vt 0.75784045 0.31163085
vt 0.78522360 0.31163085
vt 0.75236386 0.31163085
vt 0.73045743 0.31163085
vt 0.73593402 0.31163085
vt 0.74688727 0.31163085
vt 0.74141061 0.31163085
vt 0.77427030 0.25138807
vt 0.76879364 0.25138807
vt 0.76331705 0.25138807
vt 0.77974701 0.25138807
vt 0.75784045 0.25138807
vt 0.78522360 0.25138807
vt 0.75236386 0.25138807
vt 0.73045743 0.25138807
vt 0.74688727 0.25138807
vt 0.73593402 0.25138807
vt 0.74141061 0.25138807
vt 0.78796184 0.25741237
vt 0.72771907 0.25741237
vt 0.78796184 0.26343662
vt 0.72771907 0.26343662
vt 0.78796184 0.26946092
vt 0.72771907 0.26946092
vt 0.78796184 0.27548516
vt 0.72771907 0.27548516
vt 0.72771907 0.28150946
vt 0.78796184 0.28150946
vt 0.78796184 0.28753370
vt 0.72771907 0.28753370
vt 0.78796184 0.29355800
vt 0.72771907 0.29355800
vt 0.78796184 0.29958230
vt 0.72771907 0.29958230
vt 0.78796184 0.30560654
vt 0.72771907 0.30560654
vt 0.78248525 0.25741237
vt 0.78248525 0.26343662
vt 0.78248525 0.26946092
vt 0.78248525 0.27548516
vt 0.78248525 0.28150946
vt 0.78248525 0.28753370
vt 0.78248525 0.29355800
vt 0.78248525 0.29958230
vt 0.78248525 0.30560654
vt 0.77700865 0.25741237
vt 0.77700865 0.26343662
vt 0.77700865 0.26946092
vt 0.77700865 0.27548516
vt 0.77700865 0.28150946
vt 0.77700865 0.28753370
vt 0.77700865 0.29355800
vt 0.77700865 0.29958230
vt 0.77700865 0.30560654
vt 0.77153206 0.25741231
vt 0.77153206 0.26343662
vt 0.77153206 0.26946092
vt 0.77153206 0.27548516
vt 0.77153206 0.28150946
vt 0.77153206 0.28753370
vt 0.77153206 0.29355800
vt 0.77153206 0.29958230
vt 0.77153206 0.30560654
vt 0.76605541 0.25741237
vt 0.76605541 0.26343662
vt 0.76605541 0.26946092
vt 0.76605541 0.27548516
vt 0.76605541 0.28150946
vt 0.76605541 0.28753370
vt 0.76605541 0.29355800
vt 0.76605541 0.29958230
vt 0.76605541 0.30560654
vt 0.76057881 0.25741237
vt 0.76057881 0.26343662
vt 0.76057881 0.26946092
vt 0.76057881 0.27548516
vt 0.76057881 0.28150946
vt 0.76057881 0.28753370
vt 0.76057881 0.29355800
vt 0.76057881 0.29958230
vt 0.76057881 0.30560654
vt 0.75510216 0.25741237
vt 0.75510216 0.26343662
vt 0.75510216 0.26946092
vt 0.75510216 0.27548516
vt 0.75510216 0.28150946
vt 0.75510216 0.28753370
vt 0.75510216 0.29355800
vt 0.75510216 0.29958230
vt 0.75510216 0.30560654
vt 0.74962556 0.25741237
vt 0.74962556 0.26343662
vt 0.74962556 0.26946092
vt 0.74962556 0.27548516
vt 0.74962556 0.28150946
vt 0.74962556 0.28753370
vt 0.74962556 0.29355800
vt 0.74962556 0.29958230
vt 0.74962556 0.30560654
vt 0.74414897 0.25741237
vt 0.74414897 0.26343662
vt 0.74414897 0.26946092
vt 0.74414897 0.27548516
vt 0.74414897 0.28150946
vt 0.74414897 0.28753370
vt 0.74414897 0.29355800
vt 0.74414897 0.29958230
vt 0.74414897 0.30560654
vt 0.73867226 0.25741237
vt 0.73867226 0.26343662
vt 0.73867226 0.26946092
vt 0.73867226 0.27548516
vt 0.73867226 0.28150946
vt 0.73867226 0.28753370
vt 0.73867226 0.29355800
vt 0.73867226 0.29958230
vt 0.73867226 0.30560654
vt 0.73319566 0.25741237
vt 0.73319566 0.26343662
vt 0.73319566 0.26946092
vt 0.73319566 0.27548516
vt 0.73319566 0.28150946
vt 0.73319566 0.28753370
vt 0.73319566 0.29355800
vt 0.73319566 0.29958230
vt 0.73319566 0.30560654
vt 0.77427030 0.31163085
vt 0.76879364 0.31163085
vt 0.76331705 0.31163085
vt 0.77974701 0.31163085
vt 0.75784045 0.31163085
vt 0.78522360 0.31163085
vt 0.75236386 0.31163085
vt 0.73045743 0.31163085
vt 0.74688727 0.31163085
vt 0.73593402 0.31163085
vt 0.74141061 0.31163085
vt 0.77427030 0.25138807
vt 0.76879364 0.25138807
vt 0.76331705 0.25138807
vt 0.77974701 0.25138807
vt 0.75784045 0.25138807
vt 0.78522360 0.25138807
vt 0.75236386 0.25138807
vt 0.73045743 0.25138807
vt 0.74688727 0.25138807
vt 0.73593402 0.25138807
vt 0.74141061 0.25138807
vt 0.78796184 0.25741237
vt 0.72771907 0.25741237
vt 0.78796184 0.26343662
vt 0.72771907 0.26343662
vt 0.78796184 0.26946092
vt 0.72771907 0.26946092
vt 0.78796184 0.27548516
vt 0.72771907 0.27548516
vt 0.72771907 0.28150946
vt 0.78796184 0.28150946
vt 0.78796184 0.28753370
vt 0.72771907 0.28753370
vt 0.78796184 0.29355800
vt 0.72771907 0.29355800
vt 0.78796184 0.29958230
vt 0.72771907 0.29958230
vt 0.78796184 0.30560654
vt 0.72771907 0.30560654
vt 0.78248525 0.25741237
vt 0.78248525 0.26343662
vt 0.78248525 0.26946092
vt 0.78248525 0.27548516
vt 0.78248525 0.28150946
vt 0.78248525 0.28753370
vt 0.78248525 0.29355800
vt 0.78248525 0.29958230
vt 0.78248525 0.30560654
vt 0.77700865 0.25741237
vt 0.77700865 0.26343662
vt 0.77700865 0.26946092
vt 0.77700865 0.27548516
vt 0.77700865 0.28150946
vt 0.77700865 0.28753370
vt 0.77700865 0.29355800
vt 0.77700865 0.29958230
vt 0.77700865 0.30560654
vt 0.77153206 0.25741231
vt 0.77153206 0.26343662
vt 0.77153206 0.26946092
vt 0.77153206 0.27548516
vt 0.77153206 0.28150946
vt 0.77153206 0.28753370
vt 0.77153206 0.29355800
vt 0.77153206 0.29958230
vt 0.77153206 0.30560654
vt 0.76605541 0.25741237
vt 0.76605541 0.26343662
vt 0.76605541 0.26946092
vt 0.76605541 0.27548516
vt 0.76605541 0.28150946
vt 0.76605541 0.28753370
vt 0.76605541 0.29355800
vt 0.76605541 0.29958230
vt 0.76605541 0.30560654
vt 0.76057881 0.25741237
vt 0.76057881 0.26343662
vt 0.76057881 0.26946092
vt 0.76057881 0.27548516
vt 0.76057881 0.28150946
vt 0.76057881 0.28753370
vt 0.76057881 0.29355800
vt 0.76057881 0.29958230
vt 0.76057881 0.30560654
vt 0.75510216 0.25741237
vt 0.75510216 0.26343662
vt 0.75510216 0.26946092
vt 0.75510216 0.27548516
vt 0.75510216 0.28150946
vt 0.75510216 0.28753370
vt 0.75510216 0.29355800
vt 0.75510216 0.29958230
vt 0.75510216 0.30560654
vt 0.74962556 0.25741237
vt 0.74962556 0.26343662
vt 0.74962556 0.26946092
vt 0.74962556 0.27548516
vt 0.74962556 0.28150946
vt 0.74962556 0.28753370
vt 0.74962556 0.29355800
vt 0.74962556 0.29958230
vt 0.74962556 0.30560654
vt 0.74414897 0.25741237
vt 0.74414897 0.26343662
vt 0.74414897 0.26946092
vt 0.74414897 0.27548516
vt 0.74414897 0.28150946
vt 0.74414897 0.28753370
vt 0.74414897 0.29355800
vt 0.74414897 0.29958230
vt 0.74414897 0.30560654
vt 0.73867226 0.25741237
vt 0.73867226 0.26343662
vt 0.73867226 0.26946092
vt 0.73867226 0.27548516
vt 0.73867226 0.28150946
vt 0.73867226 0.28753370
vt 0.73867226 0.29355800
vt 0.73867226 0.29958230
vt 0.73867226 0.30560654
vt 0.73319566 0.25741237
vt 0.73319566 0.26343662
vt 0.73319566 0.26946092
vt 0.73319566 0.27548516
vt 0.73319566 0.28150946
vt 0.73319566 0.28753370
vt 0.73319566 0.29355800
vt 0.73319566 0.29958230
vt 0.73319566 0.30560654
vt 0.77427030 0.31163085
vt 0.76879364 0.31163085
vt 0.76331705 0.31163085
vt 0.77974701 0.31163085
vt 0.75784045 0.31163085
vt 0.78522360 0.31163085
vt 0.75236386 0.31163085
vt 0.73045743 0.31163085
vt 0.73593402 0.31163085
vt 0.74688727 0.31163085
vt 0.74141061 0.31163085
vt 0.77427030 0.25138807
vt 0.76879364 0.25138807
vt 0.76331705 0.25138807
vt 0.77974701 0.25138807
vt 0.75784045 0.25138807
vt 0.78522360 0.25138807
vt 0.75236386 0.25138807
vt 0.73045743 0.25138807
vt 0.74688727 0.25138807
vt 0.73593402 0.25138807
vt 0.74141061 0.25138807
vt 0.78796184 0.25741237
vt 0.72771907 0.25741237
vt 0.78796184 0.26343662
vt 0.72771907 0.26343662
vt 0.78796184 0.26946092
vt 0.72771907 0.26946092
vt 0.78796184 0.27548516
vt 0.72771907 0.27548516
vt 0.72771907 0.28150946
vt 0.78796184 0.28150946
vt 0.78796184 0.28753370
vt 0.72771907 0.28753370
vt 0.78796184 0.29355800
vt 0.72771907 0.29355800
vt 0.78796184 0.29958230
vt 0.72771907 0.29958230
vt 0.78796184 0.30560654
vt 0.72771907 0.30560654
vt 0.78248525 0.25741237
vt 0.78248525 0.26343662
vt 0.78248525 0.26946092
vt 0.78248525 0.27548516
vt 0.78248525 0.28150946
vt 0.78248525 0.28753370
vt 0.78248525 0.29355800
vt 0.78248525 0.29958230
vt 0.78248525 0.30560654
vt 0.77700865 0.25741237
vt 0.77700865 0.26343662
vt 0.77700865 0.26946092
vt 0.77700865 0.27548516
vt 0.77700865 0.28150946
vt 0.77700865 0.28753370
vt 0.77700865 0.29355800
vt 0.77700865 0.29958230
vt 0.77700865 0.30560654
vt 0.77153206 0.25741231
vt 0.77153206 0.26343662
vt 0.77153206 0.26946092
vt 0.77153206 0.27548516
vt 0.77153206 0.28150946
vt 0.77153206 0.28753370
vt 0.77153206 0.29355800
vt 0.77153206 0.29958230
vt 0.77153206 0.30560654
f 106/106/106 109/109/109 104/104/104
f 107/107/107 110/110/110 105/105/105
f 108/108/108 109/109/109 106/106/106
f 92/92/92 110/110/110 107/107/107
f 94/94/94 109/109/109 108/108/108
f 91/91/91 110/110/110 92/92/92
f 93/93/93 109/109/109 94/94/94
f 96/96/96 110/110/110 91/91/91
f 97/97/97 110/110/110 99/99/99
f 98/98/98 109/109/109 93/93/93
f 100/100/100 109/109/109 95/95/95
f 101/101/101 110/110/110 97/97/97
f 102/102/102 109/109/109 100/100/100
f 103/103/103 110/110/110 101/101/101
f 104/104/104 109/109/109 102/102/102
f 105/105/105 110/110/110 103/103/103
f 448/448/448 402/402/402 327/327/327
f 391/391/391 456/456/456 335/335/335
f 327/327/327 403/403/403 336/336/336
f 392/392/392 335/335/335 344/344/344
f 394/394/394 344/344/344 353/353/353
f 336/336/336 405/405/405 345/345/345
f 397/397/397 353/353/353 362/362/362
f 345/345/345 408/408/408 354/354/354
f 399/399/399 362/362/362 371/371/371
f 354/354/354 410/410/410 363/363/363
f 400/400/400 371/371/371 380/380/380
f 363/363/363 411/411/411 372/372/372
f 372/372/372 409/409/409 381/381/381
f 398/398/398 380/380/380 389/389/389
f 381/381/381 407/407/407 413/413/413
f 396/396/396 389/389/389 429/429/429
f 395/395/395 428/428/428 438/438/438
f 412/412/412 406/406/406 430/430/430
f 393/393/393 438/438/438 447/447/447
f 430/430/430 404/404/404 439/439/439
f 390/390/390 447/447/447 456/456/456
f 439/439/439 401/401/401 448/448/448
f 578/578/578 532/532/532 457/457/457
f 521/521/521 586/586/586 465/465/465
f 457/457/457 533/533/533 466/466/466
f 522/522/522 465/465/465 474/474/474
f 524/524/524 474/474/474 483/483/483
f 466/466/466 535/535/535 475/475/475
f 526/526/526 483/483/483 492/492/492
f 475/475/475 538/538/538 484/484/484
f 529/529/529 492/492/492 501/501/501
f 484/484/484 539/539/539 493/493/493
f 530/530/530 501/501/501 510/510/510
f 493/493/493 541/541/541 502/502/502
f 502/502/502 540/540/540 511/511/511
f 528/528/528 510/510/510 519/519/519
f 511/511/511 537/537/537 543/543/543
f 527/527/527 519/519/519 559/559/559
f 525/525/525 558/558/558 568/568/568
f 542/542/542 536/536/536 560/560/560
f 523/523/523 568/568/568 577/577/577
f 560/560/560 534/534/534 569/569/569
f 520/520/520 577/577/577 586/586/586
f 569/569/569 531/531/531 578/578/578
f 708/708/708 662/662/662 587/587/587
f 651/651/651 716/716/716 595/595/595
f 587/587/587 663/663/663 596/596/596
f 652/652/652 595/595/595 604/604/604
f 654/654/654 604/604/604 613/613/613
f 596/596/596 665/665/665 605/605/605
f 656/656/656 613/613/613 622/622/622
f 605/605/605 667/667/667 614/614/614
f 659/659/659 622/622/622 631/631/631
f 614/614/614 669/669/669 623/623/623
f 660/660/660 631/631/631 640/640/640
f 623/623/623 671/671/671 632/632/632
f 632/632/632 670/670/670 641/641/641
f 658/658/658 640/640/640 649/649/649
f 641/641/641 668/668/668 673/673/673
f 657/657/657 649/649/649 689/689/689
f 655/655/655 688/688/688 698/698/698
f 672/672/672 666/666/666 690/690/690
f 653/653/653 698/698/698 707/707/707
f 690/690/690 664/664/664 699/699/699
f 650/650/650 707/707/707 716/716/716
f 699/699/699 661/661/661 708/708/708
f 838/838/838 792/792/792 717/717/717
f 781/781/781 846/846/846 725/725/725
f 717/717/717 793/793/793 726/726/726
f 782/782/782 725/725/725 734/734/734
f 784/784/784 734/734/734 743/743/743
f 726/726/726 795/795/795 735/735/735
f 786/786/786 743/743/743 752/752/752
f 735/735/735 797/797/797 744/744/744
f 788/788/788 752/752/752 761/761/761
f 744/744/744 799/799/799 753/753/753
f 790/790/790 761/761/761 770/770/770
f 753/753/753 801/801/801 762/762/762
f 762/762/762 800/800/800 771/771/771
f 789/789/789 770/770/770 779/779/779
f 771/771/771 798/798/798 803/803/803
f 787/787/787 779/779/779 819/819/819
f 785/785/785 818/818/818 828/828/828
f 802/802/802 796/796/796 820/820/820
f 783/783/783 828/828/828 837/837/837
f 820/820/820 794/794/794 829/829/829
f 780/780/780 837/837/837 846/846/846
f 829/829/829 791/791/791 838/838/838
f 968/968/968 922/922/922 847/847/847
f 911/911/911 976/976/976 855/855/855
f 847/847/847 923/923/923 856/856/856
f 912/912/912 855/855/855 864/864/864
f 914/914/914 864/864/864 873/873/873
f 856/856/856 925/925/925 865/865/865
f 916/916/916 873/873/873 882/882/882
f 865/865/865 927/927/927 874/874/874
f 919/919/919 882/882/882 891/891/891
f 874/874/874 929/929/929 883/883/883
f 920/920/920 891/891/891 900/900/900
f 883/883/883 931/931/931 892/892/892
f 892/892/892 930/930/930 901/901/901
f 918/918/918 900/900/900 909/909/909
f 901/901/901 928/928/928 933/933/933
f 917/917/917 909/909/909 949/949/949
f 915/915/915 948/948/948 958/958/958
f 932/932/932 926/926/926 950/950/950
f 913/913/913 958/958/958 967/967/967
f 950/950/950 924/924/924 959/959/959
f 910/910/910 967/967/967 976/976/976
f 959/959/959 921/921/921 968/968/968
f 1/1/1 2/2/2 3/3/3
f 1/1/1 3/3/3 4/4/4
f 5/5/5 6/6/6 7/7/7
f 5/5/5 7/7/7 8/8/8
f 9/9/9 10/10/10 2/2/2
f 9/9/9 2/2/2 1/1/1
f 12/12/12 14/14/14 6/6/6
f 12/12/12 6/6/6 5/5/5
f 15/15/15 16/16/16 13/13/13
f 15/15/15 13/13/13 11/11/11
f 17/17/17 19/19/19 10/10/10
f 17/17/17 10/10/10 9/9/9
f 21/21/21 22/22/22 23/23/23
f 21/21/21 23/23/23 24/24/24
f 25/25/25 26/26/26 16/16/16
f 25/25/25 16/16/16 15/15/15
f 27/27/27 28/28/28 22/22/22
f 27/27/27 22/22/22 21/21/21
f 29/29/29 30/30/30 26/26/26
f 29/29/29 26/26/26 25/25/25
f 31/31/31 32/32/32 28/28/28
f 31/31/31 28/28/28 27/27/27
f 33/33/33 34/34/34 30/30/30
f 33/33/33 30/30/30 29/29/29
f 35/35/35 36/36/36 32/32/32
f 35/35/35 32/32/32 31/31/31
f 4/4/4 3/3/3 34/34/34
f 4/4/4 34/34/34 33/33/33
f 8/8/8 7/7/7 36/36/36
f 8/8/8 36/36/36 35/35/35
f 37/37/37 38/38/38 39/39/39
f 37/37/37 39/39/39 40/40/40
f 41/41/41 42/42/42 43/43/43
f 41/41/41 43/43/43 44/44/44
f 45/45/45 46/46/46 38/38/38
f 45/45/45 38/38/38 37/37/37
f 47/47/47 48/48/48 42/42/42
f 47/47/47 42/42/42 41/41/41
f 49/49/49 50/50/50 46/46/46
f 49/49/49 46/46/46 45/45/45
f 51/51/51 52/52/52 48/48/48
f 51/51/51 48/48/48 47/47/47
f 53/53/53 54/54/54 50/50/50
f 53/53/53 50/50/50 49/49/49
f 56/56/56 58/58/58 52/52/52
f 56/56/56 52/52/52 51/51/51
f 59/59/59 60/60/60 62/62/62
f 59/59/59 62/62/62 64/64/64
f 63/63/63 61/61/61 54/54/54
f 63/63/63 54/54/54 53/53/53
f 65/65/65 66/66/66 57/57/57
f 65/65/65 57/57/57 55/55/55
f 67/67/67 68/68/68 60/60/60
f 67/67/67 60/60/60 59/59/59
f 69/69/69 70/70/70 66/66/66
f 69/69/69 66/66/66 65/65/65
f 71/71/71 72/72/72 68/68/68
f 71/71/71 68/68/68 67/67/67
f 40/40/40 39/39/39 70/70/70
f 40/40/40 70/70/70 69/69/69
f 44/44/44 43/43/43 72/72/72
f 44/44/44 72/72/72 71/71/71
f 22/22/22 73/73/73 74/74/74
f 22/22/22 74/74/74 23/23/23
f 26/26/26 75/75/75 76/76/76
f 26/26/26 76/76/76 16/16/16
f 28/28/28 77/77/77 73/73/73
f 28/28/28 73/73/73 22/22/22
f 30/30/30 78/78/78 75/75/75
f 30/30/30 75/75/75 26/26/26
f 32/32/32 79/79/79 77/77/77
f 32/32/32 77/77/77 28/28/28
f 34/34/34 80/80/80 78/78/78
f 34/34/34 78/78/78 30/30/30
f 36/36/36 81/81/81 79/79/79
f 36/36/36 79/79/79 32/32/32
f 3/3/3 82/82/82 80/80/80
f 3/3/3 80/80/80 34/34/34
f 7/7/7 83/83/83 81/81/81
f 7/7/7 81/81/81 36/36/36
f 2/2/2 84/84/84 82/82/82
f 2/2/2 82/82/82 3/3/3
f 6/6/6 85/85/85 83/83/83
f 6/6/6 83/83/83 7/7/7
f 10/10/10 86/86/86 84/84/84
f 10/10/10 84/84/84 2/2/2
f 14/14/14 88/88/88 85/85/85
f 14/14/14 85/85/85 6/6/6
f 23/23/23 74/74/74 90/90/90
f 23/23/23 90/90/90 20/20/20
f 19/19/19 89/89/89 86/86/86
f 19/19/19 86/86/86 10/10/10
f 16/16/16 76/76/76 87/87/87
f 16/16/16 87/87/87 13/13/13
f 85/85/85 91/91/91 92/92/92
f 85/85/85 92/92/92 83/83/83
f 86/86/86 93/93/93 94/94/94
f 86/86/86 94/94/94 84/84/84
f 88/88/88 96/96/96 91/91/91
f 88/88/88 91/91/91 85/85/85
f 74/74/74 97/97/97 99/99/99
f 74/74/74 99/99/99 90/90/90
f 89/89/89 98/98/98 93/93/93
f 89/89/89 93/93/93 86/86/86
f 76/76/76 100/100/100 95/95/95
f 76/76/76 95/95/95 87/87/87
f 73/73/73 101/101/101 97/97/97
f 73/73/73 97/97/97 74/74/74
f 75/75/75 102/102/102 100/100/100
f 75/75/75 100/100/100 76/76/76
f 77/77/77 103/103/103 101/101/101
f 77/77/77 101/101/101 73/73/73
f 78/78/78 104/104/104 102/102/102
f 78/78/78 102/102/102 75/75/75
f 79/79/79 105/105/105 103/103/103
f 79/79/79 103/103/103 77/77/77
f 80/80/80 106/106/106 104/104/104
f 80/80/80 104/104/104 78/78/78
f 81/81/81 107/107/107 105/105/105
f 81/81/81 105/105/105 79/79/79
f 82/82/82 108/108/108 106/106/106
f 82/82/82 106/106/106 80/80/80
f 83/83/83 92/92/92 107/107/107
f 83/83/83 107/107/107 81/81/81
f 84/84/84 94/94/94 108/108/108
f 84/84/84 108/108/108 82/82/82
f 60/60/60 24/24/24 18/18/18
f 60/60/60 18/18/18 62/62/62
f 68/68/68 21/21/21 24/24/24
f 68/68/68 24/24/24 60/60/60
f 72/72/72 27/27/27 21/21/21
f 72/72/72 21/21/21 68/68/68
f 43/43/43 31/31/31 27/27/27
f 43/43/43 27/27/27 72/72/72
f 42/42/42 35/35/35 31/31/31
f 42/42/42 31/31/31 43/43/43
f 48/48/48 8/8/8 35/35/35
f 48/48/48 35/35/35 42/42/42
f 52/52/52 5/5/5 8/8/8
f 52/52/52 8/8/8 48/48/48
f 58/58/58 12/12/12 5/5/5
f 58/58/58 5/5/5 52/52/52
f 66/66/66 15/15/15 11/11/11
f 66/66/66 11/11/11 57/57/57
f 70/70/70 25/25/25 15/15/15
f 70/70/70 15/15/15 66/66/66
f 39/39/39 29/29/29 25/25/25
f 39/39/39 25/25/25 70/70/70
f 38/38/38 33/33/33 29/29/29
f 38/38/38 29/29/29 39/39/39
f 46/46/46 4/4/4 33/33/33
f 46/46/46 33/33/33 38/38/38
f 50/50/50 1/1/1 4/4/4
f 50/50/50 4/4/4 46/46/46
f 54/54/54 9/9/9 1/1/1
f 54/54/54 1/1/1 50/50/50
f 61/61/61 17/17/17 9/9/9
f 61/61/61 9/9/9 54/54/54
f 24/24/24 23/23/23 20/20/20
f 24/24/24 20/20/20 18/18/18
f 111/111/111 112/112/112 113/113/113
f 111/111/111 113/113/113 114/114/114
f 115/115/115 44/44/44 71/71/71
f 115/115/115 71/71/71 116/116/116
f 117/117/117 118/118/118 119/119/119
f 117/117/117 119/119/119 120/120/120
f 121/121/121 40/40/40 69/69/69
f 121/121/121 69/69/69 122/122/122
f 114/114/114 113/113/113 123/123/123
f 114/114/114 123/123/123 124/124/124
f 116/116/116 71/71/71 67/67/67
f 116/116/116 67/67/67 125/125/125
f 120/120/120 119/119/119 126/126/126
f 120/120/120 126/126/126 127/127/127
f 122/122/122 69/69/69 65/65/65
f 122/122/122 65/65/65 128/128/128
f 124/124/124 123/123/123 129/129/129
f 124/124/124 129/129/129 130/130/130
f 125/125/125 67/67/67 59/59/59
f 125/125/125 59/59/59 131/131/131
f 127/127/127 126/126/126 132/132/132
f 127/127/127 132/132/132 134/134/134
f 128/128/128 65/65/65 55/55/55
f 128/128/128 55/55/55 136/136/136
f 138/138/138 140/140/140 142/142/142
f 138/138/138 142/142/142 143/143/143
f 144/144/144 63/63/63 53/53/53
f 144/144/144 53/53/53 146/146/146
f 130/130/130 129/129/129 141/141/141
f 130/130/130 141/141/141 139/139/139
f 131/131/131 59/59/59 64/64/64
f 131/131/131 64/64/64 145/145/145
f 135/135/135 133/133/133 147/147/147
f 135/135/135 147/147/147 148/148/148
f 137/137/137 56/56/56 51/51/51
f 137/137/137 51/51/51 149/149/149
f 143/143/143 142/142/142 150/150/150
f 143/143/143 150/150/150 151/151/151
f 146/146/146 53/53/53 49/49/49
f 146/146/146 49/49/49 152/152/152
f 148/148/148 147/147/147 153/153/153
f 148/148/148 153/153/153 154/154/154
f 149/149/149 51/51/51 47/47/47
f 149/149/149 47/47/47 155/155/155
f 151/151/151 150/150/150 156/156/156
f 151/151/151 156/156/156 157/157/157
f 152/152/152 49/49/49 45/45/45
f 152/152/152 45/45/45 158/158/158
f 154/154/154 153/153/153 159/159/159
f 154/154/154 159/159/159 160/160/160
f 155/155/155 47/47/47 41/41/41
f 155/155/155 41/41/41 161/161/161
f 157/157/157 156/156/156 162/162/162
f 157/157/157 162/162/162 163/163/163
f 158/158/158 45/45/45 37/37/37
f 158/158/158 37/37/37 164/164/164
f 160/160/160 159/159/159 112/112/112
f 160/160/160 112/112/112 111/111/111
f 161/161/161 41/41/41 44/44/44
f 161/161/161 44/44/44 115/115/115
f 163/163/163 162/162/162 118/118/118
f 163/163/163 118/118/118 117/117/117
f 164/164/164 37/37/37 40/40/40
f 164/164/164 40/40/40 121/121/121
f 165/165/165 163/163/163 117/117/117
f 165/165/165 117/117/117 166/166/166
f 167/167/167 160/160/160 111/111/111
f 167/167/167 111/111/111 168/168/168
f 169/169/169 157/157/157 163/163/163
f 169/169/169 163/163/163 165/165/165
f 170/170/170 154/154/154 160/160/160
f 170/170/170 160/160/160 167/167/167
f 171/171/171 151/151/151 157/157/157
f 171/171/171 157/157/157 169/169/169
f 172/172/172 148/148/148 154/154/154
f 172/172/172 154/154/154 170/170/170
f 173/173/173 143/143/143 151/151/151
f 173/173/173 151/151/151 171/171/171
f 175/175/175 135/135/135 148/148/148
f 175/175/175 148/148/148 172/172/172
f 176/176/176 130/130/130 139/139/139
f 176/176/176 139/139/139 178/178/178
f 177/177/177 138/138/138 143/143/143
f 177/177/177 143/143/143 173/173/173
f 179/179/179 127/127/127 134/134/134
f 179/179/179 134/134/134 174/174/174
f 180/180/180 124/124/124 130/130/130
f 180/180/180 130/130/130 176/176/176
f 181/181/181 120/120/120 127/127/127
f 181/181/181 127/127/127 179/179/179
f 182/182/182 114/114/114 124/124/124
f 182/182/182 124/124/124 180/180/180
f 166/166/166 117/117/117 120/120/120
f 166/166/166 120/120/120 181/181/181
f 168/168/168 111/111/111 114/114/114
f 168/168/168 114/114/114 182/182/182
f 223/223/223 183/183/183 184/184/184
f 223/223/223 184/184/184 219/219/219
f 233/233/233 185/185/185 186/186/186
f 233/233/233 186/186/186 227/227/227
f 220/220/220 187/187/187 183/183/183
f 220/220/220 183/183/183 223/223/223
f 224/224/224 188/188/188 185/185/185
f 224/224/224 185/185/185 233/233/233
f 228/228/228 189/189/189 187/187/187
f 228/228/228 187/187/187 220/220/220
f 234/234/234 190/190/190 188/188/188
f 234/234/234 188/188/188 224/224/224
f 235/235/235 191/191/191 189/189/189
f 235/235/235 189/189/189 228/228/228
f 230/230/230 193/193/193 190/190/190
f 230/230/230 190/190/190 234/234/234
f 236/236/236 194/194/194 196/196/196
f 236/236/236 196/196/196 232/232/232
f 231/231/231 195/195/195 191/191/191
f 231/231/231 191/191/191 235/235/235
f 221/221/221 197/197/197 192/192/192
f 221/221/221 192/192/192 229/229/229
f 225/225/225 198/198/198 194/194/194
f 225/225/225 194/194/194 236/236/236
f 226/226/226 199/199/199 197/197/197
f 226/226/226 197/197/197 221/221/221
f 222/222/222 200/200/200 198/198/198
f 222/222/222 198/198/198 225/225/225
f 219/219/219 184/184/184 199/199/199
f 219/219/219 199/199/199 226/226/226
f 227/227/227 186/186/186 200/200/200
f 227/227/227 200/200/200 222/222/222
f 183/183/183 164/164/164 121/121/121
f 183/183/183 121/121/121 184/184/184
f 185/185/185 161/161/161 115/115/115
f 185/185/185 115/115/115 186/186/186
f 187/187/187 158/158/158 164/164/164
f 187/187/187 164/164/164 183/183/183
f 188/188/188 155/155/155 161/161/161
f 188/188/188 161/161/161 185/185/185
f 189/189/189 152/152/152 158/158/158
f 189/189/189 158/158/158 187/187/187
f 190/190/190 149/149/149 155/155/155
f 190/190/190 155/155/155 188/188/188
f 191/191/191 146/146/146 152/152/152
f 191/191/191 152/152/152 189/189/189
f 193/193/193 137/137/137 149/149/149
f 193/193/193 149/149/149 190/190/190
f 194/194/194 131/131/131 145/145/145
f 194/194/194 145/145/145 196/196/196
f 195/195/195 144/144/144 146/146/146
f 195/195/195 146/146/146 191/191/191
f 197/197/197 128/128/128 136/136/136
f 197/197/197 136/136/136 192/192/192
f 198/198/198 125/125/125 131/131/131
f 198/198/198 131/131/131 194/194/194
f 199/199/199 122/122/122 128/128/128
f 199/199/199 128/128/128 197/197/197
f 200/200/200 116/116/116 125/125/125
f 200/200/200 125/125/125 198/198/198
f 184/184/184 121/121/121 122/122/122
f 184/184/184 122/122/122 199/199/199
f 186/186/186 115/115/115 116/116/116
f 186/186/186 116/116/116 200/200/200
f 201/201/201 168/168/168 182/182/182
f 201/201/201 182/182/182 202/202/202
f 203/203/203 166/166/166 181/181/181
f 203/203/203 181/181/181 204/204/204
f 202/202/202 182/182/182 180/180/180
f 202/202/202 180/180/180 205/205/205
f 204/204/204 181/181/181 179/179/179
f 204/204/204 179/179/179 206/206/206
f 205/205/205 180/180/180 176/176/176
f 205/205/205 176/176/176 207/207/207
f 206/206/206 179/179/179 174/174/174
f 206/206/206 174/174/174 208/208/208
f 210/210/210 177/177/177 173/173/173
f 210/210/210 173/173/173 212/212/212
f 207/207/207 176/176/176 178/178/178
f 207/207/207 178/178/178 211/211/211
f 209/209/209 175/175/175 172/172/172
f 209/209/209 172/172/172 213/213/213
f 212/212/212 173/173/173 171/171/171
f 212/212/212 171/171/171 214/214/214
f 213/213/213 172/172/172 170/170/170
f 213/213/213 170/170/170 215/215/215
f 214/214/214 171/171/171 169/169/169
f 214/214/214 169/169/169 216/216/216
f 215/215/215 170/170/170 167/167/167
f 215/215/215 167/167/167 217/217/217
f 216/216/216 169/169/169 165/165/165
f 216/216/216 165/165/165 218/218/218
f 217/217/217 167/167/167 168/168/168
f 217/217/217 168/168/168 201/201/201
f 218/218/218 165/165/165 166/166/166
f 218/218/218 166/166/166 203/203/203
f 112/112/112 227/227/227 222/222/222
f 112/112/112 222/222/222 113/113/113
f 118/118/118 219/219/219 226/226/226
f 118/118/118 226/226/226 119/119/119
f 113/113/113 222/222/222 225/225/225
f 113/113/113 225/225/225 123/123/123
f 119/119/119 226/226/226 221/221/221
f 119/119/119 221/221/221 126/126/126
f 123/123/123 225/225/225 236/236/236
f 123/123/123 236/236/236 129/129/129
f 126/126/126 221/221/221 229/229/229
f 126/126/126 229/229/229 132/132/132
f 140/140/140 231/231/231 235/235/235
f 140/140/140 235/235/235 142/142/142
f 129/129/129 236/236/236 232/232/232
f 129/129/129 232/232/232 141/141/141
f 133/133/133 230/230/230 234/234/234
f 133/133/133 234/234/234 147/147/147
f 142/142/142 235/235/235 228/228/228
f 142/142/142 228/228/228 150/150/150
f 147/147/147 234/234/234 224/224/224
f 147/147/147 224/224/224 153/153/153
f 150/150/150 228/228/228 220/220/220
f 150/150/150 220/220/220 156/156/156
f 153/153/153 224/224/224 233/233/233
f 153/153/153 233/233/233 159/159/159
f 156/156/156 220/220/220 223/223/223
f 156/156/156 223/223/223 162/162/162
f 159/159/159 233/233/233 227/227/227
f 159/159/159 227/227/227 112/112/112
f 162/162/162 223/223/223 219/219/219
f 162/162/162 219/219/219 118/118/118
f 237/237/237 238/238/238 239/239/239
f 237/237/237 239/239/239 240/240/240
f 241/241/241 242/242/242 243/243/243
f 241/241/241 243/243/243 244/244/244
f 240/240/240 239/239/239 245/245/245
f 240/240/240 245/245/245 246/246/246
f 244/244/244 243/243/243 247/247/247
f 244/244/244 247/247/247 248/248/248
f 246/246/246 245/245/245 249/249/249
f 246/246/246 249/249/249 250/250/250
f 248/248/248 247/247/247 251/251/251
f 248/248/248 251/251/251 253/253/253
f 255/255/255 257/257/257 259/259/259
f 255/255/255 259/259/259 260/260/260
f 250/250/250 249/249/249 258/258/258
f 250/250/250 258/258/258 256/256/256
f 254/254/254 252/252/252 261/261/261
f 254/254/254 261/261/261 262/262/262
f 260/260/260 259/259/259 263/263/263
f 260/260/260 263/263/263 264/264/264
f 262/262/262 261/261/261 265/265/265
f 262/262/262 265/265/265 266/266/266
f 264/264/264 263/263/263 267/267/267
f 264/264/264 267/267/267 268/268/268
f 266/266/266 265/265/265 269/269/269
f 266/266/266 269/269/269 270/270/270
f 268/268/268 267/267/267 271/271/271
f 268/268/268 271/271/271 272/272/272
f 270/270/270 269/269/269 238/238/238
f 270/270/270 238/238/238 237/237/237
f 272/272/272 271/271/271 242/242/242
f 272/272/272 242/242/242 241/241/241
f 273/273/273 272/272/272 241/241/241
f 273/273/273 241/241/241 274/274/274
f 275/275/275 270/270/270 237/237/237
f 275/275/275 237/237/237 276/276/276
f 277/277/277 268/268/268 272/272/272
f 277/277/277 272/272/272 273/273/273
f 278/278/278 266/266/266 270/270/270
f 278/278/278 270/270/270 275/275/275
f 279/279/279 264/264/264 268/268/268
f 279/279/279 268/268/268 277/277/277
f 280/280/280 262/262/262 266/266/266
f 280/280/280 266/266/266 278/278/278
f 281/281/281 260/260/260 264/264/264
f 281/281/281 264/264/264 279/279/279
f 283/283/283 254/254/254 262/262/262
f 283/283/283 262/262/262 280/280/280
f 284/284/284 250/250/250 256/256/256
f 284/284/284 256/256/256 286/286/286
f 285/285/285 255/255/255 260/260/260
f 285/285/285 260/260/260 281/281/281
f 287/287/287 248/248/248 253/253/253
f 287/287/287 253/253/253 282/282/282
f 288/288/288 246/246/246 250/250/250
f 288/288/288 250/250/250 284/284/284
f 289/289/289 244/244/244 248/248/248
f 289/289/289 248/248/248 287/287/287
f 290/290/290 240/240/240 246/246/246
f 290/290/290 246/246/246 288/288/288
f 274/274/274 241/241/241 244/244/244
f 274/274/274 244/244/244 289/289/289
f 276/276/276 237/237/237 240/240/240
f 276/276/276 240/240/240 290/290/290
f 291/291/291 276/276/276 290/290/290
f 291/291/291 290/290/290 292/292/292
f 293/293/293 274/274/274 289/289/289
f 293/293/293 289/289/289 294/294/294
f 292/292/292 290/290/290 288/288/288
f 292/292/292 288/288/288 295/295/295
f 294/294/294 289/289/289 287/287/287
f 294/294/294 287/287/287 296/296/296
f 295/295/295 288/288/288 284/284/284
f 295/295/295 284/284/284 297/297/297
f 296/296/296 287/287/287 282/282/282
f 296/296/296 282/282/282 298/298/298
f 300/300/300 285/285/285 281/281/281
f 300/300/300 281/281/281 302/302/302
f 297/297/297 284/284/284 286/286/286
f 297/297/297 286/286/286 301/301/301
f 299/299/299 283/283/283 280/280/280
f 299/299/299 280/280/280 303/303/303
f 302/302/302 281/281/281 279/279/279
f 302/302/302 279/279/279 304/304/304
f 303/303/303 280/280/280 278/278/278
f 303/303/303 278/278/278 305/305/305
f 304/304/304 279/279/279 277/277/277
f 304/304/304 277/277/277 306/306/306
f 305/305/305 278/278/278 275/275/275
f 305/305/305 275/275/275 307/307/307
f 306/306/306 277/277/277 273/273/273
f 306/306/306 273/273/273 308/308/308
f 307/307/307 275/275/275 276/276/276
f 307/307/307 276/276/276 291/291/291
f 308/308/308 273/273/273 274/274/274
f 308/308/308 274/274/274 293/293/293
f 238/238/238 317/317/317 312/312/312
f 238/238/238 312/312/312 239/239/239
f 242/242/242 309/309/309 316/316/316
f 242/242/242 316/316/316 243/243/243
f 239/239/239 312/312/312 315/315/315
f 239/239/239 315/315/315 245/245/245
f 243/243/243 316/316/316 311/311/311
f 243/243/243 311/311/311 247/247/247
f 245/245/245 315/315/315 326/326/326
f 245/245/245 326/326/326 249/249/249
f 247/247/247 311/311/311 319/319/319
f 247/247/247 319/319/319 251/251/251
f 257/257/257 321/321/321 325/325/325
f 257/257/257 325/325/325 259/259/259
f 249/249/249 326/326/326 322/322/322
f 249/249/249 322/322/322 258/258/258
f 252/252/252 320/320/320 324/324/324
f 252/252/252 324/324/324 261/261/261
f 259/259/259 325/325/325 318/318/318
f 259/259/259 318/318/318 263/263/263
f 261/261/261 324/324/324 314/314/314
f 261/261/261 314/314/314 265/265/265
f 263/263/263 318/318/318 310/310/310
f 263/263/263 310/310/310 267/267/267
f 265/265/265 314/314/314 323/323/323
f 265/265/265 323/323/323 269/269/269
f 267/267/267 310/310/310 313/313/313
f 267/267/267 313/313/313 271/271/271
f 269/269/269 323/323/323 317/317/317
f 269/269/269 317/317/317 238/238/238
f 271/271/271 313/313/313 309/309/309
f 271/271/271 309/309/309 242/242/242
f 454/454/454 453/453/453 332/332/332
f 454/454/454 332/332/332 333/333/333
f 451/451/451 450/450/450 329/329/329
f 451/451/451 329/329/329 330/330/330
f 455/455/455 454/454/454 333/333/333
f 455/455/455 333/333/333 334/334/334
f 452/452/452 451/451/451 330/330/330
f 452/452/452 330/330/330 331/331/331
f 449/449/449 448/448/448 327/327/327
f 449/449/449 327/327/327 328/328/328
f 456/456/456 455/455/455 334/334/334
f 456/456/456 334/334/334 335/335/335
f 453/453/453 452/452/452 331/331/331
f 453/453/453 331/331/331 332/332/332
f 450/450/450 449/449/449 328/328/328
f 450/450/450 328/328/328 329/329/329
f 333/333/333 332/332/332 341/341/341
f 333/333/333 341/341/341 342/342/342
f 330/330/330 329/329/329 338/338/338
f 330/330/330 338/338/338 339/339/339
f 334/334/334 333/333/333 342/342/342
f 334/334/334 342/342/342 343/343/343
f 331/331/331 330/330/330 339/339/339
f 331/331/331 339/339/339 340/340/340
f 328/328/328 327/327/327 336/336/336
f 328/328/328 336/336/336 337/337/337
f 335/335/335 334/334/334 343/343/343
f 335/335/335 343/343/343 344/344/344
f 332/332/332 331/331/331 340/340/340
f 332/332/332 340/340/340 341/341/341
f 329/329/329 328/328/328 337/337/337
f 329/329/329 337/337/337 338/338/338
f 338/338/338 337/337/337 346/346/346
f 338/338/338 346/346/346 347/347/347
f 342/342/342 341/341/341 350/350/350
f 342/342/342 350/350/350 351/351/351
f 339/339/339 338/338/338 347/347/347
f 339/339/339 347/347/347 348/348/348
f 343/343/343 342/342/342 351/351/351
f 343/343/343 351/351/351 352/352/352
f 340/340/340 339/339/339 348/348/348
f 340/340/340 348/348/348 349/349/349
f 337/337/337 336/336/336 345/345/345
f 337/337/337 345/345/345 346/346/346
f 344/344/344 343/343/343 352/352/352
f 344/344/344 352/352/352 353/353/353
f 341/341/341 340/340/340 349/349/349
f 341/341/341 349/349/349 350/350/350
f 350/350/350 349/349/349 358/358/358
f 350/350/350 358/358/358 359/359/359
f 347/347/347 346/346/346 355/355/355
f 347/347/347 355/355/355 356/356/356
f 351/351/351 350/350/350 359/359/359
f 351/351/351 359/359/359 360/360/360
f 348/348/348 347/347/347 356/356/356
f 348/348/348 356/356/356 357/357/357
f 352/352/352 351/351/351 360/360/360
f 352/352/352 360/360/360 361/361/361
f 349/349/349 348/348/348 357/357/357
f 349/349/349 357/357/357 358/358/358
f 346/346/346 345/345/345 354/354/354
f 346/346/346 354/354/354 355/355/355
f 353/353/353 352/352/352 361/361/361
f 353/353/353 361/361/361 362/362/362
f 355/355/355 354/354/354 363/363/363
f 355/355/355 363/363/363 364/364/364
f 362/362/362 361/361/361 370/370/370
f 362/362/362 370/370/370 371/371/371
f 359/359/359 358/358/358 367/367/367
f 359/359/359 367/367/367 368/368/368
f 356/356/356 355/355/355 364/364/364
f 356/356/356 364/364/364 365/365/365
f 360/360/360 359/359/359 368/368/368
f 360/360/360 368/368/368 369/369/369
f 357/357/357 356/356/356 365/365/365
f 357/357/357 365/365/365 366/366/366
f 361/361/361 360/360/360 369/369/369
f 361/361/361 369/369/369 370/370/370
f 358/358/358 357/357/357 366/366/366
f 358/358/358 366/366/366 367/367/367
f 370/370/370 369/369/369 378/378/378
f 370/370/370 378/378/378 379/379/379
f 367/367/367 366/366/366 375/375/375
f 367/367/367 375/375/375 376/376/376
f 364/364/364 363/363/363 372/372/372
f 364/364/364 372/372/372 373/373/373
f 371/371/371 370/370/370 379/379/379
f 371/371/371 379/379/379 380/380/380
f 368/368/368 367/367/367 376/376/376
f 368/368/368 376/376/376 377/377/377
f 365/365/365 364/364/364 373/373/373
f 365/365/365 373/373/373 374/374/374
f 369/369/369 368/368/368 377/377/377
f 369/369/369 377/377/377 378/378/378
f 366/366/366 365/365/365 374/374/374
f 366/366/366 374/374/374 375/375/375
f 375/375/375 374/374/374 383/383/383
f 375/375/375 383/383/383 384/384/384
f 379/379/379 378/378/378 387/387/387
f 379/379/379 387/387/387 388/388/388
f 376/376/376 375/375/375 384/384/384
f 376/376/376 384/384/384 385/385/385
f 373/373/373 372/372/372 381/381/381
f 373/373/373 381/381/381 382/382/382
f 380/380/380 379/379/379 388/388/388
f 380/380/380 388/388/388 389/389/389
f 377/377/377 376/376/376 385/385/385
f 377/377/377 385/385/385 386/386/386
f 374/374/374 373/373/373 382/382/382
f 374/374/374 382/382/382 383/383/383
f 378/378/378 377/377/377 386/386/386
f 378/378/378 386/386/386 387/387/387
f 387/387/387 386/386/386 423/423/423
f 387/387/387 423/423/423 425/425/425
f 384/384/384 383/383/383 417/417/417
f 384/384/384 417/417/417 419/419/419
f 388/388/388 387/387/387 425/425/425
f 388/388/388 425/425/425 427/427/427
f 385/385/385 384/384/384 419/419/419
f 385/385/385 419/419/419 421/421/421
f 382/382/382 381/381/381 413/413/413
f 382/382/382 413/413/413 415/415/415
f 389/389/389 388/388/388 427/427/427
f 389/389/389 427/427/427 429/429/429
f 386/386/386 385/385/385 421/421/421
f 386/386/386 421/421/421 423/423/423
f 383/383/383 382/382/382 415/415/415
f 383/383/383 415/415/415 417/417/417
f 416/416/416 414/414/414 431/431/431
f 416/416/416 431/431/431 432/432/432
f 424/424/424 422/422/422 435/435/435
f 424/424/424 435/435/435 436/436/436
f 418/418/418 416/416/416 432/432/432
f 418/418/418 432/432/432 433/433/433
f 426/426/426 424/424/424 436/436/436
f 426/426/426 436/436/436 437/437/437
f 420/420/420 418/418/418 433/433/433
f 420/420/420 433/433/433 434/434/434
f 414/414/414 412/412/412 430/430/430
f 414/414/414 430/430/430 431/431/431
f 428/428/428 426/426/426 437/437/437
f 428/428/428 437/437/437 438/438/438
f 422/422/422 420/420/420 434/434/434
f 422/422/422 434/434/434 435/435/435
f 438/438/438 437/437/437 446/446/446
f 438/438/438 446/446/446 447/447/447
f 435/435/435 434/434/434 443/443/443
f 435/435/435 443/443/443 444/444/444
f 432/432/432 431/431/431 440/440/440
f 432/432/432 440/440/440 441/441/441
f 436/436/436 435/435/435 444/444/444
f 436/436/436 444/444/444 445/445/445
f 433/433/433 432/432/432 441/441/441
f 433/433/433 441/441/441 442/442/442
f 437/437/437 436/436/436 445/445/445
f 437/437/437 445/445/445 446/446/446
f 434/434/434 433/433/433 442/442/442
f 434/434/434 442/442/442 443/443/443
f 431/431/431 430/430/430 439/439/439
f 431/431/431 439/439/439 440/440/440
f 443/443/443 442/442/442 451/451/451
f 443/443/443 451/451/451 452/452/452
f 440/440/440 439/439/439 448/448/448
f 440/440/440 448/448/448 449/449/449
f 447/447/447 446/446/446 455/455/455
f 447/447/447 455/455/455 456/456/456
f 444/444/444 443/443/443 452/452/452
f 444/444/444 452/452/452 453/453/453
f 441/441/441 440/440/440 449/449/449
f 441/441/441 449/449/449 450/450/450
f 445/445/445 444/444/444 453/453/453
f 445/445/445 453/453/453 454/454/454
f 442/442/442 441/441/441 450/450/450
f 442/442/442 450/450/450 451/451/451
f 446/446/446 445/445/445 454/454/454
f 446/446/446 454/454/454 455/455/455
f 584/584/584 583/583/583 462/462/462
f 584/584/584 462/462/462 463/463/463
f 581/581/581 580/580/580 459/459/459
f 581/581/581 459/459/459 460/460/460
f 585/585/585 584/584/584 463/463/463
f 585/585/585 463/463/463 464/464/464
f 582/582/582 581/581/581 460/460/460
f 582/582/582 460/460/460 461/461/461
f 579/579/579 578/578/578 457/457/457
f 579/579/579 457/457/457 458/458/458
f 586/586/586 585/585/585 464/464/464
f 586/586/586 464/464/464 465/465/465
f 583/583/583 582/582/582 461/461/461
f 583/583/583 461/461/461 462/462/462
f 580/580/580 579/579/579 458/458/458
f 580/580/580 458/458/458 459/459/459
f 463/463/463 462/462/462 471/471/471
f 463/463/463 471/471/471 472/472/472
f 460/460/460 459/459/459 468/468/468
f 460/460/460 468/468/468 469/469/469
f 464/464/464 463/463/463 472/472/472
f 464/464/464 472/472/472 473/473/473
f 461/461/461 460/460/460 469/469/469
f 461/461/461 469/469/469 470/470/470
f 458/458/458 457/457/457 466/466/466
f 458/458/458 466/466/466 467/467/467
f 465/465/465 464/464/464 473/473/473
f 465/465/465 473/473/473 474/474/474
f 462/462/462 461/461/461 470/470/470
f 462/462/462 470/470/470 471/471/471
f 459/459/459 458/458/458 467/467/467
f 459/459/459 467/467/467 468/468/468
f 468/468/468 467/467/467 476/476/476
f 468/468/468 476/476/476 477/477/477
f 472/472/472 471/471/471 480/480/480
f 472/472/472 480/480/480 481/481/481
f 469/469/469 468/468/468 477/477/477
f 469/469/469 477/477/477 478/478/478
f 473/473/473 472/472/472 481/481/481
f 473/473/473 481/481/481 482/482/482
f 470/470/470 469/469/469 478/478/478
f 470/470/470 478/478/478 479/479/479
f 467/467/467 466/466/466 475/475/475
f 467/467/467 475/475/475 476/476/476
f 474/474/474 473/473/473 482/482/482
f 474/474/474 482/482/482 483/483/483
f 471/471/471 470/470/470 479/479/479
f 471/471/471 479/479/479 480/480/480
f 480/480/480 479/479/479 488/488/488
f 480/480/480 488/488/488 489/489/489
f 477/477/477 476/476/476 485/485/485
f 477/477/477 485/485/485 486/486/486
f 481/481/481 480/480/480 489/489/489
f 481/481/481 489/489/489 490/490/490
f 478/478/478 477/477/477 486/486/486
f 478/478/478 486/486/486 487/487/487
f 482/482/482 481/481/481 490/490/490
f 482/482/482 490/490/490 491/491/491
f 479/479/479 478/478/478 487/487/487
f 479/479/479 487/487/487 488/488/488
f 476/476/476 475/475/475 484/484/484
f 476/476/476 484/484/484 485/485/485
f 483/483/483 482/482/482 491/491/491
f 483/483/483 491/491/491 492/492/492
f 485/485/485 484/484/484 493/493/493
f 485/485/485 493/493/493 494/494/494
f 492/492/492 491/491/491 500/500/500
f 492/492/492 500/500/500 501/501/501
f 489/489/489 488/488/488 497/497/497
f 489/489/489 497/497/497 498/498/498
f 486/486/486 485/485/485 494/494/494
f 486/486/486 494/494/494 495/495/495
f 490/490/490 489/489/489 498/498/498
f 490/490/490 498/498/498 499/499/499
f 487/487/487 486/486/486 495/495/495
f 487/487/487 495/495/495 496/496/496
f 491/491/491 490/490/490 499/499/499
f 491/491/491 499/499/499 500/500/500
f 488/488/488 487/487/487 496/496/496
f 488/488/488 496/496/496 497/497/497
f 500/500/500 499/499/499 508/508/508
f 500/500/500 508/508/508 509/509/509
f 497/497/497 496/496/496 505/505/505
f 497/497/497 505/505/505 506/506/506
f 494/494/494 493/493/493 502/502/502
f 494/494/494 502/502/502 503/503/503
f 501/501/501 500/500/500 509/509/509
f 501/501/501 509/509/509 510/510/510
f 498/498/498 497/497/497 506/506/506
f 498/498/498 506/506/506 507/507/507
f 495/495/495 494/494/494 503/503/503
f 495/495/495 503/503/503 504/504/504
f 499/499/499 498/498/498 507/507/507
f 499/499/499 507/507/507 508/508/508
f 496/496/496 495/495/495 504/504/504
f 496/496/496 504/504/504 505/505/505
f 505/505/505 504/504/504 513/513/513
f 505/505/505 513/513/513 514/514/514
f 509/509/509 508/508/508 517/517/517
f 509/509/509 517/517/517 518/518/518
f 506/506/506 505/505/505 514/514/514
f 506/506/506 514/514/514 515/515/515
f 503/503/503 502/502/502 511/511/511
f 503/503/503 511/511/511 512/512/512
f 510/510/510 509/509/509 518/518/518
f 510/510/510 518/518/518 519/519/519
f 507/507/507 506/506/506 515/515/515
f 507/507/507 515/515/515 516/516/516
f 504/504/504 503/503/503 512/512/512
f 504/504/504 512/512/512 513/513/513
f 508/508/508 507/507/507 516/516/516
f 508/508/508 516/516/516 517/517/517
f 517/517/517 516/516/516 553/553/553
f 517/517/517 553/553/553 555/555/555
f 514/514/514 513/513/513 547/547/547
f 514/514/514 547/547/547 549/549/549
f 518/518/518 517/517/517 555/555/555
f 518/518/518 555/555/555 557/557/557
f 515/515/515 514/514/514 549/549/549
f 515/515/515 549/549/549 550/550/550
f 512/512/512 511/511/511 543/543/543
f 512/512/512 543/543/543 545/545/545
f 519/519/519 518/518/518 557/557/557
f 519/519/519 557/557/557 559/559/559
f 516/516/516 515/515/515 550/550/550
f 516/516/516 550/550/550 553/553/553
f 513/513/513 512/512/512 545/545/545
f 513/513/513 545/545/545 547/547/547
f 546/546/546 544/544/544 561/561/561
f 546/546/546 561/561/561 562/562/562
f 554/554/554 552/552/552 565/565/565
f 554/554/554 565/565/565 566/566/566
f 548/548/548 546/546/546 562/562/562
f 548/548/548 562/562/562 563/563/563
f 556/556/556 554/554/554 566/566/566
f 556/556/556 566/566/566 567/567/567
f 551/551/551 548/548/548 563/563/563
f 551/551/551 563/563/563 564/564/564
f 544/544/544 542/542/542 560/560/560
f 544/544/544 560/560/560 561/561/561
f 558/558/558 556/556/556 567/567/567
f 558/558/558 567/567/567 568/568/568
f 552/552/552 551/551/551 564/564/564
f 552/552/552 564/564/564 565/565/565
f 568/568/568 567/567/567 576/576/576
f 568/568/568 576/576/576 577/577/577
f 565/565/565 564/564/564 573/573/573
f 565/565/565 573/573/573 574/574/574
f 562/562/562 561/561/561 570/570/570
f 562/562/562 570/570/570 571/571/571
f 566/566/566 565/565/565 574/574/574
f 566/566/566 574/574/574 575/575/575
f 563/563/563 562/562/562 571/571/571
f 563/563/563 571/571/571 572/572/572
f 567/567/567 566/566/566 575/575/575
f 567/567/567 575/575/575 576/576/576
f 564/564/564 563/563/563 572/572/572
f 564/564/564 572/572/572 573/573/573
f 561/561/561 560/560/560 569/569/569
f 561/561/561 569/569/569 570/570/570
f 573/573/573 572/572/572 581/581/581
f 573/573/573 581/581/581 582/582/582
f 570/570/570 569/569/569 578/578/578
f 570/570/570 578/578/578 579/579/579
f 577/577/577 576/576/576 585/585/585
f 577/577/577 585/585/585 586/586/586
f 574/574/574 573/573/573 582/582/582
f 574/574/574 582/582/582 583/583/583
f 571/571/571 570/570/570 579/579/579
f 571/571/571 579/579/579 580/580/580
f 575/575/575 574/574/574 583/583/583
f 575/575/575 583/583/583 584/584/584
f 572/572/572 571/571/571 580/580/580
f 572/572/572 580/580/580 581/581/581
f 576/576/576 575/575/575 584/584/584
f 576/576/576 584/584/584 585/585/585
f 714/714/714 713/713/713 592/592/592
f 714/714/714 592/592/592 593/593/593
f 711/711/711 710/710/710 589/589/589
f 711/711/711 589/589/589 590/590/590
f 715/715/715 714/714/714 593/593/593
f 715/715/715 593/593/593 594/594/594
f 712/712/712 711/711/711 590/590/590
f 712/712/712 590/590/590 591/591/591
f 709/709/709 708/708/708 587/587/587
f 709/709/709 587/587/587 588/588/588
f 716/716/716 715/715/715 594/594/594
f 716/716/716 594/594/594 595/595/595
f 713/713/713 712/712/712 591/591/591
f 713/713/713 591/591/591 592/592/592
f 710/710/710 709/709/709 588/588/588
f 710/710/710 588/588/588 589/589/589
f 593/593/593 592/592/592 601/601/601
f 593/593/593 601/601/601 602/602/602
f 590/590/590 589/589/589 598/598/598
f 590/590/590 598/598/598 599/599/599
f 594/594/594 593/593/593 602/602/602
f 594/594/594 602/602/602 603/603/603
f 591/591/591 590/590/590 599/599/599
f 591/591/591 599/599/599 600/600/600
f 588/588/588 587/587/587 596/596/596
f 588/588/588 596/596/596 597/597/597
f 595/595/595 594/594/594 603/603/603
f 595/595/595 603/603/603 604/604/604
f 592/592/592 591/591/591 600/600/600
f 592/592/592 600/600/600 601/601/601
f 589/589/589 588/588/588 597/597/597
f 589/589/589 597/597/597 598/598/598
f 598/598/598 597/597/597 606/606/606
f 598/598/598 606/606/606 607/607/607
f 602/602/602 601/601/601 610/610/610
f 602/602/602 610/610/610 611/611/611
f 599/599/599 598/598/598 607/607/607
f 599/599/599 607/607/607 608/608/608
f 603/603/603 602/602/602 611/611/611
f 603/603/603 611/611/611 612/612/612
f 600/600/600 599/599/599 608/608/608
f 600/600/600 608/608/608 609/609/609
f 597/597/597 596/596/596 605/605/605
f 597/597/597 605/605/605 606/606/606
f 604/604/604 603/603/603 612/612/612
f 604/604/604 612/612/612 613/613/613
f 601/601/601 600/600/600 609/609/609
f 601/601/601 609/609/609 610/610/610
f 610/610/610 609/609/609 618/618/618
f 610/610/610 618/618/618 619/619/619
f 607/607/607 606/606/606 615/615/615
f 607/607/607 615/615/615 616/616/616
f 611/611/611 610/610/610 619/619/619
f 611/611/611 619/619/619 620/620/620
f 608/608/608 607/607/607 616/616/616
f 608/608/608 616/616/616 617/617/617
f 612/612/612 611/611/611 620/620/620
f 612/612/612 620/620/620 621/621/621
f 609/609/609 608/608/608 617/617/617
f 609/609/609 617/617/617 618/618/618
f 606/606/606 605/605/605 614/614/614
f 606/606/606 614/614/614 615/615/615
f 613/613/613 612/612/612 621/621/621
f 613/613/613 621/621/621 622/622/622
f 615/615/615 614/614/614 623/623/623
f 615/615/615 623/623/623 624/624/624
f 622/622/622 621/621/621 630/630/630
f 622/622/622 630/630/630 631/631/631
f 619/619/619 618/618/618 627/627/627
f 619/619/619 627/627/627 628/628/628
f 616/616/616 615/615/615 624/624/624
f 616/616/616 624/624/624 625/625/625
f 620/620/620 619/619/619 628/628/628
f 620/620/620 628/628/628 629/629/629
f 617/617/617 616/616/616 625/625/625
f 617/617/617 625/625/625 626/626/626
f 621/621/621 620/620/620 629/629/629
f 621/621/621 629/629/629 630/630/630
f 618/618/618 617/617/617 626/626/626
f 618/618/618 626/626/626 627/627/627
f 630/630/630 629/629/629 638/638/638
f 630/630/630 638/638/638 639/639/639
f 627/627/627 626/626/626 635/635/635
f 627/627/627 635/635/635 636/636/636
f 624/624/624 623/623/623 632/632/632
f 624/624/624 632/632/632 633/633/633
f 631/631/631 630/630/630 639/639/639
f 631/631/631 639/639/639 640/640/640
f 628/628/628 627/627/627 636/636/636
f 628/628/628 636/636/636 637/637/637
f 625/625/625 624/624/624 633/633/633
f 625/625/625 633/633/633 634/634/634
f 629/629/629 628/628/628 637/637/637
f 629/629/629 637/637/637 638/638/638
f 626/626/626 625/625/625 634/634/634
f 626/626/626 634/634/634 635/635/635
f 635/635/635 634/634/634 643/643/643
f 635/635/635 643/643/643 644/644/644
f 639/639/639 638/638/638 647/647/647
f 639/639/639 647/647/647 648/648/648
f 636/636/636 635/635/635 644/644/644
f 636/636/636 644/644/644 645/645/645
f 633/633/633 632/632/632 641/641/641
f 633/633/633 641/641/641 642/642/642
f 640/640/640 639/639/639 648/648/648
f 640/640/640 648/648/648 649/649/649
f 637/637/637 636/636/636 645/645/645
f 637/637/637 645/645/645 646/646/646
f 634/634/634 633/633/633 642/642/642
f 634/634/634 642/642/642 643/643/643
f 638/638/638 637/637/637 646/646/646
f 638/638/638 646/646/646 647/647/647
f 647/647/647 646/646/646 683/683/683
f 647/647/647 683/683/683 685/685/685
f 644/644/644 643/643/643 677/677/677
f 644/644/644 677/677/677 679/679/679
f 648/648/648 647/647/647 685/685/685
f 648/648/648 685/685/685 687/687/687
f 645/645/645 644/644/644 679/679/679
f 645/645/645 679/679/679 680/680/680
f 642/642/642 641/641/641 673/673/673
f 642/642/642 673/673/673 675/675/675
f 649/649/649 648/648/648 687/687/687
f 649/649/649 687/687/687 689/689/689
f 646/646/646 645/645/645 680/680/680
f 646/646/646 680/680/680 683/683/683
f 643/643/643 642/642/642 675/675/675
f 643/643/643 675/675/675 677/677/677
f 676/676/676 674/674/674 691/691/691
f 676/676/676 691/691/691 692/692/692
f 684/684/684 682/682/682 695/695/695
f 684/684/684 695/695/695 696/696/696
f 678/678/678 676/676/676 692/692/692
f 678/678/678 692/692/692 693/693/693
f 686/686/686 684/684/684 696/696/696
f 686/686/686 696/696/696 697/697/697
f 681/681/681 678/678/678 693/693/693
f 681/681/681 693/693/693 694/694/694
f 674/674/674 672/672/672 690/690/690
f 674/674/674 690/690/690 691/691/691
f 688/688/688 686/686/686 697/697/697
f 688/688/688 697/697/697 698/698/698
f 682/682/682 681/681/681 694/694/694
f 682/682/682 694/694/694 695/695/695
f 698/698/698 697/697/697 706/706/706
f 698/698/698 706/706/706 707/707/707
f 695/695/695 694/694/694 703/703/703
f 695/695/695 703/703/703 704/704/704
f 692/692/692 691/691/691 700/700/700
f 692/692/692 700/700/700 701/701/701
f 696/696/696 695/695/695 704/704/704
f 696/696/696 704/704/704 705/705/705
f 693/693/693 692/692/692 701/701/701
f 693/693/693 701/701/701 702/702/702
f 697/697/697 696/696/696 705/705/705
f 697/697/697 705/705/705 706/706/706
f 694/694/694 693/693/693 702/702/702
f 694/694/694 702/702/702 703/703/703
f 691/691/691 690/690/690 699/699/699
f 691/691/691 699/699/699 700/700/700
f 703/703/703 702/702/702 711/711/711
f 703/703/703 711/711/711 712/712/712
f 700/700/700 699/699/699 708/708/708
f 700/700/700 708/708/708 709/709/709
f 707/707/707 706/706/706 715/715/715
f 707/707/707 715/715/715 716/716/716
f 704/704/704 703/703/703 712/712/712
f 704/704/704 712/712/712 713/713/713
f 701/701/701 700/700/700 709/709/709
f 701/701/701 709/709/709 710/710/710
f 705/705/705 704/704/704 713/713/713
f 705/705/705 713/713/713 714/714/714
f 702/702/702 701/701/701 710/710/710
f 702/702/702 710/710/710 711/711/711
f 706/706/706 705/705/705 714/714/714
f 706/706/706 714/714/714 715/715/715
f 844/844/844 843/843/843 722/722/722
f 844/844/844 722/722/722 723/723/723
f 841/841/841 840/840/840 719/719/719
f 841/841/841 719/719/719 720/720/720
f 845/845/845 844/844/844 723/723/723
f 845/845/845 723/723/723 724/724/724
f 842/842/842 841/841/841 720/720/720
f 842/842/842 720/720/720 721/721/721
f 839/839/839 838/838/838 717/717/717
f 839/839/839 717/717/717 718/718/718
f 846/846/846 845/845/845 724/724/724
f 846/846/846 724/724/724 725/725/725
f 843/843/843 842/842/842 721/721/721
f 843/843/843 721/721/721 722/722/722
f 840/840/840 839/839/839 718/718/718
f 840/840/840 718/718/718 719/719/719
f 723/723/723 722/722/722 731/731/731
f 723/723/723 731/731/731 732/732/732
f 720/720/720 719/719/719 728/728/728
f 720/720/720 728/728/728 729/729/729
f 724/724/724 723/723/723 732/732/732
f 724/724/724 732/732/732 733/733/733
f 721/721/721 720/720/720 729/729/729
f 721/721/721 729/729/729 730/730/730
f 718/718/718 717/717/717 726/726/726
f 718/718/718 726/726/726 727/727/727
f 725/725/725 724/724/724 733/733/733
f 725/725/725 733/733/733 734/734/734
f 722/722/722 721/721/721 730/730/730
f 722/722/722 730/730/730 731/731/731
f 719/719/719 718/718/718 727/727/727
f 719/719/719 727/727/727 728/728/728
f 728/728/728 727/727/727 736/736/736
f 728/728/728 736/736/736 737/737/737
f 732/732/732 731/731/731 740/740/740
f 732/732/732 740/740/740 741/741/741
f 729/729/729 728/728/728 737/737/737
f 729/729/729 737/737/737 738/738/738
f 733/733/733 732/732/732 741/741/741
f 733/733/733 741/741/741 742/742/742
f 730/730/730 729/729/729 738/738/738
f 730/730/730 738/738/738 739/739/739
f 727/727/727 726/726/726 735/735/735
f 727/727/727 735/735/735 736/736/736
f 734/734/734 733/733/733 742/742/742
f 734/734/734 742/742/742 743/743/743
f 731/731/731 730/730/730 739/739/739
f 731/731/731 739/739/739 740/740/740
f 740/740/740 739/739/739 748/748/748
f 740/740/740 748/748/748 749/749/749
f 737/737/737 736/736/736 745/745/745
f 737/737/737 745/745/745 746/746/746
f 741/741/741 740/740/740 749/749/749
f 741/741/741 749/749/749 750/750/750
f 738/738/738 737/737/737 746/746/746
f 738/738/738 746/746/746 747/747/747
f 742/742/742 741/741/741 750/750/750
f 742/742/742 750/750/750 751/751/751
f 739/739/739 738/738/738 747/747/747
f 739/739/739 747/747/747 748/748/748
f 736/736/736 735/735/735 744/744/744
f 736/736/736 744/744/744 745/745/745
f 743/743/743 742/742/742 751/751/751
f 743/743/743 751/751/751 752/752/752
f 745/745/745 744/744/744 753/753/753
f 745/745/745 753/753/753 754/754/754
f 752/752/752 751/751/751 760/760/760
f 752/752/752 760/760/760 761/761/761
f 749/749/749 748/748/748 757/757/757
f 749/749/749 757/757/757 758/758/758
f 746/746/746 745/745/745 754/754/754
f 746/746/746 754/754/754 755/755/755
f 750/750/750 749/749/749 758/758/758
f 750/750/750 758/758/758 759/759/759
f 747/747/747 746/746/746 755/755/755
f 747/747/747 755/755/755 756/756/756
f 751/751/751 750/750/750 759/759/759
f 751/751/751 759/759/759 760/760/760
f 748/748/748 747/747/747 756/756/756
f 748/748/748 756/756/756 757/757/757
f 760/760/760 759/759/759 768/768/768
f 760/760/760 768/768/768 769/769/769
f 757/757/757 756/756/756 765/765/765
f 757/757/757 765/765/765 766/766/766
f 754/754/754 753/753/753 762/762/762
f 754/754/754 762/762/762 763/763/763
f 761/761/761 760/760/760 769/769/769
f 761/761/761 769/769/769 770/770/770
f 758/758/758 757/757/757 766/766/766
f 758/758/758 766/766/766 767/767/767
f 755/755/755 754/754/754 763/763/763
f 755/755/755 763/763/763 764/764/764
f 759/759/759 758/758/758 767/767/767
f 759/759/759 767/767/767 768/768/768
f 756/756/756 755/755/755 764/764/764
f 756/756/756 764/764/764 765/765/765
f 765/765/765 764/764/764 773/773/773
f 765/765/765 773/773/773 774/774/774
f 769/769/769 768/768/768 777/777/777
f 769/769/769 777/777/777 778/778/778
f 766/766/766 765/765/765 774/774/774
f 766/766/766 774/774/774 775/775/775
f 763/763/763 762/762/762 771/771/771
f 763/763/763 771/771/771 772/772/772
f 770/770/770 769/769/769 778/778/778
f 770/770/770 778/778/778 779/779/779
f 767/767/767 766/766/766 775/775/775
f 767/767/767 775/775/775 776/776/776
f 764/764/764 763/763/763 772/772/772
f 764/764/764 772/772/772 773/773/773
f 768/768/768 767/767/767 776/776/776
f 768/768/768 776/776/776 777/777/777
f 777/777/777 776/776/776 813/813/813
f 777/777/777 813/813/813 815/815/815
f 774/774/774 773/773/773 807/807/807
f 774/774/774 807/807/807 809/809/809
f 778/778/778 777/777/777 815/815/815
f 778/778/778 815/815/815 817/817/817
f 775/775/775 774/774/774 809/809/809
f 775/775/775 809/809/809 810/810/810
f 772/772/772 771/771/771 803/803/803
f 772/772/772 803/803/803 805/805/805
f 779/779/779 778/778/778 817/817/817
f 779/779/779 817/817/817 819/819/819
f 776/776/776 775/775/775 810/810/810
f 776/776/776 810/810/810 813/813/813
f 773/773/773 772/772/772 805/805/805
f 773/773/773 805/805/805 807/807/807
f 806/806/806 804/804/804 821/821/821
f 806/806/806 821/821/821 822/822/822
f 814/814/814 812/812/812 825/825/825
f 814/814/814 825/825/825 826/826/826
f 808/808/808 806/806/806 822/822/822
f 808/808/808 822/822/822 823/823/823
f 816/816/816 814/814/814 826/826/826
f 816/816/816 826/826/826 827/827/827
f 811/811/811 808/808/808 823/823/823
f 811/811/811 823/823/823 824/824/824
f 804/804/804 802/802/802 820/820/820
f 804/804/804 820/820/820 821/821/821
f 818/818/818 816/816/816 827/827/827
f 818/818/818 827/827/827 828/828/828
f 812/812/812 811/811/811 824/824/824
f 812/812/812 824/824/824 825/825/825
f 828/828/828 827/827/827 836/836/836
f 828/828/828 836/836/836 837/837/837
f 825/825/825 824/824/824 833/833/833
f 825/825/825 833/833/833 834/834/834
f 822/822/822 821/821/821 830/830/830
f 822/822/822 830/830/830 831/831/831
f 826/826/826 825/825/825 834/834/834
f 826/826/826 834/834/834 835/835/835
f 823/823/823 822/822/822 831/831/831
f 823/823/823 831/831/831 832/832/832
f 827/827/827 826/826/826 835/835/835
f 827/827/827 835/835/835 836/836/836
f 824/824/824 823/823/823 832/832/832
f 824/824/824 832/832/832 833/833/833
f 821/821/821 820/820/820 829/829/829
f 821/821/821 829/829/829 830/830/830
f 833/833/833 832/832/832 841/841/841
f 833/833/833 841/841/841 842/842/842
f 830/830/830 829/829/829 838/838/838
f 830/830/830 838/838/838 839/839/839
f 837/837/837 836/836/836 845/845/845
f 837/837/837 845/845/845 846/846/846
f 834/834/834 833/833/833 842/842/842
f 834/834/834 842/842/842 843/843/843
f 831/831/831 830/830/830 839/839/839
f 831/831/831 839/839/839 840/840/840
f 835/835/835 834/834/834 843/843/843
f 835/835/835 843/843/843 844/844/844
f 832/832/832 831/831/831 840/840/840
f 832/832/832 840/840/840 841/841/841
f 836/836/836 835/835/835 844/844/844
f 836/836/836 844/844/844 845/845/845
f 974/974/974 973/973/973 852/852/852
f 974/974/974 852/852/852 853/853/853
f 971/971/971 970/970/970 849/849/849
f 971/971/971 849/849/849 850/850/850
f 975/975/975 974/974/974 853/853/853
f 975/975/975 853/853/853 854/854/854
f 972/972/972 971/971/971 850/850/850
f 972/972/972 850/850/850 851/851/851
f 969/969/969 968/968/968 847/847/847
f 969/969/969 847/847/847 848/848/848
f 976/976/976 975/975/975 854/854/854
f 976/976/976 854/854/854 855/855/855
f 973/973/973 972/972/972 851/851/851
f 973/973/973 851/851/851 852/852/852
f 970/970/970 969/969/969 848/848/848
f 970/970/970 848/848/848 849/849/849
f 853/853/853 852/852/852 861/861/861
f 853/853/853 861/861/861 862/862/862
f 850/850/850 849/849/849 858/858/858
f 850/850/850 858/858/858 859/859/859
f 854/854/854 853/853/853 862/862/862
f 854/854/854 862/862/862 863/863/863
f 851/851/851 850/850/850 859/859/859
f 851/851/851 859/859/859 860/860/860
f 848/848/848 847/847/847 856/856/856
f 848/848/848 856/856/856 857/857/857
f 855/855/855 854/854/854 863/863/863
f 855/855/855 863/863/863 864/864/864
f 852/852/852 851/851/851 860/860/860
f 852/852/852 860/860/860 861/861/861
f 849/849/849 848/848/848 857/857/857
f 849/849/849 857/857/857 858/858/858
f 858/858/858 857/857/857 866/866/866
f 858/858/858 866/866/866 867/867/867
f 862/862/862 861/861/861 870/870/870
f 862/862/862 870/870/870 871/871/871
f 859/859/859 858/858/858 867/867/867
f 859/859/859 867/867/867 868/868/868
f 863/863/863 862/862/862 871/871/871
f 863/863/863 871/871/871 872/872/872
f 860/860/860 859/859/859 868/868/868
f 860/860/860 868/868/868 869/869/869
f 857/857/857 856/856/856 865/865/865
f 857/857/857 865/865/865 866/866/866
f 864/864/864 863/863/863 872/872/872
f 864/864/864 872/872/872 873/873/873
f 861/861/861 860/860/860 869/869/869
f 861/861/861 869/869/869 870/870/870
f 870/870/870 869/869/869 878/878/878
f 870/870/870 878/878/878 879/879/879
f 867/867/867 866/866/866 875/875/875
f 867/867/867 875/875/875 876/876/876
f 871/871/871 870/870/870 879/879/879
f 871/871/871 879/879/879 880/880/880
f 868/868/868 867/867/867 876/876/876
f 868/868/868 876/876/876 877/877/877
f 872/872/872 871/871/871 880/880/880
f 872/872/872 880/880/880 881/881/881
f 869/869/869 868/868/868 877/877/877
f 869/869/869 877/877/877 878/878/878
f 866/866/866 865/865/865 874/874/874
f 866/866/866 874/874/874 875/875/875
f 873/873/873 872/872/872 881/881/881
f 873/873/873 881/881/881 882/882/882
f 875/875/875 874/874/874 883/883/883
f 875/875/875 883/883/883 884/884/884
f 882/882/882 881/881/881 890/890/890
f 882/882/882 890/890/890 891/891/891
f 879/879/879 878/878/878 887/887/887
f 879/879/879 887/887/887 888/888/888
f 876/876/876 875/875/875 884/884/884
f 876/876/876 884/884/884 885/885/885
f 880/880/880 879/879/879 888/888/888
f 880/880/880 888/888/888 889/889/889
f 877/877/877 876/876/876 885/885/885
f 877/877/877 885/885/885 886/886/886
f 881/881/881 880/880/880 889/889/889
f 881/881/881 889/889/889 890/890/890
f 878/878/878 877/877/877 886/886/886
f 878/878/878 886/886/886 887/887/887
f 890/890/890 889/889/889 898/898/898
f 890/890/890 898/898/898 899/899/899
f 887/887/887 886/886/886 895/895/895
f 887/887/887 895/895/895 896/896/896
f 884/884/884 883/883/883 892/892/892
f 884/884/884 892/892/892 893/893/893
f 891/891/891 890/890/890 899/899/899
f 891/891/891 899/899/899 900/900/900
f 888/888/888 887/887/887 896/896/896
f 888/888/888 896/896/896 897/897/897
f 885/885/885 884/884/884 893/893/893
f 885/885/885 893/893/893 894/894/894
f 889/889/889 888/888/888 897/897/897
f 889/889/889 897/897/897 898/898/898
f 886/886/886 885/885/885 894/894/894
f 886/886/886 894/894/894 895/895/895
f 895/895/895 894/894/894 903/903/903
f 895/895/895 903/903/903 904/904/904
f 899/899/899 898/898/898 907/907/907
f 899/899/899 907/907/907 908/908/908
f 896/896/896 895/895/895 904/904/904
f 896/896/896 904/904/904 905/905/905
f 893/893/893 892/892/892 901/901/901
f 893/893/893 901/901/901 902/902/902
f 900/900/900 899/899/899 908/908/908
f 900/900/900 908/908/908 909/909/909
f 897/897/897 896/896/896 905/905/905
f 897/897/897 905/905/905 906/906/906
f 894/894/894 893/893/893 902/902/902
f 894/894/894 902/902/902 903/903/903
f 898/898/898 897/897/897 906/906/906
f 898/898/898 906/906/906 907/907/907
f 907/907/907 906/906/906 943/943/943
f 907/907/907 943/943/943 945/945/945
f 904/904/904 903/903/903 937/937/937
f 904/904/904 937/937/937 939/939/939
f 908/908/908 907/907/907 945/945/945
f 908/908/908 945/945/945 947/947/947
f 905/905/905 904/904/904 939/939/939
f 905/905/905 939/939/939 940/940/940
f 902/902/902 901/901/901 933/933/933
f 902/902/902 933/933/933 935/935/935
f 909/909/909 908/908/908 947/947/947
f 909/909/909 947/947/947 949/949/949
f 906/906/906 905/905/905 940/940/940
f 906/906/906 940/940/940 943/943/943
f 903/903/903 902/902/902 935/935/935
f 903/903/903 935/935/935 937/937/937
f 936/936/936 934/934/934 951/951/951
f 936/936/936 951/951/951 952/952/952
f 944/944/944 942/942/942 955/955/955
f 944/944/944 955/955/955 956/956/956
f 938/938/938 936/936/936 952/952/952
f 938/938/938 952/952/952 953/953/953
f 946/946/946 944/944/944 956/956/956
f 946/946/946 956/956/956 957/957/957
f 941/941/941 938/938/938 953/953/953
f 941/941/941 953/953/953 954/954/954
f 934/934/934 932/932/932 950/950/950
f 934/934/934 950/950/950 951/951/951
f 948/948/948 946/946/946 957/957/957
f 948/948/948 957/957/957 958/958/958
f 942/942/942 941/941/941 954/954/954
f 942/942/942 954/954/954 955/955/955
f 958/958/958 957/957/957 966/966/966
f 958/958/958 966/966/966 967/967/967
f 955/955/955 954/954/954 963/963/963
f 955/955/955 963/963/963 964/964/964
f 952/952/952 951/951/951 960/960/960
f 952/952/952 960/960/960 961/961/961
f 956/956/956 955/955/955 964/964/964
f 956/956/956 964/964/964 965/965/965
f 953/953/953 952/952/952 961/961/961
f 953/953/953 961/961/961 962/962/962
f 957/957/957 956/956/956 965/965/965
f 957/957/957 965/965/965 966/966/966
f 954/954/954 953/953/953 962/962/962
f 954/954/954 962/962/962 963/963/963
f 951/951/951 950/950/950 959/959/959
f 951/951/951 959/959/959 960/960/960
f 963/963/963 962/962/962 971/971/971
f 963/963/963 971/971/971 972/972/972
f 960/960/960 959/959/959 968/968/968
f 960/960/960 968/968/968 969/969/969
f 967/967/967 966/966/966 975/975/975
f 967/967/967 975/975/975 976/976/976
f 964/964/964 963/963/963 972/972/972
f 964/964/964 972/972/972 973/973/973
f 961/961/961 960/960/960 969/969/969
f 961/961/961 969/969/969 970/970/970
f 965/965/965 964/964/964 973/973/973
f 965/965/965 973/973/973 974/974/974
f 962/962/962 961/961/961 970/970/970
f 962/962/962 970/970/970 971/971/971
f 966/966/966 965/965/965 974/974/974
f 966/966/966 974/974/974 975/975/975

