# https://github.com/mikedh/trimesh
mtllib material.mtl
usemtl null.005
v -1.14236999 0.13305300 -1.76475096
v -1.14238799 0.16523300 -1.81409800
v -1.21981597 0.13821800 -1.82585704
v -1.21981597 0.11237300 -1.78648102
v -1.14234805 -0.02875600 -2.01283193
v -1.14236999 -0.07692200 -1.97985494
v -1.21981597 -0.05624200 -1.95812500
v -1.21981597 -0.01756200 -1.98443401
v -1.14234805 0.08488600 -1.73177397
v -1.21981597 0.07369200 -1.76017201
v -1.14233696 0.02806500 -2.02441406
v -1.14233696 0.02806500 -2.02441406
v -1.21981597 0.02806500 -1.99367297
v -1.21981597 0.02806500 -1.99367297
v -1.14234805 0.08488600 -2.01283193
v -1.21981597 0.07369200 -1.98443401
v -1.14233696 0.02806500 -1.72019196
v -1.14233696 0.02806500 -1.72019196
v -1.21981597 0.02806500 -1.75093305
v -1.21981597 0.02806500 -1.75093305
v -1.14236999 -0.07692200 -1.76475096
v -1.14234805 -0.02875600 -1.73177397
v -1.21981597 -0.01756200 -1.76017201
v -1.21981597 -0.05624200 -1.78648102
v -1.14236999 0.13305300 -1.97985494
v -1.21981597 0.11237300 -1.95812500
v -1.14238799 -0.10910300 -1.81409800
v -1.21981597 -0.08208800 -1.82585704
v -1.14238799 0.16523300 -1.93050802
v -1.21981597 0.13821800 -1.91875005
v -1.14239502 -0.11727700 -1.87230301
v -1.21981597 -0.08978800 -1.87230301
v -1.14239502 0.17653300 -1.87230301
v -1.21981597 0.14729400 -1.87230301
v -1.14238799 -0.10910300 -1.93050802
v -1.21981597 -0.08208800 -1.91875005
v -0.84726799 0.18097100 -1.86561298
v -0.84726799 0.16868100 -1.92652202
v -1.07783699 0.17489800 -1.93261898
v -1.07783699 0.18699600 -1.87230301
v -0.84726799 -0.12965301 -1.92652202
v -0.84726799 -0.13804001 -1.86561298
v -1.07783699 -0.12711300 -1.87230301
v -1.07783699 -0.11876800 -1.93261898
v -0.84726799 0.16868100 -1.80470300
v -1.07783699 0.17489800 -1.81198704
v -0.84726900 -0.09465300 -1.97815895
v -1.07783794 -0.08431600 -1.98375201
v -0.84726900 0.13368100 -1.75306594
v -1.07783794 0.14044701 -1.76085401
v -0.84726900 -0.04227300 -2.01266193
v -1.07783902 -0.03275500 -2.01791906
v -0.84726900 0.08130100 -1.71856296
v -1.07783902 0.08888600 -1.72668695
v -0.84727001 0.01951400 -2.02477694
v -0.84727001 0.01951400 -2.02477694
v -1.07783902 0.02806500 -2.02991605
v -1.07783902 0.02806500 -2.02991605
v -0.84726900 -0.04227300 -1.71856296
v -0.84727001 0.01951400 -1.70644701
v -0.84727001 0.01951400 -1.70644701
v -1.07783902 0.02806500 -1.71468997
v -1.07783902 0.02806500 -1.71468997
v -1.07783902 -0.03275500 -1.72668803
v -0.84726900 0.08130100 -2.01266193
v -1.07783902 0.08888600 -2.01791906
v -0.84726900 -0.09465300 -1.75306594
v -1.07783794 -0.08431600 -1.76085401
v -0.84726900 0.13368100 -1.97815895
v -1.07783794 0.14044601 -1.98375201
v -0.84726799 -0.12965301 -1.80470300
v -1.07783699 -0.11876800 -1.81198704
v -1.25543594 -0.00174200 -1.78543901
v -1.25543594 -0.02701200 -1.80581999
v -1.25543594 0.05787300 -1.95916700
v -1.25543594 0.08314300 -1.93878603
v -1.25543594 -0.04389700 -1.83632302
v -1.25543594 0.10002800 -1.90828300
v -1.25543594 -0.05092600 -1.87230301
v -1.25543594 0.10595700 -1.87230301
v -1.25543594 -0.04389700 -1.90828300
v -1.25543594 0.10002800 -1.83632302
v -1.25543594 -0.02701200 -1.93878603
v -1.25543594 0.08314300 -1.80581999
v -1.25543594 -0.00174200 -1.95916700
v -1.25543594 0.05787300 -1.78543901
v -1.25543594 0.02806500 -1.96632397
v -1.25543594 0.02806500 -1.96632397
v -1.25543594 0.02806500 -1.77828300
v -1.25543594 0.02806500 -1.77828300
v -1.27967203 0.00100200 -1.90730000
v -1.27967203 0.01341900 -1.91802895
v -1.27967203 0.05512900 -1.83730602
v -1.27967203 0.04271200 -1.82657695
v -1.27967203 0.02806500 -1.92179704
v -1.27967203 0.02806500 -1.92179704
v -1.27967203 0.02806500 -1.82280898
v -1.27967203 0.02806500 -1.82280898
v -1.27967203 0.01341900 -1.82657695
v -1.27967203 0.04271200 -1.91802895
v -1.27967203 0.00100200 -1.83730602
v -1.27967203 0.05512900 -1.90730000
v -1.27967203 -0.00729500 -1.85336304
v -1.27967203 0.06342600 -1.89124298
v -1.27967203 -0.01368000 -1.87230301
v -1.27967203 0.06633900 -1.87230301
v -1.27967203 -0.00729500 -1.89124298
v -1.27967203 0.06342600 -1.85336304
v -1.29308796 0.02230200 -1.87230301
v -1.29308796 0.02230200 -1.87230301
v -0.40946701 -0.06726000 -1.87230301
v -0.41709200 -0.05889900 -1.82224500
v -0.55186301 -0.09484000 -1.81367004
v -0.55186301 -0.10363700 -1.87230301
v -0.77341700 -0.12943900 -1.86728501
v -0.77341700 -0.12095000 -1.80694401
v -0.40184200 0.11505300 -1.92236102
v -0.39537799 0.09464500 -1.96479797
v -0.55186301 0.12211300 -1.98064399
v -0.55186301 0.15094900 -1.93093705
v -0.77341700 0.16424800 -1.92762601
v -0.77341801 0.13078900 -1.97878003
v -0.42355600 -0.03849200 -1.77980804
v -0.55186301 -0.06600500 -1.76396203
v -0.77341801 -0.08749100 -1.75579000
v -0.39105901 0.06410300 -1.99315405
v -0.55186403 0.07895900 -2.01385689
v -0.77341801 0.08071500 -2.01296091
v -0.42787501 -0.00795000 -1.75145304
v -0.55186403 -0.02285000 -1.73074901
v -0.77341801 -0.03741700 -1.72160900
v -0.38954201 0.02807700 -2.00311089
v -0.38954201 0.02807700 -2.00311089
v -0.55186403 0.02805400 -2.02552009
v -0.55186403 0.02805400 -2.02552009
v -0.77341801 0.02164900 -2.02496290
v -0.77341801 0.02164900 -2.02496290
v -0.42939201 0.02807700 -1.74149597
v -0.42939201 0.02807700 -1.74149597
v -0.42787501 0.06410300 -1.75145304
v -0.55186403 0.07895900 -1.73074901
v -0.55186403 0.02805400 -1.71908605
v -0.55186403 0.02805400 -1.71908605
v -0.77341801 0.02164900 -1.70960701
v -0.77341801 0.02164900 -1.70960701
v -0.77341801 0.08071500 -1.72160900
v -0.39105901 -0.00795000 -1.99315405
v -0.55186403 -0.02285000 -2.01385689
v -0.77341801 -0.03741700 -2.01296091
v -0.42355600 0.09464500 -1.77980804
v -0.55186301 0.12211300 -1.76396203
v -0.77341801 0.13078900 -1.75579000
v -0.39537799 -0.03849200 -1.96479797
v -0.55186301 -0.06600500 -1.98064399
v -0.77341801 -0.08749100 -1.97878003
v -0.41709200 0.11505300 -1.82224500
v -0.55186301 0.15094800 -1.81367004
v -0.77341700 0.16424800 -1.80694401
v -0.40184200 -0.05889900 -1.92236102
v -0.55186301 -0.09484000 -1.93093705
v -0.77341700 -0.12095000 -1.92762601
v -0.40946701 0.12221900 -1.87230301
v -0.55186301 0.16107400 -1.87230301
v -0.77341700 0.17599700 -1.86728501
v -0.35585999 0.10684200 -1.87230301
v -0.35585999 0.10684200 -1.87230301
v -0.34719700 0.10084600 -1.92045701
v -0.34719700 0.10084600 -1.92045701
v -0.34719700 -0.04470400 -1.92045701
v -0.34719700 -0.04470400 -1.92045701
v -0.35585999 -0.05228200 -1.87230301
v -0.35585999 -0.05228200 -1.87230301
v -0.36452201 0.10084600 -1.82414901
v -0.36452201 0.10084600 -1.82414901
v -0.33985400 -0.02762900 -1.96127999
v -0.33985400 -0.02762900 -1.96127999
v -0.37186599 0.08377100 -1.78332603
v -0.37186599 0.08377100 -1.78332603
v -0.33494699 -0.00207400 -1.98855698
v -0.33494699 -0.00207400 -1.98855698
v -0.37677300 0.05821500 -1.75604904
v -0.37677300 0.05821500 -1.75604904
v -0.33322400 0.02807100 -1.99813604
v -0.33322400 0.02807100 -1.99813604
v -0.33322400 0.02807100 -1.99813604
v -0.33322400 0.02807100 -1.99813604
v -0.37677300 -0.00207400 -1.75604904
v -0.37677300 -0.00207400 -1.75604904
v -0.37849599 0.02807100 -1.74647105
v -0.37849599 0.02807100 -1.74647105
v -0.37849599 0.02807100 -1.74647105
v -0.37849599 0.02807100 -1.74647105
v -0.33494699 0.05821500 -1.98855698
v -0.33494699 0.05821500 -1.98855698
v -0.37186599 -0.02762900 -1.78332603
v -0.37186599 -0.02762900 -1.78332603
v -0.33985400 0.08377100 -1.96127999
v -0.33985400 0.08377100 -1.96127999
v -0.36452201 -0.04470400 -1.82414901
v -0.36452201 -0.04470400 -1.82414901
v -0.69956601 0.15981500 -1.92873001
v -0.69956601 0.17102200 -1.86895800
v -0.69956601 -0.12083800 -1.86895800
v -0.69956601 -0.11224600 -1.92873001
v -0.69956601 0.15981500 -1.80918598
v -0.69956601 -0.08032900 -1.97940195
v -0.69956601 0.12789699 -1.75851405
v -0.69956601 -0.03256200 -2.01325893
v -0.69956601 0.08013000 -1.72465599
v -0.69956702 0.02378400 -2.02514911
v -0.69956702 0.02378400 -2.02514911
v -0.69956702 0.02378400 -1.71276700
v -0.69956702 0.02378400 -1.71276700
v -0.69956601 -0.03256200 -1.72465599
v -0.69956601 0.08013000 -2.01325893
v -0.69956601 -0.08032900 -1.75851405
v -0.69956601 0.12789699 -1.97940195
v -0.69956601 -0.11224600 -1.80918598
v -0.30225301 -0.03730300 -1.87230301
v -0.31195301 -0.03051000 -1.82605302
v -0.29255301 0.08664000 -1.91855299
v -0.28433001 0.07289600 -1.95776200
v -0.32017601 -0.01676600 -1.78684402
v -0.27883500 0.05232700 -1.98396099
v -0.32567099 0.00380300 -1.76064599
v -0.27690500 0.02806500 -1.99316096
v -0.27690500 0.02806500 -1.99316096
v -0.32760000 0.02806500 -1.75144601
v -0.32760000 0.02806500 -1.75144601
v -0.32567099 0.05232700 -1.76064599
v -0.27883500 0.00380300 -1.98396099
v -0.32017601 0.07289600 -1.78684402
v -0.28433001 -0.01676600 -1.95776200
v -0.31195301 0.08663900 -1.82605302
v -0.29255301 -0.03051000 -1.91855299
v -0.30225301 0.09146600 -1.87230301
v -0.63896120 -0.11378016 -1.87033045
v -0.63896161 -0.02857702 -2.01350427
v -0.63896221 0.02553605 -1.71535981
v -0.63896221 0.02553605 -1.71535981
v -0.63896161 -0.02857702 -1.72715604
v -0.63896120 0.15617673 -1.81102586
v -0.63896161 0.07964952 -2.01350427
v -0.63896120 0.12552373 -1.97991157
v -0.63896120 0.15617715 -1.92963564
v -0.63896120 -0.07445164 -1.97991157
v -0.63896120 -0.07445164 -1.76074946
v -0.63896120 -0.10510405 -1.92963564
v -0.63896120 0.16694017 -1.87033045
v -0.63896120 0.12552373 -1.76074946
v -0.63896161 0.07964952 -1.72715604
v -0.63896221 0.02553605 -2.02530122
v -0.63896221 0.02553605 -2.02530122
v -0.63896120 -0.10510405 -1.81102586
v -0.40024054 -0.08798080 -1.87238920
v -0.40953207 -0.07779238 -1.81139028
v -0.57375926 -0.12158880 -1.80094123
v -0.57375926 -0.13230854 -1.87238920
v -0.39094895 0.13417937 -1.93338811
v -0.38307214 0.10931091 -1.98510039
v -0.57375926 0.14278243 -2.00440979
v -0.57375926 0.17792097 -1.94383860
v -0.41740888 -0.05292513 -1.75967813
v -0.57375926 -0.08645150 -1.74036872
v -0.37780920 0.07209350 -2.01965404
v -0.57376051 0.09019651 -2.04488182
v -0.42267185 -0.01570774 -1.72512579
v -0.57376051 -0.03386435 -1.69989657
v -0.37596065 0.02819350 -2.03178716
v -0.37596065 0.02819350 -2.03178716
v -0.57376051 0.02816547 -2.05909419
v -0.57376051 0.02816547 -2.05909419
v -0.42452043 0.02819350 -1.71299243
v -0.42452043 0.02819350 -1.71299243
v -0.42267185 0.07209350 -1.72512579
v -0.57376051 0.09019651 -1.69989657
v -0.57376051 0.02816547 -1.68568444
v -0.57376051 0.02816547 -1.68568444
v -0.37780920 -0.01570774 -2.01965404
v -0.57376051 -0.03386435 -2.04488182
v -0.41740888 0.10931091 -1.75967813
v -0.57375926 0.14278243 -1.74036872
v -0.38307214 -0.05292513 -1.98510039
v -0.57375926 -0.08645150 -2.00440979
v -0.40953207 0.13417937 -1.81139028
v -0.57375926 0.17791975 -1.80094123
v -0.39094895 -0.07779238 -1.93338811
v -0.57375926 -0.12158880 -1.94383860
v -0.40024054 0.14291160 -1.87238920
v -0.57375926 0.19025894 -1.87238920
v -0.33491692 0.12417373 -1.87238920
v -0.32436049 0.11686722 -1.93106806
v -0.32436049 -0.06049486 -1.93106806
v -0.33491692 -0.06972913 -1.87238920
v -0.34547216 0.11686722 -1.81371045
v -0.31541258 -0.03968786 -1.98081350
v -0.35442126 0.09606023 -1.76396501
v -0.30943307 -0.00854745 -2.01405215
v -0.36040077 0.06491859 -1.73072624
v -0.30733347 0.02818618 -2.02572489
v -0.30733347 0.02818618 -2.02572489
v -0.36040077 -0.00854745 -1.73072624
v -0.36250034 0.02818618 -1.71905494
v -0.36250034 0.02818618 -1.71905494
v -0.30943307 0.06491859 -2.01405215
v -0.35442126 -0.03968786 -1.76396501
v -0.31541258 0.09606023 -1.98081350
v -0.34547216 -0.06049486 -1.81371045
v -0.26959336 -0.05147626 -1.87238920
v -0.28141344 -0.04319855 -1.81603062
v -0.25777328 0.09955630 -1.92874789
v -0.24775301 0.08280835 -1.97652650
v -0.29143366 -0.02645059 -1.76825190
v -0.24105698 0.05774369 -2.00845170
v -0.29812968 -0.00138594 -1.73632789
v -0.23870516 0.02817887 -2.01966238
v -0.23870516 0.02817887 -2.01966238
v -0.30048031 0.02817887 -1.72511721
v -0.30048031 0.02817887 -1.72511721
v -0.29812968 0.05774369 -1.73632789
v -0.24105698 -0.00138594 -2.00845170
v -0.29143366 0.08280835 -1.76825190
v -0.24775301 -0.02645059 -1.97652650
v -0.28141344 0.09955508 -1.81603062
v -0.25777328 -0.04319855 -1.92874789
v -0.26959336 0.10543709 -1.87238920
v -0.67989403 -0.14466864 -1.86998558
v -0.67989457 -0.04084308 -2.04445219
v -0.67989528 0.02509718 -1.68114376
v -0.67989528 0.02509718 -1.68114376
v -0.67989457 -0.04084308 -1.69551826
v -0.67989403 0.18429130 -1.79771912
v -0.67989457 0.09103794 -2.04445219
v -0.67989403 0.14693864 -2.00351715
v -0.67989403 0.18429181 -1.94225276
v -0.67989403 -0.09674428 -2.00351715
v -0.67989403 -0.09674428 -1.73645401
v -0.67989403 -0.13409624 -1.94225276
v -0.67989403 0.19740725 -1.86998558
v -0.67989403 0.14693864 -1.73645401
v -0.67989457 0.09103794 -1.69551826
v -0.67989528 0.02509718 -2.05882740
v -0.67989528 0.02509718 -2.05882740
v -0.67989403 -0.13409624 -1.79771912
v -0.44032174 0.17682400 -2.02449393
v -0.43254679 0.16472614 -2.01716638
v -0.42637673 0.15512519 -2.00575376
v -0.42241526 0.14896102 -1.99137306
v -0.42105028 0.14683698 -1.97543180
v -0.42241526 0.14896102 -1.95949054
v -0.42637673 0.15512519 -1.94510984
v -0.43254679 0.16472614 -1.93369722
v -0.44032174 0.17682403 -1.92636979
v -0.43443957 0.18361239 -2.02449393
v -0.42135838 0.17763840 -2.01716638
v -0.41097704 0.17289741 -2.00575376
v -0.40431184 0.16985354 -1.99137306
v -0.40201512 0.16880466 -1.97543180
v -0.40431184 0.16985354 -1.95949054
v -0.41097704 0.17289741 -1.94510984
v -0.42135838 0.17763843 -1.93369722
v -0.43443957 0.18361239 -1.92636979
v -0.43316114 0.19250330 -2.02449393
v -0.41892681 0.19454990 -2.01716638
v -0.40763032 0.19617410 -2.00575376
v -0.40037760 0.19721688 -1.99137306
v -0.39787838 0.19757622 -1.97543180
v -0.40037760 0.19721688 -1.95949054
v -0.40763032 0.19617410 -1.94510984
v -0.41892681 0.19454990 -1.93369722
v -0.43316114 0.19250330 -1.92636979
v -0.43689263 0.20067391 -2.02449393
v -0.42602435 0.21009131 -2.01716638
v -0.41739920 0.21756503 -2.00575376
v -0.41186151 0.22236344 -1.99137306
v -0.40995342 0.22401685 -1.97543180
v -0.41186151 0.22236344 -1.95949054
v -0.41739920 0.21756503 -1.94510984
v -0.42602435 0.21009131 -1.93369722
v -0.43689263 0.20067394 -1.92636979
v -0.44444904 0.20553011 -2.02449393
v -0.44039756 0.21932837 -2.01716638
v -0.43718210 0.23027875 -2.00575376
v -0.43511781 0.23730932 -1.99137306
v -0.43440646 0.23973188 -1.97543180
v -0.43511781 0.23730932 -1.95949054
v -0.43718210 0.23027875 -1.94510984
v -0.44039756 0.21932837 -1.93369722
v -0.44444904 0.20553014 -1.92636979
v -0.45343128 0.20553011 -2.02449393
v -0.45748290 0.21932837 -2.01716638
v -0.46069822 0.23027875 -2.00575376
v -0.46276250 0.23730932 -1.99137306
v -0.46347386 0.23973188 -1.97543180
v -0.46276250 0.23730932 -1.95949054
v -0.46069822 0.23027879 -1.94510984
v -0.45748290 0.21932837 -1.93369722
v -0.45343128 0.20553014 -1.92636979
v -0.46098769 0.20067391 -2.02449393
v -0.47185597 0.21009131 -2.01716638
v -0.48048112 0.21756503 -2.00575376
v -0.48601881 0.22236344 -1.99137306
v -0.48792690 0.22401688 -1.97543180
v -0.48601881 0.22236344 -1.95949054
v -0.48048112 0.21756503 -1.94510984
v -0.47185597 0.21009131 -1.93369722
v -0.46098769 0.20067394 -1.92636979
v -0.44894016 0.19023463 -1.92384493
v -0.44894016 0.19023463 -1.92384493
v -0.44894016 0.19023463 -1.92384493
v -0.44894016 0.19023463 -1.92384493
v -0.44894016 0.19023463 -1.92384493
v -0.44894016 0.19023463 -1.92384493
v -0.44894016 0.19023463 -1.92384493
v -0.44894016 0.19023463 -1.92384493
v -0.44894016 0.19023463 -1.92384493
v -0.44894016 0.19023463 -1.92384493
v -0.44894016 0.19023463 -1.92384493
v -0.44894016 0.19023463 -2.02701879
v -0.44894016 0.19023463 -2.02701879
v -0.44894016 0.19023463 -2.02701879
v -0.44894016 0.19023463 -2.02701879
v -0.44894016 0.19023463 -2.02701879
v -0.44894016 0.19023463 -2.02701879
v -0.44894016 0.19023463 -2.02701879
v -0.44894016 0.19023463 -2.02701879
v -0.44894016 0.19023463 -2.02701879
v -0.44894016 0.19023463 -2.02701879
v -0.44894016 0.19023463 -2.02701879
v -0.46471918 0.19250330 -2.02449393
v -0.46471918 0.19250330 -2.02449393
v -0.47895351 0.19454990 -2.01716638
v -0.47895351 0.19454990 -2.01716638
v -0.49024999 0.19617410 -2.00575376
v -0.49024999 0.19617410 -2.00575376
v -0.49750286 0.19721688 -1.99137306
v -0.49750286 0.19721688 -1.99137306
v -0.50000197 0.19757622 -1.97543180
v -0.50000197 0.19757622 -1.97543180
v -0.49750286 0.19721693 -1.95949054
v -0.49750286 0.19721693 -1.95949054
v -0.49024999 0.19617410 -1.94510984
v -0.49024999 0.19617410 -1.94510984
v -0.47895351 0.19454993 -1.93369722
v -0.47895351 0.19454993 -1.93369722
v -0.46471918 0.19250330 -1.92636979
v -0.46471918 0.19250330 -1.92636979
v -0.46344075 0.18361239 -2.02449393
v -0.47652209 0.17763843 -2.01716638
v -0.48690343 0.17289744 -2.00575376
v -0.49356860 0.16985354 -1.99137306
v -0.49586520 0.16880469 -1.97543180
v -0.49356860 0.16985354 -1.95949054
v -0.48690343 0.17289744 -1.94510984
v -0.47652209 0.17763843 -1.93369722
v -0.46344075 0.18361244 -1.92636979
v -0.45755872 0.17682403 -2.02449393
v -0.46533352 0.16472614 -2.01716638
v -0.47150359 0.15512523 -2.00575376
v -0.47546506 0.14896102 -1.99137306
v -0.47683018 0.14683701 -1.97543180
v -0.47546506 0.14896105 -1.95949054
v -0.47150359 0.15512523 -1.94510984
v -0.46533352 0.16472617 -1.93369722
v -0.45755872 0.17682403 -1.92636979
v -0.44894016 0.17429340 -2.02449393
v -0.44894016 0.15991265 -2.01716638
v -0.44894016 0.14849998 -2.00575376
v -0.44894016 0.14117262 -1.99137306
v -0.44894016 0.13864775 -1.97543180
v -0.44894016 0.14117262 -1.95949054
v -0.44894016 0.14849998 -1.94510984
v -0.44894016 0.15991265 -1.93369722
v -0.44894016 0.17429340 -1.92636979
v -0.58982283 0.09216504 -2.11616445
v -0.58204788 0.08006717 -2.10883689
v -0.57587779 0.07046622 -2.09742427
v -0.57191628 0.06430206 -2.08304358
v -0.57055134 0.06217801 -2.06710219
v -0.57191628 0.06430206 -2.05116081
v -0.57587779 0.07046622 -2.03678012
v -0.58204788 0.08006717 -2.02536750
v -0.58982283 0.09216507 -2.01804018
v -0.58394063 0.09895343 -2.11616445
v -0.57085943 0.09297943 -2.10883689
v -0.56047809 0.08823845 -2.09742427
v -0.55381292 0.08519457 -2.08304358
v -0.55151618 0.08414569 -2.06710219
v -0.55381292 0.08519457 -2.05116081
v -0.56047809 0.08823845 -2.03678012
v -0.57085943 0.09297946 -2.02536750
v -0.58394063 0.09895343 -2.01804018
v -0.58266217 0.10784434 -2.11616445
v -0.56842786 0.10989094 -2.10883689
v -0.55713135 0.11151513 -2.09742427
v -0.54987866 0.11255792 -2.08304358
v -0.54737943 0.11291726 -2.06710219
v -0.54987866 0.11255792 -2.05116081
v -0.55713135 0.11151513 -2.03678012
v -0.56842786 0.10989094 -2.02536750
v -0.58266217 0.10784434 -2.01804018
v -0.58639365 0.11601494 -2.11616445
v -0.57552540 0.12543233 -2.10883689
v -0.56690025 0.13290606 -2.09742427
v -0.56136256 0.13770448 -2.08304358
v -0.55945450 0.13935788 -2.06710219
v -0.56136256 0.13770448 -2.05116081
v -0.56690025 0.13290606 -2.03678012
v -0.57552540 0.12543233 -2.02536750
v -0.58639365 0.11601497 -2.01804018
v -0.59395009 0.12087114 -2.11616445
v -0.58989865 0.13466941 -2.10883689
v -0.58668315 0.14561976 -2.09742427
v -0.58461887 0.15265034 -2.08304358
v -0.58390754 0.15507291 -2.06710219
v -0.58461887 0.15265034 -2.05116081
v -0.58668315 0.14561976 -2.03678012
v -0.58989865 0.13466941 -2.02536750
v -0.59395009 0.12087117 -2.01804018
v -0.60293233 0.12087114 -2.11616445
v -0.60698396 0.13466941 -2.10883689
v -0.61019927 0.14561976 -2.09742427
v -0.61226356 0.15265034 -2.08304358
v -0.61297494 0.15507291 -2.06710219
v -0.61226356 0.15265034 -2.05116081
v -0.61019927 0.14561982 -2.03678012
v -0.60698396 0.13466941 -2.02536750
v -0.60293233 0.12087117 -2.01804018
v -0.61048871 0.11601494 -2.11616445
v -0.62135702 0.12543233 -2.10883689
v -0.62998217 0.13290606 -2.09742427
v -0.63551986 0.13770448 -2.08304358
v -0.63742799 0.13935791 -2.06710219
v -0.63551986 0.13770448 -2.05116081
v -0.62998217 0.13290606 -2.03678012
v -0.62135702 0.12543233 -2.02536750
v -0.61048871 0.11601497 -2.01804018
v -0.59844118 0.10557567 -2.01551533
v -0.59844118 0.10557567 -2.01551533
v -0.59844118 0.10557567 -2.01551533
v -0.59844118 0.10557567 -2.01551533
v -0.59844118 0.10557567 -2.01551533
v -0.59844118 0.10557567 -2.01551533
v -0.59844118 0.10557567 -2.01551533
v -0.59844118 0.10557567 -2.01551533
v -0.59844118 0.10557567 -2.01551533
v -0.59844118 0.10557567 -2.01551533
v -0.59844118 0.10557567 -2.01551533
v -0.59844118 0.10557567 -2.11868930
v -0.59844118 0.10557567 -2.11868930
v -0.59844118 0.10557567 -2.11868930
v -0.59844118 0.10557567 -2.11868930
v -0.59844118 0.10557567 -2.11868930
v -0.59844118 0.10557567 -2.11868930
v -0.59844118 0.10557567 -2.11868930
v -0.59844118 0.10557567 -2.11868930
v -0.59844118 0.10557567 -2.11868930
v -0.59844118 0.10557567 -2.11868930
v -0.59844118 0.10557567 -2.11868930
v -0.61422020 0.10784434 -2.11616445
v -0.61422020 0.10784434 -2.11616445
v -0.62845457 0.10989094 -2.10883689
v -0.62845457 0.10989094 -2.10883689
v -0.63975102 0.11151513 -2.09742427
v -0.63975102 0.11151513 -2.09742427
v -0.64700395 0.11255792 -2.08304358
v -0.64700395 0.11255792 -2.08304358
v -0.64950305 0.11291726 -2.06710219
v -0.64950305 0.11291726 -2.06710219
v -0.64700395 0.11255796 -2.05116081
v -0.64700395 0.11255796 -2.05116081
v -0.63975102 0.11151513 -2.03678012
v -0.63975102 0.11151513 -2.03678012
v -0.62845457 0.10989097 -2.02536750
v -0.62845457 0.10989097 -2.02536750
v -0.61422020 0.10784434 -2.01804018
v -0.61422020 0.10784434 -2.01804018
v -0.61294180 0.09895343 -2.11616445
v -0.62602311 0.09297946 -2.10883689
v -0.63640445 0.08823848 -2.09742427
v -0.64306968 0.08519457 -2.08304358
v -0.64536625 0.08414572 -2.06710219
v -0.64306968 0.08519457 -2.05116081
v -0.63640445 0.08823848 -2.03678012
v -0.62602311 0.09297946 -2.02536750
v -0.61294180 0.09895347 -2.01804018
v -0.60705978 0.09216507 -2.11616445
v -0.61483461 0.08006717 -2.10883689
v -0.62100464 0.07046627 -2.09742427
v -0.62496608 0.06430206 -2.08304358
v -0.62633127 0.06217804 -2.06710219
v -0.62496608 0.06430209 -2.05116081
v -0.62100464 0.07046627 -2.03678012
v -0.61483461 0.08006720 -2.02536750
v -0.60705978 0.09216507 -2.01804018
v -0.59844118 0.08963443 -2.11616445
v -0.59844118 0.07525368 -2.10883689
v -0.59844118 0.06384102 -2.09742427
v -0.59844118 0.05651365 -2.08304358
v -0.59844118 0.05398878 -2.06710219
v -0.59844118 0.05651365 -2.05116081
v -0.59844118 0.06384102 -2.03678012
v -0.59844118 0.07525368 -2.02536750
v -0.59844118 0.08963443 -2.01804018
v -0.58982283 -0.13886155 -2.05908394
v -0.58204788 -0.15095942 -2.05175638
v -0.57587779 -0.16056037 -2.04034376
v -0.57191628 -0.16672455 -2.02596307
v -0.57055134 -0.16884859 -2.01002169
v -0.57191628 -0.16672455 -1.99408031
v -0.57587779 -0.16056037 -1.97969961
v -0.58204788 -0.15095942 -1.96828699
v -0.58982283 -0.13886152 -1.96095967
v -0.58394063 -0.13207316 -2.05908394
v -0.57085943 -0.13804716 -2.05175638
v -0.56047809 -0.14278814 -2.04034376
v -0.55381292 -0.14583202 -2.02596307
v -0.55151618 -0.14688089 -2.01002169
v -0.55381292 -0.14583202 -1.99408031
v -0.56047809 -0.14278814 -1.97969961
v -0.57085943 -0.13804713 -1.96828699
v -0.58394063 -0.13207316 -1.96095967
v -0.58266217 -0.12318225 -2.05908394
v -0.56842786 -0.12113565 -2.05175638
v -0.55713135 -0.11951146 -2.04034376
v -0.54987866 -0.11846867 -2.02596307
v -0.54737943 -0.11810933 -2.01002169
v -0.54987866 -0.11846867 -1.99408031
v -0.55713135 -0.11951146 -1.97969961
v -0.56842786 -0.12113565 -1.96828699
v -0.58266217 -0.12318225 -1.96095967
v -0.58639365 -0.11501165 -2.05908394
v -0.57552540 -0.10559426 -2.05175638
v -0.56690025 -0.09812053 -2.04034376
v -0.56136256 -0.09332211 -2.02596307
v -0.55945450 -0.09166871 -2.01002169
v -0.56136256 -0.09332211 -1.99408031
v -0.56690025 -0.09812053 -1.97969961
v -0.57552540 -0.10559426 -1.96828699
v -0.58639365 -0.11501162 -1.96095967
v -0.59395009 -0.11015545 -2.05908394
v -0.58989865 -0.09635718 -2.05175638
v -0.58668315 -0.08540682 -2.04034376
v -0.58461887 -0.07837625 -2.02596307
v -0.58390754 -0.07595368 -2.01002169
v -0.58461887 -0.07837625 -1.99408031
v -0.58668315 -0.08540682 -1.97969961
v -0.58989865 -0.09635718 -1.96828699
v -0.59395009 -0.11015542 -1.96095967
v -0.60293233 -0.11015545 -2.05908394
v -0.60698396 -0.09635718 -2.05175638
v -0.61019927 -0.08540682 -2.04034376
v -0.61226356 -0.07837625 -2.02596307
v -0.61297494 -0.07595368 -2.01002169
v -0.61226356 -0.07837625 -1.99408031
v -0.61019927 -0.08540677 -1.97969961
v -0.60698396 -0.09635718 -1.96828699
v -0.60293233 -0.11015542 -1.96095967
v -0.61048871 -0.11501165 -2.05908394
v -0.62135702 -0.10559426 -2.05175638
v -0.62998217 -0.09812053 -2.04034376
v -0.63551986 -0.09332211 -2.02596307
v -0.63742799 -0.09166868 -2.01002169
v -0.63551986 -0.09332211 -1.99408031
v -0.62998217 -0.09812053 -1.97969961
v -0.62135702 -0.10559426 -1.96828699
v -0.61048871 -0.11501162 -1.96095967
v -0.59844118 -0.12545092 -1.95843482
v -0.59844118 -0.12545092 -1.95843482
v -0.59844118 -0.12545092 -1.95843482
v -0.59844118 -0.12545092 -1.95843482
v -0.59844118 -0.12545092 -1.95843482
v -0.59844118 -0.12545092 -1.95843482
v -0.59844118 -0.12545092 -1.95843482
v -0.59844118 -0.12545092 -1.95843482
v -0.59844118 -0.12545092 -1.95843482
v -0.59844118 -0.12545092 -1.95843482
v -0.59844118 -0.12545092 -1.95843482
v -0.59844118 -0.12545092 -2.06160879
v -0.59844118 -0.12545092 -2.06160879
v -0.59844118 -0.12545092 -2.06160879
v -0.59844118 -0.12545092 -2.06160879
v -0.59844118 -0.12545092 -2.06160879
v -0.59844118 -0.12545092 -2.06160879
v -0.59844118 -0.12545092 -2.06160879
v -0.59844118 -0.12545092 -2.06160879
v -0.59844118 -0.12545092 -2.06160879
v -0.59844118 -0.12545092 -2.06160879
v -0.59844118 -0.12545092 -2.06160879
v -0.61422020 -0.12318225 -2.05908394
v -0.61422020 -0.12318225 -2.05908394
v -0.62845457 -0.12113565 -2.05175638
v -0.62845457 -0.12113565 -2.05175638
v -0.63975102 -0.11951146 -2.04034376
v -0.63975102 -0.11951146 -2.04034376
v -0.64700395 -0.11846867 -2.02596307
v -0.64700395 -0.11846867 -2.02596307
v -0.64950305 -0.11810933 -2.01002169
v -0.64950305 -0.11810933 -2.01002169
v -0.64700395 -0.11846863 -1.99408031
v -0.64700395 -0.11846863 -1.99408031
v -0.63975102 -0.11951146 -1.97969961
v -0.63975102 -0.11951146 -1.97969961
v -0.62845457 -0.12113562 -1.96828699
v -0.62845457 -0.12113562 -1.96828699
v -0.61422020 -0.12318225 -1.96095967
v -0.61422020 -0.12318225 -1.96095967
v -0.61294180 -0.13207316 -2.05908394
v -0.62602311 -0.13804713 -2.05175638
v -0.63640445 -0.14278811 -2.04034376
v -0.64306968 -0.14583202 -2.02596307
v -0.64536625 -0.14688087 -2.01002169
v -0.64306968 -0.14583202 -1.99408031
v -0.63640445 -0.14278811 -1.97969961
v -0.62602311 -0.13804713 -1.96828699
v -0.61294180 -0.13207312 -1.96095967
v -0.60705978 -0.13886152 -2.05908394
v -0.61483461 -0.15095942 -2.05175638
v -0.62100464 -0.16056032 -2.04034376
v -0.62496608 -0.16672455 -2.02596307
v -0.62633127 -0.16884856 -2.01002169
v -0.62496608 -0.16672452 -1.99408031
v -0.62100464 -0.16056032 -1.97969961
v -0.61483461 -0.15095939 -1.96828699
v -0.60705978 -0.13886152 -1.96095967
v -0.59844118 -0.14139216 -2.05908394
v -0.59844118 -0.15577291 -2.05175638
v -0.59844118 -0.16718559 -2.04034376
v -0.59844118 -0.17451294 -2.02596307
v -0.59844118 -0.17703782 -2.01002169
v -0.59844118 -0.17451294 -1.99408031
v -0.59844118 -0.16718559 -1.97969961
v -0.59844118 -0.15577291 -1.96828699
v -0.59844118 -0.14139216 -1.96095967
v -0.47529939 -0.17289701 -1.93101382
v -0.46752444 -0.18499488 -1.92368627
v -0.46135435 -0.19459583 -1.91227365
v -0.45739284 -0.20076001 -1.89789295
v -0.45602790 -0.20288405 -1.88195157
v -0.45739284 -0.20076001 -1.86601019
v -0.46135435 -0.19459583 -1.85162950
v -0.46752444 -0.18499488 -1.84021688
v -0.47529939 -0.17289698 -1.83288956
v -0.46941718 -0.16610862 -1.93101382
v -0.45633599 -0.17208262 -1.92368627
v -0.44595465 -0.17682360 -1.91227365
v -0.43928948 -0.17986748 -1.89789295
v -0.43699273 -0.18091635 -1.88195157
v -0.43928948 -0.17986748 -1.86601019
v -0.44595465 -0.17682360 -1.85162950
v -0.45633599 -0.17208259 -1.84021688
v -0.46941718 -0.16610862 -1.83288956
v -0.46813872 -0.15721771 -1.93101382
v -0.45390442 -0.15517111 -1.92368627
v -0.44260791 -0.15354691 -1.91227365
v -0.43535522 -0.15250413 -1.89789295
v -0.43285599 -0.15214479 -1.88195157
v -0.43535522 -0.15250413 -1.86601019
v -0.44260791 -0.15354691 -1.85162950
v -0.45390442 -0.15517111 -1.84021688
v -0.46813872 -0.15721771 -1.83288956
v -0.47187021 -0.14904711 -1.93101382
v -0.46100196 -0.13962972 -1.92368627
v -0.45237681 -0.13215598 -1.91227365
v -0.44683912 -0.12735757 -1.89789295
v -0.44493106 -0.12570417 -1.88195157
v -0.44683912 -0.12735757 -1.86601019
v -0.45237681 -0.13215598 -1.85162950
v -0.46100196 -0.13962972 -1.84021688
v -0.47187021 -0.14904708 -1.83288956
v -0.47942665 -0.14419091 -1.93101382
v -0.47537521 -0.13039264 -1.92368627
v -0.47215971 -0.11944228 -1.91227365
v -0.47009543 -0.11241171 -1.89789295
v -0.46938410 -0.10998914 -1.88195157
v -0.47009543 -0.11241171 -1.86601019
v -0.47215971 -0.11944228 -1.85162950
v -0.47537521 -0.13039264 -1.84021688
v -0.47942665 -0.14419088 -1.83288956
v -0.48840889 -0.14419091 -1.93101382
v -0.49246052 -0.13039264 -1.92368627
v -0.49567583 -0.11944228 -1.91227365
v -0.49774012 -0.11241171 -1.89789295
v -0.49845150 -0.10998914 -1.88195157
v -0.49774012 -0.11241171 -1.86601019
v -0.49567583 -0.11944222 -1.85162950
v -0.49246052 -0.13039264 -1.84021688
v -0.48840889 -0.14419088 -1.83288956
v -0.49596527 -0.14904711 -1.93101382
v -0.50683355 -0.13962972 -1.92368627
v -0.51545870 -0.13215598 -1.91227365
v -0.52099645 -0.12735757 -1.89789295
v -0.52290452 -0.12570414 -1.88195157
v -0.52099645 -0.12735757 -1.86601019
v -0.51545870 -0.13215598 -1.85162950
v -0.50683355 -0.13962972 -1.84021688
v -0.49596527 -0.14904708 -1.83288956
v -0.48391774 -0.15948638 -1.83036470
v -0.48391774 -0.15948638 -1.83036470
v -0.48391774 -0.15948638 -1.83036470
v -0.48391774 -0.15948638 -1.83036470
v -0.48391774 -0.15948638 -1.83036470
v -0.48391774 -0.15948638 -1.83036470
v -0.48391774 -0.15948638 -1.83036470
v -0.48391774 -0.15948638 -1.83036470
v -0.48391774 -0.15948638 -1.83036470
v -0.48391774 -0.15948638 -1.83036470
v -0.48391774 -0.15948638 -1.83036470
v -0.48391774 -0.15948638 -1.93353868
v -0.48391774 -0.15948638 -1.93353868
v -0.48391774 -0.15948638 -1.93353868
v -0.48391774 -0.15948638 -1.93353868
v -0.48391774 -0.15948638 -1.93353868
v -0.48391774 -0.15948638 -1.93353868
v -0.48391774 -0.15948638 -1.93353868
v -0.48391774 -0.15948638 -1.93353868
v -0.48391774 -0.15948638 -1.93353868
v -0.48391774 -0.15948638 -1.93353868
v -0.48391774 -0.15948638 -1.93353868
v -0.49969676 -0.15721771 -1.93101382
v -0.49969676 -0.15721771 -1.93101382
v -0.51393116 -0.15517111 -1.92368627
v -0.51393116 -0.15517111 -1.92368627
v -0.52522755 -0.15354691 -1.91227365
v -0.52522755 -0.15354691 -1.91227365
v -0.53248048 -0.15250413 -1.89789295
v -0.53248048 -0.15250413 -1.89789295
v -0.53497958 -0.15214479 -1.88195157
v -0.53497958 -0.15214479 -1.88195157
v -0.53248048 -0.15250409 -1.86601019
v -0.53248048 -0.15250409 -1.86601019
v -0.52522755 -0.15354691 -1.85162950
v -0.52522755 -0.15354691 -1.85162950
v -0.51393116 -0.15517108 -1.84021688
v -0.51393116 -0.15517108 -1.84021688
v -0.49969676 -0.15721771 -1.83288956
v -0.49969676 -0.15721771 -1.83288956
v -0.49841836 -0.16610862 -1.93101382
v -0.51149964 -0.17208259 -1.92368627
v -0.52188098 -0.17682357 -1.91227365
v -0.52854621 -0.17986748 -1.89789295
v -0.53084278 -0.18091632 -1.88195157
v -0.52854621 -0.17986748 -1.86601019
v -0.52188098 -0.17682357 -1.85162950
v -0.51149964 -0.17208259 -1.84021688
v -0.49841836 -0.16610858 -1.83288956
v -0.49253634 -0.17289698 -1.93101382
v -0.50031114 -0.18499488 -1.92368627
v -0.50648117 -0.19459578 -1.91227365
v -0.51044261 -0.20076001 -1.89789295
v -0.51180780 -0.20288402 -1.88195157
v -0.51044261 -0.20075998 -1.86601019
v -0.50648117 -0.19459578 -1.85162950
v -0.50031114 -0.18499485 -1.84021688
v -0.49253634 -0.17289698 -1.83288956
v -0.48391774 -0.17542762 -1.93101382
v -0.48391774 -0.18980837 -1.92368627
v -0.48391774 -0.20122105 -1.91227365
v -0.48391774 -0.20854840 -1.89789295
v -0.48391774 -0.21107328 -1.88195157
v -0.48391774 -0.20854840 -1.86601019
v -0.48391774 -0.20122105 -1.85162950
v -0.48391774 -0.18980837 -1.84021688
v -0.48391774 -0.17542762 -1.83288956
vn -0.24011320 0.68863070 0.68420279
vn -0.24973603 0.89544910 0.36851445
vn -0.54964352 0.77761120 0.30530795
vn -0.52948040 0.61632931 0.58291394
vn -0.23052946 -0.37442520 -0.89814365
vn -0.24011108 -0.68862790 -0.68420637
vn -0.52948278 -0.61632508 -0.58291632
vn -0.50371134 -0.34733352 -0.79097050
vn -0.23053059 0.37442067 0.89814520
vn -0.50371110 0.34732574 0.79097402
vn -0.22657390 -0.00000040 -0.97399408
vn -0.22657390 -0.00000040 -0.97399408
vn -0.49086773 -0.00000047 -0.87123412
vn -0.49086773 -0.00000047 -0.87123412
vn -0.23052977 0.37442183 -0.89814490
vn -0.50370926 0.34732866 -0.79097408
vn -0.22657190 -0.00000288 0.97399449
vn -0.22657190 -0.00000288 0.97399449
vn -0.49087071 -0.00000047 0.87123257
vn -0.49087071 -0.00000047 0.87123257
vn -0.24010997 -0.68862724 0.68420738
vn -0.23052529 -0.37442556 0.89814460
vn -0.50371307 -0.34733042 0.79097086
vn -0.52948236 -0.61632687 0.58291483
vn -0.24010965 0.68863064 -0.68420404
vn -0.52948022 0.61632699 -0.58291656
vn -0.24703945 -0.90479964 0.34685603
vn -0.54407549 -0.78529048 0.29546711
vn -0.24973333 0.89544886 -0.36851674
vn -0.54964226 0.77761078 -0.30531132
vn -0.24569242 -0.96934789 0.00000036
vn -0.54697019 -0.83715206 0.00000081
vn -0.25373229 0.96727455 0.00000039
vn -0.55673522 0.83069009 0.00000092
vn -0.24703847 -0.90479982 -0.34685630
vn -0.54407459 -0.78529018 -0.29546970
vn 0.04517863 0.99897385 0.00320950
vn 0.04151331 0.92376292 -0.38070819
vn -0.05569077 0.92244577 -0.38208947
vn -0.06493394 0.99788797 -0.00183373
vn 0.03281804 -0.93626261 -0.34976479
vn 0.03458470 -0.99939936 0.00222517
vn -0.09913550 -0.99507320 -0.00128027
vn -0.08952750 -0.93019247 -0.35598719
vn 0.03861827 0.92159653 0.38622347
vn -0.06675095 0.92310363 0.37871361
vn 0.02440040 -0.71090841 -0.70286119
vn -0.06824800 -0.70420146 -0.70671248
vn 0.02496733 0.70365477 0.71010321
vn -0.06282769 0.70860523 0.70280254
vn 0.01461160 -0.38764566 -0.92169267
vn -0.04617001 -0.38049418 -0.92363018
vn 0.01129523 0.37846997 0.92554474
vn -0.05897008 0.38543144 0.92085034
vn 0.01124399 -0.00408711 -0.99992847
vn 0.01124399 -0.00408711 -0.99992847
vn -0.03264895 0.00227865 -0.99946433
vn -0.03264895 0.00227865 -0.99946433
vn 0.00855981 -0.38539493 0.92271209
vn 0.00482428 -0.00404809 0.99998015
vn 0.00482428 -0.00404809 0.99998015
vn -0.06164944 0.00230202 0.99809521
vn -0.06164944 0.00230202 0.99809521
vn -0.07312009 -0.38111585 0.92163128
vn 0.01743028 0.38066983 -0.92454678
vn -0.03226462 0.38463253 -0.92250580
vn 0.01948060 -0.70780450 0.70613974
vn -0.08901565 -0.70484358 0.70375556
vn 0.02999129 0.70675874 -0.70681876
vn -0.04240178 0.70757163 -0.70536840
vn 0.03023793 -0.93393791 0.35615414
vn -0.10001373 -0.93067712 0.35190535
vn -0.75901282 -0.26785985 0.59342277
vn -0.77881694 -0.46340981 0.42272410
vn -0.75901079 0.26786360 -0.59342372
vn -0.77881628 0.46340886 -0.42272618
vn -0.79081905 -0.57011956 0.22264078
vn -0.79522693 0.56753826 -0.21334139
vn -0.79374325 -0.60825288 0.00000050
vn -0.80115539 0.59845644 0.00000048
vn -0.79082018 -0.57011849 -0.22263990
vn -0.79522622 0.56753951 0.21334103
vn -0.77881813 -0.46340758 -0.42272419
vn -0.77881557 0.46341136 0.42272475
vn -0.75901264 -0.26786539 -0.59342057
vn -0.75901109 0.26785815 0.59342581
vn -0.74972129 -0.00000170 -0.66175377
vn -0.74972129 -0.00000170 -0.66175377
vn -0.74972361 -0.00000170 0.66175115
vn -0.74972361 -0.00000170 0.66175115
vn -0.90432549 -0.33193079 -0.26836058
vn -0.91596365 -0.18263233 -0.35729000
vn -0.91485411 0.31588665 0.25151059
vn -0.92058969 0.18064807 0.34623852
vn -0.92196393 0.00162702 -0.38727254
vn -0.92196393 0.00162702 -0.38727254
vn -0.92196232 0.00162705 0.38727608
vn -0.92196232 0.00162705 0.38727608
vn -0.91596299 -0.18263012 0.35729277
vn -0.92059040 0.18065023 -0.34623525
vn -0.90432519 -0.33193177 0.26836079
vn -0.91485447 0.31588593 -0.25151044
vn -0.89373755 -0.41652685 0.16654950
vn -0.90934324 0.39509186 -0.13037390
vn -0.88936657 -0.45719507 -0.00000004
vn -0.90717268 0.42075863 -0.00000001
vn -0.89373767 -0.41652653 -0.16654952
vn -0.90934312 0.39509243 0.13037349
vn -0.99907809 -0.04293227 0.00000040
vn -0.99907809 -0.04293227 0.00000040
vn 0.25740188 -0.96585137 0.02958898
vn 0.25146699 -0.91425622 0.31764767
vn 0.18416013 -0.92641503 0.32839054
vn 0.18296677 -0.98309243 0.00724342
vn 0.11689245 -0.99314463 -0.00002956
vn 0.11601767 -0.92968124 0.34961799
vn 0.24137972 0.93408000 -0.26311681
vn 0.19659190 0.79503858 -0.57381654
vn 0.10960262 0.75846916 -0.64242649
vn 0.14133619 0.93527579 -0.32447389
vn 0.04784896 0.92539263 -0.37597758
vn 0.02203734 0.71389282 -0.69990814
vn 0.21931039 -0.76818991 0.60148752
vn 0.16463178 -0.74523199 0.64616233
vn 0.09459779 -0.71066034 0.69714642
vn 0.14593461 0.48543379 -0.86200762
vn 0.08010802 0.43726480 -0.89575791
vn 0.00144276 0.38926381 -0.92112529
vn 0.17295623 -0.46579549 0.86782527
vn 0.13370578 -0.42784011 0.89391041
vn 0.06552481 -0.38827264 0.91921210
vn 0.12193453 0.00002293 -0.99253821
vn 0.12193453 0.00002293 -0.99253821
vn 0.07139768 0.00202332 -0.99744588
vn 0.07139768 0.00202332 -0.99744588
vn 0.00046527 -0.00006402 -0.99999994
vn 0.00046527 -0.00006402 -0.99999994
vn 0.15034887 0.00002598 0.98863310
vn 0.15034887 0.00002598 0.98863310
vn 0.17293137 0.46582943 0.86781198
vn 0.12177093 0.43177184 0.89372540
vn 0.11521986 0.00204677 0.99333799
vn 0.11521986 0.00204677 0.99333799
vn 0.04571649 -0.00001194 0.99895453
vn 0.04571649 -0.00001194 0.99895453
vn 0.04312792 0.38882628 0.92030114
vn 0.14593811 -0.48540333 -0.86202419
vn 0.09192818 -0.43357491 -0.89641619
vn 0.02394286 -0.38913834 -0.92086822
vn 0.21926329 0.76820427 0.60148633
vn 0.14337310 0.74936032 0.64645439
vn 0.05367526 0.71300477 0.69910175
vn 0.19661352 -0.79502720 -0.57382488
vn 0.13080345 -0.75489783 -0.64266628
vn 0.06318105 -0.71246517 -0.69885737
vn 0.25477573 0.91515821 0.31236967
vn 0.16040103 0.92816281 0.33583561
vn 0.06481827 0.92454827 0.37551180
vn 0.23834789 -0.93281382 -0.27027509
vn 0.16547218 -0.93365341 -0.31766394
vn 0.10033372 -0.93117243 -0.35050133
vn 0.26285890 0.96439636 0.02907061
vn 0.16046248 0.98701483 0.00732089
vn 0.06430645 0.99793023 -0.00010116
vn 0.26770601 0.96238410 0.04637192
vn 0.26770601 0.96238410 0.04637192
vn 0.24675173 0.94612736 -0.20965853
vn 0.24675173 0.94612736 -0.20965853
vn 0.24430700 -0.94309390 -0.22558364
vn 0.24430700 -0.94309390 -0.22558364
vn 0.26480615 -0.96320885 0.04589654
vn 0.26480615 -0.96320885 0.04589654
vn 0.25249603 0.92308992 0.29008788
vn 0.25249603 0.92308992 0.29008788
vn 0.19477335 -0.83847886 -0.50893670
vn 0.19477335 -0.83847886 -0.50893670
vn 0.20421602 0.80456048 0.55765444
vn 0.20421602 0.80456048 0.55765444
vn 0.13212286 -0.54151350 -0.83024490
vn 0.13212286 -0.54151350 -0.83024490
vn 0.14195147 0.51564753 0.84495997
vn 0.14195147 0.51564753 0.84495997
vn 0.10167969 0.00000573 -0.99481726
vn 0.10167969 0.00000573 -0.99481726
vn 0.10167969 0.00000573 -0.99481726
vn 0.10167969 0.00000573 -0.99481726
vn 0.14183919 -0.51567018 0.84496504
vn 0.14183919 -0.51567018 0.84496504
vn 0.11115349 0.00000186 0.99380326
vn 0.11115349 0.00000186 0.99380326
vn 0.11115349 0.00000186 0.99380326
vn 0.11115349 0.00000186 0.99380326
vn 0.13223302 0.54151154 -0.83022881
vn 0.13223302 0.54151154 -0.83022881
vn 0.20404306 -0.80460954 0.55764693
vn 0.20404306 -0.80460954 0.55764693
vn 0.19494385 0.83845866 -0.50890487
vn 0.19494385 0.83845866 -0.50890487
vn 0.24975708 -0.91925043 0.30430257
vn 0.24975708 -0.91925043 0.30430257
vn 0.04821064 0.92963588 -0.36531201
vn 0.06428158 0.99793184 -0.00009371
vn 0.11690142 -0.99314356 -0.00003342
vn 0.10063529 -0.93349868 -0.34416974
vn 0.06470123 0.92880881 0.36486706
vn 0.06433900 -0.72389460 -0.68690407
vn 0.05363659 0.72450113 0.68718356
vn 0.02474200 -0.40012652 -0.91612589
vn 0.04307705 0.39982209 0.91558003
vn 0.00060432 -0.00006348 -0.99999982
vn 0.00060432 -0.00006348 -0.99999982
vn 0.04585274 -0.00000774 0.99894828
vn 0.04585274 -0.00000774 0.99894828
vn 0.06610627 -0.39922783 0.91446549
vn 0.00160635 0.40027264 -0.91639477
vn 0.09521598 -0.72208202 0.68522370
vn 0.02253676 0.72538525 -0.68797410
vn 0.11603620 -0.93202174 0.34332365
vn 0.26446399 -0.96385539 0.03227513
vn 0.25150150 -0.92545551 0.28333569
vn 0.24419570 0.94800973 -0.20407353
vn 0.19144624 0.84562194 -0.49826887
vn 0.20809712 -0.82783860 0.52094048
vn 0.13032342 0.54532385 -0.82803255
vn 0.14507802 -0.55122650 0.82164574
vn 0.10300069 -0.00001881 -0.99468130
vn 0.10300069 -0.00001881 -0.99468130
vn 0.11259020 -0.00002278 0.99364161
vn 0.11259020 -0.00002278 0.99364161
vn 0.14519374 0.55117863 0.82165742
vn 0.13021632 -0.54534596 -0.82803482
vn 0.20827784 0.82778269 0.52095699
vn 0.19127496 -0.84564519 -0.49829525
vn 0.25460851 0.93014467 0.26458570
vn 0.24195810 -0.94503200 -0.21993397
vn 0.26723319 0.96289718 0.03762272
vn 0.11690753 -0.99314290 -0.00003233
vn 0.02559932 -0.41194066 -0.91085106
vn 0.04600064 -0.00001682 0.99894148
vn 0.04600064 -0.00001682 0.99894148
vn 0.06671986 -0.41099855 0.90919119
vn 0.06456769 0.93309206 0.35379422
vn 0.00177974 0.41210029 -0.91113681
vn 0.02305745 0.73732489 -0.67514473
vn 0.04857788 0.93389696 -0.35422707
vn 0.06554213 -0.73575765 -0.67406595
vn 0.09583610 -0.73393279 0.67242712
vn 0.10094362 -0.93587476 -0.33756337
vn 0.06425223 0.99793369 -0.00009149
vn 0.05357571 0.73644048 0.67437762
vn 0.04301082 0.41162807 0.91033655
vn 0.00075487 -0.00007654 -0.99999970
vn 0.00075487 -0.00007654 -0.99999970
vn 0.11604671 -0.93442136 0.33673435
vn 0.25740182 -0.96585137 0.02958914
vn 0.25146696 -0.91425622 0.31764764
vn 0.18416014 -0.92641503 0.32839045
vn 0.18296678 -0.98309249 0.00724335
vn 0.24137942 0.93408030 -0.26311606
vn 0.19659173 0.79503876 -0.57381636
vn 0.10960246 0.75846916 -0.64242649
vn 0.14133602 0.93527603 -0.32447344
vn 0.21931048 -0.76818931 0.60148829
vn 0.16463190 -0.74523211 0.64616215
vn 0.14593501 0.48543274 -0.86200815
vn 0.08010799 0.43726388 -0.89575845
vn 0.17295629 -0.46579418 0.86782598
vn 0.13370591 -0.42784092 0.89390987
vn 0.12193517 0.00002300 -0.99253815
vn 0.12193517 0.00002300 -0.99253815
vn 0.07139767 0.00202333 -0.99744594
vn 0.07139767 0.00202333 -0.99744594
vn 0.15034892 0.00002603 0.98863304
vn 0.15034892 0.00002603 0.98863304
vn 0.17293142 0.46582818 0.86781269
vn 0.12177104 0.43177250 0.89372510
vn 0.11522011 0.00204677 0.99333787
vn 0.11522011 0.00204677 0.99333787
vn 0.14593853 -0.48540235 -0.86202472
vn 0.09192816 -0.43357417 -0.89641660
vn 0.21926324 0.76820385 0.60148692
vn 0.14337321 0.74936032 0.64645439
vn 0.19661333 -0.79502743 -0.57382452
vn 0.13080326 -0.75489801 -0.64266598
vn 0.25477546 0.91515839 0.31236929
vn 0.16040102 0.92816281 0.33583546
vn 0.23834755 -0.93281424 -0.27027428
vn 0.16547202 -0.93365359 -0.31766337
vn 0.26285872 0.96439630 0.02907065
vn 0.16046242 0.98701483 0.00732088
vn 0.26770580 0.96238422 0.04637190
vn 0.24675164 0.94612736 -0.20965871
vn 0.24430709 -0.94309384 -0.22558379
vn 0.26480624 -0.96320873 0.04589681
vn 0.25249603 0.92308998 0.29008773
vn 0.19477367 -0.83847857 -0.50893706
vn 0.20421581 0.80456048 0.55765438
vn 0.13212328 -0.54151255 -0.83024561
vn 0.14195131 0.51564586 0.84496111
vn 0.10168016 0.00000583 -0.99481720
vn 0.10168016 0.00000583 -0.99481720
vn 0.14183900 -0.51566857 0.84496611
vn 0.11115307 0.00000196 0.99380338
vn 0.11115307 0.00000196 0.99380338
vn 0.13223347 0.54151052 -0.83022934
vn 0.20404290 -0.80460954 0.55764681
vn 0.19494420 0.83845830 -0.50890505
vn 0.24975722 -0.91925043 0.30430251
vn 0.26446390 -0.96385539 0.03227537
vn 0.25150180 -0.92545533 0.28333607
vn 0.24419625 0.94800943 -0.20407471
vn 0.19144706 0.84562141 -0.49826950
vn 0.20809709 -0.82783884 0.52093995
vn 0.13032354 0.54532200 -0.82803363
vn 0.14507753 -0.55122668 0.82164568
vn 0.10300053 -0.00001881 -0.99468136
vn 0.10300053 -0.00001881 -0.99468136
vn 0.11258951 -0.00002280 0.99364167
vn 0.11258951 -0.00002280 0.99364167
vn 0.14519323 0.55117863 0.82165748
vn 0.13021637 -0.54534405 -0.82803595
vn 0.20827807 0.82778257 0.52095717
vn 0.19127569 -0.84564465 -0.49829587
vn 0.25460884 0.93014437 0.26458645
vn 0.24195893 -0.94503152 -0.21993518
vn 0.26723248 0.96289742 0.03762284
vn 0.11696021 -0.99313456 0.00205223
vn 0.02677128 -0.42572573 -0.90445608
vn 0.04619745 -0.00396949 0.99892455
vn 0.04619745 -0.00396949 0.99892455
vn 0.06743706 -0.42258212 0.90381235
vn 0.06447599 0.93504846 0.34860790
vn 0.00191299 0.41955301 -0.90772879
vn 0.02361755 0.74635941 -0.66512400
vn 0.04902872 0.93753690 -0.34441394
vn 0.06714654 -0.74796331 -0.66033494
vn 0.09651498 -0.74343717 0.66180509
vn 0.10157372 -0.93937558 -0.32750037
vn 0.06429587 0.99792784 0.00248355
vn 0.05353189 0.74274892 0.66742665
vn 0.04295181 0.41687149 0.90795004
vn 0.00095019 -0.00401471 -0.99999154
vn 0.00095019 -0.00401471 -0.99999154
vn 0.11608956 -0.93618470 0.33178541
vn 0.18071313 -0.28119281 -0.94248265
vn 0.32747465 -0.50955856 -0.79568237
vn 0.44242361 -0.68842548 -0.57474488
vn 0.51555890 -0.80222207 -0.30106291
vn 0.54063982 -0.84125417 -0.00000032
vn 0.51555699 -0.80222350 0.30106243
vn 0.44242403 -0.68842435 0.57474601
vn 0.32747325 -0.50955820 0.79568321
vn 0.18071091 -0.28119367 0.94248283
vn 0.30405089 -0.13885571 -0.94248194
vn 0.55097640 -0.25162289 -0.79568261
vn 0.74438125 -0.33994621 -0.57474619
vn 0.86742961 -0.39614043 -0.30106261
vn 0.90963143 -0.41541639 -0.00000032
vn 0.86742854 -0.39614248 0.30106291
vn 0.74438083 -0.33994752 0.57474589
vn 0.55097467 -0.25162259 0.79568404
vn 0.30404755 -0.13885756 0.94248271
vn 0.33085561 0.04757163 -0.94248158
vn 0.59954864 0.08620104 -0.79568261
vn 0.81000251 0.11645908 -0.57474631
vn 0.94389832 0.13571012 -0.30106282
vn 0.98982155 0.14231424 -0.00000003
vn 0.94389820 0.13571070 0.30106279
vn 0.81000221 0.11645959 0.57474655
vn 0.59954607 0.08620462 0.79568428
vn 0.33085254 0.04757306 0.94248265
vn 0.25261369 0.21889296 -0.94248199
vn 0.45776719 0.39665931 -0.79568249
vn 0.61845535 0.53589010 -0.57474768
vn 0.72068769 0.62447608 -0.30106294
vn 0.75574940 0.65486097 0.00000015
vn 0.72068739 0.62447655 0.30106276
vn 0.61845356 0.53589374 0.57474625
vn 0.45776454 0.39666027 0.79568350
vn 0.25261134 0.21889398 0.94248235
vn 0.09417110 0.32071939 -0.94248122
vn 0.17064802 0.58117932 -0.79568213
vn 0.23055230 0.78518212 -0.57474762
vn 0.26866123 0.91497689 -0.30106238
vn 0.28173247 0.95949304 0.00000060
vn 0.26866192 0.91497648 0.30106291
vn 0.23055135 0.78518307 0.57474661
vn 0.17064700 0.58117533 0.79568529
vn 0.09417046 0.32071286 0.94248360
vn -0.09417064 0.32071799 -0.94248176
vn -0.17064933 0.58117920 -0.79568195
vn -0.23055124 0.78518307 -0.57474673
vn -0.26866120 0.91497689 -0.30106229
vn -0.28173202 0.95949322 0.00000023
vn -0.26866066 0.91497689 0.30106270
vn -0.23055097 0.78518307 0.57474673
vn -0.17064874 0.58117545 0.79568470
vn -0.09416997 0.32071418 0.94248319
vn -0.25261340 0.21889961 -0.94248056
vn -0.45776775 0.39665952 -0.79568207
vn -0.61845410 0.53589064 -0.57474846
vn -0.72068655 0.62447721 -0.30106342
vn -0.75574899 0.65486145 -0.00000057
vn -0.72068655 0.62447721 0.30106333
vn -0.61845332 0.53589267 0.57474738
vn -0.45776621 0.39665768 0.79568398
vn -0.25261104 0.21889253 0.94248277
vn 0.00000003 0.00000113 1.00000000
vn 0.00000003 0.00000113 1.00000000
vn 0.00000003 0.00000113 1.00000000
vn 0.00000003 0.00000113 1.00000000
vn 0.00000003 0.00000113 1.00000000
vn 0.00000003 0.00000113 1.00000000
vn 0.00000003 0.00000113 1.00000000
vn 0.00000003 0.00000113 1.00000000
vn 0.00000003 0.00000113 1.00000000
vn 0.00000003 0.00000113 1.00000000
vn 0.00000003 0.00000113 1.00000000
vn 0.00000020 0.00000260 -1.00000000
vn 0.00000020 0.00000260 -1.00000000
vn 0.00000020 0.00000260 -1.00000000
vn 0.00000020 0.00000260 -1.00000000
vn 0.00000020 0.00000260 -1.00000000
vn 0.00000020 0.00000260 -1.00000000
vn 0.00000020 0.00000260 -1.00000000
vn 0.00000020 0.00000260 -1.00000000
vn 0.00000020 0.00000260 -1.00000000
vn 0.00000020 0.00000260 -1.00000000
vn 0.00000020 0.00000260 -1.00000000
vn -0.33085591 0.04758003 -0.94248110
vn -0.33085591 0.04758003 -0.94248110
vn -0.59954864 0.08620473 -0.79568219
vn -0.59954864 0.08620473 -0.79568219
vn -0.81000084 0.11646192 -0.57474798
vn -0.81000084 0.11646192 -0.57474798
vn -0.94389838 0.13571170 -0.30106205
vn -0.94389838 0.13571170 -0.30106205
vn -0.98982167 0.14231376 0.00000013
vn -0.98982167 0.14231376 0.00000013
vn -0.94389826 0.13571213 0.30106229
vn -0.94389826 0.13571213 0.30106229
vn -0.81000090 0.11646166 0.57474792
vn -0.81000090 0.11646166 0.57474792
vn -0.59954596 0.08620533 0.79568428
vn -0.59954596 0.08620533 0.79568428
vn -0.33085138 0.04757304 0.94248301
vn -0.33085138 0.04757304 0.94248301
vn -0.30404988 -0.13885805 -0.94248194
vn -0.55097675 -0.25162241 -0.79568273
vn -0.74438083 -0.33994576 -0.57474697
vn -0.86742949 -0.39614198 -0.30106074
vn -0.90963173 -0.41541582 0.00000017
vn -0.86742860 -0.39614370 0.30106100
vn -0.74438000 -0.33994859 0.57474637
vn -0.55097455 -0.25162131 0.79568458
vn -0.30404642 -0.13885675 0.94248319
vn -0.18071327 -0.28119406 -0.94248217
vn -0.32747310 -0.50956059 -0.79568172
vn -0.44242209 -0.68842667 -0.57474464
vn -0.51555711 -0.80222321 -0.30106267
vn -0.54064184 -0.84125298 -0.00000010
vn -0.51555514 -0.80222499 0.30106133
vn -0.44242132 -0.68842697 0.57474494
vn -0.32747164 -0.50956047 0.79568249
vn -0.18071182 -0.28119695 0.94248164
vn 0.00000003 -0.33425108 -0.94248408
vn -0.00000021 -0.60571575 -0.79568118
vn -0.00000055 -0.81833345 -0.57474387
vn -0.00000019 -0.95360398 -0.30106387
vn 0.00000019 -1.00000000 0.00000028
vn -0.00000018 -0.95360446 0.30106238
vn -0.00000035 -0.81833202 0.57474577
vn -0.00000014 -0.60571313 0.79568321
vn 0.00000017 -0.33425468 0.94248283
vn 0.18071277 -0.28119317 -0.94248253
vn 0.32747436 -0.50955707 -0.79568350
vn 0.44242275 -0.68842518 -0.57474601
vn 0.51555860 -0.80222243 -0.30106243
vn 0.54064041 -0.84125382 -0.00000042
vn 0.51555836 -0.80222267 0.30106223
vn 0.44242412 -0.68842393 0.57474637
vn 0.32747120 -0.50955790 0.79568422
vn 0.18070891 -0.28119034 0.94248420
vn 0.30405015 -0.13885245 -0.94248265
vn 0.55097657 -0.25162470 -0.79568201
vn 0.74438083 -0.33994868 -0.57474536
vn 0.86742878 -0.39614180 -0.30106318
vn 0.90963227 -0.41541457 -0.00000026
vn 0.86742896 -0.39614159 0.30106327
vn 0.74438137 -0.33994880 0.57474446
vn 0.55097222 -0.25162619 0.79568458
vn 0.30404368 -0.13885486 0.94248438
vn 0.33085594 0.04756939 -0.94248164
vn 0.59954858 0.08619919 -0.79568291
vn 0.81000334 0.11645841 -0.57474536
vn 0.94389850 0.13571049 -0.30106217
vn 0.98982149 0.14231470 0.00000002
vn 0.94389826 0.13571252 0.30106190
vn 0.81000280 0.11646196 0.57474524
vn 0.59954393 0.08620086 0.79568619
vn 0.33084863 0.04756505 0.94248438
vn 0.25261417 0.21888995 -0.94248253
vn 0.45776677 0.39665776 -0.79568350
vn 0.61845380 0.53589195 -0.57474750
vn 0.72068685 0.62447816 -0.30106074
vn 0.75574940 0.65486097 0.00000041
vn 0.72068667 0.62447882 0.30105993
vn 0.61845219 0.53589541 0.57474607
vn 0.45776314 0.39665702 0.79568607
vn 0.25260890 0.21888736 0.94248450
vn 0.09417070 0.32071438 -0.94248295
vn 0.17064743 0.58117574 -0.79568481
vn 0.23055087 0.78518200 -0.57474840
vn 0.26866016 0.91497749 -0.30106160
vn 0.28173256 0.95949304 0.00000030
vn 0.26866159 0.91497713 0.30106133
vn 0.23055103 0.78518391 0.57474554
vn 0.17064701 0.58117616 0.79568452
vn 0.09416924 0.32070869 0.94248515
vn -0.09417173 0.32071263 -0.94248348
vn -0.17064965 0.58117580 -0.79568434
vn -0.23055069 0.78518355 -0.57474631
vn -0.26866037 0.91497731 -0.30106196
vn -0.28173295 0.95949286 0.00000007
vn -0.26866066 0.91497737 0.30106112
vn -0.23055063 0.78518480 0.57474458
vn -0.17064878 0.58117425 0.79568553
vn -0.09416935 0.32070673 0.94248581
vn -0.25261435 0.21889289 -0.94248176
vn -0.45776799 0.39665753 -0.79568291
vn -0.61845231 0.53589362 -0.57474756
vn -0.72068578 0.62447834 -0.30106294
vn -0.75574970 0.65486062 0.00000070
vn -0.72068608 0.62447834 0.30106217
vn -0.61845309 0.53589320 0.57474709
vn -0.45776498 0.39665347 0.79568678
vn -0.25260842 0.21888487 0.94248527
vn 0.00000007 -0.00000104 1.00000000
vn 0.00000007 -0.00000104 1.00000000
vn 0.00000007 -0.00000104 1.00000000
vn 0.00000007 -0.00000104 1.00000000
vn 0.00000007 -0.00000104 1.00000000
vn 0.00000007 -0.00000104 1.00000000
vn 0.00000007 -0.00000104 1.00000000
vn 0.00000007 -0.00000104 1.00000000
vn 0.00000007 -0.00000104 1.00000000
vn 0.00000007 -0.00000104 1.00000000
vn 0.00000007 -0.00000104 1.00000000
vn -0.00000003 -0.00000002 -1.00000000
vn -0.00000003 -0.00000002 -1.00000000
vn -0.00000003 -0.00000002 -1.00000000
vn -0.00000003 -0.00000002 -1.00000000
vn -0.00000003 -0.00000002 -1.00000000
vn -0.00000003 -0.00000002 -1.00000000
vn -0.00000003 -0.00000002 -1.00000000
vn -0.00000003 -0.00000002 -1.00000000
vn -0.00000003 -0.00000002 -1.00000000
vn -0.00000003 -0.00000002 -1.00000000
vn -0.00000003 -0.00000002 -1.00000000
vn -0.33085424 0.04757487 -0.94248194
vn -0.33085424 0.04757487 -0.94248194
vn -0.59954852 0.08620082 -0.79568279
vn -0.59954852 0.08620082 -0.79568279
vn -0.80999953 0.11646172 -0.57474995
vn -0.80999953 0.11646172 -0.57474995
vn -0.94389790 0.13571166 -0.30106342
vn -0.94389790 0.13571166 -0.30106342
vn -0.98982173 0.14231350 0.00000050
vn -0.98982173 0.14231350 0.00000050
vn -0.94389820 0.13571179 0.30106235
vn -0.94389820 0.13571179 0.30106235
vn -0.81000096 0.11646041 0.57474816
vn -0.81000096 0.11646041 0.57474816
vn -0.59954464 0.08620174 0.79568553
vn -0.59954464 0.08620174 0.79568553
vn -0.33084711 0.04757108 0.94248462
vn -0.33084711 0.04757108 0.94248462
vn -0.30404922 -0.13885543 -0.94248259
vn -0.55097729 -0.25162193 -0.79568243
vn -0.74438012 -0.33994550 -0.57474810
vn -0.86742884 -0.39614183 -0.30106303
vn -0.90963179 -0.41541553 0.00000070
vn -0.86742955 -0.39614105 0.30106193
vn -0.74438006 -0.33995000 0.57474548
vn -0.55097300 -0.25162348 0.79568493
vn -0.30404326 -0.13884825 0.94248551
vn -0.18071339 -0.28119910 -0.94248068
vn -0.32747412 -0.50956053 -0.79568142
vn -0.44242316 -0.68842512 -0.57474577
vn -0.51555645 -0.80222332 -0.30106366
vn -0.54064268 -0.84125233 0.00000097
vn -0.51555789 -0.80222219 0.30106398
vn -0.44242275 -0.68842548 0.57474560
vn -0.32747090 -0.50955933 0.79568350
vn -0.18070997 -0.28119203 0.94248348
vn 0.00000060 -0.33426163 -0.94248033
vn 0.00000039 -0.60571438 -0.79568225
vn -0.00000024 -0.81833225 -0.57474548
vn -0.00000016 -0.95360416 -0.30106366
vn -0.00000025 -1.00000000 0.00000011
vn -0.00000069 -0.95360416 0.30106333
vn -0.00000039 -0.81832993 0.57474875
vn 0.00000013 -0.60571146 0.79568446
vn 0.00000048 -0.33425400 0.94248313
vn 0.18071289 -0.28119525 -0.94248188
vn 0.32747519 -0.50955570 -0.79568398
vn 0.44242489 -0.68842191 -0.57474822
vn 0.51555806 -0.80222273 -0.30106249
vn 0.54063994 -0.84125412 -0.00000008
vn 0.51555854 -0.80222237 0.30106264
vn 0.44242340 -0.68842387 0.57474697
vn 0.32747212 -0.50955421 0.79568619
vn 0.18070905 -0.28119195 0.94248360
vn 0.30405015 -0.13885280 -0.94248259
vn 0.55097729 -0.25161949 -0.79568315
vn 0.74438208 -0.33994451 -0.57474607
vn 0.86742902 -0.39614108 -0.30106372
vn 0.90963221 -0.41541469 0.00000026
vn 0.86742920 -0.39614090 0.30106342
vn 0.74438101 -0.33994889 0.57474494
vn 0.55097276 -0.25162289 0.79568523
vn 0.30404377 -0.13885647 0.94248414
vn 0.33085582 0.04757770 -0.94248122
vn 0.59954828 0.08620117 -0.79568285
vn 0.81000304 0.11646024 -0.57474530
vn 0.94389832 0.13571236 -0.30106199
vn 0.98982155 0.14231440 0.00000005
vn 0.94389850 0.13571095 0.30106196
vn 0.81000292 0.11646087 0.57474530
vn 0.59954393 0.08619894 0.79568636
vn 0.33084884 0.04756382 0.94248438
vn 0.25261405 0.21889415 -0.94248158
vn 0.45776716 0.39665595 -0.79568416
vn 0.61845356 0.53589213 -0.57474756
vn 0.72068626 0.62447894 -0.30106050
vn 0.75574839 0.65486217 0.00000002
vn 0.72068697 0.62447804 0.30106068
vn 0.61845350 0.53589278 0.57474715
vn 0.45776394 0.39665157 0.79568833
vn 0.25260910 0.21888539 0.94248497
vn 0.09417087 0.32070953 -0.94248468
vn 0.17064813 0.58117652 -0.79568404
vn 0.23055130 0.78518254 -0.57474738
vn 0.26866019 0.91497731 -0.30106217
vn 0.28173041 0.95949358 0.00000042
vn 0.26866055 0.91497725 0.30106181
vn 0.23055223 0.78518206 0.57474756
vn 0.17064762 0.58117253 0.79568714
vn 0.09416951 0.32071024 0.94248456
vn -0.09417161 0.32071412 -0.94248307
vn -0.17065072 0.58117592 -0.79568392
vn -0.23055096 0.78518397 -0.57474560
vn -0.26865995 0.91497737 -0.30106202
vn -0.28173152 0.95949328 0.00000030
vn -0.26866034 0.91497731 0.30106184
vn -0.23055184 0.78518307 0.57474649
vn -0.17064878 0.58117378 0.79568595
vn -0.09416910 0.32071307 0.94248360
vn -0.25261423 0.21889833 -0.94248056
vn -0.45776823 0.39665660 -0.79568338
vn -0.61845291 0.53589207 -0.57474840
vn -0.72068584 0.62447822 -0.30106288
vn -0.75574762 0.65486306 0.00000035
vn -0.72068542 0.62447894 0.30106267
vn -0.61845362 0.53589237 0.57474744
vn -0.45776483 0.39665321 0.79568690
vn -0.25260830 0.21888770 0.94248468
vn 0.00000005 -0.00000196 1.00000000
vn 0.00000005 -0.00000196 1.00000000
vn 0.00000005 -0.00000196 1.00000000
vn 0.00000005 -0.00000196 1.00000000
vn 0.00000005 -0.00000196 1.00000000
vn 0.00000005 -0.00000196 1.00000000
vn 0.00000005 -0.00000196 1.00000000
vn 0.00000005 -0.00000196 1.00000000
vn 0.00000005 -0.00000196 1.00000000
vn 0.00000005 -0.00000196 1.00000000
vn 0.00000005 -0.00000196 1.00000000
vn -0.00000005 0.00000356 -1.00000000
vn -0.00000005 0.00000356 -1.00000000
vn -0.00000005 0.00000356 -1.00000000
vn -0.00000005 0.00000356 -1.00000000
vn -0.00000005 0.00000356 -1.00000000
vn -0.00000005 0.00000356 -1.00000000
vn -0.00000005 0.00000356 -1.00000000
vn -0.00000005 0.00000356 -1.00000000
vn -0.00000005 0.00000356 -1.00000000
vn -0.00000005 0.00000356 -1.00000000
vn -0.00000005 0.00000356 -1.00000000
vn -0.33085427 0.04757196 -0.94248211
vn -0.33085427 0.04757196 -0.94248211
vn -0.59954822 0.08620105 -0.79568291
vn -0.59954822 0.08620105 -0.79568291
vn -0.80999988 0.11645867 -0.57475019
vn -0.80999988 0.11645867 -0.57475019
vn -0.94389802 0.13571091 -0.30106366
vn -0.94389802 0.13571091 -0.30106366
vn -0.98982149 0.14231487 0.00000048
vn -0.98982149 0.14231487 0.00000048
vn -0.94389808 0.13571252 0.30106252
vn -0.94389808 0.13571252 0.30106252
vn -0.81000084 0.11646172 0.57474810
vn -0.81000084 0.11646172 0.57474810
vn -0.59954458 0.08620141 0.79568571
vn -0.59954458 0.08620141 0.79568571
vn -0.33084753 0.04756493 0.94248474
vn -0.33084753 0.04756493 0.94248474
vn -0.30404887 -0.13886079 -0.94248182
vn -0.55097675 -0.25162512 -0.79568172
vn -0.74437904 -0.33994931 -0.57474726
vn -0.86742854 -0.39614257 -0.30106285
vn -0.90963125 -0.41541666 -0.00000006
vn -0.86742908 -0.39614198 0.30106223
vn -0.74438047 -0.33994684 0.57474685
vn -0.55097353 -0.25162068 0.79568547
vn -0.30404311 -0.13885173 0.94248509
vn -0.18071333 -0.28119624 -0.94248152
vn -0.32747379 -0.50956184 -0.79568064
vn -0.44242242 -0.68842596 -0.57474524
vn -0.51555544 -0.80222410 -0.30106330
vn -0.54064137 -0.84125322 0.00000026
vn -0.51555681 -0.80222315 0.30106387
vn -0.44242316 -0.68842465 0.57474625
vn -0.32747179 -0.50955558 0.79568547
vn -0.18071008 -0.28118742 0.94248474
vn 0.00000037 -0.33425590 -0.94248235
vn 0.00000047 -0.60571545 -0.79568136
vn -0.00000038 -0.81833178 -0.57474625
vn 0.00000027 -0.95360422 -0.30106306
vn 0.00000025 -1.00000000 -0.00000004
vn -0.00000106 -0.95360416 0.30106339
vn -0.00000021 -0.81833082 0.57474750
vn 0.00000032 -0.60570967 0.79568577
vn 0.00000023 -0.33425859 0.94248140
vn 0.18071243 -0.28119370 -0.94248241
vn 0.32747442 -0.50955969 -0.79568183
vn 0.44242460 -0.68842351 -0.57474667
vn 0.51555902 -0.80222213 -0.30106249
vn 0.54064018 -0.84125394 -0.00000014
vn 0.51555783 -0.80222303 0.30106226
vn 0.44242397 -0.68842447 0.57474595
vn 0.32747221 -0.50955516 0.79568553
vn 0.18070877 -0.28118947 0.94248444
vn 0.30405009 -0.13885784 -0.94248194
vn 0.55097646 -0.25162467 -0.79568207
vn 0.74438131 -0.33994687 -0.57474571
vn 0.86742944 -0.39614046 -0.30106324
vn 0.90963197 -0.41541508 -0.00000019
vn 0.86742878 -0.39614174 0.30106342
vn 0.74438113 -0.33994737 0.57474566
vn 0.55097234 -0.25162277 0.79568565
vn 0.30404374 -0.13885200 0.94248486
vn 0.33085662 0.04756375 -0.94248164
vn 0.59954864 0.08619936 -0.79568285
vn 0.81000274 0.11645848 -0.57474601
vn 0.94389820 0.13571107 -0.30106258
vn 0.98982137 0.14231543 -0.00000003
vn 0.94389814 0.13571168 0.30106255
vn 0.81000274 0.11645973 0.57474583
vn 0.59954441 0.08620148 0.79568589
vn 0.33084893 0.04757331 0.94248390
vn 0.25261465 0.21889110 -0.94248217
vn 0.45776787 0.39665747 -0.79568315
vn 0.61845386 0.53589278 -0.57474679
vn 0.72068763 0.62447679 -0.30106169
vn 0.75574905 0.65486133 -0.00000073
vn 0.72068655 0.62447804 0.30106148
vn 0.61845398 0.53589296 0.57474643
vn 0.45776340 0.39665824 0.79568517
vn 0.25260869 0.21888788 0.94248444
vn 0.09417085 0.32071880 -0.94248158
vn 0.17064759 0.58118016 -0.79568154
vn 0.23055087 0.78518319 -0.57474661
vn 0.26866174 0.91497672 -0.30106241
vn 0.28173244 0.95949304 -0.00000106
vn 0.26866105 0.91497725 0.30106157
vn 0.23055184 0.78518307 0.57474643
vn 0.17064638 0.58117449 0.79568589
vn 0.09416912 0.32071319 0.94248354
vn -0.09417146 0.32071289 -0.94248343
vn -0.17064987 0.58117759 -0.79568297
vn -0.23055072 0.78518295 -0.57474691
vn -0.26866004 0.91497725 -0.30106229
vn -0.28173292 0.95949286 0.00000021
vn -0.26866177 0.91497666 0.30106261
vn -0.23055106 0.78518295 0.57474685
vn -0.17064865 0.58117342 0.79568630
vn -0.09416949 0.32071379 0.94248331
vn -0.25261396 0.21888953 -0.94248271
vn -0.45776722 0.39665928 -0.79568249
vn -0.61845195 0.53589439 -0.57474738
vn -0.72068554 0.62447894 -0.30106226
vn -0.75574905 0.65486133 0.00000033
vn -0.72068787 0.62447584 0.30106306
vn -0.61845356 0.53589141 0.57474828
vn -0.45776471 0.39665505 0.79568607
vn -0.25260854 0.21888524 0.94248515
vn 0.00000027 0.00000268 1.00000000
vn 0.00000027 0.00000268 1.00000000
vn 0.00000027 0.00000268 1.00000000
vn 0.00000027 0.00000268 1.00000000
vn 0.00000027 0.00000268 1.00000000
vn 0.00000027 0.00000268 1.00000000
vn 0.00000027 0.00000268 1.00000000
vn 0.00000027 0.00000268 1.00000000
vn 0.00000027 0.00000268 1.00000000
vn 0.00000027 0.00000268 1.00000000
vn 0.00000027 0.00000268 1.00000000
vn 0.00000021 -0.00000235 -1.00000000
vn 0.00000021 -0.00000235 -1.00000000
vn 0.00000021 -0.00000235 -1.00000000
vn 0.00000021 -0.00000235 -1.00000000
vn 0.00000021 -0.00000235 -1.00000000
vn 0.00000021 -0.00000235 -1.00000000
vn 0.00000021 -0.00000235 -1.00000000
vn 0.00000021 -0.00000235 -1.00000000
vn 0.00000021 -0.00000235 -1.00000000
vn 0.00000021 -0.00000235 -1.00000000
vn 0.00000021 -0.00000235 -1.00000000
vn -0.33085510 0.04756604 -0.94248205
vn -0.33085510 0.04756604 -0.94248205
vn -0.59954858 0.08620258 -0.79568255
vn -0.59954858 0.08620258 -0.79568255
vn -0.81000048 0.11646258 -0.57474852
vn -0.81000048 0.11646258 -0.57474852
vn -0.94389802 0.13571270 -0.30106241
vn -0.94389802 0.13571270 -0.30106241
vn -0.98982167 0.14231397 -0.00000025
vn -0.98982167 0.14231397 -0.00000025
vn -0.94389856 0.13571076 0.30106190
vn -0.94389856 0.13571076 0.30106190
vn -0.81000108 0.11646055 0.57474816
vn -0.81000108 0.11646055 0.57474816
vn -0.59954423 0.08620146 0.79568601
vn -0.59954423 0.08620146 0.79568601
vn -0.33084720 0.04756834 0.94248468
vn -0.33084720 0.04756834 0.94248468
vn -0.30405048 -0.13886154 -0.94248128
vn -0.55097711 -0.25162372 -0.79568195
vn -0.74438006 -0.33994693 -0.57474732
vn -0.86742890 -0.39614180 -0.30106267
vn -0.90963191 -0.41541532 0.00000051
vn -0.86742896 -0.39614254 0.30106202
vn -0.74438024 -0.33994743 0.57474679
vn -0.55097330 -0.25161856 0.79568630
vn -0.30404353 -0.13885255 0.94248474
vn -0.18071413 -0.28119430 -0.94248194
vn -0.32747486 -0.50955850 -0.79568243
vn -0.44242358 -0.68842381 -0.57474703
vn -0.51555592 -0.80222392 -0.30106318
vn -0.54064238 -0.84125257 0.00000109
vn -0.51555616 -0.80222392 0.30106252
vn -0.44242257 -0.68842536 0.57474595
vn -0.32747301 -0.50955325 0.79568648
vn -0.18071051 -0.28118855 0.94248438
vn 0.00000043 -0.33425486 -0.94248283
vn 0.00000016 -0.60571325 -0.79568303
vn -0.00000061 -0.81833118 -0.57474697
vn 0.00000023 -0.95360440 -0.30106270
vn 0.00000085 -1.00000000 0.00000060
vn -0.00000017 -0.95360464 0.30106205
vn -0.00000041 -0.81833190 0.57474607
vn 0.00000006 -0.60571051 0.79568517
vn 0.00000054 -0.33425108 0.94248408
vt 0.85794133 0.45007491
vt 0.85789871 0.44967026
vt 0.85846061 0.44961548
vt 0.85852605 0.44992495
vt 0.85237521 0.44399661
vt 0.85253078 0.44440359
vt 0.85197228 0.44463724
vt 0.85179442 0.44433862
vt 0.85803437 0.45050067
vt 0.85866040 0.45024598
vt 0.85841686 0.44764209
vt 0.85216022 0.44356322
vt 0.85906571 0.44811231
vt 0.85152113 0.44403279
vt 0.85820591 0.44808125
vt 0.85879022 0.44842058
vt 0.85818362 0.45096397
vt 0.85238928 0.44688916
vt 0.85888970 0.45058930
vt 0.85169256 0.44651085
vt 0.85264373 0.44600499
vt 0.85254449 0.44643062
vt 0.85192144 0.44617057
vt 0.85205686 0.44584996
vt 0.85805529 0.44848949
vt 0.85861206 0.44871950
vt 0.85269076 0.44559628
vt 0.85212320 0.44553900
vt 0.85795611 0.44888246
vt 0.85850346 0.44901633
vt 0.85268265 0.44519645
vt 0.85212505 0.44523561
vt 0.85790294 0.44927430
vt 0.85845405 0.44931382
vt 0.85263389 0.44479996
vt 0.85208094 0.44493562
vt 0.85566545 0.44916219
vt 0.85569650 0.44867176
vt 0.85749793 0.44881934
vt 0.85744947 0.44924057
vt 0.85489517 0.44461489
vt 0.85492665 0.44508410
vt 0.85314715 0.44516271
vt 0.85310054 0.44473350
vt 0.85563338 0.44965011
vt 0.85743362 0.44966620
vt 0.85486406 0.44412774
vt 0.85301316 0.44429278
vt 0.85559988 0.45014346
vt 0.85745007 0.45011044
vt 0.85483158 0.44362140
vt 0.85288936 0.44382977
vt 0.85556471 0.45064873
vt 0.85749871 0.45058751
vt 0.85579079 0.44713581
vt 0.85479790 0.44309157
vt 0.85783249 0.44740933
vt 0.85273308 0.44332403
vt 0.85502493 0.44653416
vt 0.85552657 0.45116717
vt 0.85506117 0.44706202
vt 0.85757583 0.45111567
vt 0.85298789 0.44705021
vt 0.85307914 0.44652873
vt 0.85576051 0.44765854
vt 0.85768878 0.44792402
vt 0.85499018 0.44603199
vt 0.85314083 0.44605005
vt 0.85572737 0.44817114
vt 0.85757780 0.44838792
vt 0.85495633 0.44555181
vt 0.85316426 0.44559520
vt 0.85158122 0.44599760
vt 0.85169613 0.44577026
vt 0.85910362 0.44864023
vt 0.85895675 0.44884872
vt 0.85175198 0.44552112
vt 0.85886550 0.44908661
vt 0.85176301 0.44526088
vt 0.85882467 0.44934028
vt 0.85171610 0.44500476
vt 0.85882914 0.44959724
vt 0.85162652 0.44476581
vt 0.85888577 0.44984567
vt 0.85148138 0.44455659
vt 0.85900164 0.45007271
vt 0.85931647 0.44847769
vt 0.85127103 0.44439316
vt 0.85918909 0.45026350
vt 0.85139531 0.44618845
vt 0.85132068 0.44500476
vt 0.85122919 0.44490141
vt 0.85921901 0.44965082
vt 0.85929638 0.44976407
vt 0.85947508 0.44893050
vt 0.85110706 0.44484109
vt 0.85941017 0.44983816
vt 0.85117120 0.44576728
vt 0.85128379 0.44569069
vt 0.85935181 0.44898772
vt 0.85136026 0.44557577
vt 0.85925913 0.44908893
vt 0.85140067 0.44543648
vt 0.85919851 0.44921929
vt 0.85142881 0.44528407
vt 0.85917062 0.44936496
vt 0.85137993 0.44513708
vt 0.85917771 0.44951314
vt 0.85956359 0.44939303
vt 0.85110152 0.44530684
vt 0.85855520 0.44481331
vt 0.85853362 0.44523317
vt 0.85736740 0.44535381
vt 0.85733074 0.44488895
vt 0.85552752 0.44503528
vt 0.85555911 0.44550234
vt 0.85198075 0.44847727
vt 0.85191292 0.44809139
vt 0.85325962 0.44805402
vt 0.85326564 0.44850492
vt 0.85508883 0.44863009
vt 0.85511047 0.44814187
vt 0.85854352 0.44562656
vt 0.85743141 0.44580513
vt 0.85560042 0.44597530
vt 0.85184020 0.44774884
vt 0.85323840 0.44761777
vt 0.85512990 0.44764835
vt 0.85859239 0.44597590
vt 0.85751736 0.44623691
vt 0.85564816 0.44645983
vt 0.85177475 0.44743896
vt 0.85882163 0.44335973
vt 0.85320574 0.44718403
vt 0.85739362 0.44309157
vt 0.85514450 0.44714785
vt 0.85544682 0.44309157
vt 0.85191393 0.45036769
vt 0.85868394 0.44628537
vt 0.85200262 0.45005572
vt 0.85308135 0.45030326
vt 0.85298640 0.45072812
vt 0.85762256 0.44665837
vt 0.85489154 0.45105737
vt 0.85570151 0.44696116
vt 0.85494381 0.45056236
vt 0.85875362 0.44366890
vt 0.85735160 0.44352448
vt 0.85546172 0.44359714
vt 0.85204887 0.44970489
vt 0.85315812 0.44987261
vt 0.85498947 0.45007575
vt 0.85867876 0.44401091
vt 0.85732365 0.44396478
vt 0.85547894 0.44408697
vt 0.85205686 0.44931126
vt 0.85321569 0.44942576
vt 0.85502899 0.44959402
vt 0.85860920 0.44439679
vt 0.85731441 0.44442165
vt 0.85549998 0.44456655
vt 0.85203189 0.44889277
vt 0.85325164 0.44896609
vt 0.85506213 0.44911319
vt 0.18862663 0.22550571
vt 0.85172313 0.44887400
vt 0.18816355 0.22233379
vt 0.85166246 0.44845903
vt 0.85892719 0.44437951
vt 0.24369653 0.19114876
vt 0.85886151 0.44479448
vt 0.24319434 0.19432092
vt 0.18893635 0.22870785
vt 0.85176367 0.44929284
vt 0.24426556 0.18829274
vt 0.85900164 0.44400591
vt 0.18902263 0.23165214
vt 0.85177493 0.44967806
vt 0.24484687 0.18590921
vt 0.85907757 0.44369406
vt 0.18881536 0.23414004
vt 0.85174781 0.45000350
vt 0.85145444 0.44750869
vt 0.18657289 0.21506917
vt 0.24532861 0.18390274
vt 0.85914069 0.44343162
vt 0.85884553 0.44592208
vt 0.24307254 0.20294070
vt 0.18826641 0.23618728
vt 0.85167599 0.45027131
vt 0.85891938 0.44618762
vt 0.24363689 0.20497054
vt 0.85151559 0.44777197
vt 0.18704031 0.21708190
vt 0.85881615 0.44559830
vt 0.24284823 0.20046556
vt 0.85158962 0.44808459
vt 0.18760705 0.21947151
vt 0.85882604 0.44521445
vt 0.24292389 0.19753134
vt 0.85448110 0.44858831
vt 0.85445857 0.44906414
vt 0.85612857 0.44498652
vt 0.85610473 0.44451827
vt 0.85442466 0.44953793
vt 0.85609388 0.44404626
vt 0.85437894 0.45000803
vt 0.85609174 0.44357294
vt 0.85432303 0.45047599
vt 0.85449815 0.44715989
vt 0.85609579 0.44309157
vt 0.85425639 0.45094758
vt 0.85634184 0.44686025
vt 0.85627127 0.44638550
vt 0.85449934 0.44763815
vt 0.85621077 0.44591856
vt 0.85449356 0.44811255
vt 0.85616183 0.44545281
vt 0.24553588 0.19417703
vt 0.24515903 0.19738847
vt 0.18573041 0.22219443
vt 0.18513624 0.21941996
vt 0.24493192 0.20024973
vt 0.18455841 0.21725881
vt 0.24500684 0.20252883
vt 0.18412501 0.21560276
vt 0.24776751 0.18445241
vt 0.18644713 0.23545045
vt 0.24543704 0.20422339
vt 0.18686698 0.23374134
vt 0.24732351 0.18610191
vt 0.18692909 0.23144633
vt 0.24673304 0.18825424
vt 0.18669465 0.22856748
vt 0.24612631 0.19101667
vt 0.18626626 0.22536260
vt 0.85662180 0.44494647
vt 0.85660869 0.44355303
vt 0.85373539 0.45085758
vt 0.85686731 0.44677740
vt 0.85678256 0.44632453
vt 0.85392863 0.44949186
vt 0.85398191 0.44762975
vt 0.85398728 0.44808859
vt 0.85398227 0.44855416
vt 0.85659832 0.44401282
vt 0.85671163 0.44587207
vt 0.85660112 0.44447857
vt 0.85396332 0.44902390
vt 0.85387808 0.44995248
vt 0.85381365 0.45040512
vt 0.85396791 0.44716978
vt 0.85662836 0.44309157
vt 0.85665649 0.44541222
vt 0.24085285 0.19446480
vt 0.24068855 0.19767421
vt 0.23177364 0.19859648
vt 0.23149300 0.19504315
vt 0.19059667 0.22247291
vt 0.19007769 0.21952331
vt 0.20037280 0.21923780
vt 0.20041834 0.22268474
vt 0.24076450 0.20068139
vt 0.23226294 0.20204663
vt 0.18952219 0.21690512
vt 0.20020959 0.21590263
vt 0.24113810 0.20335221
vt 0.23291954 0.20534736
vt 0.18902087 0.21453589
vt 0.24288972 0.18335330
vt 0.19996029 0.21258706
vt 0.23197445 0.18130338
vt 0.19008569 0.23692411
vt 0.24183691 0.20571738
vt 0.19076394 0.23453903
vt 0.19900987 0.23643154
vt 0.19828361 0.23967922
vt 0.23372383 0.20856911
vt 0.24237026 0.18571651
vt 0.23165347 0.18461239
vt 0.19111639 0.23185766
vt 0.19959624 0.23313963
vt 0.24179794 0.18833125
vt 0.23143864 0.18797827
vt 0.19117798 0.22884846
vt 0.20003620 0.22972369
vt 0.24126662 0.19128078
vt 0.23136772 0.19147074
vt 0.19098680 0.22564912
vt 0.20031169 0.22620988
vt 0.18862663 0.22550571
vt 0.18816355 0.22233379
vt 0.24369653 0.19114876
vt 0.24319434 0.19432092
vt 0.18893635 0.22870785
vt 0.24426556 0.18829274
vt 0.18902263 0.23165214
vt 0.24484687 0.18590921
vt 0.18881536 0.23414004
vt 0.18657289 0.21506917
vt 0.24532861 0.18390274
vt 0.24307254 0.20294070
vt 0.18826641 0.23618728
vt 0.24363689 0.20497054
vt 0.18704031 0.21708190
vt 0.24284823 0.20046556
vt 0.18760705 0.21947151
vt 0.24292389 0.19753134
vt 0.24553588 0.19417703
vt 0.24515903 0.19738847
vt 0.18573041 0.22219443
vt 0.18513624 0.21941996
vt 0.24493192 0.20024973
vt 0.18455841 0.21725881
vt 0.24500684 0.20252883
vt 0.18412501 0.21560276
vt 0.24776751 0.18445241
vt 0.18644713 0.23545045
vt 0.24543704 0.20422339
vt 0.18686698 0.23374134
vt 0.24732351 0.18610191
vt 0.18692909 0.23144633
vt 0.24673304 0.18825424
vt 0.18669465 0.22856748
vt 0.24612631 0.19101667
vt 0.18626626 0.22536260
vt 0.22607435 0.19548297
vt 0.22597347 0.18483090
vt 0.20400873 0.24066877
vt 0.22795065 0.20947886
vt 0.22730213 0.20601714
vt 0.20548569 0.23022938
vt 0.20589416 0.21599460
vt 0.20593458 0.21950173
vt 0.20589703 0.22306061
vt 0.22589520 0.18834561
vt 0.22676075 0.20255792
vt 0.22591527 0.19190627
vt 0.20575212 0.22665191
vt 0.20509975 0.23375005
vt 0.20460695 0.23721015
vt 0.20578668 0.21247846
vt 0.22612405 0.18130338
vt 0.22633936 0.19904280
vt 0.76605541 0.25741237
vt 0.76605541 0.26343662
vt 0.76605541 0.26946092
vt 0.76605541 0.27548516
vt 0.76605541 0.28150946
vt 0.76605541 0.28753370
vt 0.76605541 0.29355800
vt 0.76605541 0.29958230
vt 0.76605541 0.30560654
vt 0.76057881 0.25741237
vt 0.76057881 0.26343662
vt 0.76057881 0.26946092
vt 0.76057881 0.27548516
vt 0.76057881 0.28150946
vt 0.76057881 0.28753370
vt 0.76057881 0.29355800
vt 0.76057881 0.29958230
vt 0.76057881 0.30560654
vt 0.75510216 0.25741237
vt 0.75510216 0.26343662
vt 0.75510216 0.26946092
vt 0.75510216 0.27548516
vt 0.75510216 0.28150946
vt 0.75510216 0.28753370
vt 0.75510216 0.29355800
vt 0.75510216 0.29958230
vt 0.75510216 0.30560654
vt 0.74962556 0.25741237
vt 0.74962556 0.26343662
vt 0.74962556 0.26946092
vt 0.74962556 0.27548516
vt 0.74962556 0.28150946
vt 0.74962556 0.28753370
vt 0.74962556 0.29355800
vt 0.74962556 0.29958230
vt 0.74962556 0.30560654
vt 0.74414897 0.25741237
vt 0.74414897 0.26343662
vt 0.74414897 0.26946092
vt 0.74414897 0.27548516
vt 0.74414897 0.28150946
vt 0.74414897 0.28753370
vt 0.74414897 0.29355800
vt 0.74414897 0.29958230
vt 0.74414897 0.30560654
vt 0.73867226 0.25741237
vt 0.73867226 0.26343662
vt 0.73867226 0.26946092
vt 0.73867226 0.27548516
vt 0.73867226 0.28150946
vt 0.73867226 0.28753370
vt 0.73867226 0.29355800
vt 0.73867226 0.29958230
vt 0.73867226 0.30560654
vt 0.73319566 0.25741237
vt 0.73319566 0.26343662
vt 0.73319566 0.26946092
vt 0.73319566 0.27548516
vt 0.73319566 0.28150946
vt 0.73319566 0.28753370
vt 0.73319566 0.29355800
vt 0.73319566 0.29958230
vt 0.73319566 0.30560654
vt 0.77427030 0.31163085
vt 0.76879364 0.31163085
vt 0.76331705 0.31163085
vt 0.77974701 0.31163085
vt 0.78522360 0.31163085
vt 0.75784045 0.31163085
vt 0.75236386 0.31163085
vt 0.73045743 0.31163085
vt 0.74688727 0.31163085
vt 0.73593402 0.31163085
vt 0.74141061 0.31163085
vt 0.77427030 0.25138807
vt 0.76879364 0.25138807
vt 0.76331705 0.25138807
vt 0.77974701 0.25138807
vt 0.75784045 0.25138807
vt 0.78522360 0.25138807
vt 0.75236386 0.25138807
vt 0.73045743 0.25138807
vt 0.74688727 0.25138807
vt 0.73593402 0.25138807
vt 0.74141061 0.25138807
vt 0.78796184 0.25741237
vt 0.72771907 0.25741237
vt 0.78796184 0.26343662
vt 0.72771907 0.26343662
vt 0.78796184 0.26946092
vt 0.72771907 0.26946092
vt 0.78796184 0.27548516
vt 0.72771907 0.27548516
vt 0.72771907 0.28150946
vt 0.78796184 0.28150946
vt 0.78796184 0.28753370
vt 0.72771907 0.28753370
vt 0.78796184 0.29355800
vt 0.72771907 0.29355800
vt 0.78796184 0.29958230
vt 0.72771907 0.29958230
vt 0.78796184 0.30560654
vt 0.72771907 0.30560654
vt 0.78248525 0.25741237
vt 0.78248525 0.26343662
vt 0.78248525 0.26946092
vt 0.78248525 0.27548516
vt 0.78248525 0.28150946
vt 0.78248525 0.28753370
vt 0.78248525 0.29355800
vt 0.78248525 0.29958230
vt 0.78248525 0.30560654
vt 0.77700865 0.25741237
vt 0.77700865 0.26343662
vt 0.77700865 0.26946092
vt 0.77700865 0.27548516
vt 0.77700865 0.28150946
vt 0.77700865 0.28753370
vt 0.77700865 0.29355800
vt 0.77700865 0.29958230
vt 0.77700865 0.30560654
vt 0.77153206 0.25741231
vt 0.77153206 0.26343662
vt 0.77153206 0.26946092
vt 0.77153206 0.27548516
vt 0.77153206 0.28150946
vt 0.77153206 0.28753370
vt 0.77153206 0.29355800
vt 0.77153206 0.29958230
vt 0.77153206 0.30560654
vt 0.76605541 0.25741237
vt 0.76605541 0.26343662
vt 0.76605541 0.26946092
vt 0.76605541 0.27548516
vt 0.76605541 0.28150946
vt 0.76605541 0.28753370
vt 0.76605541 0.29355800
vt 0.76605541 0.29958230
vt 0.76605541 0.30560654
vt 0.76057881 0.25741237
vt 0.76057881 0.26343662
vt 0.76057881 0.26946092
vt 0.76057881 0.27548516
vt 0.76057881 0.28150946
vt 0.76057881 0.28753370
vt 0.76057881 0.29355800
vt 0.76057881 0.29958230
vt 0.76057881 0.30560654
vt 0.75510216 0.25741237
vt 0.75510216 0.26343662
vt 0.75510216 0.26946092
vt 0.75510216 0.27548516
vt 0.75510216 0.28150946
vt 0.75510216 0.28753370
vt 0.75510216 0.29355800
vt 0.75510216 0.29958230
vt 0.75510216 0.30560654
vt 0.74962556 0.25741237
vt 0.74962556 0.26343662
vt 0.74962556 0.26946092
vt 0.74962556 0.27548516
vt 0.74962556 0.28150946
vt 0.74962556 0.28753370
vt 0.74962556 0.29355800
vt 0.74962556 0.29958230
vt 0.74962556 0.30560654
vt 0.74414897 0.25741237
vt 0.74414897 0.26343662
vt 0.74414897 0.26946092
vt 0.74414897 0.27548516
vt 0.74414897 0.28150946
vt 0.74414897 0.28753370
vt 0.74414897 0.29355800
vt 0.74414897 0.29958230
vt 0.74414897 0.30560654
vt 0.73867226 0.25741237
vt 0.73867226 0.26343662
vt 0.73867226 0.26946092
vt 0.73867226 0.27548516
vt 0.73867226 0.28150946
vt 0.73867226 0.28753370
vt 0.73867226 0.29355800
vt 0.73867226 0.29958230
vt 0.73867226 0.30560654
vt 0.73319566 0.25741237
vt 0.73319566 0.26343662
vt 0.73319566 0.26946092
vt 0.73319566 0.27548516
vt 0.73319566 0.28150946
vt 0.73319566 0.28753370
vt 0.73319566 0.29355800
vt 0.73319566 0.29958230
vt 0.73319566 0.30560654
vt 0.77427030 0.31163085
vt 0.76879364 0.31163085
vt 0.76331705 0.31163085
vt 0.77974701 0.31163085
vt 0.75784045 0.31163085
vt 0.78522360 0.31163085
vt 0.75236386 0.31163085
vt 0.73045743 0.31163085
vt 0.73593402 0.31163085
vt 0.74688727 0.31163085
vt 0.74141061 0.31163085
vt 0.77427030 0.25138807
vt 0.76879364 0.25138807
vt 0.76331705 0.25138807
vt 0.77974701 0.25138807
vt 0.75784045 0.25138807
vt 0.78522360 0.25138807
vt 0.75236386 0.25138807
vt 0.73045743 0.25138807
vt 0.73593402 0.25138807
vt 0.74688727 0.25138807
vt 0.74141061 0.25138807
vt 0.78796184 0.25741237
vt 0.72771907 0.25741237
vt 0.78796184 0.26343662
vt 0.72771907 0.26343662
vt 0.78796184 0.26946092
vt 0.72771907 0.26946092
vt 0.78796184 0.27548516
vt 0.72771907 0.27548516
vt 0.78796184 0.28150946
vt 0.72771907 0.28150946
vt 0.78796184 0.28753370
vt 0.72771907 0.28753370
vt 0.78796184 0.29355800
vt 0.72771907 0.29355800
vt 0.78796184 0.29958230
vt 0.72771907 0.29958230
vt 0.78796184 0.30560654
vt 0.72771907 0.30560654
vt 0.78248525 0.25741237
vt 0.78248525 0.26343662
vt 0.78248525 0.26946092
vt 0.78248525 0.27548516
vt 0.78248525 0.28150946
vt 0.78248525 0.28753370
vt 0.78248525 0.29355800
vt 0.78248525 0.29958230
vt 0.78248525 0.30560654
vt 0.77700865 0.25741237
vt 0.77700865 0.26343662
vt 0.77700865 0.26946092
vt 0.77700865 0.27548516
vt 0.77700865 0.28150946
vt 0.77700865 0.28753370
vt 0.77700865 0.29355800
vt 0.77700865 0.29958230
vt 0.77700865 0.30560654
vt 0.77153206 0.25741231
vt 0.77153206 0.26343662
vt 0.77153206 0.26946092
vt 0.77153206 0.27548516
vt 0.77153206 0.28150946
vt 0.77153206 0.28753370
vt 0.77153206 0.29355800
vt 0.77153206 0.29958230
vt 0.77153206 0.30560654
vt 0.76605541 0.25741237
vt 0.76605541 0.26343662
vt 0.76605541 0.26946092
vt 0.76605541 0.27548516
vt 0.76605541 0.28150946
vt 0.76605541 0.28753370
vt 0.76605541 0.29355800
vt 0.76605541 0.29958230
vt 0.76605541 0.30560654
vt 0.76057881 0.25741237
vt 0.76057881 0.26343662
vt 0.76057881 0.26946092
vt 0.76057881 0.27548516
vt 0.76057881 0.28150946
vt 0.76057881 0.28753370
vt 0.76057881 0.29355800
vt 0.76057881 0.29958230
vt 0.76057881 0.30560654
vt 0.75510216 0.25741237
vt 0.75510216 0.26343662
vt 0.75510216 0.26946092
vt 0.75510216 0.27548516
vt 0.75510216 0.28150946
vt 0.75510216 0.28753370
vt 0.75510216 0.29355800
vt 0.75510216 0.29958230
vt 0.75510216 0.30560654
vt 0.74962556 0.25741237
vt 0.74962556 0.26343662
vt 0.74962556 0.26946092
vt 0.74962556 0.27548516
vt 0.74962556 0.28150946
vt 0.74962556 0.28753370
vt 0.74962556 0.29355800
vt 0.74962556 0.29958230
vt 0.74962556 0.30560654
vt 0.74414897 0.25741237
vt 0.74414897 0.26343662
vt 0.74414897 0.26946092
vt 0.74414897 0.27548516
vt 0.74414897 0.28150946
vt 0.74414897 0.28753370
vt 0.74414897 0.29355800
vt 0.74414897 0.29958230
vt 0.74414897 0.30560654
vt 0.73867226 0.25741237
vt 0.73867226 0.26343662
vt 0.73867226 0.26946092
vt 0.73867226 0.27548516
vt 0.73867226 0.28150946
vt 0.73867226 0.28753370
vt 0.73867226 0.29355800
vt 0.73867226 0.29958230
vt 0.73867226 0.30560654
vt 0.73319566 0.25741237
vt 0.73319566 0.26343662
vt 0.73319566 0.26946092
vt 0.73319566 0.27548516
vt 0.73319566 0.28150946
vt 0.73319566 0.28753370
vt 0.73319566 0.29355800
vt 0.73319566 0.29958230
vt 0.73319566 0.30560654
vt 0.77427030 0.31163085
vt 0.76879364 0.31163085
vt 0.76331705 0.31163085
vt 0.77974701 0.31163085
vt 0.75784045 0.31163085
vt 0.78522360 0.31163085
vt 0.75236386 0.31163085
vt 0.73045743 0.31163085
vt 0.73593402 0.31163085
vt 0.74688727 0.31163085
vt 0.74141061 0.31163085
vt 0.77427030 0.25138807
vt 0.76879364 0.25138807
vt 0.76331705 0.25138807
vt 0.77974701 0.25138807
vt 0.75784045 0.25138807
vt 0.78522360 0.25138807
vt 0.75236386 0.25138807
vt 0.73045743 0.25138807
vt 0.73593402 0.25138807
vt 0.74688727 0.25138807
vt 0.74141061 0.25138807
vt 0.78796184 0.25741237
vt 0.72771907 0.25741237
vt 0.78796184 0.26343662
vt 0.72771907 0.26343662
vt 0.78796184 0.26946092
vt 0.72771907 0.26946092
vt 0.78796184 0.27548516
vt 0.72771907 0.27548516
vt 0.72771907 0.28150946
vt 0.78796184 0.28150946
vt 0.78796184 0.28753370
vt 0.72771907 0.28753370
vt 0.78796184 0.29355800
vt 0.72771907 0.29355800
vt 0.78796184 0.29958230
vt 0.72771907 0.29958230
vt 0.78796184 0.30560654
vt 0.72771907 0.30560654
vt 0.78248525 0.25741237
vt 0.78248525 0.26343662
vt 0.78248525 0.26946092
vt 0.78248525 0.27548516
vt 0.78248525 0.28150946
vt 0.78248525 0.28753370
vt 0.78248525 0.29355800
vt 0.78248525 0.29958230
vt 0.78248525 0.30560654
vt 0.77700865 0.25741237
vt 0.77700865 0.26343662
vt 0.77700865 0.26946092
vt 0.77700865 0.27548516
vt 0.77700865 0.28150946
vt 0.77700865 0.28753370
vt 0.77700865 0.29355800
vt 0.77700865 0.29958230
vt 0.77700865 0.30560654
vt 0.77153206 0.25741231
vt 0.77153206 0.26343662
vt 0.77153206 0.26946092
vt 0.77153206 0.27548516
vt 0.77153206 0.28150946
vt 0.77153206 0.28753370
vt 0.77153206 0.29355800
vt 0.77153206 0.29958230
vt 0.77153206 0.30560654
vt 0.76605541 0.25741237
vt 0.76605541 0.26343662
vt 0.76605541 0.26946092
vt 0.76605541 0.27548516
vt 0.76605541 0.28150946
vt 0.76605541 0.28753370
vt 0.76605541 0.29355800
vt 0.76605541 0.29958230
vt 0.76605541 0.30560654
vt 0.76057881 0.25741237
vt 0.76057881 0.26343662
vt 0.76057881 0.26946092
vt 0.76057881 0.27548516
vt 0.76057881 0.28150946
vt 0.76057881 0.28753370
vt 0.76057881 0.29355800
vt 0.76057881 0.29958230
vt 0.76057881 0.30560654
vt 0.75510216 0.25741237
vt 0.75510216 0.26343662
vt 0.75510216 0.26946092
vt 0.75510216 0.27548516
vt 0.75510216 0.28150946
vt 0.75510216 0.28753370
vt 0.75510216 0.29355800
vt 0.75510216 0.29958230
vt 0.75510216 0.30560654
vt 0.74962556 0.25741237
vt 0.74962556 0.26343662
vt 0.74962556 0.26946092
vt 0.74962556 0.27548516
vt 0.74962556 0.28150946
vt 0.74962556 0.28753370
vt 0.74962556 0.29355800
vt 0.74962556 0.29958230
vt 0.74962556 0.30560654
vt 0.74414897 0.25741237
vt 0.74414897 0.26343662
vt 0.74414897 0.26946092
vt 0.74414897 0.27548516
vt 0.74414897 0.28150946
vt 0.74414897 0.28753370
vt 0.74414897 0.29355800
vt 0.74414897 0.29958230
vt 0.74414897 0.30560654
vt 0.73867226 0.25741237
vt 0.73867226 0.26343662
vt 0.73867226 0.26946092
vt 0.73867226 0.27548516
vt 0.73867226 0.28150946
vt 0.73867226 0.28753370
vt 0.73867226 0.29355800
vt 0.73867226 0.29958230
vt 0.73867226 0.30560654
vt 0.73319566 0.25741237
vt 0.73319566 0.26343662
vt 0.73319566 0.26946092
vt 0.73319566 0.27548516
vt 0.73319566 0.28150946
vt 0.73319566 0.28753370
vt 0.73319566 0.29355800
vt 0.73319566 0.29958230
vt 0.73319566 0.30560654
vt 0.77427030 0.31163085
vt 0.76879364 0.31163085
vt 0.76331705 0.31163085
vt 0.77974701 0.31163085
vt 0.75784045 0.31163085
vt 0.78522360 0.31163085
vt 0.75236386 0.31163085
vt 0.73045743 0.31163085
vt 0.73593402 0.31163085
vt 0.74688727 0.31163085
vt 0.74141061 0.31163085
vt 0.77427030 0.25138807
vt 0.76879364 0.25138807
vt 0.76331705 0.25138807
vt 0.77974701 0.25138807
vt 0.75784045 0.25138807
vt 0.78522360 0.25138807
vt 0.75236386 0.25138807
vt 0.73045743 0.25138807
vt 0.73593402 0.25138807
vt 0.74688727 0.25138807
vt 0.74141061 0.25138807
vt 0.78796184 0.25741237
vt 0.72771907 0.25741237
vt 0.78796184 0.26343662
vt 0.72771907 0.26343662
vt 0.78796184 0.26946092
vt 0.72771907 0.26946092
vt 0.78796184 0.27548516
vt 0.72771907 0.27548516
vt 0.78796184 0.28150946
vt 0.72771907 0.28150946
vt 0.78796184 0.28753370
vt 0.72771907 0.28753370
vt 0.78796184 0.29355800
vt 0.72771907 0.29355800
vt 0.78796184 0.29958230
vt 0.72771907 0.29958230
vt 0.78796184 0.30560654
vt 0.72771907 0.30560654
vt 0.78248525 0.25741237
vt 0.78248525 0.26343662
vt 0.78248525 0.26946092
vt 0.78248525 0.27548516
vt 0.78248525 0.28150946
vt 0.78248525 0.28753370
vt 0.78248525 0.29355800
vt 0.78248525 0.29958230
vt 0.78248525 0.30560654
vt 0.77700865 0.25741237
vt 0.77700865 0.26343662
vt 0.77700865 0.26946092
vt 0.77700865 0.27548516
vt 0.77700865 0.28150946
vt 0.77700865 0.28753370
vt 0.77700865 0.29355800
vt 0.77700865 0.29958230
vt 0.77700865 0.30560654
vt 0.77153206 0.25741231
vt 0.77153206 0.26343662
vt 0.77153206 0.26946092
vt 0.77153206 0.27548516
vt 0.77153206 0.28150946
vt 0.77153206 0.28753370
vt 0.77153206 0.29355800
vt 0.77153206 0.29958230
vt 0.77153206 0.30560654
f 106/106/106 104/104/104 109/109/109
f 107/107/107 105/105/105 110/110/110
f 108/108/108 106/106/106 109/109/109
f 91/91/91 107/107/107 110/110/110
f 93/93/93 108/108/108 109/109/109
f 92/92/92 91/91/91 110/110/110
f 94/94/94 93/93/93 109/109/109
f 96/96/96 92/92/92 110/110/110
f 99/99/99 98/98/98 110/110/110
f 97/97/97 94/94/94 109/109/109
f 100/100/100 95/95/95 109/109/109
f 101/101/101 99/99/99 110/110/110
f 102/102/102 100/100/100 109/109/109
f 103/103/103 101/101/101 110/110/110
f 104/104/104 102/102/102 109/109/109
f 105/105/105 103/103/103 110/110/110
f 466/466/466 420/420/420 345/345/345
f 409/409/409 474/474/474 353/353/353
f 345/345/345 421/421/421 354/354/354
f 410/410/410 353/353/353 362/362/362
f 413/413/413 362/362/362 371/371/371
f 354/354/354 423/423/423 363/363/363
f 414/414/414 371/371/371 380/380/380
f 363/363/363 425/425/425 372/372/372
f 416/416/416 380/380/380 389/389/389
f 372/372/372 427/427/427 381/381/381
f 418/418/418 389/389/389 398/398/398
f 381/381/381 429/429/429 390/390/390
f 390/390/390 428/428/428 399/399/399
f 417/417/417 398/398/398 407/407/407
f 399/399/399 426/426/426 431/431/431
f 415/415/415 407/407/407 447/447/447
f 412/412/412 446/446/446 456/456/456
f 430/430/430 424/424/424 448/448/448
f 411/411/411 456/456/456 465/465/465
f 448/448/448 422/422/422 457/457/457
f 408/408/408 465/465/465 474/474/474
f 457/457/457 419/419/419 466/466/466
f 596/596/596 550/550/550 475/475/475
f 539/539/539 604/604/604 483/483/483
f 475/475/475 551/551/551 484/484/484
f 540/540/540 483/483/483 492/492/492
f 542/542/542 492/492/492 501/501/501
f 484/484/484 553/553/553 493/493/493
f 544/544/544 501/501/501 510/510/510
f 493/493/493 555/555/555 502/502/502
f 547/547/547 510/510/510 519/519/519
f 502/502/502 558/558/558 511/511/511
f 548/548/548 519/519/519 528/528/528
f 511/511/511 559/559/559 520/520/520
f 520/520/520 557/557/557 529/529/529
f 546/546/546 528/528/528 537/537/537
f 529/529/529 556/556/556 561/561/561
f 545/545/545 537/537/537 577/577/577
f 543/543/543 576/576/576 586/586/586
f 560/560/560 554/554/554 578/578/578
f 541/541/541 586/586/586 595/595/595
f 578/578/578 552/552/552 587/587/587
f 538/538/538 595/595/595 604/604/604
f 587/587/587 549/549/549 596/596/596
f 726/726/726 680/680/680 605/605/605
f 669/669/669 734/734/734 613/613/613
f 605/605/605 681/681/681 614/614/614
f 670/670/670 613/613/613 622/622/622
f 672/672/672 622/622/622 631/631/631
f 614/614/614 683/683/683 623/623/623
f 674/674/674 631/631/631 640/640/640
f 623/623/623 685/685/685 632/632/632
f 677/677/677 640/640/640 649/649/649
f 632/632/632 688/688/688 641/641/641
f 678/678/678 649/649/649 658/658/658
f 641/641/641 689/689/689 650/650/650
f 650/650/650 687/687/687 659/659/659
f 676/676/676 658/658/658 667/667/667
f 659/659/659 686/686/686 691/691/691
f 675/675/675 667/667/667 707/707/707
f 673/673/673 706/706/706 716/716/716
f 690/690/690 684/684/684 708/708/708
f 671/671/671 716/716/716 725/725/725
f 708/708/708 682/682/682 717/717/717
f 668/668/668 725/725/725 734/734/734
f 717/717/717 679/679/679 726/726/726
f 856/856/856 810/810/810 735/735/735
f 799/799/799 864/864/864 743/743/743
f 735/735/735 811/811/811 744/744/744
f 800/800/800 743/743/743 752/752/752
f 802/802/802 752/752/752 761/761/761
f 744/744/744 813/813/813 753/753/753
f 804/804/804 761/761/761 770/770/770
f 753/753/753 815/815/815 762/762/762
f 807/807/807 770/770/770 779/779/779
f 762/762/762 818/818/818 771/771/771
f 808/808/808 779/779/779 788/788/788
f 771/771/771 819/819/819 780/780/780
f 780/780/780 817/817/817 789/789/789
f 806/806/806 788/788/788 797/797/797
f 789/789/789 816/816/816 821/821/821
f 805/805/805 797/797/797 837/837/837
f 803/803/803 836/836/836 846/846/846
f 820/820/820 814/814/814 838/838/838
f 801/801/801 846/846/846 855/855/855
f 838/838/838 812/812/812 847/847/847
f 798/798/798 855/855/855 864/864/864
f 847/847/847 809/809/809 856/856/856
f 1/1/1 2/2/2 3/3/3
f 1/1/1 3/3/3 4/4/4
f 5/5/5 6/6/6 7/7/7
f 5/5/5 7/7/7 8/8/8
f 9/9/9 1/1/1 4/4/4
f 9/9/9 4/4/4 10/10/10
f 12/12/12 5/5/5 8/8/8
f 12/12/12 8/8/8 14/14/14
f 15/15/15 11/11/11 13/13/13
f 15/15/15 13/13/13 16/16/16
f 17/17/17 9/9/9 10/10/10
f 17/17/17 10/10/10 19/19/19
f 21/21/21 22/22/22 23/23/23
f 21/21/21 23/23/23 24/24/24
f 25/25/25 15/15/15 16/16/16
f 25/25/25 16/16/16 26/26/26
f 27/27/27 21/21/21 24/24/24
f 27/27/27 24/24/24 28/28/28
f 29/29/29 25/25/25 26/26/26
f 29/29/29 26/26/26 30/30/30
f 31/31/31 27/27/27 28/28/28
f 31/31/31 28/28/28 32/32/32
f 33/33/33 29/29/29 30/30/30
f 33/33/33 30/30/30 34/34/34
f 35/35/35 31/31/31 32/32/32
f 35/35/35 32/32/32 36/36/36
f 2/2/2 33/33/33 34/34/34
f 2/2/2 34/34/34 3/3/3
f 6/6/6 35/35/35 36/36/36
f 6/6/6 36/36/36 7/7/7
f 37/37/37 38/38/38 39/39/39
f 37/37/37 39/39/39 40/40/40
f 41/41/41 42/42/42 43/43/43
f 41/41/41 43/43/43 44/44/44
f 45/45/45 37/37/37 40/40/40
f 45/45/45 40/40/40 46/46/46
f 47/47/47 41/41/41 44/44/44
f 47/47/47 44/44/44 48/48/48
f 49/49/49 45/45/45 46/46/46
f 49/49/49 46/46/46 50/50/50
f 51/51/51 47/47/47 48/48/48
f 51/51/51 48/48/48 52/52/52
f 53/53/53 49/49/49 50/50/50
f 53/53/53 50/50/50 54/54/54
f 56/56/56 51/51/51 52/52/52
f 56/56/56 52/52/52 58/58/58
f 59/59/59 61/61/61 63/63/63
f 59/59/59 63/63/63 64/64/64
f 60/60/60 53/53/53 54/54/54
f 60/60/60 54/54/54 62/62/62
f 65/65/65 55/55/55 57/57/57
f 65/65/65 57/57/57 66/66/66
f 67/67/67 59/59/59 64/64/64
f 67/67/67 64/64/64 68/68/68
f 69/69/69 65/65/65 66/66/66
f 69/69/69 66/66/66 70/70/70
f 71/71/71 67/67/67 68/68/68
f 71/71/71 68/68/68 72/72/72
f 38/38/38 69/69/69 70/70/70
f 38/38/38 70/70/70 39/39/39
f 42/42/42 71/71/71 72/72/72
f 42/42/42 72/72/72 43/43/43
f 24/24/24 23/23/23 73/73/73
f 24/24/24 73/73/73 74/74/74
f 26/26/26 16/16/16 75/75/75
f 26/26/26 75/75/75 76/76/76
f 28/28/28 24/24/24 74/74/74
f 28/28/28 74/74/74 77/77/77
f 30/30/30 26/26/26 76/76/76
f 30/30/30 76/76/76 78/78/78
f 32/32/32 28/28/28 77/77/77
f 32/32/32 77/77/77 79/79/79
f 34/34/34 30/30/30 78/78/78
f 34/34/34 78/78/78 80/80/80
f 36/36/36 32/32/32 79/79/79
f 36/36/36 79/79/79 81/81/81
f 3/3/3 34/34/34 80/80/80
f 3/3/3 80/80/80 82/82/82
f 7/7/7 36/36/36 81/81/81
f 7/7/7 81/81/81 83/83/83
f 4/4/4 3/3/3 82/82/82
f 4/4/4 82/82/82 84/84/84
f 8/8/8 7/7/7 83/83/83
f 8/8/8 83/83/83 85/85/85
f 10/10/10 4/4/4 84/84/84
f 10/10/10 84/84/84 86/86/86
f 14/14/14 8/8/8 85/85/85
f 14/14/14 85/85/85 88/88/88
f 23/23/23 20/20/20 90/90/90
f 23/23/23 90/90/90 73/73/73
f 19/19/19 10/10/10 86/86/86
f 19/19/19 86/86/86 89/89/89
f 16/16/16 13/13/13 87/87/87
f 16/16/16 87/87/87 75/75/75
f 85/85/85 83/83/83 91/91/91
f 85/85/85 91/91/91 92/92/92
f 86/86/86 84/84/84 93/93/93
f 86/86/86 93/93/93 94/94/94
f 88/88/88 85/85/85 92/92/92
f 88/88/88 92/92/92 96/96/96
f 73/73/73 90/90/90 98/98/98
f 73/73/73 98/98/98 99/99/99
f 89/89/89 86/86/86 94/94/94
f 89/89/89 94/94/94 97/97/97
f 75/75/75 87/87/87 95/95/95
f 75/75/75 95/95/95 100/100/100
f 74/74/74 73/73/73 99/99/99
f 74/74/74 99/99/99 101/101/101
f 76/76/76 75/75/75 100/100/100
f 76/76/76 100/100/100 102/102/102
f 77/77/77 74/74/74 101/101/101
f 77/77/77 101/101/101 103/103/103
f 78/78/78 76/76/76 102/102/102
f 78/78/78 102/102/102 104/104/104
f 79/79/79 77/77/77 103/103/103
f 79/79/79 103/103/103 105/105/105
f 80/80/80 78/78/78 104/104/104
f 80/80/80 104/104/104 106/106/106
f 81/81/81 79/79/79 105/105/105
f 81/81/81 105/105/105 107/107/107
f 82/82/82 80/80/80 106/106/106
f 82/82/82 106/106/106 108/108/108
f 83/83/83 81/81/81 107/107/107
f 83/83/83 107/107/107 91/91/91
f 84/84/84 82/82/82 108/108/108
f 84/84/84 108/108/108 93/93/93
f 64/64/64 63/63/63 18/18/18
f 64/64/64 18/18/18 22/22/22
f 68/68/68 64/64/64 22/22/22
f 68/68/68 22/22/22 21/21/21
f 72/72/72 68/68/68 21/21/21
f 72/72/72 21/21/21 27/27/27
f 43/43/43 72/72/72 27/27/27
f 43/43/43 27/27/27 31/31/31
f 44/44/44 43/43/43 31/31/31
f 44/44/44 31/31/31 35/35/35
f 48/48/48 44/44/44 35/35/35
f 48/48/48 35/35/35 6/6/6
f 52/52/52 48/48/48 6/6/6
f 52/52/52 6/6/6 5/5/5
f 58/58/58 52/52/52 5/5/5
f 58/58/58 5/5/5 12/12/12
f 66/66/66 57/57/57 11/11/11
f 66/66/66 11/11/11 15/15/15
f 70/70/70 66/66/66 15/15/15
f 70/70/70 15/15/15 25/25/25
f 39/39/39 70/70/70 25/25/25
f 39/39/39 25/25/25 29/29/29
f 40/40/40 39/39/39 29/29/29
f 40/40/40 29/29/29 33/33/33
f 46/46/46 40/40/40 33/33/33
f 46/46/46 33/33/33 2/2/2
f 50/50/50 46/46/46 2/2/2
f 50/50/50 2/2/2 1/1/1
f 54/54/54 50/50/50 1/1/1
f 54/54/54 1/1/1 9/9/9
f 62/62/62 54/54/54 9/9/9
f 62/62/62 9/9/9 17/17/17
f 22/22/22 18/18/18 20/20/20
f 22/22/22 20/20/20 23/23/23
f 111/111/111 112/112/112 113/113/113
f 111/111/111 113/113/113 114/114/114
f 115/115/115 116/116/116 71/71/71
f 115/115/115 71/71/71 42/42/42
f 117/117/117 118/118/118 119/119/119
f 117/117/117 119/119/119 120/120/120
f 121/121/121 122/122/122 69/69/69
f 121/121/121 69/69/69 38/38/38
f 112/112/112 123/123/123 124/124/124
f 112/112/112 124/124/124 113/113/113
f 116/116/116 125/125/125 67/67/67
f 116/116/116 67/67/67 71/71/71
f 118/118/118 126/126/126 127/127/127
f 118/118/118 127/127/127 119/119/119
f 122/122/122 128/128/128 65/65/65
f 122/122/122 65/65/65 69/69/69
f 123/123/123 129/129/129 130/130/130
f 123/123/123 130/130/130 124/124/124
f 125/125/125 131/131/131 59/59/59
f 125/125/125 59/59/59 67/67/67
f 126/126/126 132/132/132 134/134/134
f 126/126/126 134/134/134 127/127/127
f 128/128/128 136/136/136 55/55/55
f 128/128/128 55/55/55 65/65/65
f 138/138/138 140/140/140 141/141/141
f 138/138/138 141/141/141 142/142/142
f 144/144/144 146/146/146 53/53/53
f 144/144/144 53/53/53 60/60/60
f 129/129/129 139/139/139 143/143/143
f 129/129/129 143/143/143 130/130/130
f 131/131/131 145/145/145 61/61/61
f 131/131/131 61/61/61 59/59/59
f 133/133/133 147/147/147 148/148/148
f 133/133/133 148/148/148 135/135/135
f 137/137/137 149/149/149 51/51/51
f 137/137/137 51/51/51 56/56/56
f 140/140/140 150/150/150 151/151/151
f 140/140/140 151/151/151 141/141/141
f 146/146/146 152/152/152 49/49/49
f 146/146/146 49/49/49 53/53/53
f 147/147/147 153/153/153 154/154/154
f 147/147/147 154/154/154 148/148/148
f 149/149/149 155/155/155 47/47/47
f 149/149/149 47/47/47 51/51/51
f 150/150/150 156/156/156 157/157/157
f 150/150/150 157/157/157 151/151/151
f 152/152/152 158/158/158 45/45/45
f 152/152/152 45/45/45 49/49/49
f 153/153/153 159/159/159 160/160/160
f 153/153/153 160/160/160 154/154/154
f 155/155/155 161/161/161 41/41/41
f 155/155/155 41/41/41 47/47/47
f 156/156/156 162/162/162 163/163/163
f 156/156/156 163/163/163 157/157/157
f 158/158/158 164/164/164 37/37/37
f 158/158/158 37/37/37 45/45/45
f 159/159/159 111/111/111 114/114/114
f 159/159/159 114/114/114 160/160/160
f 161/161/161 115/115/115 42/42/42
f 161/161/161 42/42/42 41/41/41
f 162/162/162 117/117/117 120/120/120
f 162/162/162 120/120/120 163/163/163
f 164/164/164 121/121/121 38/38/38
f 164/164/164 38/38/38 37/37/37
f 166/166/166 168/168/168 117/117/117
f 166/166/166 117/117/117 162/162/162
f 169/169/169 171/171/171 111/111/111
f 169/169/169 111/111/111 159/159/159
f 174/174/174 166/166/166 162/162/162
f 174/174/174 162/162/162 156/156/156
f 176/176/176 169/169/169 159/159/159
f 176/176/176 159/159/159 153/153/153
f 178/178/178 174/174/174 156/156/156
f 178/178/178 156/156/156 150/150/150
f 180/180/180 176/176/176 153/153/153
f 180/180/180 153/153/153 147/147/147
f 182/182/182 178/178/178 150/150/150
f 182/182/182 150/150/150 140/140/140
f 186/186/186 180/180/180 147/147/147
f 186/186/186 147/147/147 133/133/133
f 187/187/187 191/191/191 139/139/139
f 187/187/187 139/139/139 129/129/129
f 190/190/190 182/182/182 140/140/140
f 190/190/190 140/140/140 138/138/138
f 193/193/193 183/183/183 132/132/132
f 193/193/193 132/132/132 126/126/126
f 195/195/195 187/187/187 129/129/129
f 195/195/195 129/129/129 123/123/123
f 197/197/197 193/193/193 126/126/126
f 197/197/197 126/126/126 118/118/118
f 199/199/199 195/195/195 123/123/123
f 199/199/199 123/123/123 112/112/112
f 168/168/168 197/197/197 118/118/118
f 168/168/168 118/118/118 117/117/117
f 171/171/171 199/199/199 112/112/112
f 171/171/171 112/112/112 111/111/111
f 249/249/249 245/245/245 201/201/201
f 249/249/249 201/201/201 202/202/202
f 248/248/248 237/237/237 203/203/203
f 248/248/248 203/203/203 204/204/204
f 242/242/242 249/249/249 202/202/202
f 242/242/242 202/202/202 205/205/205
f 246/246/246 248/248/248 204/204/204
f 246/246/246 204/204/204 206/206/206
f 250/250/250 242/242/242 205/205/205
f 250/250/250 205/205/205 207/207/207
f 238/238/238 246/246/246 206/206/206
f 238/238/238 206/206/206 208/208/208
f 251/251/251 250/250/250 207/207/207
f 251/251/251 207/207/207 209/209/209
f 253/253/253 238/238/238 208/208/208
f 253/253/253 208/208/208 211/211/211
f 241/241/241 240/240/240 213/213/213
f 241/241/241 213/213/213 214/214/214
f 239/239/239 251/251/251 209/209/209
f 239/239/239 209/209/209 212/212/212
f 243/243/243 252/252/252 210/210/210
f 243/243/243 210/210/210 215/215/215
f 247/247/247 241/241/241 214/214/214
f 247/247/247 214/214/214 216/216/216
f 244/244/244 243/243/243 215/215/215
f 244/244/244 215/215/215 217/217/217
f 254/254/254 247/247/247 216/216/216
f 254/254/254 216/216/216 218/218/218
f 245/245/245 244/244/244 217/217/217
f 245/245/245 217/217/217 201/201/201
f 237/237/237 254/254/254 218/218/218
f 237/237/237 218/218/218 203/203/203
f 202/202/202 201/201/201 121/121/121
f 202/202/202 121/121/121 164/164/164
f 204/204/204 203/203/203 115/115/115
f 204/204/204 115/115/115 161/161/161
f 205/205/205 202/202/202 164/164/164
f 205/205/205 164/164/164 158/158/158
f 206/206/206 204/204/204 161/161/161
f 206/206/206 161/161/161 155/155/155
f 207/207/207 205/205/205 158/158/158
f 207/207/207 158/158/158 152/152/152
f 208/208/208 206/206/206 155/155/155
f 208/208/208 155/155/155 149/149/149
f 209/209/209 207/207/207 152/152/152
f 209/209/209 152/152/152 146/146/146
f 211/211/211 208/208/208 149/149/149
f 211/211/211 149/149/149 137/137/137
f 214/214/214 213/213/213 145/145/145
f 214/214/214 145/145/145 131/131/131
f 212/212/212 209/209/209 146/146/146
f 212/212/212 146/146/146 144/144/144
f 215/215/215 210/210/210 136/136/136
f 215/215/215 136/136/136 128/128/128
f 216/216/216 214/214/214 131/131/131
f 216/216/216 131/131/131 125/125/125
f 217/217/217 215/215/215 128/128/128
f 217/217/217 128/128/128 122/122/122
f 218/218/218 216/216/216 125/125/125
f 218/218/218 125/125/125 116/116/116
f 201/201/201 217/217/217 122/122/122
f 201/201/201 122/122/122 121/121/121
f 203/203/203 218/218/218 116/116/116
f 203/203/203 116/116/116 115/115/115
f 219/219/219 220/220/220 200/200/200
f 219/219/219 200/200/200 172/172/172
f 221/221/221 222/222/222 198/198/198
f 221/221/221 198/198/198 167/167/167
f 220/220/220 223/223/223 196/196/196
f 220/220/220 196/196/196 200/200/200
f 222/222/222 224/224/224 194/194/194
f 222/222/222 194/194/194 198/198/198
f 223/223/223 225/225/225 188/188/188
f 223/223/223 188/188/188 196/196/196
f 224/224/224 226/226/226 184/184/184
f 224/224/224 184/184/184 194/194/194
f 228/228/228 230/230/230 181/181/181
f 228/228/228 181/181/181 189/189/189
f 225/225/225 229/229/229 192/192/192
f 225/225/225 192/192/192 188/188/188
f 227/227/227 231/231/231 179/179/179
f 227/227/227 179/179/179 185/185/185
f 230/230/230 232/232/232 177/177/177
f 230/230/230 177/177/177 181/181/181
f 231/231/231 233/233/233 175/175/175
f 231/231/231 175/175/175 179/179/179
f 232/232/232 234/234/234 173/173/173
f 232/232/232 173/173/173 177/177/177
f 233/233/233 235/235/235 170/170/170
f 233/233/233 170/170/170 175/175/175
f 234/234/234 236/236/236 165/165/165
f 234/234/234 165/165/165 173/173/173
f 235/235/235 219/219/219 172/172/172
f 235/235/235 172/172/172 170/170/170
f 236/236/236 221/221/221 167/167/167
f 236/236/236 167/167/167 165/165/165
f 114/114/114 113/113/113 254/254/254
f 114/114/114 254/254/254 237/237/237
f 120/120/120 119/119/119 244/244/244
f 120/120/120 244/244/244 245/245/245
f 113/113/113 124/124/124 247/247/247
f 113/113/113 247/247/247 254/254/254
f 119/119/119 127/127/127 243/243/243
f 119/119/119 243/243/243 244/244/244
f 124/124/124 130/130/130 241/241/241
f 124/124/124 241/241/241 247/247/247
f 127/127/127 134/134/134 252/252/252
f 127/127/127 252/252/252 243/243/243
f 142/142/142 141/141/141 251/251/251
f 142/142/142 251/251/251 239/239/239
f 130/130/130 143/143/143 240/240/240
f 130/130/130 240/240/240 241/241/241
f 135/135/135 148/148/148 238/238/238
f 135/135/135 238/238/238 253/253/253
f 141/141/141 151/151/151 250/250/250
f 141/141/141 250/250/250 251/251/251
f 148/148/148 154/154/154 246/246/246
f 148/148/148 246/246/246 238/238/238
f 151/151/151 157/157/157 242/242/242
f 151/151/151 242/242/242 250/250/250
f 154/154/154 160/160/160 248/248/248
f 154/154/154 248/248/248 246/246/246
f 157/157/157 163/163/163 249/249/249
f 157/157/157 249/249/249 242/242/242
f 160/160/160 114/114/114 237/237/237
f 160/160/160 237/237/237 248/248/248
f 163/163/163 120/120/120 245/245/245
f 163/163/163 245/245/245 249/249/249
f 255/255/255 256/256/256 257/257/257
f 255/255/255 257/257/257 258/258/258
f 259/259/259 260/260/260 261/261/261
f 259/259/259 261/261/261 262/262/262
f 256/256/256 263/263/263 264/264/264
f 256/256/256 264/264/264 257/257/257
f 260/260/260 265/265/265 266/266/266
f 260/260/260 266/266/266 261/261/261
f 263/263/263 267/267/267 268/268/268
f 263/263/263 268/268/268 264/264/264
f 265/265/265 269/269/269 271/271/271
f 265/265/265 271/271/271 266/266/266
f 273/273/273 275/275/275 276/276/276
f 273/273/273 276/276/276 277/277/277
f 267/267/267 274/274/274 278/278/278
f 267/267/267 278/278/278 268/268/268
f 270/270/270 279/279/279 280/280/280
f 270/270/270 280/280/280 272/272/272
f 275/275/275 281/281/281 282/282/282
f 275/275/275 282/282/282 276/276/276
f 279/279/279 283/283/283 284/284/284
f 279/279/279 284/284/284 280/280/280
f 281/281/281 285/285/285 286/286/286
f 281/281/281 286/286/286 282/282/282
f 283/283/283 287/287/287 288/288/288
f 283/283/283 288/288/288 284/284/284
f 285/285/285 289/289/289 290/290/290
f 285/285/285 290/290/290 286/286/286
f 287/287/287 255/255/255 258/258/258
f 287/287/287 258/258/258 288/288/288
f 289/289/289 259/259/259 262/262/262
f 289/289/289 262/262/262 290/290/290
f 291/291/291 292/292/292 259/259/259
f 291/291/291 259/259/259 289/289/289
f 293/293/293 294/294/294 255/255/255
f 293/293/293 255/255/255 287/287/287
f 295/295/295 291/291/291 289/289/289
f 295/295/295 289/289/289 285/285/285
f 296/296/296 293/293/293 287/287/287
f 296/296/296 287/287/287 283/283/283
f 297/297/297 295/295/295 285/285/285
f 297/297/297 285/285/285 281/281/281
f 298/298/298 296/296/296 283/283/283
f 298/298/298 283/283/283 279/279/279
f 299/299/299 297/297/297 281/281/281
f 299/299/299 281/281/281 275/275/275
f 301/301/301 298/298/298 279/279/279
f 301/301/301 279/279/279 270/270/270
f 302/302/302 304/304/304 274/274/274
f 302/302/302 274/274/274 267/267/267
f 303/303/303 299/299/299 275/275/275
f 303/303/303 275/275/275 273/273/273
f 305/305/305 300/300/300 269/269/269
f 305/305/305 269/269/269 265/265/265
f 306/306/306 302/302/302 267/267/267
f 306/306/306 267/267/267 263/263/263
f 307/307/307 305/305/305 265/265/265
f 307/307/307 265/265/265 260/260/260
f 308/308/308 306/306/306 263/263/263
f 308/308/308 263/263/263 256/256/256
f 292/292/292 307/307/307 260/260/260
f 292/292/292 260/260/260 259/259/259
f 294/294/294 308/308/308 256/256/256
f 294/294/294 256/256/256 255/255/255
f 309/309/309 310/310/310 308/308/308
f 309/309/309 308/308/308 294/294/294
f 311/311/311 312/312/312 307/307/307
f 311/311/311 307/307/307 292/292/292
f 310/310/310 313/313/313 306/306/306
f 310/310/310 306/306/306 308/308/308
f 312/312/312 314/314/314 305/305/305
f 312/312/312 305/305/305 307/307/307
f 313/313/313 315/315/315 302/302/302
f 313/313/313 302/302/302 306/306/306
f 314/314/314 316/316/316 300/300/300
f 314/314/314 300/300/300 305/305/305
f 318/318/318 320/320/320 299/299/299
f 318/318/318 299/299/299 303/303/303
f 315/315/315 319/319/319 304/304/304
f 315/315/315 304/304/304 302/302/302
f 317/317/317 321/321/321 298/298/298
f 317/317/317 298/298/298 301/301/301
f 320/320/320 322/322/322 297/297/297
f 320/320/320 297/297/297 299/299/299
f 321/321/321 323/323/323 296/296/296
f 321/321/321 296/296/296 298/298/298
f 322/322/322 324/324/324 295/295/295
f 322/322/322 295/295/295 297/297/297
f 323/323/323 325/325/325 293/293/293
f 323/323/323 293/293/293 296/296/296
f 324/324/324 326/326/326 291/291/291
f 324/324/324 291/291/291 295/295/295
f 325/325/325 309/309/309 294/294/294
f 325/325/325 294/294/294 293/293/293
f 326/326/326 311/311/311 292/292/292
f 326/326/326 292/292/292 291/291/291
f 258/258/258 257/257/257 344/344/344
f 258/258/258 344/344/344 327/327/327
f 262/262/262 261/261/261 334/334/334
f 262/262/262 334/334/334 335/335/335
f 257/257/257 264/264/264 337/337/337
f 257/257/257 337/337/337 344/344/344
f 261/261/261 266/266/266 333/333/333
f 261/261/261 333/333/333 334/334/334
f 264/264/264 268/268/268 331/331/331
f 264/264/264 331/331/331 337/337/337
f 266/266/266 271/271/271 342/342/342
f 266/266/266 342/342/342 333/333/333
f 277/277/277 276/276/276 341/341/341
f 277/277/277 341/341/341 329/329/329
f 268/268/268 278/278/278 330/330/330
f 268/268/268 330/330/330 331/331/331
f 272/272/272 280/280/280 328/328/328
f 272/272/272 328/328/328 343/343/343
f 276/276/276 282/282/282 340/340/340
f 276/276/276 340/340/340 341/341/341
f 280/280/280 284/284/284 336/336/336
f 280/280/280 336/336/336 328/328/328
f 282/282/282 286/286/286 332/332/332
f 282/282/282 332/332/332 340/340/340
f 284/284/284 288/288/288 338/338/338
f 284/284/284 338/338/338 336/336/336
f 286/286/286 290/290/290 339/339/339
f 286/286/286 339/339/339 332/332/332
f 288/288/288 258/258/258 327/327/327
f 288/288/288 327/327/327 338/338/338
f 290/290/290 262/262/262 335/335/335
f 290/290/290 335/335/335 339/339/339
f 472/472/472 471/471/471 350/350/350
f 472/472/472 350/350/350 351/351/351
f 469/469/469 468/468/468 347/347/347
f 469/469/469 347/347/347 348/348/348
f 473/473/473 472/472/472 351/351/351
f 473/473/473 351/351/351 352/352/352
f 470/470/470 469/469/469 348/348/348
f 470/470/470 348/348/348 349/349/349
f 467/467/467 466/466/466 345/345/345
f 467/467/467 345/345/345 346/346/346
f 474/474/474 473/473/473 352/352/352
f 474/474/474 352/352/352 353/353/353
f 471/471/471 470/470/470 349/349/349
f 471/471/471 349/349/349 350/350/350
f 468/468/468 467/467/467 346/346/346
f 468/468/468 346/346/346 347/347/347
f 351/351/351 350/350/350 359/359/359
f 351/351/351 359/359/359 360/360/360
f 348/348/348 347/347/347 356/356/356
f 348/348/348 356/356/356 357/357/357
f 352/352/352 351/351/351 360/360/360
f 352/352/352 360/360/360 361/361/361
f 349/349/349 348/348/348 357/357/357
f 349/349/349 357/357/357 358/358/358
f 346/346/346 345/345/345 354/354/354
f 346/346/346 354/354/354 355/355/355
f 353/353/353 352/352/352 361/361/361
f 353/353/353 361/361/361 362/362/362
f 350/350/350 349/349/349 358/358/358
f 350/350/350 358/358/358 359/359/359
f 347/347/347 346/346/346 355/355/355
f 347/347/347 355/355/355 356/356/356
f 356/356/356 355/355/355 364/364/364
f 356/356/356 364/364/364 365/365/365
f 360/360/360 359/359/359 368/368/368
f 360/360/360 368/368/368 369/369/369
f 357/357/357 356/356/356 365/365/365
f 357/357/357 365/365/365 366/366/366
f 361/361/361 360/360/360 369/369/369
f 361/361/361 369/369/369 370/370/370
f 358/358/358 357/357/357 366/366/366
f 358/358/358 366/366/366 367/367/367
f 355/355/355 354/354/354 363/363/363
f 355/355/355 363/363/363 364/364/364
f 362/362/362 361/361/361 370/370/370
f 362/362/362 370/370/370 371/371/371
f 359/359/359 358/358/358 367/367/367
f 359/359/359 367/367/367 368/368/368
f 368/368/368 367/367/367 376/376/376
f 368/368/368 376/376/376 377/377/377
f 365/365/365 364/364/364 373/373/373
f 365/365/365 373/373/373 374/374/374
f 369/369/369 368/368/368 377/377/377
f 369/369/369 377/377/377 378/378/378
f 366/366/366 365/365/365 374/374/374
f 366/366/366 374/374/374 375/375/375
f 370/370/370 369/369/369 378/378/378
f 370/370/370 378/378/378 379/379/379
f 367/367/367 366/366/366 375/375/375
f 367/367/367 375/375/375 376/376/376
f 364/364/364 363/363/363 372/372/372
f 364/364/364 372/372/372 373/373/373
f 371/371/371 370/370/370 379/379/379
f 371/371/371 379/379/379 380/380/380
f 373/373/373 372/372/372 381/381/381
f 373/373/373 381/381/381 382/382/382
f 380/380/380 379/379/379 388/388/388
f 380/380/380 388/388/388 389/389/389
f 377/377/377 376/376/376 385/385/385
f 377/377/377 385/385/385 386/386/386
f 374/374/374 373/373/373 382/382/382
f 374/374/374 382/382/382 383/383/383
f 378/378/378 377/377/377 386/386/386
f 378/378/378 386/386/386 387/387/387
f 375/375/375 374/374/374 383/383/383
f 375/375/375 383/383/383 384/384/384
f 379/379/379 378/378/378 387/387/387
f 379/379/379 387/387/387 388/388/388
f 376/376/376 375/375/375 384/384/384
f 376/376/376 384/384/384 385/385/385
f 388/388/388 387/387/387 396/396/396
f 388/388/388 396/396/396 397/397/397
f 385/385/385 384/384/384 393/393/393
f 385/385/385 393/393/393 394/394/394
f 382/382/382 381/381/381 390/390/390
f 382/382/382 390/390/390 391/391/391
f 389/389/389 388/388/388 397/397/397
f 389/389/389 397/397/397 398/398/398
f 386/386/386 385/385/385 394/394/394
f 386/386/386 394/394/394 395/395/395
f 383/383/383 382/382/382 391/391/391
f 383/383/383 391/391/391 392/392/392
f 387/387/387 386/386/386 395/395/395
f 387/387/387 395/395/395 396/396/396
f 384/384/384 383/383/383 392/392/392
f 384/384/384 392/392/392 393/393/393
f 393/393/393 392/392/392 401/401/401
f 393/393/393 401/401/401 402/402/402
f 397/397/397 396/396/396 405/405/405
f 397/397/397 405/405/405 406/406/406
f 394/394/394 393/393/393 402/402/402
f 394/394/394 402/402/402 403/403/403
f 391/391/391 390/390/390 399/399/399
f 391/391/391 399/399/399 400/400/400
f 398/398/398 397/397/397 406/406/406
f 398/398/398 406/406/406 407/407/407
f 395/395/395 394/394/394 403/403/403
f 395/395/395 403/403/403 404/404/404
f 392/392/392 391/391/391 400/400/400
f 392/392/392 400/400/400 401/401/401
f 396/396/396 395/395/395 404/404/404
f 396/396/396 404/404/404 405/405/405
f 405/405/405 404/404/404 441/441/441
f 405/405/405 441/441/441 443/443/443
f 402/402/402 401/401/401 435/435/435
f 402/402/402 435/435/435 437/437/437
f 406/406/406 405/405/405 443/443/443
f 406/406/406 443/443/443 445/445/445
f 403/403/403 402/402/402 437/437/437
f 403/403/403 437/437/437 438/438/438
f 400/400/400 399/399/399 431/431/431
f 400/400/400 431/431/431 433/433/433
f 407/407/407 406/406/406 445/445/445
f 407/407/407 445/445/445 447/447/447
f 404/404/404 403/403/403 438/438/438
f 404/404/404 438/438/438 441/441/441
f 401/401/401 400/400/400 433/433/433
f 401/401/401 433/433/433 435/435/435
f 434/434/434 432/432/432 449/449/449
f 434/434/434 449/449/449 450/450/450
f 442/442/442 440/440/440 453/453/453
f 442/442/442 453/453/453 454/454/454
f 436/436/436 434/434/434 450/450/450
f 436/436/436 450/450/450 451/451/451
f 444/444/444 442/442/442 454/454/454
f 444/444/444 454/454/454 455/455/455
f 439/439/439 436/436/436 451/451/451
f 439/439/439 451/451/451 452/452/452
f 432/432/432 430/430/430 448/448/448
f 432/432/432 448/448/448 449/449/449
f 446/446/446 444/444/444 455/455/455
f 446/446/446 455/455/455 456/456/456
f 440/440/440 439/439/439 452/452/452
f 440/440/440 452/452/452 453/453/453
f 456/456/456 455/455/455 464/464/464
f 456/456/456 464/464/464 465/465/465
f 453/453/453 452/452/452 461/461/461
f 453/453/453 461/461/461 462/462/462
f 450/450/450 449/449/449 458/458/458
f 450/450/450 458/458/458 459/459/459
f 454/454/454 453/453/453 462/462/462
f 454/454/454 462/462/462 463/463/463
f 451/451/451 450/450/450 459/459/459
f 451/451/451 459/459/459 460/460/460
f 455/455/455 454/454/454 463/463/463
f 455/455/455 463/463/463 464/464/464
f 452/452/452 451/451/451 460/460/460
f 452/452/452 460/460/460 461/461/461
f 449/449/449 448/448/448 457/457/457
f 449/449/449 457/457/457 458/458/458
f 461/461/461 460/460/460 469/469/469
f 461/461/461 469/469/469 470/470/470
f 458/458/458 457/457/457 466/466/466
f 458/458/458 466/466/466 467/467/467
f 465/465/465 464/464/464 473/473/473
f 465/465/465 473/473/473 474/474/474
f 462/462/462 461/461/461 470/470/470
f 462/462/462 470/470/470 471/471/471
f 459/459/459 458/458/458 467/467/467
f 459/459/459 467/467/467 468/468/468
f 463/463/463 462/462/462 471/471/471
f 463/463/463 471/471/471 472/472/472
f 460/460/460 459/459/459 468/468/468
f 460/460/460 468/468/468 469/469/469
f 464/464/464 463/463/463 472/472/472
f 464/464/464 472/472/472 473/473/473
f 602/602/602 601/601/601 480/480/480
f 602/602/602 480/480/480 481/481/481
f 599/599/599 598/598/598 477/477/477
f 599/599/599 477/477/477 478/478/478
f 603/603/603 602/602/602 481/481/481
f 603/603/603 481/481/481 482/482/482
f 600/600/600 599/599/599 478/478/478
f 600/600/600 478/478/478 479/479/479
f 597/597/597 596/596/596 475/475/475
f 597/597/597 475/475/475 476/476/476
f 604/604/604 603/603/603 482/482/482
f 604/604/604 482/482/482 483/483/483
f 601/601/601 600/600/600 479/479/479
f 601/601/601 479/479/479 480/480/480
f 598/598/598 597/597/597 476/476/476
f 598/598/598 476/476/476 477/477/477
f 481/481/481 480/480/480 489/489/489
f 481/481/481 489/489/489 490/490/490
f 478/478/478 477/477/477 486/486/486
f 478/478/478 486/486/486 487/487/487
f 482/482/482 481/481/481 490/490/490
f 482/482/482 490/490/490 491/491/491
f 479/479/479 478/478/478 487/487/487
f 479/479/479 487/487/487 488/488/488
f 476/476/476 475/475/475 484/484/484
f 476/476/476 484/484/484 485/485/485
f 483/483/483 482/482/482 491/491/491
f 483/483/483 491/491/491 492/492/492
f 480/480/480 479/479/479 488/488/488
f 480/480/480 488/488/488 489/489/489
f 477/477/477 476/476/476 485/485/485
f 477/477/477 485/485/485 486/486/486
f 486/486/486 485/485/485 494/494/494
f 486/486/486 494/494/494 495/495/495
f 490/490/490 489/489/489 498/498/498
f 490/490/490 498/498/498 499/499/499
f 487/487/487 486/486/486 495/495/495
f 487/487/487 495/495/495 496/496/496
f 491/491/491 490/490/490 499/499/499
f 491/491/491 499/499/499 500/500/500
f 488/488/488 487/487/487 496/496/496
f 488/488/488 496/496/496 497/497/497
f 485/485/485 484/484/484 493/493/493
f 485/485/485 493/493/493 494/494/494
f 492/492/492 491/491/491 500/500/500
f 492/492/492 500/500/500 501/501/501
f 489/489/489 488/488/488 497/497/497
f 489/489/489 497/497/497 498/498/498
f 498/498/498 497/497/497 506/506/506
f 498/498/498 506/506/506 507/507/507
f 495/495/495 494/494/494 503/503/503
f 495/495/495 503/503/503 504/504/504
f 499/499/499 498/498/498 507/507/507
f 499/499/499 507/507/507 508/508/508
f 496/496/496 495/495/495 504/504/504
f 496/496/496 504/504/504 505/505/505
f 500/500/500 499/499/499 508/508/508
f 500/500/500 508/508/508 509/509/509
f 497/497/497 496/496/496 505/505/505
f 497/497/497 505/505/505 506/506/506
f 494/494/494 493/493/493 502/502/502
f 494/494/494 502/502/502 503/503/503
f 501/501/501 500/500/500 509/509/509
f 501/501/501 509/509/509 510/510/510
f 503/503/503 502/502/502 511/511/511
f 503/503/503 511/511/511 512/512/512
f 510/510/510 509/509/509 518/518/518
f 510/510/510 518/518/518 519/519/519
f 507/507/507 506/506/506 515/515/515
f 507/507/507 515/515/515 516/516/516
f 504/504/504 503/503/503 512/512/512
f 504/504/504 512/512/512 513/513/513
f 508/508/508 507/507/507 516/516/516
f 508/508/508 516/516/516 517/517/517
f 505/505/505 504/504/504 513/513/513
f 505/505/505 513/513/513 514/514/514
f 509/509/509 508/508/508 517/517/517
f 509/509/509 517/517/517 518/518/518
f 506/506/506 505/505/505 514/514/514
f 506/506/506 514/514/514 515/515/515
f 518/518/518 517/517/517 526/526/526
f 518/518/518 526/526/526 527/527/527
f 515/515/515 514/514/514 523/523/523
f 515/515/515 523/523/523 524/524/524
f 512/512/512 511/511/511 520/520/520
f 512/512/512 520/520/520 521/521/521
f 519/519/519 518/518/518 527/527/527
f 519/519/519 527/527/527 528/528/528
f 516/516/516 515/515/515 524/524/524
f 516/516/516 524/524/524 525/525/525
f 513/513/513 512/512/512 521/521/521
f 513/513/513 521/521/521 522/522/522
f 517/517/517 516/516/516 525/525/525
f 517/517/517 525/525/525 526/526/526
f 514/514/514 513/513/513 522/522/522
f 514/514/514 522/522/522 523/523/523
f 523/523/523 522/522/522 531/531/531
f 523/523/523 531/531/531 532/532/532
f 527/527/527 526/526/526 535/535/535
f 527/527/527 535/535/535 536/536/536
f 524/524/524 523/523/523 532/532/532
f 524/524/524 532/532/532 533/533/533
f 521/521/521 520/520/520 529/529/529
f 521/521/521 529/529/529 530/530/530
f 528/528/528 527/527/527 536/536/536
f 528/528/528 536/536/536 537/537/537
f 525/525/525 524/524/524 533/533/533
f 525/525/525 533/533/533 534/534/534
f 522/522/522 521/521/521 530/530/530
f 522/522/522 530/530/530 531/531/531
f 526/526/526 525/525/525 534/534/534
f 526/526/526 534/534/534 535/535/535
f 535/535/535 534/534/534 571/571/571
f 535/535/535 571/571/571 573/573/573
f 532/532/532 531/531/531 565/565/565
f 532/532/532 565/565/565 567/567/567
f 536/536/536 535/535/535 573/573/573
f 536/536/536 573/573/573 575/575/575
f 533/533/533 532/532/532 567/567/567
f 533/533/533 567/567/567 569/569/569
f 530/530/530 529/529/529 561/561/561
f 530/530/530 561/561/561 563/563/563
f 537/537/537 536/536/536 575/575/575
f 537/537/537 575/575/575 577/577/577
f 534/534/534 533/533/533 569/569/569
f 534/534/534 569/569/569 571/571/571
f 531/531/531 530/530/530 563/563/563
f 531/531/531 563/563/563 565/565/565
f 564/564/564 562/562/562 579/579/579
f 564/564/564 579/579/579 580/580/580
f 572/572/572 570/570/570 583/583/583
f 572/572/572 583/583/583 584/584/584
f 566/566/566 564/564/564 580/580/580
f 566/566/566 580/580/580 581/581/581
f 574/574/574 572/572/572 584/584/584
f 574/574/574 584/584/584 585/585/585
f 568/568/568 566/566/566 581/581/581
f 568/568/568 581/581/581 582/582/582
f 562/562/562 560/560/560 578/578/578
f 562/562/562 578/578/578 579/579/579
f 576/576/576 574/574/574 585/585/585
f 576/576/576 585/585/585 586/586/586
f 570/570/570 568/568/568 582/582/582
f 570/570/570 582/582/582 583/583/583
f 586/586/586 585/585/585 594/594/594
f 586/586/586 594/594/594 595/595/595
f 583/583/583 582/582/582 591/591/591
f 583/583/583 591/591/591 592/592/592
f 580/580/580 579/579/579 588/588/588
f 580/580/580 588/588/588 589/589/589
f 584/584/584 583/583/583 592/592/592
f 584/584/584 592/592/592 593/593/593
f 581/581/581 580/580/580 589/589/589
f 581/581/581 589/589/589 590/590/590
f 585/585/585 584/584/584 593/593/593
f 585/585/585 593/593/593 594/594/594
f 582/582/582 581/581/581 590/590/590
f 582/582/582 590/590/590 591/591/591
f 579/579/579 578/578/578 587/587/587
f 579/579/579 587/587/587 588/588/588
f 591/591/591 590/590/590 599/599/599
f 591/591/591 599/599/599 600/600/600
f 588/588/588 587/587/587 596/596/596
f 588/588/588 596/596/596 597/597/597
f 595/595/595 594/594/594 603/603/603
f 595/595/595 603/603/603 604/604/604
f 592/592/592 591/591/591 600/600/600
f 592/592/592 600/600/600 601/601/601
f 589/589/589 588/588/588 597/597/597
f 589/589/589 597/597/597 598/598/598
f 593/593/593 592/592/592 601/601/601
f 593/593/593 601/601/601 602/602/602
f 590/590/590 589/589/589 598/598/598
f 590/590/590 598/598/598 599/599/599
f 594/594/594 593/593/593 602/602/602
f 594/594/594 602/602/602 603/603/603
f 732/732/732 731/731/731 610/610/610
f 732/732/732 610/610/610 611/611/611
f 729/729/729 728/728/728 607/607/607
f 729/729/729 607/607/607 608/608/608
f 733/733/733 732/732/732 611/611/611
f 733/733/733 611/611/611 612/612/612
f 730/730/730 729/729/729 608/608/608
f 730/730/730 608/608/608 609/609/609
f 727/727/727 726/726/726 605/605/605
f 727/727/727 605/605/605 606/606/606
f 734/734/734 733/733/733 612/612/612
f 734/734/734 612/612/612 613/613/613
f 731/731/731 730/730/730 609/609/609
f 731/731/731 609/609/609 610/610/610
f 728/728/728 727/727/727 606/606/606
f 728/728/728 606/606/606 607/607/607
f 611/611/611 610/610/610 619/619/619
f 611/611/611 619/619/619 620/620/620
f 608/608/608 607/607/607 616/616/616
f 608/608/608 616/616/616 617/617/617
f 612/612/612 611/611/611 620/620/620
f 612/612/612 620/620/620 621/621/621
f 609/609/609 608/608/608 617/617/617
f 609/609/609 617/617/617 618/618/618
f 606/606/606 605/605/605 614/614/614
f 606/606/606 614/614/614 615/615/615
f 613/613/613 612/612/612 621/621/621
f 613/613/613 621/621/621 622/622/622
f 610/610/610 609/609/609 618/618/618
f 610/610/610 618/618/618 619/619/619
f 607/607/607 606/606/606 615/615/615
f 607/607/607 615/615/615 616/616/616
f 616/616/616 615/615/615 624/624/624
f 616/616/616 624/624/624 625/625/625
f 620/620/620 619/619/619 628/628/628
f 620/620/620 628/628/628 629/629/629
f 617/617/617 616/616/616 625/625/625
f 617/617/617 625/625/625 626/626/626
f 621/621/621 620/620/620 629/629/629
f 621/621/621 629/629/629 630/630/630
f 618/618/618 617/617/617 626/626/626
f 618/618/618 626/626/626 627/627/627
f 615/615/615 614/614/614 623/623/623
f 615/615/615 623/623/623 624/624/624
f 622/622/622 621/621/621 630/630/630
f 622/622/622 630/630/630 631/631/631
f 619/619/619 618/618/618 627/627/627
f 619/619/619 627/627/627 628/628/628
f 628/628/628 627/627/627 636/636/636
f 628/628/628 636/636/636 637/637/637
f 625/625/625 624/624/624 633/633/633
f 625/625/625 633/633/633 634/634/634
f 629/629/629 628/628/628 637/637/637
f 629/629/629 637/637/637 638/638/638
f 626/626/626 625/625/625 634/634/634
f 626/626/626 634/634/634 635/635/635
f 630/630/630 629/629/629 638/638/638
f 630/630/630 638/638/638 639/639/639
f 627/627/627 626/626/626 635/635/635
f 627/627/627 635/635/635 636/636/636
f 624/624/624 623/623/623 632/632/632
f 624/624/624 632/632/632 633/633/633
f 631/631/631 630/630/630 639/639/639
f 631/631/631 639/639/639 640/640/640
f 633/633/633 632/632/632 641/641/641
f 633/633/633 641/641/641 642/642/642
f 640/640/640 639/639/639 648/648/648
f 640/640/640 648/648/648 649/649/649
f 637/637/637 636/636/636 645/645/645
f 637/637/637 645/645/645 646/646/646
f 634/634/634 633/633/633 642/642/642
f 634/634/634 642/642/642 643/643/643
f 638/638/638 637/637/637 646/646/646
f 638/638/638 646/646/646 647/647/647
f 635/635/635 634/634/634 643/643/643
f 635/635/635 643/643/643 644/644/644
f 639/639/639 638/638/638 647/647/647
f 639/639/639 647/647/647 648/648/648
f 636/636/636 635/635/635 644/644/644
f 636/636/636 644/644/644 645/645/645
f 648/648/648 647/647/647 656/656/656
f 648/648/648 656/656/656 657/657/657
f 645/645/645 644/644/644 653/653/653
f 645/645/645 653/653/653 654/654/654
f 642/642/642 641/641/641 650/650/650
f 642/642/642 650/650/650 651/651/651
f 649/649/649 648/648/648 657/657/657
f 649/649/649 657/657/657 658/658/658
f 646/646/646 645/645/645 654/654/654
f 646/646/646 654/654/654 655/655/655
f 643/643/643 642/642/642 651/651/651
f 643/643/643 651/651/651 652/652/652
f 647/647/647 646/646/646 655/655/655
f 647/647/647 655/655/655 656/656/656
f 644/644/644 643/643/643 652/652/652
f 644/644/644 652/652/652 653/653/653
f 653/653/653 652/652/652 661/661/661
f 653/653/653 661/661/661 662/662/662
f 657/657/657 656/656/656 665/665/665
f 657/657/657 665/665/665 666/666/666
f 654/654/654 653/653/653 662/662/662
f 654/654/654 662/662/662 663/663/663
f 651/651/651 650/650/650 659/659/659
f 651/651/651 659/659/659 660/660/660
f 658/658/658 657/657/657 666/666/666
f 658/658/658 666/666/666 667/667/667
f 655/655/655 654/654/654 663/663/663
f 655/655/655 663/663/663 664/664/664
f 652/652/652 651/651/651 660/660/660
f 652/652/652 660/660/660 661/661/661
f 656/656/656 655/655/655 664/664/664
f 656/656/656 664/664/664 665/665/665
f 665/665/665 664/664/664 701/701/701
f 665/665/665 701/701/701 703/703/703
f 662/662/662 661/661/661 695/695/695
f 662/662/662 695/695/695 697/697/697
f 666/666/666 665/665/665 703/703/703
f 666/666/666 703/703/703 705/705/705
f 663/663/663 662/662/662 697/697/697
f 663/663/663 697/697/697 698/698/698
f 660/660/660 659/659/659 691/691/691
f 660/660/660 691/691/691 693/693/693
f 667/667/667 666/666/666 705/705/705
f 667/667/667 705/705/705 707/707/707
f 664/664/664 663/663/663 698/698/698
f 664/664/664 698/698/698 701/701/701
f 661/661/661 660/660/660 693/693/693
f 661/661/661 693/693/693 695/695/695
f 694/694/694 692/692/692 709/709/709
f 694/694/694 709/709/709 710/710/710
f 702/702/702 700/700/700 713/713/713
f 702/702/702 713/713/713 714/714/714
f 696/696/696 694/694/694 710/710/710
f 696/696/696 710/710/710 711/711/711
f 704/704/704 702/702/702 714/714/714
f 704/704/704 714/714/714 715/715/715
f 699/699/699 696/696/696 711/711/711
f 699/699/699 711/711/711 712/712/712
f 692/692/692 690/690/690 708/708/708
f 692/692/692 708/708/708 709/709/709
f 706/706/706 704/704/704 715/715/715
f 706/706/706 715/715/715 716/716/716
f 700/700/700 699/699/699 712/712/712
f 700/700/700 712/712/712 713/713/713
f 716/716/716 715/715/715 724/724/724
f 716/716/716 724/724/724 725/725/725
f 713/713/713 712/712/712 721/721/721
f 713/713/713 721/721/721 722/722/722
f 710/710/710 709/709/709 718/718/718
f 710/710/710 718/718/718 719/719/719
f 714/714/714 713/713/713 722/722/722
f 714/714/714 722/722/722 723/723/723
f 711/711/711 710/710/710 719/719/719
f 711/711/711 719/719/719 720/720/720
f 715/715/715 714/714/714 723/723/723
f 715/715/715 723/723/723 724/724/724
f 712/712/712 711/711/711 720/720/720
f 712/712/712 720/720/720 721/721/721
f 709/709/709 708/708/708 717/717/717
f 709/709/709 717/717/717 718/718/718
f 721/721/721 720/720/720 729/729/729
f 721/721/721 729/729/729 730/730/730
f 718/718/718 717/717/717 726/726/726
f 718/718/718 726/726/726 727/727/727
f 725/725/725 724/724/724 733/733/733
f 725/725/725 733/733/733 734/734/734
f 722/722/722 721/721/721 730/730/730
f 722/722/722 730/730/730 731/731/731
f 719/719/719 718/718/718 727/727/727
f 719/719/719 727/727/727 728/728/728
f 723/723/723 722/722/722 731/731/731
f 723/723/723 731/731/731 732/732/732
f 720/720/720 719/719/719 728/728/728
f 720/720/720 728/728/728 729/729/729
f 724/724/724 723/723/723 732/732/732
f 724/724/724 732/732/732 733/733/733
f 862/862/862 861/861/861 740/740/740
f 862/862/862 740/740/740 741/741/741
f 859/859/859 858/858/858 737/737/737
f 859/859/859 737/737/737 738/738/738
f 863/863/863 862/862/862 741/741/741
f 863/863/863 741/741/741 742/742/742
f 860/860/860 859/859/859 738/738/738
f 860/860/860 738/738/738 739/739/739
f 857/857/857 856/856/856 735/735/735
f 857/857/857 735/735/735 736/736/736
f 864/864/864 863/863/863 742/742/742
f 864/864/864 742/742/742 743/743/743
f 861/861/861 860/860/860 739/739/739
f 861/861/861 739/739/739 740/740/740
f 858/858/858 857/857/857 736/736/736
f 858/858/858 736/736/736 737/737/737
f 741/741/741 740/740/740 749/749/749
f 741/741/741 749/749/749 750/750/750
f 738/738/738 737/737/737 746/746/746
f 738/738/738 746/746/746 747/747/747
f 742/742/742 741/741/741 750/750/750
f 742/742/742 750/750/750 751/751/751
f 739/739/739 738/738/738 747/747/747
f 739/739/739 747/747/747 748/748/748
f 736/736/736 735/735/735 744/744/744
f 736/736/736 744/744/744 745/745/745
f 743/743/743 742/742/742 751/751/751
f 743/743/743 751/751/751 752/752/752
f 740/740/740 739/739/739 748/748/748
f 740/740/740 748/748/748 749/749/749
f 737/737/737 736/736/736 745/745/745
f 737/737/737 745/745/745 746/746/746
f 746/746/746 745/745/745 754/754/754
f 746/746/746 754/754/754 755/755/755
f 750/750/750 749/749/749 758/758/758
f 750/750/750 758/758/758 759/759/759
f 747/747/747 746/746/746 755/755/755
f 747/747/747 755/755/755 756/756/756
f 751/751/751 750/750/750 759/759/759
f 751/751/751 759/759/759 760/760/760
f 748/748/748 747/747/747 756/756/756
f 748/748/748 756/756/756 757/757/757
f 745/745/745 744/744/744 753/753/753
f 745/745/745 753/753/753 754/754/754
f 752/752/752 751/751/751 760/760/760
f 752/752/752 760/760/760 761/761/761
f 749/749/749 748/748/748 757/757/757
f 749/749/749 757/757/757 758/758/758
f 758/758/758 757/757/757 766/766/766
f 758/758/758 766/766/766 767/767/767
f 755/755/755 754/754/754 763/763/763
f 755/755/755 763/763/763 764/764/764
f 759/759/759 758/758/758 767/767/767
f 759/759/759 767/767/767 768/768/768
f 756/756/756 755/755/755 764/764/764
f 756/756/756 764/764/764 765/765/765
f 760/760/760 759/759/759 768/768/768
f 760/760/760 768/768/768 769/769/769
f 757/757/757 756/756/756 765/765/765
f 757/757/757 765/765/765 766/766/766
f 754/754/754 753/753/753 762/762/762
f 754/754/754 762/762/762 763/763/763
f 761/761/761 760/760/760 769/769/769
f 761/761/761 769/769/769 770/770/770
f 763/763/763 762/762/762 771/771/771
f 763/763/763 771/771/771 772/772/772
f 770/770/770 769/769/769 778/778/778
f 770/770/770 778/778/778 779/779/779
f 767/767/767 766/766/766 775/775/775
f 767/767/767 775/775/775 776/776/776
f 764/764/764 763/763/763 772/772/772
f 764/764/764 772/772/772 773/773/773
f 768/768/768 767/767/767 776/776/776
f 768/768/768 776/776/776 777/777/777
f 765/765/765 764/764/764 773/773/773
f 765/765/765 773/773/773 774/774/774
f 769/769/769 768/768/768 777/777/777
f 769/769/769 777/777/777 778/778/778
f 766/766/766 765/765/765 774/774/774
f 766/766/766 774/774/774 775/775/775
f 778/778/778 777/777/777 786/786/786
f 778/778/778 786/786/786 787/787/787
f 775/775/775 774/774/774 783/783/783
f 775/775/775 783/783/783 784/784/784
f 772/772/772 771/771/771 780/780/780
f 772/772/772 780/780/780 781/781/781
f 779/779/779 778/778/778 787/787/787
f 779/779/779 787/787/787 788/788/788
f 776/776/776 775/775/775 784/784/784
f 776/776/776 784/784/784 785/785/785
f 773/773/773 772/772/772 781/781/781
f 773/773/773 781/781/781 782/782/782
f 777/777/777 776/776/776 785/785/785
f 777/777/777 785/785/785 786/786/786
f 774/774/774 773/773/773 782/782/782
f 774/774/774 782/782/782 783/783/783
f 783/783/783 782/782/782 791/791/791
f 783/783/783 791/791/791 792/792/792
f 787/787/787 786/786/786 795/795/795
f 787/787/787 795/795/795 796/796/796
f 784/784/784 783/783/783 792/792/792
f 784/784/784 792/792/792 793/793/793
f 781/781/781 780/780/780 789/789/789
f 781/781/781 789/789/789 790/790/790
f 788/788/788 787/787/787 796/796/796
f 788/788/788 796/796/796 797/797/797
f 785/785/785 784/784/784 793/793/793
f 785/785/785 793/793/793 794/794/794
f 782/782/782 781/781/781 790/790/790
f 782/782/782 790/790/790 791/791/791
f 786/786/786 785/785/785 794/794/794
f 786/786/786 794/794/794 795/795/795
f 795/795/795 794/794/794 831/831/831
f 795/795/795 831/831/831 833/833/833
f 792/792/792 791/791/791 825/825/825
f 792/792/792 825/825/825 827/827/827
f 796/796/796 795/795/795 833/833/833
f 796/796/796 833/833/833 835/835/835
f 793/793/793 792/792/792 827/827/827
f 793/793/793 827/827/827 829/829/829
f 790/790/790 789/789/789 821/821/821
f 790/790/790 821/821/821 823/823/823
f 797/797/797 796/796/796 835/835/835
f 797/797/797 835/835/835 837/837/837
f 794/794/794 793/793/793 829/829/829
f 794/794/794 829/829/829 831/831/831
f 791/791/791 790/790/790 823/823/823
f 791/791/791 823/823/823 825/825/825
f 824/824/824 822/822/822 839/839/839
f 824/824/824 839/839/839 840/840/840
f 832/832/832 830/830/830 843/843/843
f 832/832/832 843/843/843 844/844/844
f 826/826/826 824/824/824 840/840/840
f 826/826/826 840/840/840 841/841/841
f 834/834/834 832/832/832 844/844/844
f 834/834/834 844/844/844 845/845/845
f 828/828/828 826/826/826 841/841/841
f 828/828/828 841/841/841 842/842/842
f 822/822/822 820/820/820 838/838/838
f 822/822/822 838/838/838 839/839/839
f 836/836/836 834/834/834 845/845/845
f 836/836/836 845/845/845 846/846/846
f 830/830/830 828/828/828 842/842/842
f 830/830/830 842/842/842 843/843/843
f 846/846/846 845/845/845 854/854/854
f 846/846/846 854/854/854 855/855/855
f 843/843/843 842/842/842 851/851/851
f 843/843/843 851/851/851 852/852/852
f 840/840/840 839/839/839 848/848/848
f 840/840/840 848/848/848 849/849/849
f 844/844/844 843/843/843 852/852/852
f 844/844/844 852/852/852 853/853/853
f 841/841/841 840/840/840 849/849/849
f 841/841/841 849/849/849 850/850/850
f 845/845/845 844/844/844 853/853/853
f 845/845/845 853/853/853 854/854/854
f 842/842/842 841/841/841 850/850/850
f 842/842/842 850/850/850 851/851/851
f 839/839/839 838/838/838 847/847/847
f 839/839/839 847/847/847 848/848/848
f 851/851/851 850/850/850 859/859/859
f 851/851/851 859/859/859 860/860/860
f 848/848/848 847/847/847 856/856/856
f 848/848/848 856/856/856 857/857/857
f 855/855/855 854/854/854 863/863/863
f 855/855/855 863/863/863 864/864/864
f 852/852/852 851/851/851 860/860/860
f 852/852/852 860/860/860 861/861/861
f 849/849/849 848/848/848 857/857/857
f 849/849/849 857/857/857 858/858/858
f 853/853/853 852/852/852 861/861/861
f 853/853/853 861/861/861 862/862/862
f 850/850/850 849/849/849 858/858/858
f 850/850/850 858/858/858 859/859/859
f 854/854/854 853/853/853 862/862/862
f 854/854/854 862/862/862 863/863/863

