# https://github.com/mikedh/trimesh
mtllib material.mtl
usemtl null.005
v 0.42158300 0.13506000 -1.67575002
v 0.44312000 0.00000000 -1.67575002
v 0.44312000 0.00000000 -1.67575002
v 0.38843399 0.00000000 -1.88025796
v 0.38843399 0.00000000 -1.88025796
v 0.36806300 0.10739600 -1.88016403
v 0.35065001 0.23378900 -1.67575002
v 0.30572301 0.19292399 -1.88013506
v 0.23062900 0.29265901 -1.67575002
v 0.20296700 0.24429999 -1.88015997
v 0.08009700 0.32207701 -1.67575002
v 0.07054900 0.26405400 -1.88004994
v 0.00000000 0.32207701 -1.67575002
v 0.00000000 0.26405400 -1.88004994
v 0.00000000 0.44280499 -1.02595794
v 0.09547500 0.44280601 -1.02595794
v 0.09309800 0.41531399 -1.23025799
v 0.00000000 0.41531399 -1.23025799
v 0.00000000 0.39200500 -1.34163105
v 0.00000000 0.39200500 -1.34163105
v 0.00000000 0.39200500 -1.34163105
v 0.08984800 0.39200500 -1.34163105
v 0.08984800 0.39200500 -1.34163105
v 0.08984800 0.39200500 -1.34163105
v 0.08659700 0.36869600 -1.45300400
v 0.00000000 0.36869600 -1.45300400
v 0.40381300 0.15175200 -0.73137897
v 0.29441801 0.07557000 -0.64715099
v 0.29225099 0.00000000 -0.65246600
v 0.29225099 0.00000000 -0.65246600
v 0.39146701 0.00000000 -0.73583901
v 0.39146701 0.00000000 -0.73583901
v 0.45982000 0.18420100 -0.84776300
v 0.46382999 0.00000000 -0.84776300
v 0.46382999 0.00000000 -0.84776300
v 0.27498001 0.38955101 -1.02584803
v 0.26806599 0.36840200 -1.23025799
v 0.25870699 0.34946600 -1.34163105
v 0.25870699 0.34946600 -1.34163105
v 0.25870699 0.34946600 -1.34163105
v 0.24934800 0.33052999 -1.45300400
v 0.48826501 0.19581801 -1.02584398
v 0.49741799 0.00000000 -1.02575004
v 0.49741799 0.00000000 -1.02575004
v 0.41567701 0.31784001 -1.02587295
v 0.40321699 0.29893199 -1.23025799
v 0.39146701 0.28264701 -1.34163105
v 0.39146701 0.28264701 -1.34163105
v 0.39146701 0.28264701 -1.34163105
v 0.37971601 0.26636100 -1.45300400
v 0.47258800 0.18116800 -1.23025799
v 0.45943201 0.16964100 -1.34163105
v 0.45943201 0.16964100 -1.34163105
v 0.45943201 0.16964100 -1.34163105
v 0.44627601 0.15811400 -1.45300400
v 0.48346299 0.00000000 -1.23025799
v 0.48346299 0.00000000 -1.23025799
v 0.47299200 0.00000000 -1.34163105
v 0.47299200 0.00000000 -1.34163105
v 0.47299200 0.00000000 -1.34163105
v 0.47299200 0.00000000 -1.34163105
v 0.47299200 0.00000000 -1.34163105
v 0.47299200 0.00000000 -1.34163105
v 0.46252099 0.00000000 -1.45300400
v 0.46252099 0.00000000 -1.45300400
v 0.30500701 0.07285400 -1.99082196
v 0.25127599 0.13087299 -1.99079597
v 0.16361800 0.16572399 -1.99081898
v 0.05682800 0.17912400 -1.99072003
v 0.00000000 0.17912400 -1.99072003
v 0.32351401 0.00000000 -1.99090600
v 0.32351401 0.00000000 -1.99090600
v 0.21940900 0.08759500 -0.61951399
v 0.14164400 0.11615400 -0.61348701
v 0.13765700 0.00000000 -0.61348701
v 0.13765700 0.00000000 -0.61348701
v 0.21659200 0.00000000 -0.61440301
v 0.21659200 0.00000000 -0.61440301
v 0.20374499 0.00000000 -2.04404497
v 0.20374499 0.00000000 -2.04404497
v 0.19104600 0.04003400 -2.04396105
v 0.15489800 0.07191600 -2.04393506
v 0.10023300 0.09106700 -2.04395700
v 0.03335200 0.09843000 -2.04385900
v 0.04937000 0.14320999 -0.61348701
v 0.04477800 0.00000000 -0.61348701
v 0.04477800 0.00000000 -0.61348701
v 0.00000000 0.09843000 -2.04385900
v 0.25651801 0.36492699 -0.84776700
v 0.39102799 0.29803100 -0.84779000
v 0.08906500 0.41460600 -0.84786898
v 0.22176000 0.29171899 -0.70735198
v 0.33698100 0.23540001 -0.71578300
v 0.07704800 0.33356699 -0.70338303
v 0.05276500 0.25638199 -0.64079797
v 0.18000200 0.22778800 -0.64100701
v 0.25273100 0.18931000 -0.64697999
v 0.00000000 0.25638199 -0.64257902
v 0.00000000 0.14320999 -0.61348701
v 0.00000000 0.33356699 -0.70533299
v 0.00000000 0.41460600 -0.84789002
v 0.00000000 0.00000000 -0.61348701
v 0.00000000 0.00000000 -0.61348701
v 0.42158300 -0.13505900 -1.67575002
v 0.36806300 -0.10739600 -1.88016403
v 0.35065001 -0.23378900 -1.67575002
v 0.30572301 -0.19292399 -1.88013506
v 0.23062900 -0.29265901 -1.67575002
v 0.20296700 -0.24429999 -1.88015997
v 0.08009700 -0.32207701 -1.67575002
v 0.07054900 -0.26405400 -1.88004994
v 0.00000000 -0.32207701 -1.67575002
v 0.00000000 -0.26405400 -1.88004994
v 0.00000000 -0.44280499 -1.02595794
v 0.00000000 -0.41531399 -1.23025799
v 0.09309800 -0.41531399 -1.23025799
v 0.09547500 -0.44280499 -1.02595794
v 0.00000000 -0.39200500 -1.34163105
v 0.00000000 -0.39200500 -1.34163105
v 0.00000000 -0.39200500 -1.34163105
v 0.00000000 -0.36869600 -1.45300400
v 0.08659800 -0.36869600 -1.45300400
v 0.08984800 -0.39200500 -1.34163105
v 0.08984800 -0.39200500 -1.34163105
v 0.08984800 -0.39200500 -1.34163105
v 0.40381399 -0.15175200 -0.73137897
v 0.29441801 -0.07557000 -0.64715099
v 0.45982000 -0.18420100 -0.84776300
v 0.26806599 -0.36840200 -1.23025799
v 0.27498099 -0.38955101 -1.02584803
v 0.24934800 -0.33052999 -1.45300400
v 0.25870699 -0.34946600 -1.34163105
v 0.25870699 -0.34946600 -1.34163105
v 0.25870699 -0.34946600 -1.34163105
v 0.48826501 -0.19581801 -1.02584398
v 0.40321699 -0.29893199 -1.23025799
v 0.41567799 -0.31784001 -1.02587295
v 0.37971699 -0.26636100 -1.45300400
v 0.39146701 -0.28264600 -1.34163105
v 0.39146701 -0.28264600 -1.34163105
v 0.39146701 -0.28264600 -1.34163105
v 0.47258800 -0.18116800 -1.23025799
v 0.44627601 -0.15811400 -1.45300400
v 0.45943201 -0.16964100 -1.34163105
v 0.45943201 -0.16964100 -1.34163105
v 0.45943201 -0.16964100 -1.34163105
v 0.25127599 -0.13087200 -1.99079597
v 0.30500701 -0.07285300 -1.99082196
v 0.16361800 -0.16572399 -1.99081898
v 0.05682800 -0.17912400 -1.99072003
v 0.00000000 -0.17912400 -1.99072003
v 0.21940900 -0.08759500 -0.61951399
v 0.14164400 -0.11615400 -0.61348701
v 0.19104600 -0.04003400 -2.04396105
v 0.15489800 -0.07191600 -2.04393506
v 0.10023300 -0.09106700 -2.04395700
v 0.03335200 -0.09843000 -2.04385900
v 0.04937000 -0.14320999 -0.61348701
v 0.00000000 -0.09843000 -2.04385900
v 0.39102799 -0.29803100 -0.84779000
v 0.25651801 -0.36492601 -0.84776700
v 0.08906500 -0.41460499 -0.84786898
v 0.08906500 -0.41460499 -0.84786898
v 0.33698100 -0.23540001 -0.71578300
v 0.22176000 -0.29171899 -0.70735198
v 0.07704800 -0.33356699 -0.70338303
v 0.07704800 -0.33356699 -0.70338303
v 0.18000200 -0.22778800 -0.64100701
v 0.05276500 -0.25638199 -0.64079797
v 0.25273201 -0.18931000 -0.64697999
v 0.00000000 -0.14320999 -0.61348701
v 0.00000000 -0.25638199 -0.64257902
v 0.00000000 -0.33356699 -0.70533299
v 0.00000000 -0.33356699 -0.70533299
v 0.00000000 -0.41460600 -0.84789002
v 0.00000000 -0.41460600 -0.84789002
v -0.42158300 0.13506000 -1.67575002
v -0.36806300 0.10739600 -1.88016403
v -0.38843399 0.00000000 -1.88025796
v -0.38843399 0.00000000 -1.88025796
v -0.44312000 0.00000000 -1.67575002
v -0.44312000 0.00000000 -1.67575002
v -0.35065001 0.23378900 -1.67575002
v -0.30572301 0.19292399 -1.88013506
v -0.23062900 0.29265901 -1.67575002
v -0.20296700 0.24429999 -1.88015997
v -0.08009700 0.32207701 -1.67575002
v -0.07054900 0.26405400 -1.88004994
v -0.09309800 0.41531399 -1.23025799
v -0.09547500 0.44280601 -1.02595794
v -0.08659700 0.36869600 -1.45300400
v -0.08984800 0.39200500 -1.34163105
v -0.08984800 0.39200500 -1.34163105
v -0.08984800 0.39200500 -1.34163105
v -0.40381300 0.15175200 -0.73137897
v -0.39146701 0.00000000 -0.73583901
v -0.39146701 0.00000000 -0.73583901
v -0.29225099 0.00000000 -0.65246600
v -0.29225099 0.00000000 -0.65246600
v -0.29441801 0.07557000 -0.64715099
v -0.45982000 0.18420100 -0.84776300
v -0.46382999 0.00000000 -0.84776300
v -0.46382999 0.00000000 -0.84776300
v -0.26806599 0.36840200 -1.23025799
v -0.27498001 0.38955101 -1.02584803
v -0.24934800 0.33052999 -1.45300400
v -0.25870699 0.34946600 -1.34163105
v -0.25870699 0.34946600 -1.34163105
v -0.25870699 0.34946600 -1.34163105
v -0.48826501 0.19581801 -1.02584398
v -0.49741799 0.00000000 -1.02575004
v -0.49741799 0.00000000 -1.02575004
v -0.40321699 0.29893199 -1.23025799
v -0.41567701 0.31784001 -1.02587295
v -0.37971601 0.26636100 -1.45300400
v -0.39146701 0.28264701 -1.34163105
v -0.39146701 0.28264701 -1.34163105
v -0.39146701 0.28264701 -1.34163105
v -0.47258800 0.18116800 -1.23025799
v -0.44627601 0.15811400 -1.45300400
v -0.45943201 0.16964100 -1.34163105
v -0.45943201 0.16964100 -1.34163105
v -0.45943201 0.16964100 -1.34163105
v -0.48346299 0.00000000 -1.23025799
v -0.48346299 0.00000000 -1.23025799
v -0.46252099 0.00000000 -1.45300400
v -0.46252099 0.00000000 -1.45300400
v -0.47299200 0.00000000 -1.34163105
v -0.47299200 0.00000000 -1.34163105
v -0.47299200 0.00000000 -1.34163105
v -0.47299200 0.00000000 -1.34163105
v -0.47299200 0.00000000 -1.34163105
v -0.47299200 0.00000000 -1.34163105
v -0.25127599 0.13087299 -1.99079597
v -0.30500701 0.07285400 -1.99082196
v -0.16361800 0.16572399 -1.99081898
v -0.05682800 0.17912400 -1.99072003
v -0.32351401 0.00000000 -1.99090600
v -0.32351401 0.00000000 -1.99090600
v -0.21940900 0.08759500 -0.61951399
v -0.21659200 0.00000000 -0.61440301
v -0.21659200 0.00000000 -0.61440301
v -0.13765700 0.00000000 -0.61348701
v -0.13765700 0.00000000 -0.61348701
v -0.14164400 0.11615400 -0.61348701
v -0.19104600 0.04003400 -2.04396105
v -0.20374499 0.00000000 -2.04404497
v -0.20374499 0.00000000 -2.04404497
v -0.15489800 0.07191600 -2.04393506
v -0.10023300 0.09106700 -2.04395700
v -0.03335200 0.09843000 -2.04385900
v -0.04477800 0.00000000 -0.61348701
v -0.04477800 0.00000000 -0.61348701
v -0.04937000 0.14320999 -0.61348701
v -0.39102799 0.29803100 -0.84779000
v -0.25651801 0.36492699 -0.84776700
v -0.08906500 0.41460600 -0.84786898
v -0.33698100 0.23540001 -0.71578300
v -0.22176000 0.29171899 -0.70735198
v -0.07704800 0.33356699 -0.70338303
v -0.18000200 0.22778800 -0.64100701
v -0.05276500 0.25638199 -0.64079797
v -0.25273100 0.18931000 -0.64697999
v -0.42158300 -0.13505900 -1.67575002
v -0.36806300 -0.10739600 -1.88016403
v -0.35065001 -0.23378900 -1.67575002
v -0.30572301 -0.19292399 -1.88013506
v -0.23062900 -0.29265901 -1.67575002
v -0.20296700 -0.24429999 -1.88015997
v -0.08009700 -0.32207701 -1.67575002
v -0.07054900 -0.26405400 -1.88004994
v -0.09547500 -0.44280499 -1.02595794
v -0.09309800 -0.41531399 -1.23025799
v -0.08984800 -0.39200500 -1.34163105
v -0.08984800 -0.39200500 -1.34163105
v -0.08984800 -0.39200500 -1.34163105
v -0.08659800 -0.36869600 -1.45300400
v -0.40381399 -0.15175200 -0.73137897
v -0.29441801 -0.07557000 -0.64715099
v -0.45982000 -0.18420100 -0.84776300
v -0.27498099 -0.38955101 -1.02584803
v -0.26806599 -0.36840200 -1.23025799
v -0.25870699 -0.34946600 -1.34163105
v -0.25870699 -0.34946600 -1.34163105
v -0.25870699 -0.34946600 -1.34163105
v -0.24934800 -0.33052999 -1.45300400
v -0.48826501 -0.19581801 -1.02584398
v -0.41567799 -0.31784001 -1.02587295
v -0.40321699 -0.29893199 -1.23025799
v -0.39146701 -0.28264600 -1.34163105
v -0.39146701 -0.28264600 -1.34163105
v -0.39146701 -0.28264600 -1.34163105
v -0.37971699 -0.26636100 -1.45300400
v -0.47258800 -0.18116800 -1.23025799
v -0.45943201 -0.16964100 -1.34163105
v -0.45943201 -0.16964100 -1.34163105
v -0.45943201 -0.16964100 -1.34163105
v -0.44627601 -0.15811400 -1.45300400
v -0.30500701 -0.07285300 -1.99082196
v -0.25127599 -0.13087200 -1.99079597
v -0.16361800 -0.16572399 -1.99081898
v -0.05682800 -0.17912400 -1.99072003
v -0.21940900 -0.08759500 -0.61951399
v -0.14164400 -0.11615400 -0.61348701
v -0.19104600 -0.04003400 -2.04396105
v -0.15489800 -0.07191600 -2.04393506
v -0.10023300 -0.09106700 -2.04395700
v -0.03335200 -0.09843000 -2.04385900
v -0.04937000 -0.14320999 -0.61348701
v -0.25651801 -0.36492601 -0.84776700
v -0.39102799 -0.29803100 -0.84779000
v -0.08906500 -0.41460499 -0.84786898
v -0.08906500 -0.41460499 -0.84786898
v -0.22176000 -0.29171899 -0.70735198
v -0.33698100 -0.23540001 -0.71578300
v -0.07704800 -0.33356699 -0.70338303
v -0.07704800 -0.33356699 -0.70338303
v -0.05276500 -0.25638199 -0.64079797
v -0.18000200 -0.22778800 -0.64100701
v -0.25273201 -0.18931000 -0.64697999
v 0.14143324 0.13959405 -2.00941730
v 0.26512066 -0.06136635 -2.00942063
v -0.04861140 0.15088110 -2.00931883
v -0.04861140 -0.15088110 -2.00931883
v 0.04861140 0.15088110 -2.00931883
v -0.21754369 -0.11023740 -2.00939465
v 0.14143324 -0.13959405 -2.00941730
v -0.28159484 0.00000000 -2.00950480
v -0.28159484 0.00000000 -2.00950480
v -0.21754369 0.11023805 -2.00939465
v -0.26512066 -0.06136635 -2.00942063
v 0.26512066 0.06136700 -2.00942063
v 0.00000000 0.15088110 -2.00931883
v 0.04861140 -0.15088110 -2.00931883
v -0.26512066 0.06136700 -2.00942063
v 0.28159484 0.00000000 -2.00950480
v 0.28159484 0.00000000 -2.00950480
v 0.21754369 0.11023805 -2.00939465
v 0.21754369 -0.11023740 -2.00939465
v 0.00000000 -0.15088110 -2.00931883
v -0.14143324 0.13959405 -2.00941730
v -0.14143324 -0.13959405 -2.00941730
v 0.44601902 0.14288841 -1.67698622
v 0.46880436 -0.00000000 -1.67698622
v 0.46880436 -0.00000000 -1.67698622
v 0.41094860 -0.00000000 -1.89334798
v 0.41094860 -0.00000000 -1.89334798
v 0.38939688 0.11362094 -1.89324856
v 0.37097457 0.24733999 -1.67698622
v 0.32344350 0.20410636 -1.89321792
v 0.24399684 0.30962226 -1.67698622
v 0.21473148 0.25846022 -1.89324427
v 0.08473963 0.34074539 -1.67698622
v 0.07463820 0.27935925 -1.89312792
v 0.00000000 0.34074539 -1.67698622
v 0.00000000 0.27935925 -1.89312792
v -0.63374269 -0.23400356 -0.82171631
v -0.63374269 -0.23400356 -0.82171631
v -0.53999138 -0.38988319 -0.82171631
v -0.53999138 -0.38988319 -0.82171631
v 0.00000000 0.41472659 -1.32350087
v 0.09505582 0.41472659 -1.32350087
v 0.09161638 0.39006656 -1.44132924
v 0.00000000 0.39006656 -1.44132924
v -0.35686162 -0.48205495 -0.82171631
v -0.35686162 -0.48205495 -0.82171631
v 0.27370229 0.36972192 -1.32350087
v 0.26380086 0.34968835 -1.44132924
v -0.12393674 -0.54073346 -0.82171631
v -0.12393674 -0.54073346 -0.82171631
v 0.41415742 0.29902995 -1.32350087
v 0.40172532 0.28179994 -1.44132924
v -0.65244740 0.00000004 -0.82171631
v -0.65244740 0.00000004 -0.82171631
v -0.65244740 0.00000004 -0.82171631
v -0.65244740 0.00000004 -0.82171631
v 0.48606184 0.17947382 -1.32350087
v 0.47214329 0.16727869 -1.44132924
v -0.63374269 0.23400360 -0.82171631
v -0.63374269 0.23400360 -0.82171631
v 0.50040781 -0.00000000 -1.32350087
v 0.50040781 -0.00000000 -1.32350087
v 0.48932987 -0.00000000 -1.44132924
v 0.48932987 -0.00000000 -1.44132924
v 0.32268599 0.07707679 -2.01032043
v 0.32268599 0.07707679 -2.01032043
v 0.26584059 0.13845873 -2.01029301
v 0.26584059 0.13845873 -2.01029301
v 0.17310171 0.17532977 -2.01031733
v 0.17310171 0.17532977 -2.01031733
v 0.06012189 0.18950647 -2.01021266
v 0.06012189 0.18950647 -2.01021266
v 0.00000000 0.18950647 -2.01021266
v 0.00000000 0.18950647 -2.01021266
v 0.34226570 -0.00000000 -2.01040936
v 0.34226570 -0.00000000 -2.01040936
v 0.34226570 -0.00000000 -2.01040936
v 0.34226570 -0.00000000 -2.01040936
v 0.44601902 -0.14288737 -1.67698622
v 0.38939688 -0.11362094 -1.89324856
v 0.37097457 -0.24734001 -1.67698622
v 0.32344350 -0.20410636 -1.89321792
v 0.24399684 -0.30962229 -1.67698622
v 0.21473148 -0.25846025 -1.89324427
v 0.08473963 -0.34074542 -1.67698622
v 0.07463820 -0.27935925 -1.89312792
v 0.00000000 -0.34074542 -1.67698622
v 0.00000000 -0.27935925 -1.89312792
v -0.53999138 0.38988462 -0.82171631
v -0.53999138 0.38988462 -0.82171631
v -0.35686162 0.48205510 -0.82171631
v -0.35686162 0.48205510 -0.82171631
v 0.00000000 -0.41472661 -1.32350087
v 0.00000000 -0.39006656 -1.44132924
v 0.09161744 -0.39006656 -1.44132924
v 0.09505582 -0.41472661 -1.32350087
v -0.12393674 0.54073358 -0.82171631
v -0.12393674 0.54073358 -0.82171631
v 0.26380086 -0.34968835 -1.44132924
v 0.27370229 -0.36972195 -1.32350087
v 0.63374269 -0.23400356 -0.82171631
v 0.63374269 -0.23400356 -0.82171631
v 0.40172637 -0.28179997 -1.44132924
v 0.41415742 -0.29902887 -1.32350087
v 0.53999138 -0.38988319 -0.82171631
v 0.53999138 -0.38988319 -0.82171631
v 0.47214329 -0.16727869 -1.44132924
v 0.48606184 -0.17947383 -1.32350087
v 0.26584059 -0.13845767 -2.01029301
v 0.26584059 -0.13845767 -2.01029301
v 0.32268599 -0.07707575 -2.01032043
v 0.32268599 -0.07707575 -2.01032043
v 0.17310171 -0.17532977 -2.01031733
v 0.17310171 -0.17532977 -2.01031733
v 0.06012189 -0.18950649 -2.01021266
v 0.06012189 -0.18950649 -2.01021266
v 0.00000000 -0.18950649 -2.01021266
v 0.00000000 -0.18950649 -2.01021266
v -0.44601902 0.14288841 -1.67698622
v -0.38939688 0.11362094 -1.89324856
v -0.41094860 -0.00000000 -1.89334798
v -0.41094860 -0.00000000 -1.89334798
v -0.46880436 -0.00000000 -1.67698622
v -0.46880436 -0.00000000 -1.67698622
v -0.37097457 0.24733999 -1.67698622
v -0.32344350 0.20410636 -1.89321792
v -0.24399684 0.30962226 -1.67698622
v -0.21473148 0.25846022 -1.89324427
v -0.08473962 0.34074539 -1.67698622
v -0.07463820 0.27935925 -1.89312792
v 0.35686162 -0.48205495 -0.82171631
v 0.35686162 -0.48205495 -0.82171631
v -0.09161638 0.39006656 -1.44132924
v -0.09505581 0.41472659 -1.32350087
v 0.12393676 -0.54073346 -0.82171631
v 0.12393676 -0.54073346 -0.82171631
v -0.26380083 0.34968835 -1.44132924
v -0.27370229 0.36972192 -1.32350087
v -0.00000000 -0.54073346 -0.82171631
v -0.00000000 -0.54073346 -0.82171631
v -0.40172532 0.28179994 -1.44132924
v -0.41415742 0.29902995 -1.32350087
v 0.65244740 0.00000004 -0.82171631
v 0.65244740 0.00000004 -0.82171631
v 0.65244740 0.00000004 -0.82171631
v 0.65244740 0.00000004 -0.82171631
v -0.47214329 0.16727869 -1.44132924
v -0.48606184 0.17947382 -1.32350087
v 0.63374269 0.23400360 -0.82171631
v 0.63374269 0.23400360 -0.82171631
v -0.48932987 -0.00000000 -1.44132924
v -0.48932987 -0.00000000 -1.44132924
v -0.50040781 -0.00000000 -1.32350087
v -0.50040781 -0.00000000 -1.32350087
v -0.26584059 0.13845873 -2.01029301
v -0.26584059 0.13845873 -2.01029301
v -0.32268599 0.07707679 -2.01032043
v -0.32268599 0.07707679 -2.01032043
v -0.17310171 0.17532977 -2.01031733
v -0.17310171 0.17532977 -2.01031733
v -0.06012189 0.18950647 -2.01021266
v -0.06012189 0.18950647 -2.01021266
v -0.34226570 -0.00000000 -2.01040936
v -0.34226570 -0.00000000 -2.01040936
v -0.34226570 -0.00000000 -2.01040936
v -0.34226570 -0.00000000 -2.01040936
v -0.44601902 -0.14288737 -1.67698622
v -0.38939688 -0.11362094 -1.89324856
v -0.37097457 -0.24734001 -1.67698622
v -0.32344350 -0.20410636 -1.89321792
v -0.24399684 -0.30962229 -1.67698622
v -0.21473148 -0.25846025 -1.89324427
v -0.08473962 -0.34074542 -1.67698622
v -0.07463820 -0.27935925 -1.89312792
v 0.53999138 0.38988462 -0.82171631
v 0.53999138 0.38988462 -0.82171631
v -0.09505581 -0.41472661 -1.32350087
v -0.09161744 -0.39006656 -1.44132924
v 0.35686162 0.48205510 -0.82171631
v 0.35686162 0.48205510 -0.82171631
v -0.27370229 -0.36972195 -1.32350087
v -0.26380083 -0.34968835 -1.44132924
v 0.12393676 0.54073358 -0.82171631
v 0.12393676 0.54073358 -0.82171631
v -0.41415742 -0.29902887 -1.32350087
v -0.40172637 -0.28179997 -1.44132924
v -0.00000000 0.54073358 -0.82171631
v -0.00000000 0.54073358 -0.82171631
v -0.48606184 -0.17947383 -1.32350087
v -0.47214329 -0.16727869 -1.44132924
v -0.32268599 -0.07707575 -2.01032043
v -0.32268599 -0.07707575 -2.01032043
v -0.26584059 -0.13845767 -2.01029301
v -0.26584059 -0.13845767 -2.01029301
v -0.17310171 -0.17532977 -2.01031733
v -0.17310171 -0.17532977 -2.01031733
v -0.06012189 -0.18950649 -2.01021266
v -0.06012189 -0.18950649 -2.01021266
v 0.14963107 0.14768527 -2.02999353
v 0.28048772 -0.06492330 -2.02999711
v -0.05142904 0.15962654 -2.02988958
v -0.05142904 -0.15962656 -2.02988958
v 0.05142904 0.15962654 -2.02988958
v -0.23015307 -0.11662704 -2.02996969
v 0.14963107 -0.14768527 -2.02999353
v -0.29791680 -0.00000000 -2.03008628
v -0.29791680 -0.00000000 -2.03008628
v -0.23015307 0.11662772 -2.02996969
v -0.28048772 -0.06492330 -2.02999711
v 0.28048772 0.06492399 -2.02999711
v 0.00000000 0.15962654 -2.02988958
v 0.05142904 -0.15962656 -2.02988958
v -0.28048772 0.06492399 -2.02999711
v 0.29791680 -0.00000000 -2.03008628
v 0.29791680 -0.00000000 -2.03008628
v 0.23015308 0.11662772 -2.02996969
v 0.23015308 -0.11662704 -2.02996969
v 0.00000000 -0.15962656 -2.02988958
v -0.14963107 0.14768527 -2.02999353
v -0.14963107 -0.14768527 -2.02999353
v 0.03214010 0.35428619 -1.82325697
v 0.04116406 0.35949618 -1.83885157
v -0.23272951 0.25448641 -1.90793800
v 0.04433285 0.36132568 -1.85724652
v -0.23272951 0.24040742 -1.87394834
v 0.04116403 0.35949618 -1.87564170
v -0.23272951 0.25448644 -1.83995879
v -0.23272951 0.27008101 -1.82953882
v 0.03214010 0.35428619 -1.89123619
v 0.01863476 0.34648889 -1.90165615
v -0.22353198 0.27254549 -1.91835797
v -0.21573468 0.25904015 -1.90793800
v -0.21052469 0.25001618 -1.89234340
v -0.20869519 0.24684739 -1.87394834
v -0.21052469 0.25001621 -1.85555327
v -0.21573468 0.25904021 -1.83995879
v -0.22353198 0.27254549 -1.82953882
v 0.02109926 0.33729136 -1.81283700
v 0.03669380 0.33729136 -1.82325697
v -0.21679892 0.27927855 -1.91835797
v -0.20329361 0.27148125 -1.90793800
v -0.19426961 0.26627126 -1.89234340
v -0.19110082 0.26444176 -1.87394834
v -0.19426961 0.26627126 -1.85555327
v -0.20329361 0.27148125 -1.83995879
v -0.21679892 0.27927861 -1.82953882
v 0.04711383 0.33729136 -1.83885145
v 0.05077284 0.33729136 -1.85724652
v -0.21433444 0.28847608 -1.91835797
v -0.19873987 0.28847608 -1.90793800
v -0.18831985 0.28847614 -1.89234352
v -0.18466084 0.28847614 -1.87394834
v -0.18831985 0.28847614 -1.85555327
v -0.19873987 0.28847614 -1.83995879
v -0.21433441 0.28847614 -1.82953882
v 0.04711383 0.33729136 -1.87564170
v 0.03669380 0.33729130 -1.89123619
v -0.21679892 0.29767367 -1.91835797
v -0.20329358 0.30547097 -1.90793800
v -0.19426964 0.31068096 -1.89234352
v -0.19110082 0.31251046 -1.87394834
v -0.19426961 0.31068096 -1.85555339
v -0.20329358 0.30547097 -1.83995879
v -0.21679892 0.29767367 -1.82953882
v 0.02109923 0.33729130 -1.90165615
v 0.01863476 0.32809383 -1.81283700
v -0.22353198 0.30440667 -1.91835797
v -0.21573468 0.31791201 -1.90793800
v -0.21052469 0.32693604 -1.89234352
v -0.20869519 0.33010480 -1.87394834
v -0.21052469 0.32693604 -1.85555339
v -0.21573468 0.31791207 -1.83995879
v -0.22353198 0.30440673 -1.82953882
v 0.03214007 0.32029650 -1.82325697
v -0.23272951 0.28847614 -1.92201710
v -0.23272951 0.28847614 -1.92201710
v -0.23272951 0.28847614 -1.92201710
v -0.23272951 0.28847614 -1.92201710
v -0.23272951 0.28847614 -1.92201710
v -0.23272951 0.28847614 -1.92201710
v -0.23272951 0.28847614 -1.92201710
v -0.23272951 0.28847614 -1.92201710
v -0.23272951 0.28847614 -1.92201710
v -0.23272951 0.28847614 -1.92201710
v -0.23272951 0.28847614 -1.92201710
v -0.23272951 0.28847614 -1.92201710
v -0.23272951 0.30687121 -1.91835797
v -0.23272951 0.32246575 -1.90793800
v -0.23272951 0.33288577 -1.89234352
v -0.23272951 0.33654478 -1.87394834
v -0.23272951 0.33288577 -1.85555339
v -0.23272951 0.32246581 -1.83995879
v -0.23272951 0.30687121 -1.82953882
v 0.04116406 0.31508651 -1.83885145
v 0.04433285 0.31325701 -1.85724652
v -0.24192707 0.30440667 -1.91835797
v -0.24972437 0.31791201 -1.90793800
v -0.25493434 0.32693598 -1.89234352
v -0.25676385 0.33010480 -1.87394834
v -0.25493434 0.32693604 -1.85555339
v -0.24972437 0.31791207 -1.83995879
v -0.24192707 0.30440673 -1.82953882
v -0.23272951 0.28847614 -1.82587969
v -0.23272951 0.28847614 -1.82587969
v -0.23272951 0.28847614 -1.82587969
v -0.23272951 0.28847614 -1.82587969
v -0.23272951 0.28847614 -1.82587969
v -0.23272951 0.28847614 -1.82587969
v -0.23272951 0.28847614 -1.82587969
v -0.23272951 0.28847614 -1.82587969
v -0.23272951 0.28847614 -1.82587969
v -0.23272951 0.28847614 -1.82587969
v -0.23272951 0.28847614 -1.82587969
v -0.23272951 0.28847614 -1.82587969
v 0.04116406 0.31508651 -1.87564158
v -0.24866013 0.29767367 -1.91835797
v -0.26216543 0.30547091 -1.90793800
v -0.27118939 0.31068096 -1.89234352
v -0.27435815 0.31251046 -1.87394834
v -0.27118939 0.31068096 -1.85555339
v -0.26216543 0.30547097 -1.83995879
v -0.24866013 0.29767367 -1.82953882
v 0.03214007 0.32029650 -1.89123619
v 0.01863476 0.32809377 -1.90165615
v -0.25112459 0.28847608 -1.91835797
v -0.25112459 0.28847608 -1.91835797
v -0.26671916 0.28847608 -1.90793800
v -0.26671916 0.28847608 -1.90793800
v -0.27713913 0.28847608 -1.89234352
v -0.27713913 0.28847608 -1.89234352
v -0.28079814 0.28847614 -1.87394834
v -0.28079814 0.28847614 -1.87394834
v -0.27713919 0.28847614 -1.85555327
v -0.27713919 0.28847614 -1.85555327
v -0.26671916 0.28847614 -1.83995879
v -0.26671916 0.28847614 -1.83995879
v -0.25112459 0.28847614 -1.82953882
v -0.25112459 0.28847614 -1.82953882
v 0.01190170 0.32136074 -1.81283700
v 0.01969900 0.30785543 -1.82325697
v -0.24866013 0.27927855 -1.91835797
v -0.26216543 0.27148125 -1.90793800
v -0.27118939 0.26627126 -1.89234340
v -0.27435815 0.26444176 -1.87394834
v -0.27118939 0.26627126 -1.85555327
v -0.26216543 0.27148125 -1.83995879
v -0.24866013 0.27927861 -1.82953882
v 0.02490898 0.29883146 -1.83885145
v 0.02673849 0.29566264 -1.85724652
v -0.24192707 0.27254549 -1.91835797
v -0.24972434 0.25904015 -1.90793800
v -0.25493431 0.25001621 -1.89234340
v -0.25676385 0.24684744 -1.87394834
v -0.25493434 0.25001621 -1.85555327
v -0.24972434 0.25904021 -1.83995879
v -0.24192707 0.27254552 -1.82953882
v 0.02490898 0.29883143 -1.87564158
v 0.01969900 0.30785540 -1.89123619
v -0.23272951 0.27008101 -1.91835797
v 0.01190170 0.32136074 -1.90165615
v -0.23272951 0.24406646 -1.89234340
v 0.00270416 0.31889626 -1.81283700
v -0.23272951 0.24406646 -1.85555327
v 0.00270416 0.30330166 -1.82325697
v 0.00270416 0.28922269 -1.85724652
v 0.00270416 0.30330163 -1.89123619
v 0.01863476 0.34648889 -1.81283700
v 0.01190170 0.35322189 -1.90165615
v 0.01969900 0.36672723 -1.89123619
v 0.02490898 0.37575126 -1.87564170
v 0.02673849 0.37892002 -1.85724652
v 0.02490898 0.37575126 -1.83885157
v 0.01969900 0.36672729 -1.82325697
v 0.01190170 0.35322195 -1.81283700
v 0.00270416 0.33729136 -1.90531528
v 0.00270416 0.33729136 -1.90531528
v 0.00270416 0.33729136 -1.90531528
v 0.00270416 0.33729136 -1.90531528
v 0.00270416 0.33729136 -1.90531528
v 0.00270416 0.33729136 -1.90531528
v 0.00270416 0.33729136 -1.90531528
v 0.00270416 0.33729136 -1.90531528
v 0.00270416 0.33729136 -1.90531528
v 0.00270416 0.33729136 -1.90531528
v 0.00270416 0.33729136 -1.90531528
v 0.00270416 0.33729136 -1.90531528
v 0.00270416 0.35568643 -1.90165615
v 0.00270416 0.37128097 -1.89123619
v 0.00270416 0.38170099 -1.87564170
v 0.00270416 0.38536000 -1.85724652
v 0.00270416 0.38170099 -1.83885157
v 0.00270416 0.37128103 -1.82325697
v 0.00270416 0.35568643 -1.81283700
v -0.00649340 0.35322189 -1.90165615
v -0.01429070 0.36672723 -1.89123619
v -0.01950067 0.37575120 -1.87564170
v -0.02133017 0.37892002 -1.85724652
v -0.01950067 0.37575126 -1.83885157
v -0.01429070 0.36672729 -1.82325697
v -0.00649340 0.35322195 -1.81283700
v 0.00270416 0.33729136 -1.80917788
v 0.00270416 0.33729136 -1.80917788
v 0.00270416 0.33729136 -1.80917788
v 0.00270416 0.33729136 -1.80917788
v 0.00270416 0.33729136 -1.80917788
v 0.00270416 0.33729136 -1.80917788
v 0.00270416 0.33729136 -1.80917788
v 0.00270416 0.33729136 -1.80917788
v 0.00270416 0.33729136 -1.80917788
v 0.00270416 0.33729136 -1.80917788
v 0.00270416 0.33729136 -1.80917788
v 0.00270416 0.33729136 -1.80917788
v -0.01322646 0.34648889 -1.90165615
v -0.02673175 0.35428613 -1.89123619
v -0.03575572 0.35949618 -1.87564170
v -0.03892448 0.36132568 -1.85724652
v -0.03575572 0.35949618 -1.83885157
v -0.02673175 0.35428619 -1.82325697
v -0.01322646 0.34648889 -1.81283700
v -0.01569092 0.33729130 -1.90165615
v -0.01569092 0.33729130 -1.90165615
v -0.03128549 0.33729130 -1.89123619
v -0.03128549 0.33729130 -1.89123619
v -0.04170545 0.33729130 -1.87564170
v -0.04170545 0.33729130 -1.87564170
v -0.04536446 0.33729136 -1.85724652
v -0.04536446 0.33729136 -1.85724652
v -0.04170551 0.33729136 -1.83885145
v -0.04170551 0.33729136 -1.83885145
v -0.03128549 0.33729136 -1.82325697
v -0.03128549 0.33729136 -1.82325697
v -0.01569092 0.33729136 -1.81283700
v -0.01569092 0.33729136 -1.81283700
v -0.01322646 0.32809377 -1.90165615
v -0.02673175 0.32029650 -1.89123619
v -0.03575572 0.31508651 -1.87564158
v -0.03892448 0.31325701 -1.85724652
v -0.03575572 0.31508651 -1.83885145
v -0.02673175 0.32029650 -1.82325697
v -0.01322646 0.32809383 -1.81283700
v -0.00649340 0.32136074 -1.90165615
v -0.01429067 0.30785540 -1.89123619
v -0.01950064 0.29883146 -1.87564158
v -0.02133017 0.29566267 -1.85724652
v -0.01950067 0.29883146 -1.83885145
v -0.01429067 0.30785543 -1.82325697
v -0.00649340 0.32136074 -1.81283700
v 0.00270416 0.31889626 -1.90165615
v 0.00270416 0.29288173 -1.87564158
v 0.00270416 0.29288173 -1.83885145
v 0.24100408 0.31701878 -1.85794508
v 0.25002804 0.32222876 -1.87353969
v 0.25319684 0.32405826 -1.89193463
v 0.25002801 0.32222876 -1.91032982
v 0.24100408 0.31701878 -1.92592430
v 0.22749874 0.30922148 -1.93634427
v 0.22996324 0.30002394 -1.84752512
v 0.24555779 0.30002394 -1.85794508
v 0.25597781 0.30002394 -1.87353957
v 0.25963682 0.30002394 -1.89193463
v 0.25597781 0.30002394 -1.91032982
v 0.24555779 0.30002388 -1.92592430
v 0.22996321 0.30002388 -1.93634427
v 0.22749874 0.29082641 -1.84752512
v 0.24100405 0.28302908 -1.85794508
v 0.25002804 0.27781910 -1.87353957
v 0.25319684 0.27598959 -1.89193463
v 0.25002804 0.27781910 -1.91032970
v 0.24100405 0.28302908 -1.92592430
v 0.22749874 0.29082635 -1.93634427
v 0.22076568 0.28409332 -1.84752512
v 0.22856298 0.27058801 -1.85794508
v 0.23377296 0.26156405 -1.87353957
v 0.23560247 0.25839522 -1.89193463
v 0.23377296 0.26156402 -1.91032970
v 0.22856298 0.27058798 -1.92592430
v 0.22076568 0.28409332 -1.93634427
v 0.21156815 0.28162885 -1.84752512
v 0.21156815 0.26603425 -1.85794508
v 0.21156815 0.25195527 -1.89193463
v 0.21156815 0.26603422 -1.92592430
v 0.22749874 0.30922148 -1.84752512
v 0.22076568 0.31595448 -1.93634427
v 0.22856298 0.32945982 -1.92592430
v 0.23377296 0.33848384 -1.91032982
v 0.23560247 0.34165260 -1.89193463
v 0.23377296 0.33848384 -1.87353969
v 0.22856298 0.32945988 -1.85794508
v 0.22076568 0.31595454 -1.84752512
v 0.21156815 0.30002394 -1.94000340
v 0.21156815 0.30002394 -1.94000340
v 0.21156815 0.30002394 -1.94000340
v 0.21156815 0.30002394 -1.94000340
v 0.21156815 0.30002394 -1.94000340
v 0.21156815 0.30002394 -1.94000340
v 0.21156815 0.30002394 -1.94000340
v 0.21156815 0.30002394 -1.94000340
v 0.21156815 0.30002394 -1.94000340
v 0.21156815 0.30002394 -1.94000340
v 0.21156815 0.30002394 -1.94000340
v 0.21156815 0.30002394 -1.94000340
v 0.21156815 0.31841901 -1.93634427
v 0.21156815 0.33401355 -1.92592430
v 0.21156815 0.34443358 -1.91032982
v 0.21156815 0.34809259 -1.89193463
v 0.21156815 0.34443358 -1.87353969
v 0.21156815 0.33401361 -1.85794508
v 0.21156815 0.31841901 -1.84752512
v 0.20237058 0.31595448 -1.93634427
v 0.19457328 0.32945982 -1.92592430
v 0.18936332 0.33848378 -1.91032982
v 0.18753381 0.34165260 -1.89193463
v 0.18936332 0.33848384 -1.87353969
v 0.19457328 0.32945988 -1.85794508
v 0.20237058 0.31595454 -1.84752512
v 0.21156815 0.30002394 -1.84386599
v 0.21156815 0.30002394 -1.84386599
v 0.21156815 0.30002394 -1.84386599
v 0.21156815 0.30002394 -1.84386599
v 0.21156815 0.30002394 -1.84386599
v 0.21156815 0.30002394 -1.84386599
v 0.21156815 0.30002394 -1.84386599
v 0.21156815 0.30002394 -1.84386599
v 0.21156815 0.30002394 -1.84386599
v 0.21156815 0.30002394 -1.84386599
v 0.21156815 0.30002394 -1.84386599
v 0.21156815 0.30002394 -1.84386599
v 0.19563752 0.30922148 -1.93634427
v 0.18213223 0.31701872 -1.92592430
v 0.17310826 0.32222876 -1.91032982
v 0.16993950 0.32405826 -1.89193463
v 0.17310826 0.32222876 -1.87353969
v 0.18213223 0.31701878 -1.85794508
v 0.19563752 0.30922148 -1.84752512
v 0.19317307 0.30002388 -1.93634427
v 0.19317307 0.30002388 -1.93634427
v 0.17757849 0.30002388 -1.92592430
v 0.17757849 0.30002388 -1.92592430
v 0.16715853 0.30002388 -1.91032982
v 0.16715853 0.30002388 -1.91032982
v 0.16349952 0.30002394 -1.89193463
v 0.16349952 0.30002394 -1.89193463
v 0.16715847 0.30002394 -1.87353957
v 0.16715847 0.30002394 -1.87353957
v 0.17757849 0.30002394 -1.85794508
v 0.17757849 0.30002394 -1.85794508
v 0.19317307 0.30002394 -1.84752512
v 0.19317307 0.30002394 -1.84752512
v 0.19563752 0.29082635 -1.93634427
v 0.18213223 0.28302908 -1.92592430
v 0.17310826 0.27781910 -1.91032970
v 0.16993950 0.27598959 -1.89193463
v 0.17310826 0.27781910 -1.87353957
v 0.18213223 0.28302908 -1.85794508
v 0.19563752 0.29082641 -1.84752512
v 0.20237058 0.28409332 -1.93634427
v 0.19457331 0.27058798 -1.92592430
v 0.18936335 0.26156405 -1.91032970
v 0.18753381 0.25839525 -1.89193463
v 0.18936332 0.26156405 -1.87353957
v 0.19457331 0.27058801 -1.85794508
v 0.20237058 0.28409332 -1.84752512
v 0.21156815 0.28162885 -1.93634427
v 0.21156815 0.25561431 -1.91032970
v 0.21156815 0.25561431 -1.87353957
v 0.03610983 -0.34843490 -1.77096248
v 0.04513379 -0.34322491 -1.78655696
v 0.04830258 -0.34139541 -1.80495191
v 0.04513376 -0.34322491 -1.82334709
v 0.03610983 -0.34843490 -1.83894157
v 0.02260449 -0.35623220 -1.84936166
v 0.02506899 -0.36542973 -1.76054239
v 0.04066353 -0.36542973 -1.77096248
v 0.05108356 -0.36542973 -1.78655696
v 0.05474257 -0.36542973 -1.80495191
v 0.05108356 -0.36542973 -1.82334709
v 0.04066353 -0.36542979 -1.83894157
v 0.02506896 -0.36542979 -1.84936166
v 0.02260449 -0.37462726 -1.76054239
v 0.03610980 -0.38242459 -1.77096248
v 0.04513379 -0.38763458 -1.78655696
v 0.04830258 -0.38946408 -1.80495191
v 0.04513379 -0.38763458 -1.82334709
v 0.03610980 -0.38242459 -1.83894157
v 0.02260449 -0.37462732 -1.84936166
v 0.01587143 -0.38136035 -1.76054239
v 0.02366873 -0.39486566 -1.77096248
v 0.02887871 -0.40388963 -1.78655696
v 0.03070822 -0.40705845 -1.80495191
v 0.02887871 -0.40388966 -1.82334709
v 0.02366873 -0.39486569 -1.83894157
v 0.01587143 -0.38136035 -1.84936166
v 0.00667389 -0.38382483 -1.76054239
v 0.00667389 -0.39941943 -1.77096248
v 0.00667389 -0.41349840 -1.80495191
v 0.00667389 -0.39941946 -1.83894157
v 0.02260449 -0.35623220 -1.76054239
v 0.01587143 -0.34949920 -1.84936166
v 0.02366873 -0.33599386 -1.83894157
v 0.02887871 -0.32696983 -1.82334709
v 0.03070822 -0.32380107 -1.80495191
v 0.02887871 -0.32696983 -1.78655696
v 0.02366873 -0.33599380 -1.77096248
v 0.01587143 -0.34949914 -1.76054239
v 0.00667389 -0.36542973 -1.85302067
v 0.00667389 -0.36542973 -1.85302067
v 0.00667389 -0.36542973 -1.85302067
v 0.00667389 -0.36542973 -1.85302067
v 0.00667389 -0.36542973 -1.85302067
v 0.00667389 -0.36542973 -1.85302067
v 0.00667389 -0.36542973 -1.85302067
v 0.00667389 -0.36542973 -1.85302067
v 0.00667389 -0.36542973 -1.85302067
v 0.00667389 -0.36542973 -1.85302067
v 0.00667389 -0.36542973 -1.85302067
v 0.00667389 -0.36542973 -1.85302067
v 0.00667389 -0.34703466 -1.84936166
v 0.00667389 -0.33144012 -1.83894157
v 0.00667389 -0.32102010 -1.82334709
v 0.00667389 -0.31736109 -1.80495191
v 0.00667389 -0.32102010 -1.78655696
v 0.00667389 -0.33144006 -1.77096248
v 0.00667389 -0.34703466 -1.76054239
v -0.00252367 -0.34949920 -1.84936166
v -0.01032097 -0.33599386 -1.83894157
v -0.01553094 -0.32696989 -1.82334709
v -0.01736044 -0.32380107 -1.80495191
v -0.01553094 -0.32696983 -1.78655696
v -0.01032097 -0.33599380 -1.77096248
v -0.00252367 -0.34949914 -1.76054239
v 0.00667389 -0.36542973 -1.75688338
v 0.00667389 -0.36542973 -1.75688338
v 0.00667389 -0.36542973 -1.75688338
v 0.00667389 -0.36542973 -1.75688338
v 0.00667389 -0.36542973 -1.75688338
v 0.00667389 -0.36542973 -1.75688338
v 0.00667389 -0.36542973 -1.75688338
v 0.00667389 -0.36542973 -1.75688338
v 0.00667389 -0.36542973 -1.75688338
v 0.00667389 -0.36542973 -1.75688338
v 0.00667389 -0.36542973 -1.75688338
v 0.00667389 -0.36542973 -1.75688338
v -0.00925673 -0.35623220 -1.84936166
v -0.02276202 -0.34843495 -1.83894157
v -0.03178598 -0.34322491 -1.82334709
v -0.03495474 -0.34139541 -1.80495191
v -0.03178598 -0.34322491 -1.78655696
v -0.02276202 -0.34843490 -1.77096248
v -0.00925673 -0.35623220 -1.76054239
v -0.01172119 -0.36542979 -1.84936166
v -0.01172119 -0.36542979 -1.84936166
v -0.02731575 -0.36542979 -1.83894157
v -0.02731575 -0.36542979 -1.83894157
v -0.03773572 -0.36542979 -1.82334709
v -0.03773572 -0.36542979 -1.82334709
v -0.04139473 -0.36542973 -1.80495191
v -0.04139473 -0.36542973 -1.80495191
v -0.03773578 -0.36542973 -1.78655696
v -0.03773578 -0.36542973 -1.78655696
v -0.02731575 -0.36542973 -1.77096248
v -0.02731575 -0.36542973 -1.77096248
v -0.01172119 -0.36542973 -1.76054239
v -0.01172119 -0.36542973 -1.76054239
v -0.00925673 -0.37462732 -1.84936166
v -0.02276202 -0.38242459 -1.83894157
v -0.03178598 -0.38763458 -1.82334709
v -0.03495474 -0.38946408 -1.80495191
v -0.03178598 -0.38763458 -1.78655696
v -0.02276202 -0.38242459 -1.77096248
v -0.00925673 -0.37462726 -1.76054239
v -0.00252367 -0.38136035 -1.84936166
v -0.01032094 -0.39486569 -1.83894157
v -0.01553091 -0.40388963 -1.82334709
v -0.01736044 -0.40705842 -1.80495191
v -0.01553094 -0.40388963 -1.78655696
v -0.01032094 -0.39486566 -1.77096248
v -0.00252367 -0.38136035 -1.76054239
v 0.00667389 -0.38382483 -1.84936166
v 0.00667389 -0.40983936 -1.82334709
v 0.00667389 -0.40983936 -1.78655696
v -0.21592534 -0.28867316 -1.77748692
v -0.20690137 -0.28346318 -1.79308140
v -0.20373258 -0.28163368 -1.81147635
v -0.20690140 -0.28346318 -1.82987154
v -0.21592534 -0.28867316 -1.84546602
v -0.22943068 -0.29647046 -1.85588610
v -0.22696617 -0.30566800 -1.76706684
v -0.21137163 -0.30566800 -1.77748692
v -0.20095161 -0.30566800 -1.79308140
v -0.19729260 -0.30566800 -1.81147635
v -0.20095161 -0.30566800 -1.82987154
v -0.21137163 -0.30566806 -1.84546602
v -0.22696620 -0.30566806 -1.85588610
v -0.22943068 -0.31486553 -1.76706684
v -0.21592537 -0.32266283 -1.77748692
v -0.20690137 -0.32787281 -1.79308140
v -0.20373258 -0.32970232 -1.81147635
v -0.20690137 -0.32787281 -1.82987154
v -0.21592537 -0.32266283 -1.84546602
v -0.22943068 -0.31486559 -1.85588610
v -0.23616374 -0.32159859 -1.76706684
v -0.22836643 -0.33510393 -1.77748692
v -0.22315645 -0.34412789 -1.79308140
v -0.22132695 -0.34729671 -1.81147635
v -0.22315645 -0.34412789 -1.82987154
v -0.22836643 -0.33510393 -1.84546602
v -0.23616374 -0.32159859 -1.85588610
v -0.24536127 -0.32406306 -1.76706684
v -0.24536127 -0.33965766 -1.77748692
v -0.24536127 -0.35373664 -1.81147635
v -0.24536127 -0.33965772 -1.84546602
v -0.22943068 -0.29647046 -1.76706684
v -0.23616374 -0.28973746 -1.85588610
v -0.22836643 -0.27623212 -1.84546602
v -0.22315645 -0.26720810 -1.82987154
v -0.22132695 -0.26403934 -1.81147635
v -0.22315645 -0.26720810 -1.79308140
v -0.22836643 -0.27623206 -1.77748692
v -0.23616374 -0.28973740 -1.76706684
v -0.24536127 -0.30566800 -1.85954511
v -0.24536127 -0.30566800 -1.85954511
v -0.24536127 -0.30566800 -1.85954511
v -0.24536127 -0.30566800 -1.85954511
v -0.24536127 -0.30566800 -1.85954511
v -0.24536127 -0.30566800 -1.85954511
v -0.24536127 -0.30566800 -1.85954511
v -0.24536127 -0.30566800 -1.85954511
v -0.24536127 -0.30566800 -1.85954511
v -0.24536127 -0.30566800 -1.85954511
v -0.24536127 -0.30566800 -1.85954511
v -0.24536127 -0.30566800 -1.85954511
v -0.24536127 -0.28727293 -1.85588610
v -0.24536127 -0.27167839 -1.84546602
v -0.24536127 -0.26125836 -1.82987154
v -0.24536127 -0.25759935 -1.81147635
v -0.24536127 -0.26125836 -1.79308140
v -0.24536127 -0.27167833 -1.77748692
v -0.24536127 -0.28727293 -1.76706684
v -0.25455883 -0.28973746 -1.85588610
v -0.26235613 -0.27623212 -1.84546602
v -0.26756611 -0.26720816 -1.82987154
v -0.26939562 -0.26403934 -1.81147635
v -0.26756611 -0.26720810 -1.79308140
v -0.26235613 -0.27623206 -1.77748692
v -0.25455883 -0.28973740 -1.76706684
v -0.24536127 -0.30566800 -1.76340783
v -0.24536127 -0.30566800 -1.76340783
v -0.24536127 -0.30566800 -1.76340783
v -0.24536127 -0.30566800 -1.76340783
v -0.24536127 -0.30566800 -1.76340783
v -0.24536127 -0.30566800 -1.76340783
v -0.24536127 -0.30566800 -1.76340783
v -0.24536127 -0.30566800 -1.76340783
v -0.24536127 -0.30566800 -1.76340783
v -0.24536127 -0.30566800 -1.76340783
v -0.24536127 -0.30566800 -1.76340783
v -0.24536127 -0.30566800 -1.76340783
v -0.26129189 -0.29647046 -1.85588610
v -0.27479717 -0.28867322 -1.84546602
v -0.28382114 -0.28346318 -1.82987154
v -0.28698990 -0.28163368 -1.81147635
v -0.28382114 -0.28346318 -1.79308140
v -0.27479717 -0.28867316 -1.77748692
v -0.26129189 -0.29647046 -1.76706684
v -0.26375636 -0.30566806 -1.85588610
v -0.26375636 -0.30566806 -1.85588610
v -0.27935091 -0.30566806 -1.84546602
v -0.27935091 -0.30566806 -1.84546602
v -0.28977087 -0.30566806 -1.82987154
v -0.28977087 -0.30566806 -1.82987154
v -0.29342988 -0.30566800 -1.81147635
v -0.29342988 -0.30566800 -1.81147635
v -0.28977093 -0.30566800 -1.79308140
v -0.28977093 -0.30566800 -1.79308140
v -0.27935091 -0.30566800 -1.77748692
v -0.27935091 -0.30566800 -1.77748692
v -0.26375636 -0.30566800 -1.76706684
v -0.26375636 -0.30566800 -1.76706684
v -0.26129189 -0.31486559 -1.85588610
v -0.27479717 -0.32266283 -1.84546602
v -0.28382114 -0.32787281 -1.82987154
v -0.28698990 -0.32970232 -1.81147635
v -0.28382114 -0.32787281 -1.79308140
v -0.27479717 -0.32266283 -1.77748692
v -0.26129189 -0.31486553 -1.76706684
v -0.25455883 -0.32159859 -1.85588610
v -0.26235610 -0.33510393 -1.84546602
v -0.26756608 -0.34412789 -1.82987154
v -0.26939562 -0.34729666 -1.81147635
v -0.26756611 -0.34412789 -1.79308140
v -0.26235610 -0.33510393 -1.77748692
v -0.25455883 -0.32159859 -1.76706684
v -0.24536127 -0.32406306 -1.85588610
v -0.24536127 -0.35007763 -1.82987154
v -0.24536127 -0.35007763 -1.79308140
v 0.27315384 -0.29589042 -1.79352808
v 0.28217781 -0.29068044 -1.80912256
v 0.28534663 -0.28885093 -1.82751751
v 0.28217781 -0.29068044 -1.84591269
v 0.27315384 -0.29589042 -1.86150718
v 0.25964850 -0.30368772 -1.87192726
v 0.26211303 -0.31288525 -1.78310800
v 0.27770758 -0.31288525 -1.79352808
v 0.28812760 -0.31288525 -1.80912256
v 0.29178661 -0.31288525 -1.82751751
v 0.28812760 -0.31288525 -1.84591269
v 0.27770758 -0.31288531 -1.86150718
v 0.26211298 -0.31288531 -1.87192726
v 0.25964850 -0.32208279 -1.78310800
v 0.27315384 -0.32988009 -1.79352808
v 0.28217781 -0.33509007 -1.80912256
v 0.28534663 -0.33691958 -1.82751751
v 0.28217781 -0.33509007 -1.84591269
v 0.27315384 -0.32988009 -1.86150718
v 0.25964850 -0.32208285 -1.87192726
v 0.25291544 -0.32881585 -1.78310800
v 0.26071274 -0.34232119 -1.79352808
v 0.26592273 -0.35134515 -1.80912256
v 0.26775223 -0.35451397 -1.82751751
v 0.26592273 -0.35134515 -1.84591269
v 0.26071274 -0.34232119 -1.86150718
v 0.25291544 -0.32881585 -1.87192726
v 0.24371791 -0.33128032 -1.78310800
v 0.24371791 -0.34687492 -1.79352808
v 0.24371791 -0.36095390 -1.82751751
v 0.24371791 -0.34687498 -1.86150718
v 0.25964850 -0.30368772 -1.78310800
v 0.25291544 -0.29695472 -1.87192726
v 0.26071274 -0.28344938 -1.86150718
v 0.26592273 -0.27442536 -1.84591269
v 0.26775223 -0.27125660 -1.82751751
v 0.26592273 -0.27442536 -1.80912256
v 0.26071274 -0.28344932 -1.79352808
v 0.25291544 -0.29695466 -1.78310800
v 0.24371791 -0.31288525 -1.87558627
v 0.24371791 -0.31288525 -1.87558627
v 0.24371791 -0.31288525 -1.87558627
v 0.24371791 -0.31288525 -1.87558627
v 0.24371791 -0.31288525 -1.87558627
v 0.24371791 -0.31288525 -1.87558627
v 0.24371791 -0.31288525 -1.87558627
v 0.24371791 -0.31288525 -1.87558627
v 0.24371791 -0.31288525 -1.87558627
v 0.24371791 -0.31288525 -1.87558627
v 0.24371791 -0.31288525 -1.87558627
v 0.24371791 -0.31288525 -1.87558627
v 0.24371791 -0.29449019 -1.87192726
v 0.24371791 -0.27889565 -1.86150718
v 0.24371791 -0.26847562 -1.84591269
v 0.24371791 -0.26481661 -1.82751751
v 0.24371791 -0.26847562 -1.80912256
v 0.24371791 -0.27889559 -1.79352808
v 0.24371791 -0.29449019 -1.78310800
v 0.23452038 -0.29695472 -1.87192726
v 0.22672307 -0.28344938 -1.86150718
v 0.22151308 -0.27442542 -1.84591269
v 0.21968357 -0.27125660 -1.82751751
v 0.22151308 -0.27442536 -1.80912256
v 0.22672307 -0.28344932 -1.79352808
v 0.23452038 -0.29695466 -1.78310800
v 0.24371791 -0.31288525 -1.77944899
v 0.24371791 -0.31288525 -1.77944899
v 0.24371791 -0.31288525 -1.77944899
v 0.24371791 -0.31288525 -1.77944899
v 0.24371791 -0.31288525 -1.77944899
v 0.24371791 -0.31288525 -1.77944899
v 0.24371791 -0.31288525 -1.77944899
v 0.24371791 -0.31288525 -1.77944899
v 0.24371791 -0.31288525 -1.77944899
v 0.24371791 -0.31288525 -1.77944899
v 0.24371791 -0.31288525 -1.77944899
v 0.24371791 -0.31288525 -1.77944899
v 0.22778732 -0.30368772 -1.87192726
v 0.21428202 -0.29589048 -1.86150718
v 0.20525806 -0.29068044 -1.84591269
v 0.20208929 -0.28885093 -1.82751751
v 0.20525806 -0.29068044 -1.80912256
v 0.21428202 -0.29589042 -1.79352808
v 0.22778732 -0.30368772 -1.78310800
v 0.22532284 -0.31288531 -1.87192726
v 0.22532284 -0.31288531 -1.87192726
v 0.20972829 -0.31288531 -1.86150718
v 0.20972829 -0.31288531 -1.86150718
v 0.19930832 -0.31288531 -1.84591269
v 0.19930832 -0.31288531 -1.84591269
v 0.19564931 -0.31288525 -1.82751751
v 0.19564931 -0.31288525 -1.82751751
v 0.19930826 -0.31288525 -1.80912256
v 0.19930826 -0.31288525 -1.80912256
v 0.20972829 -0.31288525 -1.79352808
v 0.20972829 -0.31288525 -1.79352808
v 0.22532284 -0.31288525 -1.78310800
v 0.22532284 -0.31288525 -1.78310800
v 0.22778732 -0.32208285 -1.87192726
v 0.21428202 -0.32988009 -1.86150718
v 0.20525806 -0.33509007 -1.84591269
v 0.20208929 -0.33691958 -1.82751751
v 0.20525806 -0.33509007 -1.80912256
v 0.21428202 -0.32988009 -1.79352808
v 0.22778732 -0.32208279 -1.78310800
v 0.23452038 -0.32881585 -1.87192726
v 0.22672307 -0.34232119 -1.86150718
v 0.22151311 -0.35134515 -1.84591269
v 0.21968357 -0.35451391 -1.82751751
v 0.22151308 -0.35134515 -1.80912256
v 0.22672307 -0.34232119 -1.79352808
v 0.23452038 -0.32881585 -1.78310800
v 0.24371791 -0.33128032 -1.87192726
v 0.24371791 -0.35729489 -1.84591269
v 0.24371791 -0.35729489 -1.80912256
v -0.80573434 -0.29750988 -0.37676394
v -0.68653995 -0.49569380 -0.37676394
v -0.45371044 -0.61288011 -0.37676394
v -0.15757199 -0.68748331 -0.37676394
v -0.82951546 0.00000007 -0.37676394
v -0.82951546 0.00000007 -0.37676394
v -0.80573434 0.29750997 -0.37676394
v -0.68653995 0.49569556 -0.37676394
v -0.45371044 0.61288029 -0.37676394
v -0.15757199 0.68748361 -0.37676394
v 0.80573434 -0.29750988 -0.37676394
v 0.68653995 -0.49569380 -0.37676394
v 0.45371044 -0.61288011 -0.37676394
v 0.15757200 -0.68748331 -0.37676394
v -0.00000000 -0.68748331 -0.37676394
v 0.82951546 0.00000007 -0.37676394
v 0.82951546 0.00000007 -0.37676394
v 0.80573434 0.29750997 -0.37676394
v 0.68653995 0.49569556 -0.37676394
v 0.45371044 0.61288029 -0.37676394
v 0.15757200 0.68748361 -0.37676394
v -0.00000000 0.68748361 -0.37676394
v -0.03588511 0.47239789 -1.34304845
v -0.03588511 0.47239789 -1.34304845
v -0.01321547 0.49142000 -1.22395766
v -0.02236022 0.51654512 -1.26075876
v -0.02236022 0.51654512 -1.30624723
v -0.01321547 0.49142000 -1.34304845
v 0.00158109 0.45076677 -1.35710526
v 0.00158109 0.45076677 -1.35710526
v 0.00158109 0.45076677 -1.35710526
v 0.00158109 0.45076677 -1.35710526
v 0.00158109 0.45076677 -1.35710526
v 0.00158109 0.45076677 -1.35710526
v 0.00158109 0.45076677 -1.35710526
v 0.00158109 0.45076677 -1.35710526
v 0.00158109 0.45076677 -1.35710526
v 0.01637761 0.49142000 -1.22395766
v -0.33678523 0.35331091 -1.39080739
v -0.31959867 0.33282873 -1.35400629
v -0.31959867 0.33282873 -1.30851769
v -0.33678526 0.35331091 -1.27171659
v 0.02552243 0.51654512 -1.26075876
v 0.02552243 0.51654512 -1.30624723
v -0.32198864 0.37893930 -1.39080739
v -0.29565740 0.37429631 -1.35400629
v -0.29565740 0.37429631 -1.30851769
v -0.32198864 0.37893930 -1.27171659
v 0.01637761 0.49142000 -1.34304845
v 0.03904726 0.47239795 -1.22395766
v -0.32712749 0.40808275 -1.39080739
v -0.30397207 0.42145151 -1.35400629
v -0.30397207 0.42145151 -1.30851769
v -0.32712749 0.40808281 -1.27171659
v 0.06220266 0.48576668 -1.26075876
v 0.06220266 0.48576668 -1.30624723
v -0.34979713 0.42710486 -1.39080739
v -0.34065232 0.45222995 -1.35400629
v -0.34065232 0.45222995 -1.30851769
v -0.34979713 0.42710486 -1.27171659
v 0.03904726 0.47239789 -1.34304845
v -0.36459365 0.38645166 -1.40486419
v -0.36459365 0.38645166 -1.40486419
v -0.36459365 0.38645166 -1.40486419
v -0.36459365 0.38645166 -1.40486419
v -0.36459365 0.38645166 -1.40486419
v -0.36459365 0.38645166 -1.40486419
v -0.36459365 0.38645166 -1.40486419
v -0.36459365 0.38645166 -1.40486419
v -0.36459365 0.38645166 -1.40486419
v -0.37939024 0.42710486 -1.39080739
v -0.38853496 0.45222995 -1.35400629
v -0.38853496 0.45222995 -1.30851769
v -0.37939024 0.42710486 -1.27171659
v 0.04418608 0.44325441 -1.22395766
v 0.07051735 0.43861148 -1.26075876
v -0.40205985 0.40808275 -1.39080739
v -0.40205985 0.40808275 -1.39080739
v -0.42521518 0.42145151 -1.35400629
v -0.42521518 0.42145151 -1.35400629
v -0.42521518 0.42145151 -1.30851769
v -0.42521518 0.42145151 -1.30851769
v -0.40205985 0.40808281 -1.27171659
v -0.40205985 0.40808281 -1.27171659
v 0.07051735 0.43861148 -1.30624723
v 0.04418608 0.44325441 -1.34304845
v -0.40719861 0.37893930 -1.39080739
v -0.43352994 0.37429631 -1.35400629
v -0.43352994 0.37429637 -1.30851769
v -0.40719861 0.37893930 -1.27171659
v -0.36459365 0.38645172 -1.25765979
v -0.36459365 0.38645172 -1.25765979
v -0.36459365 0.38645172 -1.25765979
v -0.36459365 0.38645172 -1.25765979
v -0.36459365 0.38645172 -1.25765979
v -0.36459365 0.38645172 -1.25765979
v -0.36459365 0.38645172 -1.25765979
v -0.36459365 0.38645172 -1.25765979
v -0.36459365 0.38645172 -1.25765979
v 0.02938950 0.41762602 -1.22395766
v -0.39240208 0.35331091 -1.39080739
v -0.40958863 0.33282879 -1.35400629
v -0.40958863 0.33282879 -1.30851769
v -0.39240208 0.35331091 -1.27171659
v 0.04657607 0.39714387 -1.26075876
v 0.04657607 0.39714387 -1.30624723
v -0.36459365 0.34318945 -1.39080739
v -0.36459365 0.31645194 -1.35400629
v -0.36459365 0.31645194 -1.30851769
v -0.36459365 0.34318945 -1.27171659
v 0.02938953 0.41762602 -1.34304845
v -0.05904045 0.48576668 -1.30624723
v -0.05904045 0.48576668 -1.30624723
v -0.05904045 0.48576668 -1.26075876
v -0.05904045 0.48576668 -1.26075876
v -0.03588511 0.47239795 -1.22395766
v -0.03588511 0.47239795 -1.22395766
v -0.04102388 0.44325441 -1.34304845
v -0.06735521 0.43861148 -1.30624723
v -0.06735521 0.43861154 -1.26075876
v -0.04102388 0.44325441 -1.22395766
v 0.00158109 0.45076683 -1.20990098
v 0.00158109 0.45076683 -1.20990098
v 0.00158109 0.45076683 -1.20990098
v 0.00158109 0.45076683 -1.20990098
v 0.00158109 0.45076683 -1.20990098
v 0.00158109 0.45076683 -1.20990098
v 0.00158109 0.45076683 -1.20990098
v 0.00158109 0.45076683 -1.20990098
v 0.00158109 0.45076683 -1.20990098
v -0.02622732 0.41762602 -1.34304845
v -0.04341389 0.39714393 -1.30624723
v -0.04341389 0.39714393 -1.26075876
v -0.02622732 0.41762602 -1.22395766
v 0.00158109 0.40750462 -1.34304845
v 0.00158109 0.38076708 -1.30624723
v 0.00158109 0.38076708 -1.26075876
v 0.00158109 0.40750462 -1.22395766
v 0.31979278 0.39006165 -1.39196396
v 0.31979278 0.39006165 -1.39196396
v 0.34246242 0.40908375 -1.27287328
v 0.33331770 0.43420884 -1.30967438
v 0.33331770 0.43420884 -1.35516298
v 0.34246242 0.40908375 -1.39196396
v 0.35725898 0.36843055 -1.40602088
v 0.35725898 0.36843055 -1.40602088
v 0.35725898 0.36843055 -1.40602088
v 0.35725898 0.36843055 -1.40602088
v 0.35725898 0.36843055 -1.40602088
v 0.35725898 0.36843055 -1.40602088
v 0.35725898 0.36843055 -1.40602088
v 0.35725898 0.36843055 -1.40602088
v 0.35725898 0.36843055 -1.40602088
v 0.37205553 0.40908375 -1.27287328
v 0.38120034 0.43420884 -1.30967438
v 0.38120034 0.43420884 -1.35516298
v 0.37205553 0.40908375 -1.39196396
v 0.39472517 0.39006174 -1.27287328
v 0.41788056 0.40343043 -1.30967438
v 0.41788056 0.40343043 -1.35516298
v 0.39472517 0.39006165 -1.39196396
v 0.39986399 0.36091816 -1.27287328
v 0.42619523 0.35627523 -1.30967438
v 0.42619523 0.35627523 -1.35516298
v 0.39986399 0.36091816 -1.39196396
v 0.38506740 0.33528981 -1.27287328
v 0.40225399 0.31480762 -1.30967438
v 0.40225399 0.31480762 -1.35516298
v 0.38506743 0.33528981 -1.39196396
v 0.29663748 0.40343043 -1.35516298
v 0.29663748 0.40343043 -1.35516298
v 0.29663748 0.40343043 -1.30967438
v 0.29663748 0.40343043 -1.30967438
v 0.31979278 0.39006174 -1.27287328
v 0.31979278 0.39006174 -1.27287328
v 0.31465405 0.36091816 -1.39196396
v 0.28832269 0.35627523 -1.35516298
v 0.28832269 0.35627529 -1.30967438
v 0.31465405 0.36091816 -1.27287328
v 0.35725898 0.36843061 -1.25881660
v 0.35725898 0.36843061 -1.25881660
v 0.35725898 0.36843061 -1.25881660
v 0.35725898 0.36843061 -1.25881660
v 0.35725898 0.36843061 -1.25881660
v 0.35725898 0.36843061 -1.25881660
v 0.35725898 0.36843061 -1.25881660
v 0.35725898 0.36843061 -1.25881660
v 0.35725898 0.36843061 -1.25881660
v 0.32945058 0.33528981 -1.39196396
v 0.31226400 0.31480771 -1.35516298
v 0.31226400 0.31480771 -1.30967438
v 0.32945058 0.33528981 -1.27287328
v 0.35725898 0.32516837 -1.39196396
v 0.35725898 0.29843083 -1.35516298
v 0.35725898 0.29843083 -1.30967438
v 0.35725898 0.32516837 -1.27287328
v 0.52465934 0.14971241 -1.34304845
v 0.52465934 0.14971241 -1.34304845
v 0.54732901 0.16873451 -1.22395766
v 0.53818423 0.19385958 -1.26075876
v 0.53818423 0.19385958 -1.30624723
v 0.54732901 0.16873451 -1.34304845
v 0.56212550 0.12808131 -1.35710526
v 0.56212550 0.12808131 -1.35710526
v 0.56212550 0.12808131 -1.35710526
v 0.56212550 0.12808131 -1.35710526
v 0.56212550 0.12808131 -1.35710526
v 0.56212550 0.12808131 -1.35710526
v 0.56212550 0.12808131 -1.35710526
v 0.56212550 0.12808131 -1.35710526
v 0.56212550 0.12808131 -1.35710526
v 0.57692212 0.16873451 -1.22395766
v 0.58606696 0.19385958 -1.26075876
v 0.58606696 0.19385958 -1.30624723
v 0.57692212 0.16873451 -1.34304845
v 0.59959179 0.14971247 -1.22395766
v 0.62274718 0.16308118 -1.26075876
v 0.62274718 0.16308118 -1.30624723
v 0.59959179 0.14971241 -1.34304845
v 0.60473061 0.12056892 -1.22395766
v 0.63106185 0.11592598 -1.26075876
v 0.63106185 0.11592598 -1.30624723
v 0.60473061 0.12056892 -1.34304845
v 0.58993393 0.09494055 -1.22395766
v 0.60712057 0.07445838 -1.26075876
v 0.60712057 0.07445838 -1.30624723
v 0.58993399 0.09494055 -1.34304845
v 0.50150400 0.16308118 -1.30624723
v 0.50150400 0.16308118 -1.30624723
v 0.50150400 0.16308118 -1.26075876
v 0.50150400 0.16308118 -1.26075876
v 0.52465934 0.14971247 -1.22395766
v 0.52465934 0.14971247 -1.22395766
v 0.51952058 0.12056892 -1.34304845
v 0.49318925 0.11592598 -1.30624723
v 0.49318925 0.11592603 -1.26075876
v 0.51952058 0.12056892 -1.22395766
v 0.56212550 0.12808138 -1.20990098
v 0.56212550 0.12808138 -1.20990098
v 0.56212550 0.12808138 -1.20990098
v 0.56212550 0.12808138 -1.20990098
v 0.56212550 0.12808138 -1.20990098
v 0.56212550 0.12808138 -1.20990098
v 0.56212550 0.12808138 -1.20990098
v 0.56212550 0.12808138 -1.20990098
v 0.56212550 0.12808138 -1.20990098
v 0.53431708 0.09494055 -1.34304845
v 0.51713055 0.07445844 -1.30624723
v 0.51713055 0.07445844 -1.26075876
v 0.53431708 0.09494055 -1.22395766
v 0.56212550 0.08481912 -1.34304845
v 0.56212550 0.05808157 -1.30624723
v 0.56212550 0.05808157 -1.26075876
v 0.56212550 0.08481912 -1.22395766
v 0.52881664 -0.16646248 -1.34304845
v 0.52881664 -0.16646248 -1.34304845
v 0.55148625 -0.14744034 -1.22395766
v 0.54234147 -0.12231530 -1.26075876
v 0.54234147 -0.12231530 -1.30624723
v 0.55148625 -0.14744034 -1.34304845
v 0.56628275 -0.18809356 -1.35710526
v 0.56628275 -0.18809356 -1.35710526
v 0.56628275 -0.18809356 -1.35710526
v 0.56628275 -0.18809356 -1.35710526
v 0.56628275 -0.18809356 -1.35710526
v 0.56628275 -0.18809356 -1.35710526
v 0.56628275 -0.18809356 -1.35710526
v 0.56628275 -0.18809356 -1.35710526
v 0.56628275 -0.18809356 -1.35710526
v 0.58107936 -0.14744034 -1.22395766
v 0.59022421 -0.12231530 -1.26075876
v 0.59022421 -0.12231530 -1.30624723
v 0.58107936 -0.14744034 -1.34304845
v 0.60374904 -0.16646242 -1.22395766
v 0.62690443 -0.15309371 -1.26075876
v 0.62690443 -0.15309371 -1.30624723
v 0.60374904 -0.16646248 -1.34304845
v 0.60888785 -0.19560593 -1.22395766
v 0.63521910 -0.20024891 -1.26075876
v 0.63521910 -0.20024891 -1.30624723
v 0.60888785 -0.19560593 -1.34304845
v 0.59409118 -0.22123432 -1.22395766
v 0.61127782 -0.24171650 -1.26075876
v 0.61127782 -0.24171650 -1.30624723
v 0.59409124 -0.22123432 -1.34304845
v 0.50566131 -0.15309371 -1.30624723
v 0.50566131 -0.15309371 -1.30624723
v 0.50566131 -0.15309371 -1.26075876
v 0.50566131 -0.15309371 -1.26075876
v 0.52881664 -0.16646242 -1.22395766
v 0.52881664 -0.16646242 -1.22395766
v 0.52367789 -0.19560593 -1.34304845
v 0.49734655 -0.20024891 -1.30624723
v 0.49734655 -0.20024885 -1.26075876
v 0.52367789 -0.19560593 -1.22395766
v 0.56628275 -0.18809350 -1.20990098
v 0.56628275 -0.18809350 -1.20990098
v 0.56628275 -0.18809350 -1.20990098
v 0.56628275 -0.18809350 -1.20990098
v 0.56628275 -0.18809350 -1.20990098
v 0.56628275 -0.18809350 -1.20990098
v 0.56628275 -0.18809350 -1.20990098
v 0.56628275 -0.18809350 -1.20990098
v 0.56628275 -0.18809350 -1.20990098
v 0.53847444 -0.22123432 -1.34304845
v 0.52128786 -0.24171644 -1.30624723
v 0.52128786 -0.24171644 -1.26075876
v 0.53847444 -0.22123432 -1.22395766
v 0.56628275 -0.23135576 -1.34304845
v 0.56628275 -0.25809327 -1.30624723
v 0.56628275 -0.25809327 -1.26075876
v 0.56628275 -0.23135576 -1.22395766
v 0.30875731 -0.38208818 -1.33233047
v 0.30875731 -0.38208818 -1.33233047
v 0.33142692 -0.36306608 -1.21323979
v 0.32228217 -0.33794102 -1.25004077
v 0.32228217 -0.33794102 -1.29552937
v 0.33142692 -0.36306608 -1.33233047
v 0.34622350 -0.40371928 -1.34638739
v 0.34622350 -0.40371928 -1.34638739
v 0.34622350 -0.40371928 -1.34638739
v 0.34622350 -0.40371928 -1.34638739
v 0.34622350 -0.40371928 -1.34638739
v 0.34622350 -0.40371928 -1.34638739
v 0.34622350 -0.40371928 -1.34638739
v 0.34622350 -0.40371928 -1.34638739
v 0.34622350 -0.40371928 -1.34638739
v 0.36102003 -0.36306608 -1.21323979
v 0.37016484 -0.33794102 -1.25004077
v 0.37016484 -0.33794102 -1.29552937
v 0.36102003 -0.36306608 -1.33233047
v 0.38368970 -0.38208812 -1.21323979
v 0.40684506 -0.36871940 -1.25004077
v 0.40684506 -0.36871940 -1.29552937
v 0.38368970 -0.38208818 -1.33233047
v 0.38882852 -0.41123164 -1.21323979
v 0.41515982 -0.41587460 -1.25004077
v 0.41515982 -0.41587460 -1.29552937
v 0.38882852 -0.41123164 -1.33233047
v 0.37403187 -0.43686002 -1.21323979
v 0.39121848 -0.45734221 -1.25004077
v 0.39121848 -0.45734221 -1.29552937
v 0.37403193 -0.43686002 -1.33233047
v 0.28560197 -0.36871940 -1.29552937
v 0.28560197 -0.36871940 -1.29552937
v 0.28560197 -0.36871940 -1.25004077
v 0.28560197 -0.36871940 -1.25004077
v 0.30875731 -0.38208812 -1.21323979
v 0.30875731 -0.38208812 -1.21323979
v 0.30361855 -0.41123164 -1.33233047
v 0.27728721 -0.41587460 -1.29552937
v 0.27728721 -0.41587454 -1.25004077
v 0.30361855 -0.41123164 -1.21323979
v 0.34622350 -0.40371922 -1.19918311
v 0.34622350 -0.40371922 -1.19918311
v 0.34622350 -0.40371922 -1.19918311
v 0.34622350 -0.40371922 -1.19918311
v 0.34622350 -0.40371922 -1.19918311
v 0.34622350 -0.40371922 -1.19918311
v 0.34622350 -0.40371922 -1.19918311
v 0.34622350 -0.40371922 -1.19918311
v 0.34622350 -0.40371922 -1.19918311
v 0.31841508 -0.43686002 -1.33233047
v 0.30122852 -0.45734215 -1.29552937
v 0.30122852 -0.45734215 -1.25004077
v 0.31841508 -0.43686002 -1.21323979
v 0.34622350 -0.44698146 -1.33233047
v 0.34622350 -0.47371900 -1.29552937
v 0.34622350 -0.47371900 -1.25004077
v 0.34622350 -0.44698146 -1.21323979
v -0.01746388 -0.44866851 -1.30025423
v -0.01746388 -0.44866851 -1.30025423
v 0.00520574 -0.42964640 -1.18116343
v -0.00393902 -0.40452132 -1.21796465
v -0.00393902 -0.40452132 -1.26345313
v 0.00520574 -0.42964640 -1.30025423
v 0.02000229 -0.47029957 -1.31431103
v 0.02000229 -0.47029957 -1.31431103
v 0.02000229 -0.47029957 -1.31431103
v 0.02000229 -0.47029957 -1.31431103
v 0.02000229 -0.47029957 -1.31431103
v 0.02000229 -0.47029957 -1.31431103
v 0.02000229 -0.47029957 -1.31431103
v 0.02000229 -0.47029957 -1.31431103
v 0.02000229 -0.47029957 -1.31431103
v 0.03479885 -0.42964640 -1.18116343
v 0.04394367 -0.40452132 -1.21796465
v 0.04394367 -0.40452132 -1.26345313
v 0.03479885 -0.42964640 -1.30025423
v 0.05746852 -0.44866845 -1.18116343
v 0.08062389 -0.43529972 -1.21796465
v 0.08062389 -0.43529972 -1.26345313
v 0.05746852 -0.44866851 -1.30025423
v 0.06260732 -0.47781199 -1.18116343
v 0.08893862 -0.48245493 -1.21796465
v 0.08893862 -0.48245493 -1.26345313
v 0.06260732 -0.47781199 -1.30025423
v 0.04781070 -0.50344032 -1.18116343
v 0.06499730 -0.52392250 -1.21796465
v 0.06499730 -0.52392250 -1.26345313
v 0.04781076 -0.50344032 -1.30025423
v -0.04061922 -0.43529972 -1.26345313
v -0.04061922 -0.43529972 -1.26345313
v -0.04061922 -0.43529972 -1.21796465
v -0.04061922 -0.43529972 -1.21796465
v -0.01746388 -0.44866845 -1.18116343
v -0.01746388 -0.44866845 -1.18116343
v -0.02260264 -0.47781199 -1.30025423
v -0.04893397 -0.48245493 -1.26345313
v -0.04893397 -0.48245487 -1.21796465
v -0.02260264 -0.47781199 -1.18116343
v 0.02000229 -0.47029951 -1.16710675
v 0.02000229 -0.47029951 -1.16710675
v 0.02000229 -0.47029951 -1.16710675
v 0.02000229 -0.47029951 -1.16710675
v 0.02000229 -0.47029951 -1.16710675
v 0.02000229 -0.47029951 -1.16710675
v 0.02000229 -0.47029951 -1.16710675
v 0.02000229 -0.47029951 -1.16710675
v 0.02000229 -0.47029951 -1.16710675
v -0.00780612 -0.50344032 -1.30025423
v -0.02499266 -0.52392244 -1.26345313
v -0.02499266 -0.52392244 -1.21796465
v -0.00780612 -0.50344032 -1.18116343
v 0.02000229 -0.51356173 -1.30025423
v 0.02000229 -0.54029936 -1.26345313
v 0.02000229 -0.54029936 -1.21796465
v 0.02000229 -0.51356173 -1.18116343
v -0.37629306 -0.38496464 -1.32511187
v -0.37629306 -0.38496464 -1.32511187
v -0.35362345 -0.36594254 -1.20602107
v -0.36276823 -0.34081748 -1.24282217
v -0.36276823 -0.34081748 -1.28831065
v -0.35362345 -0.36594254 -1.32511187
v -0.33882689 -0.40659574 -1.33916867
v -0.33882689 -0.40659574 -1.33916867
v -0.33882689 -0.40659574 -1.33916867
v -0.33882689 -0.40659574 -1.33916867
v -0.33882689 -0.40659574 -1.33916867
v -0.33882689 -0.40659574 -1.33916867
v -0.33882689 -0.40659574 -1.33916867
v -0.33882689 -0.40659574 -1.33916867
v -0.33882689 -0.40659574 -1.33916867
v -0.32403037 -0.36594254 -1.20602107
v -0.31488553 -0.34081748 -1.24282217
v -0.31488553 -0.34081748 -1.28831065
v -0.32403037 -0.36594254 -1.32511187
v -0.30136067 -0.38496459 -1.20602107
v -0.27820531 -0.37159589 -1.24282217
v -0.27820531 -0.37159589 -1.28831065
v -0.30136067 -0.38496464 -1.32511187
v -0.29622188 -0.41410813 -1.20602107
v -0.26989058 -0.41875109 -1.24282217
v -0.26989058 -0.41875109 -1.28831065
v -0.29622188 -0.41410813 -1.32511187
v -0.31101850 -0.43973649 -1.20602107
v -0.29383191 -0.46021867 -1.24282217
v -0.29383191 -0.46021867 -1.28831065
v -0.31101841 -0.43973649 -1.32511187
v -0.39944842 -0.37159589 -1.28831065
v -0.39944842 -0.37159589 -1.28831065
v -0.39944842 -0.37159589 -1.24282217
v -0.39944842 -0.37159589 -1.24282217
v -0.37629306 -0.38496459 -1.20602107
v -0.37629306 -0.38496459 -1.20602107
v -0.38143185 -0.41410813 -1.32511187
v -0.40776315 -0.41875109 -1.28831065
v -0.40776315 -0.41875100 -1.24282217
v -0.38143185 -0.41410813 -1.20602107
v -0.33882689 -0.40659568 -1.19196439
v -0.33882689 -0.40659568 -1.19196439
v -0.33882689 -0.40659568 -1.19196439
v -0.33882689 -0.40659568 -1.19196439
v -0.33882689 -0.40659568 -1.19196439
v -0.33882689 -0.40659568 -1.19196439
v -0.33882689 -0.40659568 -1.19196439
v -0.33882689 -0.40659568 -1.19196439
v -0.33882689 -0.40659568 -1.19196439
v -0.36663529 -0.43973649 -1.32511187
v -0.38382185 -0.46021861 -1.28831065
v -0.38382185 -0.46021861 -1.24282217
v -0.36663529 -0.43973649 -1.20602107
v -0.33882689 -0.44985792 -1.32511187
v -0.33882689 -0.47659546 -1.28831065
v -0.33882689 -0.47659546 -1.24282217
v -0.33882689 -0.44985792 -1.20602107
v -0.60082090 -0.13212147 -1.32511187
v -0.60082090 -0.13212147 -1.32511187
v -0.57815129 -0.11309937 -1.20602107
v -0.58729607 -0.08797430 -1.24282217
v -0.58729607 -0.08797430 -1.28831065
v -0.57815129 -0.11309937 -1.32511187
v -0.56335467 -0.15375260 -1.33916867
v -0.56335467 -0.15375260 -1.33916867
v -0.56335467 -0.15375260 -1.33916867
v -0.56335467 -0.15375260 -1.33916867
v -0.56335467 -0.15375260 -1.33916867
v -0.56335467 -0.15375260 -1.33916867
v -0.56335467 -0.15375260 -1.33916867
v -0.56335467 -0.15375260 -1.33916867
v -0.56335467 -0.15375260 -1.33916867
v -0.54855818 -0.11309937 -1.20602107
v -0.53941333 -0.08797430 -1.24282217
v -0.53941333 -0.08797430 -1.28831065
v -0.54855818 -0.11309937 -1.32511187
v -0.52588844 -0.13212141 -1.20602107
v -0.50273311 -0.11875270 -1.24282217
v -0.50273311 -0.11875270 -1.28831065
v -0.52588844 -0.13212147 -1.32511187
v -0.52074963 -0.16126496 -1.20602107
v -0.49441835 -0.16590790 -1.24282217
v -0.49441835 -0.16590790 -1.28831065
v -0.52074963 -0.16126496 -1.32511187
v -0.53554630 -0.18689334 -1.20602107
v -0.51835966 -0.20737553 -1.24282217
v -0.51835966 -0.20737553 -1.28831065
v -0.53554624 -0.18689334 -1.32511187
v -0.62397629 -0.11875270 -1.28831065
v -0.62397629 -0.11875270 -1.28831065
v -0.62397629 -0.11875270 -1.24282217
v -0.62397629 -0.11875270 -1.24282217
v -0.60082090 -0.13212141 -1.20602107
v -0.60082090 -0.13212141 -1.20602107
v -0.60595965 -0.16126496 -1.32511187
v -0.63229096 -0.16590790 -1.28831065
v -0.63229096 -0.16590784 -1.24282217
v -0.60595965 -0.16126496 -1.20602107
v -0.56335467 -0.15375252 -1.19196439
v -0.56335467 -0.15375252 -1.19196439
v -0.56335467 -0.15375252 -1.19196439
v -0.56335467 -0.15375252 -1.19196439
v -0.56335467 -0.15375252 -1.19196439
v -0.56335467 -0.15375252 -1.19196439
v -0.56335467 -0.15375252 -1.19196439
v -0.56335467 -0.15375252 -1.19196439
v -0.56335467 -0.15375252 -1.19196439
v -0.59116310 -0.18689334 -1.32511187
v -0.60834968 -0.20737547 -1.28831065
v -0.60834968 -0.20737547 -1.24282217
v -0.59116310 -0.18689334 -1.20602107
v -0.56335467 -0.19701479 -1.32511187
v -0.56335467 -0.22375230 -1.28831065
v -0.56335467 -0.22375230 -1.24282217
v -0.56335467 -0.19701479 -1.20602107
v -0.60082090 0.19527327 -1.32511187
v -0.60082090 0.19527327 -1.32511187
v -0.57815129 0.21429536 -1.20602107
v -0.58729607 0.23942044 -1.24282217
v -0.58729607 0.23942044 -1.28831065
v -0.57815129 0.21429536 -1.32511187
v -0.56335467 0.17364217 -1.33916867
v -0.56335467 0.17364217 -1.33916867
v -0.56335467 0.17364217 -1.33916867
v -0.56335467 0.17364217 -1.33916867
v -0.56335467 0.17364217 -1.33916867
v -0.56335467 0.17364217 -1.33916867
v -0.56335467 0.17364217 -1.33916867
v -0.56335467 0.17364217 -1.33916867
v -0.56335467 0.17364217 -1.33916867
v -0.54855818 0.21429536 -1.20602107
v -0.53941333 0.23942044 -1.24282217
v -0.53941333 0.23942044 -1.28831065
v -0.54855818 0.21429536 -1.32511187
v -0.52588844 0.19527332 -1.20602107
v -0.50273311 0.20864204 -1.24282217
v -0.50273311 0.20864204 -1.28831065
v -0.52588844 0.19527327 -1.32511187
v -0.52074963 0.16612978 -1.20602107
v -0.49441835 0.16148683 -1.24282217
v -0.49441835 0.16148683 -1.28831065
v -0.52074963 0.16612978 -1.32511187
v -0.53554630 0.14050142 -1.20602107
v -0.51835966 0.12001925 -1.24282217
v -0.51835966 0.12001925 -1.28831065
v -0.53554624 0.14050142 -1.32511187
v -0.62397629 0.20864204 -1.28831065
v -0.62397629 0.20864204 -1.28831065
v -0.62397629 0.20864204 -1.24282217
v -0.62397629 0.20864204 -1.24282217
v -0.60082090 0.19527332 -1.20602107
v -0.60082090 0.19527332 -1.20602107
v -0.60595965 0.16612978 -1.32511187
v -0.63229096 0.16148683 -1.28831065
v -0.63229096 0.16148689 -1.24282217
v -0.60595965 0.16612978 -1.20602107
v -0.56335467 0.17364225 -1.19196439
v -0.56335467 0.17364225 -1.19196439
v -0.56335467 0.17364225 -1.19196439
v -0.56335467 0.17364225 -1.19196439
v -0.56335467 0.17364225 -1.19196439
v -0.56335467 0.17364225 -1.19196439
v -0.56335467 0.17364225 -1.19196439
v -0.56335467 0.17364225 -1.19196439
v -0.56335467 0.17364225 -1.19196439
v -0.59116310 0.14050142 -1.32511187
v -0.60834968 0.12001932 -1.28831065
v -0.60834968 0.12001932 -1.24282217
v -0.59116310 0.14050142 -1.20602107
v -0.56335467 0.13037999 -1.32511187
v -0.56335467 0.10364246 -1.28831065
v -0.56335467 0.10364246 -1.24282217
v -0.56335467 0.13037999 -1.20602107
v 0.36402023 0.52279562 -0.98894125
v 0.36402023 0.52279562 -0.98894125
v 0.39383215 0.54781079 -0.83232993
v 0.38180625 0.58085179 -0.88072550
v 0.38180625 0.58085179 -0.94054568
v 0.39383215 0.54781079 -0.98894125
v 0.41329050 0.49434945 -1.00742686
v 0.41329050 0.49434945 -1.00742686
v 0.41329050 0.49434945 -1.00742686
v 0.41329050 0.49434945 -1.00742686
v 0.41329050 0.49434945 -1.00742686
v 0.41329050 0.49434945 -1.00742686
v 0.41329050 0.49434945 -1.00742686
v 0.41329050 0.49434945 -1.00742686
v 0.41329050 0.49434945 -1.00742686
v 0.43274879 0.54781079 -0.83232993
v 0.44477478 0.58085179 -0.88072550
v 0.44477478 0.58085179 -0.94054568
v 0.43274879 0.54781079 -0.98894125
v 0.46256074 0.52279574 -0.83232993
v 0.49301144 0.54037637 -0.88072550
v 0.49301144 0.54037637 -0.94054568
v 0.46256074 0.52279562 -0.98894125
v 0.46931860 0.48447025 -0.83232993
v 0.50394577 0.47836447 -0.88072550
v 0.50394577 0.47836447 -0.94054568
v 0.46931860 0.48447025 -0.98894125
v 0.44986022 0.45076740 -0.83232993
v 0.47246155 0.42383212 -0.88072550
v 0.47246155 0.42383212 -0.94054568
v 0.44986024 0.45076740 -0.98894125
v 0.33356959 0.54037637 -0.94054568
v 0.33356959 0.54037637 -0.94054568
v 0.33356959 0.54037637 -0.88072550
v 0.33356959 0.54037637 -0.88072550
v 0.36402023 0.52279574 -0.83232993
v 0.36402023 0.52279574 -0.83232993
v 0.35726246 0.48447025 -0.98894125
v 0.32263520 0.47836447 -0.94054568
v 0.32263520 0.47836456 -0.88072550
v 0.35726246 0.48447025 -0.83232993
v 0.41329050 0.49434954 -0.81384450
v 0.41329050 0.49434954 -0.81384450
v 0.41329050 0.49434954 -0.81384450
v 0.41329050 0.49434954 -0.81384450
v 0.41329050 0.49434954 -0.81384450
v 0.41329050 0.49434954 -0.81384450
v 0.41329050 0.49434954 -0.81384450
v 0.41329050 0.49434954 -0.81384450
v 0.41329050 0.49434954 -0.81384450
v 0.37672079 0.45076740 -0.98894125
v 0.35411945 0.42383221 -0.94054568
v 0.35411945 0.42383221 -0.88072550
v 0.37672079 0.45076740 -0.83232993
v 0.41329050 0.43745711 -0.98894125
v 0.41329050 0.40229568 -0.94054568
v 0.41329050 0.40229568 -0.88072550
v 0.41329050 0.43745711 -0.83232993
v -0.05400035 0.56630290 -0.97357005
v -0.05400035 0.56630290 -0.97357005
v -0.02418843 0.59131801 -0.81695873
v -0.03621432 0.62435901 -0.86535430
v -0.03621432 0.62435901 -0.92517447
v -0.02418843 0.59131801 -0.97357005
v -0.00473008 0.53785670 -0.99205565
v -0.00473008 0.53785670 -0.99205565
v -0.00473008 0.53785670 -0.99205565
v -0.00473008 0.53785670 -0.99205565
v -0.00473008 0.53785670 -0.99205565
v -0.00473008 0.53785670 -0.99205565
v -0.00473008 0.53785670 -0.99205565
v -0.00473008 0.53785670 -0.99205565
v -0.00473008 0.53785670 -0.99205565
v 0.01472822 0.59131801 -0.81695873
v 0.02675420 0.62435901 -0.86535430
v 0.02675420 0.62435901 -0.92517447
v 0.01472822 0.59131801 -0.97357005
v 0.04454017 0.56630301 -0.81695873
v 0.07499087 0.58388364 -0.86535430
v 0.07499087 0.58388364 -0.92517447
v 0.04454017 0.56630290 -0.97357005
v 0.05129802 0.52797747 -0.81695873
v 0.08592519 0.52187169 -0.86535430
v 0.08592519 0.52187169 -0.92517447
v 0.05129802 0.52797747 -0.97357005
v 0.03183964 0.49427465 -0.81695873
v 0.05444098 0.46733937 -0.86535430
v 0.05444098 0.46733937 -0.92517447
v 0.03183967 0.49427465 -0.97357005
v -0.08445099 0.58388364 -0.92517447
v -0.08445099 0.58388364 -0.92517447
v -0.08445099 0.58388364 -0.86535430
v -0.08445099 0.58388364 -0.86535430
v -0.05400035 0.56630301 -0.81695873
v -0.05400035 0.56630301 -0.81695873
v -0.06075811 0.52797747 -0.97357005
v -0.09538537 0.52187169 -0.92517447
v -0.09538537 0.52187181 -0.86535430
v -0.06075811 0.52797747 -0.81695873
v -0.00473008 0.53785682 -0.79847330
v -0.00473008 0.53785682 -0.79847330
v -0.00473008 0.53785682 -0.79847330
v -0.00473008 0.53785682 -0.79847330
v -0.00473008 0.53785682 -0.79847330
v -0.00473008 0.53785682 -0.79847330
v -0.00473008 0.53785682 -0.79847330
v -0.00473008 0.53785682 -0.79847330
v -0.00473008 0.53785682 -0.79847330
v -0.04129979 0.49427465 -0.97357005
v -0.06390113 0.46733946 -0.92517447
v -0.06390113 0.46733946 -0.86535430
v -0.04129979 0.49427465 -0.81695873
v -0.00473008 0.48096436 -0.97357005
v -0.00473008 0.44580293 -0.92517447
v -0.00473008 0.44580293 -0.86535430
v -0.00473008 0.48096436 -0.81695873
v -0.56149292 0.51017725 -0.99197346
v -0.56149292 0.51017725 -0.99197346
v -0.53168106 0.53519237 -0.83536214
v -0.54370689 0.56823337 -0.88375771
v -0.54370689 0.56823337 -0.94357789
v -0.53168106 0.53519237 -0.99197346
v -0.51222265 0.48173106 -1.01045907
v -0.51222265 0.48173106 -1.01045907
v -0.51222265 0.48173106 -1.01045907
v -0.51222265 0.48173106 -1.01045907
v -0.51222265 0.48173106 -1.01045907
v -0.51222265 0.48173106 -1.01045907
v -0.51222265 0.48173106 -1.01045907
v -0.51222265 0.48173106 -1.01045907
v -0.51222265 0.48173106 -1.01045907
v -0.49276435 0.53519237 -0.83536214
v -0.48073840 0.56823337 -0.88375771
v -0.48073840 0.56823337 -0.94357789
v -0.49276435 0.53519237 -0.99197346
v -0.46295244 0.51017737 -0.83536214
v -0.43250173 0.52775800 -0.88375771
v -0.43250173 0.52775800 -0.94357789
v -0.46295244 0.51017725 -0.99197346
v -0.45619458 0.47185183 -0.83536214
v -0.42156738 0.46574605 -0.88375771
v -0.42156738 0.46574605 -0.94357789
v -0.45619458 0.47185183 -0.99197346
v -0.47565293 0.43814898 -0.83536214
v -0.45305163 0.41121370 -0.88375771
v -0.45305163 0.41121370 -0.94357789
v -0.47565293 0.43814898 -0.99197346
v -0.59194362 0.52775800 -0.94357789
v -0.59194362 0.52775800 -0.94357789
v -0.59194362 0.52775800 -0.88375771
v -0.59194362 0.52775800 -0.88375771
v -0.56149292 0.51017737 -0.83536214
v -0.56149292 0.51017737 -0.83536214
v -0.56825072 0.47185183 -0.99197346
v -0.60287797 0.46574605 -0.94357789
v -0.60287797 0.46574616 -0.88375771
v -0.56825072 0.47185183 -0.83536214
v -0.51222265 0.48173118 -0.81687671
v -0.51222265 0.48173118 -0.81687671
v -0.51222265 0.48173118 -0.81687671
v -0.51222265 0.48173118 -0.81687671
v -0.51222265 0.48173118 -0.81687671
v -0.51222265 0.48173118 -0.81687671
v -0.51222265 0.48173118 -0.81687671
v -0.51222265 0.48173118 -0.81687671
v -0.51222265 0.48173118 -0.81687671
v -0.54879236 0.43814898 -0.99197346
v -0.57139373 0.41121382 -0.94357789
v -0.57139373 0.41121382 -0.88375771
v -0.54879236 0.43814898 -0.83536214
v -0.51222265 0.42483872 -0.99197346
v -0.51222265 0.38967729 -0.94357789
v -0.51222265 0.38967729 -0.88375771
v -0.51222265 0.42483872 -0.83536214
v -0.72012341 0.25236344 -1.00295508
v -0.72012341 0.25236344 -1.00295508
v -0.69031155 0.27737856 -0.84634376
v -0.70233738 0.31041956 -0.89473933
v -0.70233738 0.31041956 -0.95455950
v -0.69031155 0.27737856 -1.00295508
v -0.67085314 0.22391725 -1.02144063
v -0.67085314 0.22391725 -1.02144063
v -0.67085314 0.22391725 -1.02144063
v -0.67085314 0.22391725 -1.02144063
v -0.67085314 0.22391725 -1.02144063
v -0.67085314 0.22391725 -1.02144063
v -0.67085314 0.22391725 -1.02144063
v -0.67085314 0.22391725 -1.02144063
v -0.67085314 0.22391725 -1.02144063
v -0.65139484 0.27737856 -0.84634376
v -0.63936889 0.31041956 -0.89473933
v -0.63936889 0.31041956 -0.95455950
v -0.65139484 0.27737856 -1.00295508
v -0.62158293 0.25236356 -0.84634376
v -0.59113222 0.26994419 -0.89473933
v -0.59113222 0.26994419 -0.95455950
v -0.62158293 0.25236344 -1.00295508
v -0.61482507 0.21403801 -0.84634376
v -0.58019787 0.20793223 -0.89473933
v -0.58019787 0.20793223 -0.95455950
v -0.61482507 0.21403801 -1.00295508
v -0.63428342 0.18033516 -0.84634376
v -0.61168212 0.15339988 -0.89473933
v -0.61168212 0.15339988 -0.95455950
v -0.63428342 0.18033516 -1.00295508
v -0.75057411 0.26994419 -0.95455950
v -0.75057411 0.26994419 -0.95455950
v -0.75057411 0.26994419 -0.89473933
v -0.75057411 0.26994419 -0.89473933
v -0.72012341 0.25236356 -0.84634376
v -0.72012341 0.25236356 -0.84634376
v -0.72688121 0.21403801 -1.00295508
v -0.76150846 0.20793223 -0.95455950
v -0.76150846 0.20793235 -0.89473933
v -0.72688121 0.21403801 -0.84634376
v -0.67085314 0.22391737 -0.82785833
v -0.67085314 0.22391737 -0.82785833
v -0.67085314 0.22391737 -0.82785833
v -0.67085314 0.22391737 -0.82785833
v -0.67085314 0.22391737 -0.82785833
v -0.67085314 0.22391737 -0.82785833
v -0.67085314 0.22391737 -0.82785833
v -0.67085314 0.22391737 -0.82785833
v -0.67085314 0.22391737 -0.82785833
v -0.70742285 0.18033516 -1.00295508
v -0.73002422 0.15340000 -0.95455950
v -0.73002422 0.15340000 -0.89473933
v -0.70742285 0.18033516 -0.84634376
v -0.67085314 0.16702491 -1.00295508
v -0.67085314 0.13186347 -0.95455950
v -0.67085314 0.13186347 -0.89473933
v -0.67085314 0.16702491 -0.84634376
v -0.73099172 -0.18146220 -1.00295496
v -0.73099172 -0.18146220 -1.00295496
v -0.73099172 -0.18146220 -1.00295496
v -0.73099172 -0.18146220 -1.00295496
v -0.70117986 -0.15644708 -0.84634370
v -0.71320570 -0.12340609 -0.89473927
v -0.71320570 -0.12340609 -0.95455945
v -0.70117986 -0.15644708 -1.00295496
v -0.70117986 -0.15644708 -1.00295496
v -0.70117986 -0.15644708 -1.00295496
v -0.68172145 -0.20990840 -1.02144051
v -0.68172145 -0.20990840 -1.02144051
v -0.68172145 -0.20990840 -1.02144051
v -0.68172145 -0.20990840 -1.02144051
v -0.68172145 -0.20990840 -1.02144051
v -0.68172145 -0.20990840 -1.02144051
v -0.68172145 -0.20990840 -1.02144051
v -0.68172145 -0.20990840 -1.02144051
v -0.68172145 -0.20990840 -1.02144051
v -0.66226315 -0.15644708 -0.84634370
v -0.65023720 -0.12340609 -0.89473927
v -0.65023720 -0.12340609 -0.95455945
v -0.66226315 -0.15644708 -1.00295496
v -0.66226315 -0.15644708 -1.00295496
v -0.66226315 -0.15644708 -1.00295496
v -0.63245118 -0.18146208 -0.84634370
v -0.60200047 -0.16388145 -0.89473927
v -0.60200047 -0.16388145 -0.95455945
v -0.63245118 -0.18146220 -1.00295496
v -0.63245118 -0.18146220 -1.00295496
v -0.63245118 -0.18146220 -1.00295496
v -0.62569332 -0.21978763 -0.84634370
v -0.59106612 -0.22589341 -0.89473927
v -0.59106612 -0.22589341 -0.95455945
v -0.62569332 -0.21978763 -1.00295496
v -0.62569332 -0.21978763 -1.00295496
v -0.62569332 -0.21978763 -1.00295496
v -0.64515173 -0.25349048 -0.84634370
v -0.62255037 -0.28042576 -0.89473927
v -0.62255037 -0.28042576 -0.95455945
v -0.64515173 -0.25349048 -1.00295496
v -0.64515173 -0.25349048 -1.00295496
v -0.64515173 -0.25349048 -1.00295496
v -0.76144242 -0.16388145 -0.95455945
v -0.76144242 -0.16388145 -0.95455945
v -0.76144242 -0.16388145 -0.89473927
v -0.76144242 -0.16388145 -0.89473927
v -0.73099172 -0.18146208 -0.84634370
v -0.73099172 -0.18146208 -0.84634370
v -0.73774946 -0.21978763 -1.00295496
v -0.73774946 -0.21978763 -1.00295496
v -0.73774946 -0.21978763 -1.00295496
v -0.77237678 -0.22589341 -0.95455945
v -0.77237678 -0.22589329 -0.89473927
v -0.73774946 -0.21978763 -0.84634370
v -0.68172145 -0.20990828 -0.82785827
v -0.68172145 -0.20990828 -0.82785827
v -0.68172145 -0.20990828 -0.82785827
v -0.68172145 -0.20990828 -0.82785827
v -0.68172145 -0.20990828 -0.82785827
v -0.68172145 -0.20990828 -0.82785827
v -0.68172145 -0.20990828 -0.82785827
v -0.68172145 -0.20990828 -0.82785827
v -0.68172145 -0.20990828 -0.82785827
v -0.71829116 -0.25349048 -1.00295496
v -0.71829116 -0.25349048 -1.00295496
v -0.71829116 -0.25349048 -1.00295496
v -0.74089253 -0.28042564 -0.95455945
v -0.74089253 -0.28042564 -0.89473927
v -0.71829116 -0.25349048 -0.84634370
v -0.68172145 -0.26680073 -1.00295496
v -0.68172145 -0.26680073 -1.00295496
v -0.68172145 -0.26680073 -1.00295496
v -0.68172145 -0.30196217 -0.95455945
v -0.68172145 -0.30196217 -0.89473927
v -0.68172145 -0.26680073 -0.84634370
v -0.44369736 -0.48847401 -0.97812259
v -0.44369736 -0.48847401 -0.97812259
v -0.44369736 -0.48847401 -0.97812259
v -0.44369736 -0.48847401 -0.97812259
v -0.41388550 -0.46345890 -0.82151127
v -0.42591134 -0.43041790 -0.86990684
v -0.42591134 -0.43041790 -0.92972702
v -0.41388550 -0.46345890 -0.97812259
v -0.41388550 -0.46345890 -0.97812259
v -0.41388550 -0.46345890 -0.97812259
v -0.39442709 -0.51692021 -0.99660814
v -0.39442709 -0.51692021 -0.99660814
v -0.39442709 -0.51692021 -0.99660814
v -0.39442709 -0.51692021 -0.99660814
v -0.39442709 -0.51692021 -0.99660814
v -0.39442709 -0.51692021 -0.99660814
v -0.39442709 -0.51692021 -0.99660814
v -0.39442709 -0.51692021 -0.99660814
v -0.39442709 -0.51692021 -0.99660814
v -0.37496880 -0.46345890 -0.82151127
v -0.36294284 -0.43041790 -0.86990684
v -0.36294284 -0.43041790 -0.92972702
v -0.37496880 -0.46345890 -0.97812259
v -0.37496880 -0.46345890 -0.97812259
v -0.37496880 -0.46345890 -0.97812259
v -0.34515682 -0.48847389 -0.82151127
v -0.31470612 -0.47089326 -0.86990684
v -0.31470612 -0.47089326 -0.92972702
v -0.34515682 -0.48847401 -0.97812259
v -0.34515682 -0.48847401 -0.97812259
v -0.34515682 -0.48847401 -0.97812259
v -0.33839896 -0.52679944 -0.82151127
v -0.30377176 -0.53290522 -0.86990684
v -0.30377176 -0.53290522 -0.92972702
v -0.33839896 -0.52679944 -0.97812259
v -0.33839896 -0.52679944 -0.97812259
v -0.33839896 -0.52679944 -0.97812259
v -0.35785738 -0.56050229 -0.82151127
v -0.33525601 -0.58743751 -0.86990684
v -0.33525601 -0.58743751 -0.92972702
v -0.35785738 -0.56050229 -0.97812259
v -0.35785738 -0.56050229 -0.97812259
v -0.35785738 -0.56050229 -0.97812259
v -0.47414806 -0.47089326 -0.92972702
v -0.47414806 -0.47089326 -0.92972702
v -0.47414806 -0.47089326 -0.86990684
v -0.47414806 -0.47089326 -0.86990684
v -0.44369736 -0.48847389 -0.82151127
v -0.44369736 -0.48847389 -0.82151127
v -0.45045510 -0.52679944 -0.97812259
v -0.45045510 -0.52679944 -0.97812259
v -0.45045510 -0.52679944 -0.97812259
v -0.48508242 -0.53290522 -0.92972702
v -0.48508242 -0.53290510 -0.86990684
v -0.45045510 -0.52679944 -0.82151127
v -0.39442709 -0.51692009 -0.80302584
v -0.39442709 -0.51692009 -0.80302584
v -0.39442709 -0.51692009 -0.80302584
v -0.39442709 -0.51692009 -0.80302584
v -0.39442709 -0.51692009 -0.80302584
v -0.39442709 -0.51692009 -0.80302584
v -0.39442709 -0.51692009 -0.80302584
v -0.39442709 -0.51692009 -0.80302584
v -0.39442709 -0.51692009 -0.80302584
v -0.43099681 -0.56050229 -0.97812259
v -0.43099681 -0.56050229 -0.97812259
v -0.43099681 -0.56050229 -0.97812259
v -0.45359817 -0.58743739 -0.92972702
v -0.45359817 -0.58743739 -0.86990684
v -0.43099681 -0.56050229 -0.82151127
v -0.39442709 -0.57381254 -0.97812259
v -0.39442709 -0.57381254 -0.97812259
v -0.39442709 -0.57381254 -0.97812259
v -0.39442709 -0.60897398 -0.92972702
v -0.39442709 -0.60897398 -0.86990684
v -0.39442709 -0.57381254 -0.82151127
v -0.04413754 -0.53427249 -0.97113514
v -0.04413754 -0.53427249 -0.97113514
v -0.04413754 -0.53427249 -0.97113514
v -0.04413754 -0.53427249 -0.97113514
v -0.01432568 -0.50925738 -0.81452382
v -0.02635152 -0.47621638 -0.86291939
v -0.02635152 -0.47621638 -0.92273957
v -0.01432568 -0.50925738 -0.97113514
v -0.01432568 -0.50925738 -0.97113514
v -0.01432568 -0.50925738 -0.97113514
v 0.00513273 -0.56271869 -0.98962069
v 0.00513273 -0.56271869 -0.98962069
v 0.00513273 -0.56271869 -0.98962069
v 0.00513273 -0.56271869 -0.98962069
v 0.00513273 -0.56271869 -0.98962069
v 0.00513273 -0.56271869 -0.98962069
v 0.00513273 -0.56271869 -0.98962069
v 0.00513273 -0.56271869 -0.98962069
v 0.00513273 -0.56271869 -0.98962069
v 0.02459102 -0.50925738 -0.81452382
v 0.03661698 -0.47621638 -0.86291939
v 0.03661698 -0.47621638 -0.92273957
v 0.02459102 -0.50925738 -0.97113514
v 0.02459102 -0.50925738 -0.97113514
v 0.02459102 -0.50925738 -0.97113514
v 0.05440300 -0.53427237 -0.81452382
v 0.08485371 -0.51669174 -0.86291939
v 0.08485371 -0.51669174 -0.92273957
v 0.05440300 -0.53427249 -0.97113514
v 0.05440300 -0.53427249 -0.97113514
v 0.05440300 -0.53427249 -0.97113514
v 0.06116086 -0.57259792 -0.81452382
v 0.09578806 -0.57870370 -0.86291939
v 0.09578806 -0.57870370 -0.92273957
v 0.06116086 -0.57259792 -0.97113514
v 0.06116086 -0.57259792 -0.97113514
v 0.06116086 -0.57259792 -0.97113514
v 0.04170245 -0.60630077 -0.81452382
v 0.06430382 -0.63323599 -0.86291939
v 0.06430382 -0.63323599 -0.92273957
v 0.04170245 -0.60630077 -0.97113514
v 0.04170245 -0.60630077 -0.97113514
v 0.04170245 -0.60630077 -0.97113514
v -0.07458824 -0.51669174 -0.92273957
v -0.07458824 -0.51669174 -0.92273957
v -0.07458824 -0.51669174 -0.86291939
v -0.07458824 -0.51669174 -0.86291939
v -0.04413754 -0.53427237 -0.81452382
v -0.04413754 -0.53427237 -0.81452382
v -0.05089528 -0.57259792 -0.97113514
v -0.05089528 -0.57259792 -0.97113514
v -0.05089528 -0.57259792 -0.97113514
v -0.08552259 -0.57870370 -0.92273957
v -0.08552259 -0.57870358 -0.86291939
v -0.05089528 -0.57259792 -0.81452382
v 0.00513273 -0.56271857 -0.79603839
v 0.00513273 -0.56271857 -0.79603839
v 0.00513273 -0.56271857 -0.79603839
v 0.00513273 -0.56271857 -0.79603839
v 0.00513273 -0.56271857 -0.79603839
v 0.00513273 -0.56271857 -0.79603839
v 0.00513273 -0.56271857 -0.79603839
v 0.00513273 -0.56271857 -0.79603839
v 0.00513273 -0.56271857 -0.79603839
v -0.03143698 -0.60630077 -0.97113514
v -0.03143698 -0.60630077 -0.97113514
v -0.03143698 -0.60630077 -0.97113514
v -0.05403835 -0.63323587 -0.92273957
v -0.05403835 -0.63323587 -0.86291939
v -0.03143698 -0.60630077 -0.81452382
v 0.00513273 -0.61961102 -0.97113514
v 0.00513273 -0.61961102 -0.97113514
v 0.00513273 -0.61961102 -0.97113514
v 0.00513273 -0.65477246 -0.92273957
v 0.00513273 -0.65477246 -0.86291939
v 0.00513273 -0.61961102 -0.81452382
v 0.42399973 -0.43649206 -0.97491401
v 0.42399973 -0.43649206 -0.97491401
v 0.42399973 -0.43649206 -0.97491401
v 0.42399973 -0.43649206 -0.97491401
v 0.45381159 -0.41147694 -0.81830269
v 0.44178575 -0.37843594 -0.86669827
v 0.44178575 -0.37843594 -0.92651844
v 0.45381159 -0.41147694 -0.97491401
v 0.45381159 -0.41147694 -0.97491401
v 0.45381159 -0.41147694 -0.97491401
v 0.47327000 -0.46493825 -0.99339962
v 0.47327000 -0.46493825 -0.99339962
v 0.47327000 -0.46493825 -0.99339962
v 0.47327000 -0.46493825 -0.99339962
v 0.47327000 -0.46493825 -0.99339962
v 0.47327000 -0.46493825 -0.99339962
v 0.47327000 -0.46493825 -0.99339962
v 0.47327000 -0.46493825 -0.99339962
v 0.47327000 -0.46493825 -0.99339962
v 0.49272829 -0.41147694 -0.81830269
v 0.50475425 -0.37843594 -0.86669827
v 0.50475425 -0.37843594 -0.92651844
v 0.49272829 -0.41147694 -0.97491401
v 0.49272829 -0.41147694 -0.97491401
v 0.49272829 -0.41147694 -0.97491401
v 0.52254027 -0.43649194 -0.81830269
v 0.55299097 -0.41891131 -0.86669827
v 0.55299097 -0.41891131 -0.92651844
v 0.52254027 -0.43649206 -0.97491401
v 0.52254027 -0.43649206 -0.97491401
v 0.52254027 -0.43649206 -0.97491401
v 0.52929813 -0.47481748 -0.81830269
v 0.56392533 -0.48092327 -0.86669827
v 0.56392533 -0.48092327 -0.92651844
v 0.52929813 -0.47481748 -0.97491401
v 0.52929813 -0.47481748 -0.97491401
v 0.52929813 -0.47481748 -0.97491401
v 0.50983971 -0.50852031 -0.81830269
v 0.53244108 -0.53545552 -0.86669827
v 0.53244108 -0.53545552 -0.92651844
v 0.50983971 -0.50852031 -0.97491401
v 0.50983971 -0.50852031 -0.97491401
v 0.50983971 -0.50852031 -0.97491401
v 0.39354903 -0.41891131 -0.92651844
v 0.39354903 -0.41891131 -0.92651844
v 0.39354903 -0.41891131 -0.86669827
v 0.39354903 -0.41891131 -0.86669827
v 0.42399973 -0.43649194 -0.81830269
v 0.42399973 -0.43649194 -0.81830269
v 0.41724199 -0.47481748 -0.97491401
v 0.41724199 -0.47481748 -0.97491401
v 0.41724199 -0.47481748 -0.97491401
v 0.38261467 -0.48092327 -0.92651844
v 0.38261467 -0.48092315 -0.86669827
v 0.41724199 -0.47481748 -0.81830269
v 0.47327000 -0.46493813 -0.79981726
v 0.47327000 -0.46493813 -0.79981726
v 0.47327000 -0.46493813 -0.79981726
v 0.47327000 -0.46493813 -0.79981726
v 0.47327000 -0.46493813 -0.79981726
v 0.47327000 -0.46493813 -0.79981726
v 0.47327000 -0.46493813 -0.79981726
v 0.47327000 -0.46493813 -0.79981726
v 0.47327000 -0.46493813 -0.79981726
v 0.43670028 -0.50852031 -0.97491401
v 0.43670028 -0.50852031 -0.97491401
v 0.43670028 -0.50852031 -0.97491401
v 0.41409892 -0.53545541 -0.92651844
v 0.41409892 -0.53545541 -0.86669827
v 0.43670028 -0.50852031 -0.81830269
v 0.47327000 -0.52183056 -0.97491401
v 0.47327000 -0.52183056 -0.97491401
v 0.47327000 -0.52183056 -0.97491401
v 0.47327000 -0.55699199 -0.92651844
v 0.47327000 -0.55699199 -0.86669827
v 0.47327000 -0.52183056 -0.81830269
v 0.65812099 -0.17678317 -0.96605635
v 0.65812099 -0.17678317 -0.96605635
v 0.68793285 -0.15176806 -0.80944502
v 0.67590702 -0.11872705 -0.85784060
v 0.67590702 -0.11872705 -0.91766077
v 0.68793285 -0.15176806 -0.96605635
v 0.70739126 -0.20522937 -0.98454189
v 0.70739126 -0.20522937 -0.98454189
v 0.70739126 -0.20522937 -0.98454189
v 0.70739126 -0.20522937 -0.98454189
v 0.70739126 -0.20522937 -0.98454189
v 0.70739126 -0.20522937 -0.98454189
v 0.70739126 -0.20522937 -0.98454189
v 0.70739126 -0.20522937 -0.98454189
v 0.70739126 -0.20522937 -0.98454189
v 0.72684956 -0.15176806 -0.80944502
v 0.73887551 -0.11872705 -0.85784060
v 0.73887551 -0.11872705 -0.91766077
v 0.72684956 -0.15176806 -0.96605635
v 0.75666153 -0.17678306 -0.80944502
v 0.78711224 -0.15920243 -0.85784060
v 0.78711224 -0.15920243 -0.91766077
v 0.75666153 -0.17678317 -0.96605635
v 0.76341939 -0.21510860 -0.80944502
v 0.79804659 -0.22121438 -0.85784060
v 0.79804659 -0.22121438 -0.91766077
v 0.76341939 -0.21510860 -0.96605635
v 0.74396098 -0.24881145 -0.80944502
v 0.76656234 -0.27574667 -0.85784060
v 0.76656234 -0.27574667 -0.91766077
v 0.74396098 -0.24881145 -0.96605635
v 0.62767029 -0.15920243 -0.91766077
v 0.62767029 -0.15920243 -0.91766077
v 0.62767029 -0.15920243 -0.85784060
v 0.62767029 -0.15920243 -0.85784060
v 0.65812099 -0.17678306 -0.80944502
v 0.65812099 -0.17678306 -0.80944502
v 0.65136325 -0.21510860 -0.96605635
v 0.61673594 -0.22121438 -0.91766077
v 0.61673594 -0.22121426 -0.85784060
v 0.65136325 -0.21510860 -0.80944502
v 0.70739126 -0.20522925 -0.79095960
v 0.70739126 -0.20522925 -0.79095960
v 0.70739126 -0.20522925 -0.79095960
v 0.70739126 -0.20522925 -0.79095960
v 0.70739126 -0.20522925 -0.79095960
v 0.70739126 -0.20522925 -0.79095960
v 0.70739126 -0.20522925 -0.79095960
v 0.70739126 -0.20522925 -0.79095960
v 0.70739126 -0.20522925 -0.79095960
v 0.67082155 -0.24881145 -0.96605635
v 0.64822018 -0.27574655 -0.91766077
v 0.64822018 -0.27574655 -0.85784060
v 0.67082155 -0.24881145 -0.80944502
v 0.70739126 -0.26212171 -0.96605635
v 0.70739126 -0.29728314 -0.91766077
v 0.70739126 -0.29728314 -0.85784060
v 0.70739126 -0.26212171 -0.80944502
v 0.64958698 0.24427588 -0.96247810
v 0.64958698 0.24427588 -0.96247810
v 0.67939883 0.26929101 -0.80586678
v 0.66737300 0.30233201 -0.85426235
v 0.66737300 0.30233201 -0.91408253
v 0.67939883 0.26929101 -0.96247810
v 0.69885725 0.21582969 -0.98096365
v 0.69885725 0.21582969 -0.98096365
v 0.69885725 0.21582969 -0.98096365
v 0.69885725 0.21582969 -0.98096365
v 0.69885725 0.21582969 -0.98096365
v 0.69885725 0.21582969 -0.98096365
v 0.69885725 0.21582969 -0.98096365
v 0.69885725 0.21582969 -0.98096365
v 0.69885725 0.21582969 -0.98096365
v 0.71831554 0.26929101 -0.80586678
v 0.73034149 0.30233201 -0.85426235
v 0.73034149 0.30233201 -0.91408253
v 0.71831554 0.26929101 -0.96247810
v 0.74812752 0.24427600 -0.80586678
v 0.77857822 0.26185665 -0.85426235
v 0.77857822 0.26185665 -0.91408253
v 0.74812752 0.24427588 -0.96247810
v 0.75488538 0.20595045 -0.80586678
v 0.78951257 0.19984467 -0.85426235
v 0.78951257 0.19984467 -0.91408253
v 0.75488538 0.20595045 -0.96247810
v 0.73542696 0.17224760 -0.80586678
v 0.75802833 0.14531238 -0.85426235
v 0.75802833 0.14531238 -0.91408253
v 0.73542696 0.17224760 -0.96247810
v 0.61913627 0.26185665 -0.91408253
v 0.61913627 0.26185665 -0.91408253
v 0.61913627 0.26185665 -0.85426235
v 0.61913627 0.26185665 -0.85426235
v 0.64958698 0.24427600 -0.80586678
v 0.64958698 0.24427600 -0.80586678
v 0.64282924 0.20595045 -0.96247810
v 0.60820192 0.19984467 -0.91408253
v 0.60820192 0.19984479 -0.85426235
v 0.64282924 0.20595045 -0.80586678
v 0.69885725 0.21582980 -0.78738135
v 0.69885725 0.21582980 -0.78738135
v 0.69885725 0.21582980 -0.78738135
v 0.69885725 0.21582980 -0.78738135
v 0.69885725 0.21582980 -0.78738135
v 0.69885725 0.21582980 -0.78738135
v 0.69885725 0.21582980 -0.78738135
v 0.69885725 0.21582980 -0.78738135
v 0.69885725 0.21582980 -0.78738135
v 0.66228753 0.17224760 -0.96247810
v 0.63968617 0.14531250 -0.91408253
v 0.63968617 0.14531250 -0.85426235
v 0.66228753 0.17224760 -0.80586678
v 0.69885725 0.15893735 -0.96247810
v 0.69885725 0.12377591 -0.91408253
v 0.69885725 0.12377591 -0.85426235
v 0.69885725 0.15893735 -0.80586678
v 0.02922782 0.80578327 -0.46287009
v 0.02922782 0.80578327 -0.51106918
v 0.02333602 0.78571749 -0.55449533
v 0.01271927 0.74956036 -0.58454680
v 0.03499367 0.73524547 -0.38939241
v 0.06347307 0.75992298 -0.41944417
v 0.07927795 0.77361798 -0.46287009
v 0.07927795 0.77361798 -0.51106918
v 0.06347307 0.75992298 -0.55449533
v 0.35356325 0.68344766 -0.57974976
v 0.37393659 0.65174615 -0.54969823
v 0.38524288 0.63415307 -0.50627214
v 0.38524288 0.63415307 -0.45807302
v 0.37393659 0.65174615 -0.41464692
v 0.35356325 0.68344766 -0.38459533
v 0.03499367 0.73524547 -0.58454680
v 0.04599293 0.71116042 -0.38939241
v 0.37090242 0.70345807 -0.57974976
v 0.40518069 0.68780369 -0.54969823
v 0.42420369 0.67911625 -0.50627214
v 0.42420369 0.67911625 -0.45807302
v 0.40518069 0.68780369 -0.41464692
v 0.37090242 0.70345807 -0.38459533
v 0.08329298 0.71652353 -0.41944399
v 0.10399296 0.71949971 -0.46287009
v 0.37467057 0.72966617 -0.57974976
v 0.41197067 0.73502922 -0.54969823
v 0.43267065 0.73800540 -0.50627214
v 0.43267065 0.73800540 -0.45807302
v 0.41197067 0.73502922 -0.41464692
v 0.37467062 0.72966617 -0.38459533
v 0.10399296 0.71949971 -0.51106918
v 0.08329298 0.71652353 -0.55449533
v 0.36367136 0.75375110 -0.57974976
v 0.39215076 0.77842861 -0.54969823
v 0.40795565 0.79212368 -0.50627214
v 0.40795565 0.79212368 -0.45807302
v 0.39215076 0.77842861 -0.41464710
v 0.36367136 0.75375122 -0.38459533
v 0.04599287 0.71116042 -0.58454680
v 0.04222473 0.68495238 -0.38939241
v 0.34139696 0.76806605 -0.57974976
v 0.35201371 0.80422318 -0.54969823
v 0.35790551 0.82428902 -0.50627214
v 0.35790551 0.82428902 -0.45807302
v 0.35201371 0.80422330 -0.41464710
v 0.34139696 0.76806605 -0.38459533
v 0.07650300 0.66929793 -0.41944399
v 0.32815814 0.72297877 -0.59047526
v 0.32815814 0.72297877 -0.59047526
v 0.32815814 0.72297877 -0.59047526
v 0.32815814 0.72297877 -0.59047526
v 0.32815814 0.72297877 -0.59047526
v 0.32815814 0.72297877 -0.59047526
v 0.32815814 0.72297877 -0.59047526
v 0.32815814 0.72297877 -0.59047526
v 0.32815814 0.72297877 -0.59047526
v 0.32815814 0.72297877 -0.59047526
v 0.32815814 0.72297877 -0.59047526
v 0.31491932 0.76806605 -0.57974976
v 0.30430263 0.80422330 -0.54969823
v 0.29841077 0.82428902 -0.50627214
v 0.29841077 0.82428902 -0.45807302
v 0.30430263 0.80422330 -0.41464710
v 0.31491932 0.76806605 -0.38459533
v 0.32815814 0.72297877 -0.37386996
v 0.32815814 0.72297877 -0.37386996
v 0.32815814 0.72297877 -0.37386996
v 0.32815814 0.72297877 -0.37386996
v 0.32815814 0.72297877 -0.37386996
v 0.32815814 0.72297877 -0.37386996
v 0.32815814 0.72297877 -0.37386996
v 0.32815814 0.72297877 -0.37386996
v 0.32815814 0.72297877 -0.37386996
v 0.32815814 0.72297877 -0.37386996
v 0.32815814 0.72297877 -0.37386996
v 0.09552600 0.66061056 -0.46287009
v 0.29264489 0.75375122 -0.57974976
v 0.26416552 0.77842861 -0.54969823
v 0.24836066 0.79212368 -0.50627214
v 0.24836066 0.79212368 -0.45807302
v 0.26416552 0.77842873 -0.41464710
v 0.29264489 0.75375122 -0.38459533
v 0.09552600 0.66061056 -0.51106918
v 0.07650300 0.66929793 -0.55449533
v 0.28164572 0.72966617 -0.57974976
v 0.28164572 0.72966617 -0.57974976
v 0.24434562 0.73502922 -0.54969823
v 0.24434562 0.73502922 -0.54969823
v 0.22364563 0.73800540 -0.50627214
v 0.22364563 0.73800540 -0.50627214
v 0.22364563 0.73800540 -0.45807302
v 0.22364563 0.73800540 -0.45807302
v 0.24434562 0.73502922 -0.41464692
v 0.24434562 0.73502922 -0.41464692
v 0.28164572 0.72966629 -0.38459533
v 0.28164572 0.72966629 -0.38459533
v 0.04222473 0.68495238 -0.58454680
v 0.02488556 0.66494191 -0.38939241
v 0.28541386 0.70345807 -0.57974976
v 0.25113559 0.68780369 -0.54969823
v 0.23211262 0.67911625 -0.50627214
v 0.23211262 0.67911625 -0.45807302
v 0.25113559 0.68780380 -0.41464692
v 0.28541386 0.70345819 -0.38459533
v 0.04525890 0.63324046 -0.41944399
v 0.05656519 0.61564732 -0.46287009
v 0.30275303 0.68344766 -0.57974976
v 0.28237969 0.65174615 -0.54969823
v 0.27107334 0.63415319 -0.50627214
v 0.27107334 0.63415319 -0.45807302
v 0.28237969 0.65174621 -0.41464692
v 0.30275300 0.68344766 -0.38459533
v 0.05656519 0.61564732 -0.51106918
v 0.04525890 0.63324046 -0.55449533
v 0.32815811 0.67598802 -0.57974976
v 0.32815811 0.63830441 -0.54969823
v 0.32815808 0.61739153 -0.50627214
v 0.32815808 0.61739153 -0.45807302
v 0.32815811 0.63830441 -0.41464692
v 0.32815811 0.67598802 -0.38459533
v 0.02488556 0.66494191 -0.58454680
v 0.02333602 0.78571761 -0.41944417
v 0.01271927 0.74956036 -0.38939241
v -0.00051955 0.70447302 -0.59527230
v -0.00051955 0.70447302 -0.59527230
v -0.00051955 0.70447302 -0.59527230
v -0.00051955 0.70447302 -0.59527230
v -0.00051955 0.70447302 -0.59527230
v -0.00051955 0.70447302 -0.59527230
v -0.00051955 0.70447302 -0.59527230
v -0.00051955 0.70447302 -0.59527230
v -0.00051955 0.70447302 -0.59527230
v -0.00051955 0.70447302 -0.59527230
v -0.00051955 0.70447302 -0.59527230
v -0.01375837 0.74956036 -0.58454680
v -0.02437506 0.78571761 -0.55449533
v -0.03026692 0.80578327 -0.51106918
v -0.03026692 0.80578327 -0.46287009
v -0.02437506 0.78571761 -0.41944417
v -0.01375837 0.74956036 -0.38939241
v -0.00051955 0.70447302 -0.37866703
v -0.00051955 0.70447302 -0.37866703
v -0.00051955 0.70447302 -0.37866703
v -0.00051955 0.70447302 -0.37866703
v -0.00051955 0.70447302 -0.37866703
v -0.00051955 0.70447302 -0.37866703
v -0.00051955 0.70447302 -0.37866703
v -0.00051955 0.70447302 -0.37866703
v -0.00051955 0.70447302 -0.37866703
v -0.00051955 0.70447302 -0.37866703
v -0.00051955 0.70447302 -0.37866703
v -0.03603280 0.73524547 -0.58454680
v -0.06451217 0.75992298 -0.55449533
v -0.08031703 0.77361798 -0.51106918
v -0.08031703 0.77361798 -0.46287009
v -0.06451217 0.75992298 -0.41944417
v -0.03603280 0.73524547 -0.38939241
v -0.04703198 0.71116042 -0.58454680
v -0.04703198 0.71116042 -0.58454680
v -0.08433207 0.71652353 -0.55449533
v -0.08433207 0.71652353 -0.55449533
v -0.10503206 0.71949971 -0.51106918
v -0.10503206 0.71949971 -0.51106918
v -0.10503206 0.71949971 -0.46287009
v -0.10503206 0.71949971 -0.46287009
v -0.08433207 0.71652353 -0.41944399
v -0.08433207 0.71652353 -0.41944399
v -0.04703198 0.71116054 -0.38939241
v -0.04703198 0.71116054 -0.38939241
v -0.04326383 0.68495238 -0.58454680
v -0.07754210 0.66929793 -0.55449533
v -0.09656508 0.66061056 -0.51106918
v -0.09656508 0.66061056 -0.46287009
v -0.07754210 0.66929805 -0.41944399
v -0.04326383 0.68495250 -0.38939241
v -0.02592466 0.66494191 -0.58454680
v -0.04629800 0.63324046 -0.55449533
v -0.05760435 0.61564744 -0.51106918
v -0.05760435 0.61564744 -0.46287009
v -0.04629800 0.63324046 -0.41944399
v -0.02592469 0.66494191 -0.38939241
v -0.00051958 0.65748227 -0.58454680
v -0.00051958 0.61979866 -0.55449533
v -0.00051961 0.59888577 -0.51106918
v -0.00051961 0.59888577 -0.46287009
v -0.00051958 0.61979866 -0.41944399
v -0.00051958 0.65748227 -0.38939241
v -0.33604741 0.80578327 -0.46287009
v -0.33604741 0.80578327 -0.51106918
v -0.34193921 0.78571749 -0.55449533
v -0.35255596 0.74956036 -0.58454680
v -0.33028156 0.73524547 -0.38939241
v -0.30180216 0.75992298 -0.41944417
v -0.28599727 0.77361798 -0.46287009
v -0.28599727 0.77361798 -0.51106918
v -0.30180216 0.75992298 -0.55449533
v -0.33028156 0.73524547 -0.58454680
v -0.31928229 0.71116042 -0.38939241
v -0.28198224 0.71652353 -0.41944399
v -0.26128227 0.71949971 -0.46287009
v -0.26128227 0.71949971 -0.51106918
v -0.28198224 0.71652353 -0.55449533
v -0.31928235 0.71116042 -0.58454680
v -0.32305050 0.68495238 -0.38939241
v -0.28877223 0.66929793 -0.41944399
v -0.26974922 0.66061056 -0.46287009
v -0.26974922 0.66061056 -0.51106918
v -0.28877223 0.66929793 -0.55449533
v -0.32305050 0.68495238 -0.58454680
v -0.34038967 0.66494191 -0.38939241
v -0.32001632 0.63324046 -0.41944399
v -0.30871004 0.61564732 -0.46287009
v -0.30871004 0.61564732 -0.51106918
v -0.32001632 0.63324046 -0.55449533
v -0.34038967 0.66494191 -0.58454680
v -0.34193921 0.78571761 -0.41944417
v -0.35255596 0.74956036 -0.38939241
v -0.36579478 0.70447302 -0.59527230
v -0.36579478 0.70447302 -0.59527230
v -0.36579478 0.70447302 -0.59527230
v -0.36579478 0.70447302 -0.59527230
v -0.36579478 0.70447302 -0.59527230
v -0.36579478 0.70447302 -0.59527230
v -0.36579478 0.70447302 -0.59527230
v -0.36579478 0.70447302 -0.59527230
v -0.36579478 0.70447302 -0.59527230
v -0.36579478 0.70447302 -0.59527230
v -0.36579478 0.70447302 -0.59527230
v -0.37903360 0.74956036 -0.58454680
v -0.38965029 0.78571761 -0.55449533
v -0.39554214 0.80578327 -0.51106918
v -0.39554214 0.80578327 -0.46287009
v -0.38965029 0.78571761 -0.41944417
v -0.37903360 0.74956036 -0.38939241
v -0.36579478 0.70447302 -0.37866703
v -0.36579478 0.70447302 -0.37866703
v -0.36579478 0.70447302 -0.37866703
v -0.36579478 0.70447302 -0.37866703
v -0.36579478 0.70447302 -0.37866703
v -0.36579478 0.70447302 -0.37866703
v -0.36579478 0.70447302 -0.37866703
v -0.36579478 0.70447302 -0.37866703
v -0.36579478 0.70447302 -0.37866703
v -0.36579478 0.70447302 -0.37866703
v -0.36579478 0.70447302 -0.37866703
v -0.40130803 0.73524547 -0.58454680
v -0.42978740 0.75992298 -0.55449533
v -0.44559225 0.77361798 -0.51106918
v -0.44559225 0.77361798 -0.46287009
v -0.42978740 0.75992298 -0.41944417
v -0.40130803 0.73524547 -0.38939241
v -0.41230720 0.71116042 -0.58454680
v -0.41230720 0.71116042 -0.58454680
v -0.44960731 0.71652353 -0.55449533
v -0.44960731 0.71652353 -0.55449533
v -0.47030729 0.71949971 -0.51106918
v -0.47030729 0.71949971 -0.51106918
v -0.47030729 0.71949971 -0.46287009
v -0.47030729 0.71949971 -0.46287009
v -0.44960731 0.71652353 -0.41944399
v -0.44960731 0.71652353 -0.41944399
v -0.41230720 0.71116054 -0.38939241
v -0.41230720 0.71116054 -0.38939241
v -0.40853906 0.68495238 -0.58454680
v -0.44281733 0.66929793 -0.55449533
v -0.46184030 0.66061056 -0.51106918
v -0.46184030 0.66061056 -0.46287009
v -0.44281733 0.66929805 -0.41944399
v -0.40853906 0.68495250 -0.38939241
v -0.39119989 0.66494191 -0.58454680
v -0.41157323 0.63324046 -0.55449533
v -0.42287958 0.61564744 -0.51106918
v -0.42287958 0.61564744 -0.46287009
v -0.41157323 0.63324046 -0.41944399
v -0.39119992 0.66494191 -0.38939241
v -0.36579481 0.65748227 -0.58454680
v -0.36579481 0.61979866 -0.55449533
v -0.36579484 0.59888577 -0.51106918
v -0.36579484 0.59888577 -0.46287009
v -0.36579481 0.61979866 -0.41944399
v -0.36579481 0.65748227 -0.38939241
v -0.67419827 0.61801702 -0.46287006
v -0.67419827 0.61801702 -0.51106912
v -0.68009007 0.59795123 -0.55449528
v -0.69070679 0.56179410 -0.58454674
v -0.66843235 0.54747921 -0.38939238
v -0.63995302 0.57215673 -0.41944414
v -0.62414813 0.58585173 -0.46287006
v -0.62414813 0.58585173 -0.51106912
v -0.63995302 0.57215673 -0.55449528
v -0.66843235 0.54747921 -0.58454674
v -0.65743315 0.52339417 -0.38939238
v -0.62013304 0.52875727 -0.41944396
v -0.59943306 0.53173345 -0.46287006
v -0.59943306 0.53173345 -0.51106912
v -0.62013304 0.52875727 -0.55449528
v -0.65743315 0.52339417 -0.58454674
v -0.66120136 0.49718612 -0.38939238
v -0.62692308 0.48153168 -0.41944396
v -0.60790002 0.47284430 -0.46287006
v -0.60790002 0.47284430 -0.51106912
v -0.62692308 0.48153168 -0.55449528
v -0.66120136 0.49718612 -0.58454674
v -0.67854047 0.47717565 -0.38939238
v -0.65816712 0.44547421 -0.41944396
v -0.64686084 0.42788106 -0.46287006
v -0.64686084 0.42788106 -0.51106912
v -0.65816712 0.44547421 -0.55449528
v -0.67854047 0.47717565 -0.58454674
v -0.68009007 0.59795135 -0.41944414
v -0.69070679 0.56179410 -0.38939238
v -0.70394564 0.51670676 -0.59527224
v -0.70394564 0.51670676 -0.59527224
v -0.70394564 0.51670676 -0.59527224
v -0.70394564 0.51670676 -0.59527224
v -0.70394564 0.51670676 -0.59527224
v -0.70394564 0.51670676 -0.59527224
v -0.70394564 0.51670676 -0.59527224
v -0.70394564 0.51670676 -0.59527224
v -0.70394564 0.51670676 -0.59527224
v -0.70394564 0.51670676 -0.59527224
v -0.70394564 0.51670676 -0.59527224
v -0.71718442 0.56179410 -0.58454674
v -0.72780108 0.59795135 -0.55449528
v -0.73369300 0.61801702 -0.51106912
v -0.73369300 0.61801702 -0.46287006
v -0.72780108 0.59795135 -0.41944414
v -0.71718442 0.56179410 -0.38939238
v -0.70394564 0.51670676 -0.37866700
v -0.70394564 0.51670676 -0.37866700
v -0.70394564 0.51670676 -0.37866700
v -0.70394564 0.51670676 -0.37866700
v -0.70394564 0.51670676 -0.37866700
v -0.70394564 0.51670676 -0.37866700
v -0.70394564 0.51670676 -0.37866700
v -0.70394564 0.51670676 -0.37866700
v -0.70394564 0.51670676 -0.37866700
v -0.70394564 0.51670676 -0.37866700
v -0.70394564 0.51670676 -0.37866700
v -0.73945886 0.54747921 -0.58454674
v -0.76793826 0.57215673 -0.55449528
v -0.78374308 0.58585173 -0.51106912
v -0.78374308 0.58585173 -0.46287006
v -0.76793826 0.57215673 -0.41944414
v -0.73945886 0.54747921 -0.38939238
v -0.75045800 0.52339417 -0.58454674
v -0.75045800 0.52339417 -0.58454674
v -0.78775811 0.52875727 -0.55449528
v -0.78775811 0.52875727 -0.55449528
v -0.80845809 0.53173345 -0.51106912
v -0.80845809 0.53173345 -0.51106912
v -0.80845809 0.53173345 -0.46287006
v -0.80845809 0.53173345 -0.46287006
v -0.78775811 0.52875727 -0.41944396
v -0.78775811 0.52875727 -0.41944396
v -0.75045800 0.52339429 -0.38939238
v -0.75045800 0.52339429 -0.38939238
v -0.74668992 0.49718612 -0.58454674
v -0.78096819 0.48153168 -0.55449528
v -0.79999113 0.47284430 -0.51106912
v -0.79999113 0.47284430 -0.46287006
v -0.78096819 0.48153180 -0.41944396
v -0.74668992 0.49718624 -0.38939238
v -0.72935069 0.47717565 -0.58454674
v -0.74972403 0.44547421 -0.55449528
v -0.76103044 0.42788118 -0.51106912
v -0.76103044 0.42788118 -0.46287006
v -0.74972403 0.44547421 -0.41944396
v -0.72935075 0.47717565 -0.38939238
v -0.70394564 0.46971601 -0.58454674
v -0.70394564 0.43203241 -0.55449528
v -0.70394564 0.41111952 -0.51106912
v -0.70394564 0.41111952 -0.46287006
v -0.70394564 0.43203241 -0.41944396
v -0.70394564 0.46971601 -0.38939238
v 0.71999586 0.66924644 -0.46287006
v 0.71999586 0.66924644 -0.51106918
v 0.71410406 0.64918065 -0.55449533
v 0.70348734 0.61302352 -0.58454680
v 0.72576177 0.59870863 -0.38939238
v 0.75424111 0.62338614 -0.41944414
v 0.77004600 0.63708115 -0.46287006
v 0.77004600 0.63708115 -0.51106918
v 0.75424111 0.62338614 -0.55449533
v 0.72576177 0.59870863 -0.58454680
v 0.73676097 0.57462358 -0.38939238
v 0.77406108 0.57998669 -0.41944396
v 0.79476106 0.58296287 -0.46287006
v 0.79476106 0.58296287 -0.51106918
v 0.77406108 0.57998669 -0.55449533
v 0.73676097 0.57462358 -0.58454680
v 0.73299277 0.54841554 -0.38939238
v 0.76727104 0.53276110 -0.41944396
v 0.78629410 0.52407372 -0.46287006
v 0.78629410 0.52407372 -0.51106918
v 0.76727104 0.53276110 -0.55449533
v 0.73299277 0.54841554 -0.58454680
v 0.71565366 0.52840507 -0.38939238
v 0.73602700 0.49670362 -0.41944396
v 0.74733329 0.47911048 -0.46287006
v 0.74733329 0.47911048 -0.51106918
v 0.73602700 0.49670362 -0.55449533
v 0.71565366 0.52840507 -0.58454680
v 0.71410406 0.64918077 -0.41944414
v 0.70348734 0.61302352 -0.38939238
v 0.69024849 0.56793618 -0.59527230
v 0.69024849 0.56793618 -0.59527230
v 0.69024849 0.56793618 -0.59527230
v 0.69024849 0.56793618 -0.59527230
v 0.69024849 0.56793618 -0.59527230
v 0.69024849 0.56793618 -0.59527230
v 0.69024849 0.56793618 -0.59527230
v 0.69024849 0.56793618 -0.59527230
v 0.69024849 0.56793618 -0.59527230
v 0.69024849 0.56793618 -0.59527230
v 0.69024849 0.56793618 -0.59527230
v 0.67700970 0.61302352 -0.58454680
v 0.66639304 0.64918077 -0.55449533
v 0.66050112 0.66924644 -0.51106918
v 0.66050112 0.66924644 -0.46287006
v 0.66639304 0.64918077 -0.41944414
v 0.67700970 0.61302352 -0.38939238
v 0.69024849 0.56793618 -0.37866700
v 0.69024849 0.56793618 -0.37866700
v 0.69024849 0.56793618 -0.37866700
v 0.69024849 0.56793618 -0.37866700
v 0.69024849 0.56793618 -0.37866700
v 0.69024849 0.56793618 -0.37866700
v 0.69024849 0.56793618 -0.37866700
v 0.69024849 0.56793618 -0.37866700
v 0.69024849 0.56793618 -0.37866700
v 0.69024849 0.56793618 -0.37866700
v 0.69024849 0.56793618 -0.37866700
v 0.65473527 0.59870863 -0.58454680
v 0.62625587 0.62338614 -0.55449533
v 0.61045104 0.63708115 -0.51106918
v 0.61045104 0.63708115 -0.46287006
v 0.62625587 0.62338614 -0.41944414
v 0.65473527 0.59870863 -0.38939238
v 0.64373612 0.57462358 -0.58454680
v 0.64373612 0.57462358 -0.58454680
v 0.60643601 0.57998669 -0.55449533
v 0.60643601 0.57998669 -0.55449533
v 0.58573604 0.58296287 -0.51106918
v 0.58573604 0.58296287 -0.51106918
v 0.58573604 0.58296287 -0.46287006
v 0.58573604 0.58296287 -0.46287006
v 0.60643601 0.57998669 -0.41944396
v 0.60643601 0.57998669 -0.41944396
v 0.64373612 0.57462370 -0.38939238
v 0.64373612 0.57462370 -0.38939238
v 0.64750421 0.54841554 -0.58454680
v 0.61322594 0.53276110 -0.55449533
v 0.59420300 0.52407372 -0.51106918
v 0.59420300 0.52407372 -0.46287006
v 0.61322594 0.53276122 -0.41944396
v 0.64750421 0.54841566 -0.38939238
v 0.66484344 0.52840507 -0.58454680
v 0.64447010 0.49670362 -0.55449533
v 0.63316369 0.47911060 -0.51106918
v 0.63316369 0.47911060 -0.46287006
v 0.64447010 0.49670362 -0.41944396
v 0.66484338 0.52840507 -0.38939238
v 0.69024849 0.52094543 -0.58454680
v 0.69024849 0.48326182 -0.55449533
v 0.69024849 0.46234894 -0.51106918
v 0.69024849 0.46234894 -0.46287006
v 0.69024849 0.48326182 -0.41944396
v 0.69024849 0.52094543 -0.38939238
v -0.83739549 0.19758892 -0.46287000
v -0.83739549 0.19758892 -0.51106906
v -0.84328729 0.17752314 -0.55449522
v -0.85390401 0.14136600 -0.58454669
v -0.83162957 0.12705112 -0.38939232
v -0.80315024 0.15172863 -0.41944408
v -0.78734535 0.16542363 -0.46287000
v -0.78734535 0.16542363 -0.51106906
v -0.80315024 0.15172863 -0.55449522
v -0.83162957 0.12705112 -0.58454669
v -0.82063037 0.10296607 -0.38939232
v -0.78333026 0.10832918 -0.41944391
v -0.76263028 0.11130536 -0.46287000
v -0.76263028 0.11130536 -0.51106906
v -0.78333026 0.10832918 -0.55449522
v -0.82063037 0.10296607 -0.58454669
v -0.82439858 0.07675803 -0.38939232
v -0.79012030 0.06110358 -0.41944391
v -0.77109724 0.05241621 -0.46287000
v -0.77109724 0.05241621 -0.51106906
v -0.79012030 0.06110358 -0.55449522
v -0.82439858 0.07675803 -0.58454669
v -0.84173769 0.05674756 -0.38939232
v -0.82136434 0.02504611 -0.41944391
v -0.81005806 0.00745296 -0.46287000
v -0.81005806 0.00745296 -0.51106906
v -0.82136434 0.02504611 -0.55449522
v -0.84173769 0.05674756 -0.58454669
v -0.84328729 0.17752326 -0.41944408
v -0.85390401 0.14136600 -0.38939232
v -0.86714286 0.09627867 -0.59527218
v -0.86714286 0.09627867 -0.59527218
v -0.86714286 0.09627867 -0.59527218
v -0.86714286 0.09627867 -0.59527218
v -0.86714286 0.09627867 -0.59527218
v -0.86714286 0.09627867 -0.59527218
v -0.86714286 0.09627867 -0.59527218
v -0.86714286 0.09627867 -0.59527218
v -0.86714286 0.09627867 -0.59527218
v -0.86714286 0.09627867 -0.59527218
v -0.86714286 0.09627867 -0.59527218
v -0.88038164 0.14136600 -0.58454669
v -0.89099830 0.17752326 -0.55449522
v -0.89689022 0.19758892 -0.51106906
v -0.89689022 0.19758892 -0.46287000
v -0.89099830 0.17752326 -0.41944408
v -0.88038164 0.14136600 -0.38939232
v -0.86714286 0.09627867 -0.37866694
v -0.86714286 0.09627867 -0.37866694
v -0.86714286 0.09627867 -0.37866694
v -0.86714286 0.09627867 -0.37866694
v -0.86714286 0.09627867 -0.37866694
v -0.86714286 0.09627867 -0.37866694
v -0.86714286 0.09627867 -0.37866694
v -0.86714286 0.09627867 -0.37866694
v -0.86714286 0.09627867 -0.37866694
v -0.86714286 0.09627867 -0.37866694
v -0.86714286 0.09627867 -0.37866694
v -0.90265608 0.12705112 -0.58454669
v -0.93113548 0.15172863 -0.55449522
v -0.94694030 0.16542363 -0.51106906
v -0.94694030 0.16542363 -0.46287000
v -0.93113548 0.15172863 -0.41944408
v -0.90265608 0.12705112 -0.38939232
v -0.91365522 0.10296607 -0.58454669
v -0.91365522 0.10296607 -0.58454669
v -0.95095533 0.10832918 -0.55449522
v -0.95095533 0.10832918 -0.55449522
v -0.97165531 0.11130536 -0.51106906
v -0.97165531 0.11130536 -0.51106906
v -0.97165531 0.11130536 -0.46287000
v -0.97165531 0.11130536 -0.46287000
v -0.95095533 0.10832918 -0.41944391
v -0.95095533 0.10832918 -0.41944391
v -0.91365522 0.10296619 -0.38939232
v -0.91365522 0.10296619 -0.38939232
v -0.90988714 0.07675803 -0.58454669
v -0.94416541 0.06110358 -0.55449522
v -0.96318835 0.05241621 -0.51106906
v -0.96318835 0.05241621 -0.46287000
v -0.94416541 0.06110370 -0.41944391
v -0.90988714 0.07675815 -0.38939232
v -0.89254791 0.05674756 -0.58454669
v -0.91292125 0.02504611 -0.55449522
v -0.92422765 0.00745308 -0.51106906
v -0.92422765 0.00745308 -0.46287000
v -0.91292125 0.02504611 -0.41944391
v -0.89254797 0.05674756 -0.38939232
v -0.86714286 0.04928792 -0.58454669
v -0.86714286 0.01160431 -0.55449522
v -0.86714286 -0.00930858 -0.51106906
v -0.86714286 -0.00930858 -0.46287000
v -0.86714286 0.01160431 -0.41944391
v -0.86714286 0.04928792 -0.38939232
v -0.83739549 -0.16587800 -0.46286994
v -0.83739549 -0.16587800 -0.51106900
v -0.84328729 -0.18594378 -0.55449516
v -0.85390401 -0.22210091 -0.58454663
v -0.83162957 -0.23641580 -0.38939226
v -0.80315024 -0.21173829 -0.41944402
v -0.78734535 -0.19804329 -0.46286994
v -0.78734535 -0.19804329 -0.51106900
v -0.80315024 -0.21173829 -0.55449516
v -0.83162957 -0.23641580 -0.58454663
v -0.82063037 -0.26050085 -0.38939226
v -0.78333026 -0.25513774 -0.41944385
v -0.76263028 -0.25216156 -0.46286994
v -0.76263028 -0.25216156 -0.51106900
v -0.78333026 -0.25513774 -0.55449516
v -0.82063037 -0.26050085 -0.58454663
v -0.82439858 -0.28670889 -0.38939226
v -0.79012030 -0.30236334 -0.41944385
v -0.77109724 -0.31105071 -0.46286994
v -0.77109724 -0.31105071 -0.51106900
v -0.79012030 -0.30236334 -0.55449516
v -0.82439858 -0.28670889 -0.58454663
v -0.84173769 -0.30671936 -0.38939226
v -0.82136434 -0.33842081 -0.41944385
v -0.81005806 -0.35601395 -0.46286994
v -0.81005806 -0.35601395 -0.51106900
v -0.82136434 -0.33842081 -0.55449516
v -0.84173769 -0.30671936 -0.58454663
v -0.84328729 -0.18594366 -0.41944402
v -0.85390401 -0.22210091 -0.38939226
v -0.86714286 -0.26718825 -0.59527212
v -0.86714286 -0.26718825 -0.59527212
v -0.86714286 -0.26718825 -0.59527212
v -0.86714286 -0.26718825 -0.59527212
v -0.86714286 -0.26718825 -0.59527212
v -0.86714286 -0.26718825 -0.59527212
v -0.86714286 -0.26718825 -0.59527212
v -0.86714286 -0.26718825 -0.59527212
v -0.86714286 -0.26718825 -0.59527212
v -0.86714286 -0.26718825 -0.59527212
v -0.86714286 -0.26718825 -0.59527212
v -0.88038164 -0.22210091 -0.58454663
v -0.89099830 -0.18594366 -0.55449516
v -0.89689022 -0.16587800 -0.51106900
v -0.89689022 -0.16587800 -0.46286994
v -0.89099830 -0.18594366 -0.41944402
v -0.88038164 -0.22210091 -0.38939226
v -0.86714286 -0.26718825 -0.37866688
v -0.86714286 -0.26718825 -0.37866688
v -0.86714286 -0.26718825 -0.37866688
v -0.86714286 -0.26718825 -0.37866688
v -0.86714286 -0.26718825 -0.37866688
v -0.86714286 -0.26718825 -0.37866688
v -0.86714286 -0.26718825 -0.37866688
v -0.86714286 -0.26718825 -0.37866688
v -0.86714286 -0.26718825 -0.37866688
v -0.86714286 -0.26718825 -0.37866688
v -0.86714286 -0.26718825 -0.37866688
v -0.90265608 -0.23641580 -0.58454663
v -0.93113548 -0.21173829 -0.55449516
v -0.94694030 -0.19804329 -0.51106900
v -0.94694030 -0.19804329 -0.46286994
v -0.93113548 -0.21173829 -0.41944402
v -0.90265608 -0.23641580 -0.38939226
v -0.91365522 -0.26050085 -0.58454663
v -0.91365522 -0.26050085 -0.58454663
v -0.95095533 -0.25513774 -0.55449516
v -0.95095533 -0.25513774 -0.55449516
v -0.97165531 -0.25216156 -0.51106900
v -0.97165531 -0.25216156 -0.51106900
v -0.97165531 -0.25216156 -0.46286994
v -0.97165531 -0.25216156 -0.46286994
v -0.95095533 -0.25513774 -0.41944385
v -0.95095533 -0.25513774 -0.41944385
v -0.91365522 -0.26050073 -0.38939226
v -0.91365522 -0.26050073 -0.38939226
v -0.90988714 -0.28670889 -0.58454663
v -0.94416541 -0.30236334 -0.55449516
v -0.96318835 -0.31105071 -0.51106900
v -0.96318835 -0.31105071 -0.46286994
v -0.94416541 -0.30236322 -0.41944385
v -0.90988714 -0.28670877 -0.38939226
v -0.89254791 -0.30671936 -0.58454663
v -0.91292125 -0.33842081 -0.55449516
v -0.92422765 -0.35601383 -0.51106900
v -0.92422765 -0.35601383 -0.46286994
v -0.91292125 -0.33842081 -0.41944385
v -0.89254797 -0.30671936 -0.38939226
v -0.86714286 -0.31417900 -0.58454663
v -0.86714286 -0.35186261 -0.55449516
v -0.86714286 -0.37277550 -0.51106900
v -0.86714286 -0.37277550 -0.46286994
v -0.86714286 -0.35186261 -0.41944385
v -0.86714286 -0.31417900 -0.38939226
v -0.66639447 -0.48052096 -0.46286988
v -0.66639447 -0.48052096 -0.51106894
v -0.67228627 -0.50058675 -0.55449510
v -0.68290299 -0.53674388 -0.58454657
v -0.66062856 -0.55105877 -0.38939220
v -0.63214922 -0.52638125 -0.41944396
v -0.61634433 -0.51268625 -0.46286988
v -0.61634433 -0.51268625 -0.51106894
v -0.63214922 -0.52638125 -0.55449510
v -0.66062856 -0.55105877 -0.58454657
v -0.64962935 -0.57514381 -0.38939220
v -0.61232924 -0.56978071 -0.41944379
v -0.59162927 -0.56680453 -0.46286988
v -0.59162927 -0.56680453 -0.51106894
v -0.61232924 -0.56978071 -0.55449510
v -0.64962935 -0.57514381 -0.58454657
v -0.65339756 -0.60135186 -0.38939220
v -0.61911929 -0.61700630 -0.41944379
v -0.60009623 -0.62569368 -0.46286988
v -0.60009623 -0.62569368 -0.51106894
v -0.61911929 -0.61700630 -0.55449510
v -0.65339756 -0.60135186 -0.58454657
v -0.67073667 -0.62136233 -0.38939220
v -0.65036333 -0.65306377 -0.41944379
v -0.63905704 -0.67065692 -0.46286988
v -0.63905704 -0.67065692 -0.51106894
v -0.65036333 -0.65306377 -0.55449510
v -0.67073667 -0.62136233 -0.58454657
v -0.67228627 -0.50058663 -0.41944396
v -0.68290299 -0.53674388 -0.38939220
v -0.69614184 -0.58183122 -0.59527206
v -0.69614184 -0.58183122 -0.59527206
v -0.69614184 -0.58183122 -0.59527206
v -0.69614184 -0.58183122 -0.59527206
v -0.69614184 -0.58183122 -0.59527206
v -0.69614184 -0.58183122 -0.59527206
v -0.69614184 -0.58183122 -0.59527206
v -0.69614184 -0.58183122 -0.59527206
v -0.69614184 -0.58183122 -0.59527206
v -0.69614184 -0.58183122 -0.59527206
v -0.69614184 -0.58183122 -0.59527206
v -0.70938063 -0.53674388 -0.58454657
v -0.71999729 -0.50058663 -0.55449510
v -0.72588921 -0.48052096 -0.51106894
v -0.72588921 -0.48052096 -0.46286988
v -0.71999729 -0.50058663 -0.41944396
v -0.70938063 -0.53674388 -0.38939220
v -0.69614184 -0.58183122 -0.37866682
v -0.69614184 -0.58183122 -0.37866682
v -0.69614184 -0.58183122 -0.37866682
v -0.69614184 -0.58183122 -0.37866682
v -0.69614184 -0.58183122 -0.37866682
v -0.69614184 -0.58183122 -0.37866682
v -0.69614184 -0.58183122 -0.37866682
v -0.69614184 -0.58183122 -0.37866682
v -0.69614184 -0.58183122 -0.37866682
v -0.69614184 -0.58183122 -0.37866682
v -0.69614184 -0.58183122 -0.37866682
v -0.73165506 -0.55105877 -0.58454657
v -0.76013446 -0.52638125 -0.55449510
v -0.77593929 -0.51268625 -0.51106894
v -0.77593929 -0.51268625 -0.46286988
v -0.76013446 -0.52638125 -0.41944396
v -0.73165506 -0.55105877 -0.38939220
v -0.74265420 -0.57514381 -0.58454657
v -0.74265420 -0.57514381 -0.58454657
v -0.77995431 -0.56978071 -0.55449510
v -0.77995431 -0.56978071 -0.55449510
v -0.80065429 -0.56680453 -0.51106894
v -0.80065429 -0.56680453 -0.51106894
v -0.80065429 -0.56680453 -0.46286988
v -0.80065429 -0.56680453 -0.46286988
v -0.77995431 -0.56978071 -0.41944379
v -0.77995431 -0.56978071 -0.41944379
v -0.74265420 -0.57514369 -0.38939220
v -0.74265420 -0.57514369 -0.38939220
v -0.73888612 -0.60135186 -0.58454657
v -0.77316439 -0.61700630 -0.55449510
v -0.79218733 -0.62569368 -0.51106894
v -0.79218733 -0.62569368 -0.46286988
v -0.77316439 -0.61700618 -0.41944379
v -0.73888612 -0.60135174 -0.38939220
v -0.72154689 -0.62136233 -0.58454657
v -0.74192023 -0.65306377 -0.55449510
v -0.75322664 -0.67065680 -0.51106894
v -0.75322664 -0.67065680 -0.46286988
v -0.74192023 -0.65306377 -0.41944379
v -0.72154695 -0.62136233 -0.38939220
v -0.69614184 -0.62882197 -0.58454657
v -0.69614184 -0.66650558 -0.55449510
v -0.69614184 -0.68741846 -0.51106894
v -0.69614184 -0.68741846 -0.46286988
v -0.69614184 -0.66650558 -0.41944379
v -0.69614184 -0.62882197 -0.38939220
v -0.30835247 -0.59205794 -0.46286985
v -0.30835247 -0.59205794 -0.51106894
v -0.31424427 -0.61212373 -0.55449510
v -0.32486099 -0.64828086 -0.58454657
v -0.30258656 -0.66259575 -0.38939217
v -0.27410722 -0.63791823 -0.41944394
v -0.25830233 -0.62422323 -0.46286985
v -0.25830233 -0.62422323 -0.51106894
v -0.27410722 -0.63791823 -0.55449510
v -0.30258656 -0.66259575 -0.58454657
v -0.29158735 -0.68668079 -0.38939217
v -0.25428724 -0.68131769 -0.41944376
v -0.23358727 -0.67834151 -0.46286985
v -0.23358727 -0.67834151 -0.51106894
v -0.25428724 -0.68131769 -0.55449510
v -0.29158735 -0.68668079 -0.58454657
v -0.29535556 -0.71288884 -0.38939217
v -0.26107728 -0.72854328 -0.41944376
v -0.24205422 -0.73723066 -0.46286985
v -0.24205422 -0.73723066 -0.51106894
v -0.26107728 -0.72854328 -0.55449510
v -0.29535556 -0.71288884 -0.58454657
v -0.31269467 -0.73289931 -0.38939217
v -0.29232132 -0.76460075 -0.41944376
v -0.28101504 -0.78219390 -0.46286985
v -0.28101504 -0.78219390 -0.51106894
v -0.29232132 -0.76460075 -0.55449510
v -0.31269467 -0.73289931 -0.58454657
v -0.31424427 -0.61212361 -0.41944394
v -0.32486099 -0.64828086 -0.38939217
v -0.33809984 -0.69336820 -0.59527206
v -0.33809984 -0.69336820 -0.59527206
v -0.33809984 -0.69336820 -0.59527206
v -0.33809984 -0.69336820 -0.59527206
v -0.33809984 -0.69336820 -0.59527206
v -0.33809984 -0.69336820 -0.59527206
v -0.33809984 -0.69336820 -0.59527206
v -0.33809984 -0.69336820 -0.59527206
v -0.33809984 -0.69336820 -0.59527206
v -0.33809984 -0.69336820 -0.59527206
v -0.33809984 -0.69336820 -0.59527206
v -0.35133862 -0.64828086 -0.58454657
v -0.36195529 -0.61212361 -0.55449510
v -0.36784720 -0.59205794 -0.51106894
v -0.36784720 -0.59205794 -0.46286985
v -0.36195529 -0.61212361 -0.41944394
v -0.35133862 -0.64828086 -0.38939217
v -0.33809984 -0.69336820 -0.37866679
v -0.33809984 -0.69336820 -0.37866679
v -0.33809984 -0.69336820 -0.37866679
v -0.33809984 -0.69336820 -0.37866679
v -0.33809984 -0.69336820 -0.37866679
v -0.33809984 -0.69336820 -0.37866679
v -0.33809984 -0.69336820 -0.37866679
v -0.33809984 -0.69336820 -0.37866679
v -0.33809984 -0.69336820 -0.37866679
v -0.33809984 -0.69336820 -0.37866679
v -0.33809984 -0.69336820 -0.37866679
v -0.37361306 -0.66259575 -0.58454657
v -0.40209246 -0.63791823 -0.55449510
v -0.41789728 -0.62422323 -0.51106894
v -0.41789728 -0.62422323 -0.46286985
v -0.40209246 -0.63791823 -0.41944394
v -0.37361306 -0.66259575 -0.38939217
v -0.38461220 -0.68668079 -0.58454657
v -0.38461220 -0.68668079 -0.58454657
v -0.42191231 -0.68131769 -0.55449510
v -0.42191231 -0.68131769 -0.55449510
v -0.44261229 -0.67834151 -0.51106894
v -0.44261229 -0.67834151 -0.51106894
v -0.44261229 -0.67834151 -0.46286985
v -0.44261229 -0.67834151 -0.46286985
v -0.42191231 -0.68131769 -0.41944376
v -0.42191231 -0.68131769 -0.41944376
v -0.38461220 -0.68668067 -0.38939217
v -0.38461220 -0.68668067 -0.38939217
v -0.38084412 -0.71288884 -0.58454657
v -0.41512239 -0.72854328 -0.55449510
v -0.43414533 -0.73723066 -0.51106894
v -0.43414533 -0.73723066 -0.46286985
v -0.41512239 -0.72854316 -0.41944376
v -0.38084412 -0.71288872 -0.38939217
v -0.36350489 -0.73289931 -0.58454657
v -0.38387823 -0.76460075 -0.55449510
v -0.39518464 -0.78219378 -0.51106894
v -0.39518464 -0.78219378 -0.46286985
v -0.38387823 -0.76460075 -0.41944376
v -0.36350495 -0.73289931 -0.38939217
v -0.33809984 -0.74035895 -0.58454657
v -0.33809984 -0.77804255 -0.55449510
v -0.33809984 -0.79895544 -0.51106894
v -0.33809984 -0.79895544 -0.46286985
v -0.33809984 -0.77804255 -0.41944376
v -0.33809984 -0.74035895 -0.38939217
v 0.03015998 -0.65753192 -0.46286985
v 0.03015998 -0.65753192 -0.51106894
v 0.02426818 -0.67759770 -0.55449510
v 0.01365146 -0.71375483 -0.58454657
v 0.03592589 -0.72806972 -0.38939217
v 0.06440523 -0.70339221 -0.41944394
v 0.08021012 -0.68969721 -0.46286985
v 0.08021012 -0.68969721 -0.51106894
v 0.06440523 -0.70339221 -0.55449510
v 0.03592589 -0.72806972 -0.58454657
v 0.04692510 -0.75215477 -0.38939217
v 0.08422521 -0.74679166 -0.41944376
v 0.10492519 -0.74381548 -0.46286985
v 0.10492519 -0.74381548 -0.51106894
v 0.08422521 -0.74679166 -0.55449510
v 0.04692510 -0.75215477 -0.58454657
v 0.04315689 -0.77836281 -0.38939217
v 0.07743517 -0.79401726 -0.41944376
v 0.09645823 -0.80270463 -0.46286985
v 0.09645823 -0.80270463 -0.51106894
v 0.07743517 -0.79401726 -0.55449510
v 0.04315689 -0.77836281 -0.58454657
v 0.02581778 -0.79837328 -0.38939217
v 0.04619113 -0.83007473 -0.41944376
v 0.05749741 -0.84766787 -0.46286985
v 0.05749741 -0.84766787 -0.51106894
v 0.04619113 -0.83007473 -0.55449510
v 0.02581778 -0.79837328 -0.58454657
v 0.02426818 -0.67759758 -0.41944394
v 0.01365146 -0.71375483 -0.38939217
v 0.00041261 -0.75884217 -0.59527206
v 0.00041261 -0.75884217 -0.59527206
v 0.00041261 -0.75884217 -0.59527206
v 0.00041261 -0.75884217 -0.59527206
v 0.00041261 -0.75884217 -0.59527206
v 0.00041261 -0.75884217 -0.59527206
v 0.00041261 -0.75884217 -0.59527206
v 0.00041261 -0.75884217 -0.59527206
v 0.00041261 -0.75884217 -0.59527206
v 0.00041261 -0.75884217 -0.59527206
v 0.00041261 -0.75884217 -0.59527206
v -0.01282617 -0.71375483 -0.58454657
v -0.02344283 -0.67759758 -0.55449510
v -0.02933475 -0.65753192 -0.51106894
v -0.02933475 -0.65753192 -0.46286985
v -0.02344283 -0.67759758 -0.41944394
v -0.01282617 -0.71375483 -0.38939217
v 0.00041261 -0.75884217 -0.37866679
v 0.00041261 -0.75884217 -0.37866679
v 0.00041261 -0.75884217 -0.37866679
v 0.00041261 -0.75884217 -0.37866679
v 0.00041261 -0.75884217 -0.37866679
v 0.00041261 -0.75884217 -0.37866679
v 0.00041261 -0.75884217 -0.37866679
v 0.00041261 -0.75884217 -0.37866679
v 0.00041261 -0.75884217 -0.37866679
v 0.00041261 -0.75884217 -0.37866679
v 0.00041261 -0.75884217 -0.37866679
v -0.03510061 -0.72806972 -0.58454657
v -0.06358001 -0.70339221 -0.55449510
v -0.07938483 -0.68969721 -0.51106894
v -0.07938483 -0.68969721 -0.46286985
v -0.06358001 -0.70339221 -0.41944394
v -0.03510061 -0.72806972 -0.38939217
v -0.04609975 -0.75215477 -0.58454657
v -0.04609975 -0.75215477 -0.58454657
v -0.08339986 -0.74679166 -0.55449510
v -0.08339986 -0.74679166 -0.55449510
v -0.10409984 -0.74381548 -0.51106894
v -0.10409984 -0.74381548 -0.51106894
v -0.10409984 -0.74381548 -0.46286985
v -0.10409984 -0.74381548 -0.46286985
v -0.08339986 -0.74679166 -0.41944376
v -0.08339986 -0.74679166 -0.41944376
v -0.04609975 -0.75215465 -0.38939217
v -0.04609975 -0.75215465 -0.38939217
v -0.04233167 -0.77836281 -0.58454657
v -0.07660994 -0.79401726 -0.55449510
v -0.09563288 -0.80270463 -0.51106894
v -0.09563288 -0.80270463 -0.46286985
v -0.07660994 -0.79401714 -0.41944376
v -0.04233167 -0.77836269 -0.38939217
v -0.02499244 -0.79837328 -0.58454657
v -0.04536578 -0.83007473 -0.55449510
v -0.05667219 -0.84766775 -0.51106894
v -0.05667219 -0.84766775 -0.46286985
v -0.04536578 -0.83007473 -0.41944376
v -0.02499250 -0.79837328 -0.38939217
v 0.00041261 -0.80583292 -0.58454657
v 0.00041261 -0.84351653 -0.55449510
v 0.00041261 -0.86442941 -0.51106894
v 0.00041261 -0.86442941 -0.46286985
v 0.00041261 -0.84351653 -0.41944376
v 0.00041261 -0.80583292 -0.38939217
v 0.31442365 -0.60786426 -0.46286988
v 0.31442365 -0.60786426 -0.51106894
v 0.30853185 -0.62793005 -0.55449510
v 0.29791513 -0.66408718 -0.58454657
v 0.32018957 -0.67840207 -0.38939220
v 0.34866890 -0.65372455 -0.41944396
v 0.36447379 -0.64002955 -0.46286988
v 0.36447379 -0.64002955 -0.51106894
v 0.34866890 -0.65372455 -0.55449510
v 0.32018957 -0.67840207 -0.58454657
v 0.33118877 -0.70248711 -0.38939220
v 0.36848888 -0.69712400 -0.41944379
v 0.38918886 -0.69414783 -0.46286988
v 0.38918886 -0.69414783 -0.51106894
v 0.36848888 -0.69712400 -0.55449510
v 0.33118877 -0.70248711 -0.58454657
v 0.32742056 -0.72869515 -0.38939220
v 0.36169884 -0.74434960 -0.41944379
v 0.38072190 -0.75303698 -0.46286988
v 0.38072190 -0.75303698 -0.51106894
v 0.36169884 -0.74434960 -0.55449510
v 0.32742056 -0.72869515 -0.58454657
v 0.31008145 -0.74870563 -0.38939220
v 0.33045480 -0.78040707 -0.41944379
v 0.34176108 -0.79800022 -0.46286988
v 0.34176108 -0.79800022 -0.51106894
v 0.33045480 -0.78040707 -0.55449510
v 0.31008145 -0.74870563 -0.58454657
v 0.30853185 -0.62792993 -0.41944396
v 0.29791513 -0.66408718 -0.38939220
v 0.28467628 -0.70917451 -0.59527206
v 0.28467628 -0.70917451 -0.59527206
v 0.28467628 -0.70917451 -0.59527206
v 0.28467628 -0.70917451 -0.59527206
v 0.28467628 -0.70917451 -0.59527206
v 0.28467628 -0.70917451 -0.59527206
v 0.28467628 -0.70917451 -0.59527206
v 0.28467628 -0.70917451 -0.59527206
v 0.28467628 -0.70917451 -0.59527206
v 0.28467628 -0.70917451 -0.59527206
v 0.28467628 -0.70917451 -0.59527206
v 0.27143750 -0.66408718 -0.58454657
v 0.26082084 -0.62792993 -0.55449510
v 0.25492892 -0.60786426 -0.51106894
v 0.25492892 -0.60786426 -0.46286988
v 0.26082084 -0.62792993 -0.41944396
v 0.27143750 -0.66408718 -0.38939220
v 0.28467628 -0.70917451 -0.37866682
v 0.28467628 -0.70917451 -0.37866682
v 0.28467628 -0.70917451 -0.37866682
v 0.28467628 -0.70917451 -0.37866682
v 0.28467628 -0.70917451 -0.37866682
v 0.28467628 -0.70917451 -0.37866682
v 0.28467628 -0.70917451 -0.37866682
v 0.28467628 -0.70917451 -0.37866682
v 0.28467628 -0.70917451 -0.37866682
v 0.28467628 -0.70917451 -0.37866682
v 0.28467628 -0.70917451 -0.37866682
v 0.24916306 -0.67840207 -0.58454657
v 0.22068366 -0.65372455 -0.55449510
v 0.20487884 -0.64002955 -0.51106894
v 0.20487884 -0.64002955 -0.46286988
v 0.22068366 -0.65372455 -0.41944396
v 0.24916306 -0.67840207 -0.38939220
v 0.23816392 -0.70248711 -0.58454657
v 0.23816392 -0.70248711 -0.58454657
v 0.20086381 -0.69712400 -0.55449510
v 0.20086381 -0.69712400 -0.55449510
v 0.18016383 -0.69414783 -0.51106894
v 0.18016383 -0.69414783 -0.51106894
v 0.18016383 -0.69414783 -0.46286988
v 0.18016383 -0.69414783 -0.46286988
v 0.20086381 -0.69712400 -0.41944379
v 0.20086381 -0.69712400 -0.41944379
v 0.23816392 -0.70248699 -0.38939220
v 0.23816392 -0.70248699 -0.38939220
v 0.24193200 -0.72869515 -0.58454657
v 0.20765373 -0.74434960 -0.55449510
v 0.18863079 -0.75303698 -0.51106894
v 0.18863079 -0.75303698 -0.46286988
v 0.20765373 -0.74434948 -0.41944379
v 0.24193200 -0.72869503 -0.38939220
v 0.25927123 -0.74870563 -0.58454657
v 0.23889789 -0.78040707 -0.55449510
v 0.22759148 -0.79800010 -0.51106894
v 0.22759148 -0.79800010 -0.46286988
v 0.23889789 -0.78040707 -0.41944379
v 0.25927117 -0.74870563 -0.38939220
v 0.28467628 -0.75616527 -0.58454657
v 0.28467628 -0.79384887 -0.55449510
v 0.28467628 -0.81476176 -0.51106894
v 0.28467628 -0.81476176 -0.46286988
v 0.28467628 -0.79384887 -0.41944379
v 0.28467628 -0.75616527 -0.38939220
v 0.67680556 -0.48052096 -0.46286988
v 0.67680556 -0.48052096 -0.51106894
v 0.67091376 -0.50058675 -0.55449510
v 0.66029698 -0.53674388 -0.58454657
v 0.68257147 -0.55105877 -0.38939220
v 0.71105081 -0.52638125 -0.41944396
v 0.72685570 -0.51268625 -0.46286988
v 0.72685570 -0.51268625 -0.51106894
v 0.71105081 -0.52638125 -0.55449510
v 0.68257147 -0.55105877 -0.58454657
v 0.69357067 -0.57514381 -0.38939220
v 0.73087078 -0.56978071 -0.41944379
v 0.75157076 -0.56680453 -0.46286988
v 0.75157076 -0.56680453 -0.51106894
v 0.73087078 -0.56978071 -0.55449510
v 0.69357067 -0.57514381 -0.58454657
v 0.68980247 -0.60135186 -0.38939220
v 0.72408074 -0.61700630 -0.41944379
v 0.74310380 -0.62569368 -0.46286988
v 0.74310380 -0.62569368 -0.51106894
v 0.72408074 -0.61700630 -0.55449510
v 0.68980247 -0.60135186 -0.58454657
v 0.67246336 -0.62136233 -0.38939220
v 0.69283670 -0.65306377 -0.41944379
v 0.70414299 -0.67065692 -0.46286988
v 0.70414299 -0.67065692 -0.51106894
v 0.69283670 -0.65306377 -0.55449510
v 0.67246336 -0.62136233 -0.58454657
v 0.67091376 -0.50058663 -0.41944396
v 0.66029698 -0.53674388 -0.38939220
v 0.64705819 -0.58183122 -0.59527206
v 0.64705819 -0.58183122 -0.59527206
v 0.64705819 -0.58183122 -0.59527206
v 0.64705819 -0.58183122 -0.59527206
v 0.64705819 -0.58183122 -0.59527206
v 0.64705819 -0.58183122 -0.59527206
v 0.64705819 -0.58183122 -0.59527206
v 0.64705819 -0.58183122 -0.59527206
v 0.64705819 -0.58183122 -0.59527206
v 0.64705819 -0.58183122 -0.59527206
v 0.64705819 -0.58183122 -0.59527206
v 0.63381940 -0.53674388 -0.58454657
v 0.62320274 -0.50058663 -0.55449510
v 0.61731082 -0.48052096 -0.51106894
v 0.61731082 -0.48052096 -0.46286988
v 0.62320274 -0.50058663 -0.41944396
v 0.63381940 -0.53674388 -0.38939220
v 0.64705819 -0.58183122 -0.37866682
v 0.64705819 -0.58183122 -0.37866682
v 0.64705819 -0.58183122 -0.37866682
v 0.64705819 -0.58183122 -0.37866682
v 0.64705819 -0.58183122 -0.37866682
v 0.64705819 -0.58183122 -0.37866682
v 0.64705819 -0.58183122 -0.37866682
v 0.64705819 -0.58183122 -0.37866682
v 0.64705819 -0.58183122 -0.37866682
v 0.64705819 -0.58183122 -0.37866682
v 0.64705819 -0.58183122 -0.37866682
v 0.61154491 -0.55105877 -0.58454657
v 0.58306557 -0.52638125 -0.55449510
v 0.56726068 -0.51268625 -0.51106894
v 0.56726068 -0.51268625 -0.46286988
v 0.58306557 -0.52638125 -0.41944396
v 0.61154491 -0.55105877 -0.38939220
v 0.60054582 -0.57514381 -0.58454657
v 0.60054582 -0.57514381 -0.58454657
v 0.56324571 -0.56978071 -0.55449510
v 0.56324571 -0.56978071 -0.55449510
v 0.54254574 -0.56680453 -0.51106894
v 0.54254574 -0.56680453 -0.51106894
v 0.54254574 -0.56680453 -0.46286988
v 0.54254574 -0.56680453 -0.46286988
v 0.56324571 -0.56978071 -0.41944379
v 0.56324571 -0.56978071 -0.41944379
v 0.60054582 -0.57514369 -0.38939220
v 0.60054582 -0.57514369 -0.38939220
v 0.60431391 -0.60135186 -0.58454657
v 0.57003564 -0.61700630 -0.55449510
v 0.55101269 -0.62569368 -0.51106894
v 0.55101269 -0.62569368 -0.46286988
v 0.57003564 -0.61700618 -0.41944379
v 0.60431391 -0.60135174 -0.38939220
v 0.62165314 -0.62136233 -0.58454657
v 0.60127980 -0.65306377 -0.55449510
v 0.58997339 -0.67065680 -0.51106894
v 0.58997339 -0.67065680 -0.46286988
v 0.60127980 -0.65306377 -0.41944379
v 0.62165302 -0.62136233 -0.38939220
v 0.64705819 -0.62882197 -0.58454657
v 0.64705819 -0.66650558 -0.55449510
v 0.64705819 -0.68741846 -0.51106894
v 0.64705819 -0.68741846 -0.46286988
v 0.64705819 -0.66650558 -0.41944379
v 0.64705819 -0.62882197 -0.38939220
v 0.89643759 -0.21033525 -0.46286991
v 0.89643759 -0.21033525 -0.51106900
v 0.89054579 -0.23040104 -0.55449516
v 0.87992901 -0.26655817 -0.58454663
v 0.90220350 -0.28087306 -0.38939223
v 0.93068284 -0.25619555 -0.41944399
v 0.94648772 -0.24250054 -0.46286991
v 0.94648772 -0.24250054 -0.51106900
v 0.93068284 -0.25619555 -0.55449516
v 0.90220350 -0.28087306 -0.58454663
v 0.91320270 -0.30495811 -0.38939223
v 0.95050281 -0.29959500 -0.41944382
v 0.97120279 -0.29661882 -0.46286991
v 0.97120279 -0.29661882 -0.51106900
v 0.95050281 -0.29959500 -0.55449516
v 0.91320270 -0.30495811 -0.58454663
v 0.90943450 -0.33116615 -0.38939223
v 0.94371277 -0.34682059 -0.41944382
v 0.96273583 -0.35550797 -0.46286991
v 0.96273583 -0.35550797 -0.51106900
v 0.94371277 -0.34682059 -0.55449516
v 0.90943450 -0.33116615 -0.58454663
v 0.89209539 -0.35117662 -0.38939223
v 0.91246873 -0.38287807 -0.41944382
v 0.92377502 -0.40047121 -0.46286991
v 0.92377502 -0.40047121 -0.51106900
v 0.91246873 -0.38287807 -0.55449516
v 0.89209539 -0.35117662 -0.58454663
v 0.89054579 -0.23040092 -0.41944399
v 0.87992901 -0.26655817 -0.38939223
v 0.86669022 -0.31164551 -0.59527212
v 0.86669022 -0.31164551 -0.59527212
v 0.86669022 -0.31164551 -0.59527212
v 0.86669022 -0.31164551 -0.59527212
v 0.86669022 -0.31164551 -0.59527212
v 0.86669022 -0.31164551 -0.59527212
v 0.86669022 -0.31164551 -0.59527212
v 0.86669022 -0.31164551 -0.59527212
v 0.86669022 -0.31164551 -0.59527212
v 0.86669022 -0.31164551 -0.59527212
v 0.86669022 -0.31164551 -0.59527212
v 0.85345143 -0.26655817 -0.58454663
v 0.84283477 -0.23040092 -0.55449516
v 0.83694285 -0.21033525 -0.51106900
v 0.83694285 -0.21033525 -0.46286991
v 0.84283477 -0.23040092 -0.41944399
v 0.85345143 -0.26655817 -0.38939223
v 0.86669022 -0.31164551 -0.37866685
v 0.86669022 -0.31164551 -0.37866685
v 0.86669022 -0.31164551 -0.37866685
v 0.86669022 -0.31164551 -0.37866685
v 0.86669022 -0.31164551 -0.37866685
v 0.86669022 -0.31164551 -0.37866685
v 0.86669022 -0.31164551 -0.37866685
v 0.86669022 -0.31164551 -0.37866685
v 0.86669022 -0.31164551 -0.37866685
v 0.86669022 -0.31164551 -0.37866685
v 0.86669022 -0.31164551 -0.37866685
v 0.83117694 -0.28087306 -0.58454663
v 0.80269760 -0.25619555 -0.55449516
v 0.78689271 -0.24250054 -0.51106900
v 0.78689271 -0.24250054 -0.46286991
v 0.80269760 -0.25619555 -0.41944399
v 0.83117694 -0.28087306 -0.38939223
v 0.82017785 -0.30495811 -0.58454663
v 0.82017785 -0.30495811 -0.58454663
v 0.78287774 -0.29959500 -0.55449516
v 0.78287774 -0.29959500 -0.55449516
v 0.76217777 -0.29661882 -0.51106900
v 0.76217777 -0.29661882 -0.51106900
v 0.76217777 -0.29661882 -0.46286991
v 0.76217777 -0.29661882 -0.46286991
v 0.78287774 -0.29959500 -0.41944382
v 0.78287774 -0.29959500 -0.41944382
v 0.82017785 -0.30495799 -0.38939223
v 0.82017785 -0.30495799 -0.38939223
v 0.82394594 -0.33116615 -0.58454663
v 0.78966767 -0.34682059 -0.55449516
v 0.77064472 -0.35550797 -0.51106900
v 0.77064472 -0.35550797 -0.46286991
v 0.78966767 -0.34682047 -0.41944382
v 0.82394594 -0.33116603 -0.38939223
v 0.84128517 -0.35117662 -0.58454663
v 0.82091182 -0.38287807 -0.55449516
v 0.80960542 -0.40047109 -0.51106900
v 0.80960542 -0.40047109 -0.46286991
v 0.82091182 -0.38287807 -0.41944382
v 0.84128505 -0.35117662 -0.38939223
v 0.86669022 -0.35863626 -0.58454663
v 0.86669022 -0.39631987 -0.55449516
v 0.86669022 -0.41723275 -0.51106900
v 0.86669022 -0.41723275 -0.46286991
v 0.86669022 -0.39631987 -0.41944382
v 0.86669022 -0.35863626 -0.38939223
v 0.89643759 0.10255811 -0.46286997
v 0.89643759 0.10255811 -0.51106906
v 0.89054579 0.08249232 -0.55449522
v 0.87992901 0.04633519 -0.58454669
v 0.90220350 0.03202030 -0.38939229
v 0.93068284 0.05669781 -0.41944405
v 0.94648772 0.07039282 -0.46286997
v 0.94648772 0.07039282 -0.51106906
v 0.93068284 0.05669781 -0.55449522
v 0.90220350 0.03202030 -0.58454669
v 0.91320270 0.00793525 -0.38939229
v 0.95050281 0.01329836 -0.41944388
v 0.97120279 0.01627454 -0.46286997
v 0.97120279 0.01627454 -0.51106906
v 0.95050281 0.01329836 -0.55449522
v 0.91320270 0.00793525 -0.58454669
v 0.90943450 -0.01827279 -0.38939229
v 0.94371277 -0.03392724 -0.41944388
v 0.96273583 -0.04261461 -0.46286997
v 0.96273583 -0.04261461 -0.51106906
v 0.94371277 -0.03392724 -0.55449522
v 0.90943450 -0.01827279 -0.58454669
v 0.89209539 -0.03828326 -0.38939229
v 0.91246873 -0.06998470 -0.41944388
v 0.92377502 -0.08757785 -0.46286997
v 0.92377502 -0.08757785 -0.51106906
v 0.91246873 -0.06998470 -0.55449522
v 0.89209539 -0.03828326 -0.58454669
v 0.89054579 0.08249244 -0.41944405
v 0.87992901 0.04633519 -0.38939229
v 0.86669022 0.00124785 -0.59527218
v 0.86669022 0.00124785 -0.59527218
v 0.86669022 0.00124785 -0.59527218
v 0.86669022 0.00124785 -0.59527218
v 0.86669022 0.00124785 -0.59527218
v 0.86669022 0.00124785 -0.59527218
v 0.86669022 0.00124785 -0.59527218
v 0.86669022 0.00124785 -0.59527218
v 0.86669022 0.00124785 -0.59527218
v 0.86669022 0.00124785 -0.59527218
v 0.86669022 0.00124785 -0.59527218
v 0.85345143 0.04633519 -0.58454669
v 0.84283477 0.08249244 -0.55449522
v 0.83694285 0.10255811 -0.51106906
v 0.83694285 0.10255811 -0.46286997
v 0.84283477 0.08249244 -0.41944405
v 0.85345143 0.04633519 -0.38939229
v 0.86669022 0.00124785 -0.37866691
v 0.86669022 0.00124785 -0.37866691
v 0.86669022 0.00124785 -0.37866691
v 0.86669022 0.00124785 -0.37866691
v 0.86669022 0.00124785 -0.37866691
v 0.86669022 0.00124785 -0.37866691
v 0.86669022 0.00124785 -0.37866691
v 0.86669022 0.00124785 -0.37866691
v 0.86669022 0.00124785 -0.37866691
v 0.86669022 0.00124785 -0.37866691
v 0.86669022 0.00124785 -0.37866691
v 0.83117694 0.03202030 -0.58454669
v 0.80269760 0.05669781 -0.55449522
v 0.78689271 0.07039282 -0.51106906
v 0.78689271 0.07039282 -0.46286997
v 0.80269760 0.05669781 -0.41944405
v 0.83117694 0.03202030 -0.38939229
v 0.82017785 0.00793525 -0.58454669
v 0.82017785 0.00793525 -0.58454669
v 0.78287774 0.01329836 -0.55449522
v 0.78287774 0.01329836 -0.55449522
v 0.76217777 0.01627454 -0.51106906
v 0.76217777 0.01627454 -0.51106906
v 0.76217777 0.01627454 -0.46286997
v 0.76217777 0.01627454 -0.46286997
v 0.78287774 0.01329836 -0.41944388
v 0.78287774 0.01329836 -0.41944388
v 0.82017785 0.00793537 -0.38939229
v 0.82017785 0.00793537 -0.38939229
v 0.82394594 -0.01827279 -0.58454669
v 0.78966767 -0.03392724 -0.55449522
v 0.77064472 -0.04261461 -0.51106906
v 0.77064472 -0.04261461 -0.46286997
v 0.78966767 -0.03392712 -0.41944388
v 0.82394594 -0.01827267 -0.38939229
v 0.84128517 -0.03828326 -0.58454669
v 0.82091182 -0.06998470 -0.55449522
v 0.80960542 -0.08757773 -0.51106906
v 0.80960542 -0.08757773 -0.46286997
v 0.82091182 -0.06998470 -0.41944388
v 0.84128505 -0.03828326 -0.38939229
v 0.86669022 -0.04574290 -0.58454669
v 0.86669022 -0.08342651 -0.55449522
v 0.86669022 -0.10433939 -0.51106906
v 0.86669022 -0.10433939 -0.46286997
v 0.86669022 -0.08342651 -0.41944388
v 0.86669022 -0.04574290 -0.38939229
v 0.89643759 0.41539297 -0.46287003
v 0.89643759 0.41539297 -0.51106912
v 0.89054579 0.39532718 -0.55449528
v 0.87992901 0.35917005 -0.58454674
v 0.90220350 0.34485516 -0.38939235
v 0.93068284 0.36953267 -0.41944411
v 0.94648772 0.38322768 -0.46287003
v 0.94648772 0.38322768 -0.51106912
v 0.93068284 0.36953267 -0.55449528
v 0.90220350 0.34485516 -0.58454674
v 0.91320270 0.32077011 -0.38939235
v 0.95050281 0.32613322 -0.41944394
v 0.97120279 0.32910940 -0.46287003
v 0.97120279 0.32910940 -0.51106912
v 0.95050281 0.32613322 -0.55449528
v 0.91320270 0.32077011 -0.58454674
v 0.90943450 0.29456207 -0.38939235
v 0.94371277 0.27890763 -0.41944394
v 0.96273583 0.27022025 -0.46287003
v 0.96273583 0.27022025 -0.51106912
v 0.94371277 0.27890763 -0.55449528
v 0.90943450 0.29456207 -0.58454674
v 0.89209539 0.27455160 -0.38939235
v 0.91246873 0.24285015 -0.41944394
v 0.92377502 0.22525701 -0.46287003
v 0.92377502 0.22525701 -0.51106912
v 0.91246873 0.24285015 -0.55449528
v 0.89209539 0.27455160 -0.58454674
v 0.89054579 0.39532730 -0.41944411
v 0.87992901 0.35917005 -0.38939235
v 0.86669022 0.31408271 -0.59527224
v 0.86669022 0.31408271 -0.59527224
v 0.86669022 0.31408271 -0.59527224
v 0.86669022 0.31408271 -0.59527224
v 0.86669022 0.31408271 -0.59527224
v 0.86669022 0.31408271 -0.59527224
v 0.86669022 0.31408271 -0.59527224
v 0.86669022 0.31408271 -0.59527224
v 0.86669022 0.31408271 -0.59527224
v 0.86669022 0.31408271 -0.59527224
v 0.86669022 0.31408271 -0.59527224
v 0.85345143 0.35917005 -0.58454674
v 0.84283477 0.39532730 -0.55449528
v 0.83694285 0.41539297 -0.51106912
v 0.83694285 0.41539297 -0.46287003
v 0.84283477 0.39532730 -0.41944411
v 0.85345143 0.35917005 -0.38939235
v 0.86669022 0.31408271 -0.37866697
v 0.86669022 0.31408271 -0.37866697
v 0.86669022 0.31408271 -0.37866697
v 0.86669022 0.31408271 -0.37866697
v 0.86669022 0.31408271 -0.37866697
v 0.86669022 0.31408271 -0.37866697
v 0.86669022 0.31408271 -0.37866697
v 0.86669022 0.31408271 -0.37866697
v 0.86669022 0.31408271 -0.37866697
v 0.86669022 0.31408271 -0.37866697
v 0.86669022 0.31408271 -0.37866697
v 0.83117694 0.34485516 -0.58454674
v 0.80269760 0.36953267 -0.55449528
v 0.78689271 0.38322768 -0.51106912
v 0.78689271 0.38322768 -0.46287003
v 0.80269760 0.36953267 -0.41944411
v 0.83117694 0.34485516 -0.38939235
v 0.82017785 0.32077011 -0.58454674
v 0.82017785 0.32077011 -0.58454674
v 0.78287774 0.32613322 -0.55449528
v 0.78287774 0.32613322 -0.55449528
v 0.76217777 0.32910940 -0.51106912
v 0.76217777 0.32910940 -0.51106912
v 0.76217777 0.32910940 -0.46287003
v 0.76217777 0.32910940 -0.46287003
v 0.78287774 0.32613322 -0.41944394
v 0.78287774 0.32613322 -0.41944394
v 0.82017785 0.32077023 -0.38939235
v 0.82017785 0.32077023 -0.38939235
v 0.82394594 0.29456207 -0.58454674
v 0.78966767 0.27890763 -0.55449528
v 0.77064472 0.27022025 -0.51106912
v 0.77064472 0.27022025 -0.46287003
v 0.78966767 0.27890775 -0.41944394
v 0.82394594 0.29456219 -0.38939235
v 0.84128517 0.27455160 -0.58454674
v 0.82091182 0.24285015 -0.55449528
v 0.80960542 0.22525713 -0.51106912
v 0.80960542 0.22525713 -0.46287003
v 0.82091182 0.24285015 -0.41944394
v 0.84128505 0.27455160 -0.38939235
v 0.86669022 0.26709196 -0.58454674
v 0.86669022 0.22940835 -0.55449528
v 0.86669022 0.20849547 -0.51106912
v 0.86669022 0.20849547 -0.46287003
v 0.86669022 0.22940835 -0.41944394
v 0.86669022 0.26709196 -0.38939235
v 0.00196880 -0.40899971 -0.62802219
v -0.06272469 -0.40899897 -0.62800694
v 0.05793359 -0.35013598 -0.52305776
v 0.00196880 -0.35013598 -0.52447414
v 0.06666228 -0.40899897 -0.62800694
v -0.05399599 -0.35013598 -0.52305776
v 0.00547457 -0.45727652 -0.37223405
v -0.04942498 -0.45727593 -0.37222108
v 0.05296684 -0.40732419 -0.28316015
v 0.00547457 -0.40732419 -0.28436211
v 0.06037409 -0.45727593 -0.37222108
v -0.04201772 -0.40732419 -0.28316015
v 0.00669587 -0.48750973 -0.30145738
v -0.04939944 -0.48750910 -0.30144411
v 0.05522258 -0.43646938 -0.21044335
v 0.00669587 -0.43646938 -0.21167147
v 0.06279117 -0.48750910 -0.30144411
v -0.04183084 -0.43646938 -0.21044335
v 0.01166127 -0.54973119 -0.19160861
v -0.05538835 -0.54973042 -0.19159275
v 0.06966429 -0.51309031 -0.10718789
v 0.01166127 -0.51309031 -0.10865586
v 0.07871088 -0.54973042 -0.19159275
v -0.04634175 -0.51309031 -0.10718789
v 0.01534902 -0.72442126 -0.08905634
v -0.04930080 -0.72442055 -0.08904107
v 0.07127603 -0.70103961 -0.01295957
v 0.01534902 -0.70103961 -0.01437499
v 0.07999883 -0.72442055 -0.08904107
v -0.04057800 -0.70103961 -0.01295957
v 0.01879022 -0.89729536 -0.03878769
v 0.01879022 -0.89729536 -0.03878769
v -0.04471846 -0.89730692 -0.03877808
v -0.04471846 -0.89730692 -0.03877808
v 0.07373005 -0.90554249 0.03159454
v 0.01879022 -0.90474272 0.03045715
v 0.08229888 -0.89730692 -0.03877808
v -0.03614962 -0.90554249 0.03159454
v 0.02361127 -1.14102232 -0.09442674
v 0.02361127 -1.14102232 -0.09442674
v -0.07161598 -1.14120090 -0.09397338
v -0.07161598 -1.14120090 -0.09397338
v 0.10626900 -1.16493988 -0.04317974
v 0.02388027 -1.16384029 -0.04447662
v 0.11883868 -1.14087927 -0.09485213
v -0.05848879 -1.16521811 -0.04241956
v 0.02230544 -1.46823525 -0.24527217
v 0.02230544 -1.46823525 -0.24527217
v -0.05976334 -1.46824574 -0.24525577
v -0.05976334 -1.46824574 -0.24525577
v 0.09330119 -1.48374379 -0.20559978
v 0.09330119 -1.48374379 -0.20559978
v 0.02230544 -1.48271024 -0.20706958
v 0.02230544 -1.48271024 -0.20706958
v 0.10437420 -1.46824574 -0.24525577
v 0.10437420 -1.46824574 -0.24525577
v -0.04869029 -1.48374379 -0.20559978
v -0.04869029 -1.48374379 -0.20559978
v 0.02230545 -1.66218626 -0.37023324
v -0.20459431 -1.66221535 -0.37018791
v 0.21859103 -1.70506334 -0.26054895
v 0.02230545 -1.70220590 -0.26461256
v 0.24920517 -1.66221535 -0.37018791
v -0.17398010 -1.70506334 -0.26054895
v 0.02230545 -1.87233293 -0.43411788
v -0.06395806 -1.87234402 -0.43410066
v 0.09692997 -1.88863409 -0.39241773
v 0.02230545 -1.88754773 -0.39396265
v 0.10856895 -1.87234402 -0.43410066
v -0.05231905 -1.88863409 -0.39241773
v 0.02230545 -1.92254436 -0.44100475
v -0.00003184 -1.92254734 -0.44100031
v 0.04162890 -1.92676544 -0.43020684
v 0.02230545 -1.92648423 -0.43060687
v 0.04464274 -1.92254734 -0.44100031
v 0.00298199 -1.92676544 -0.43020684
v 0.02048923 -0.99242687 -0.04723637
v 0.02048923 -0.99242687 -0.04723637
v 0.02048923 -0.99242687 -0.04723637
v 0.02048923 -0.99242687 -0.04723637
v -0.05801805 -0.99231571 -0.04759263
v -0.05801805 -0.99231571 -0.04759263
v -0.04775387 -1.00524175 0.01802685
v -0.04775387 -1.00524175 0.01802685
v 0.09899634 -0.99256599 -0.04685571
v 0.09899634 -0.99256599 -0.04685571
v 0.09899634 -0.99256599 -0.04685571
v 0.02016906 -1.00439477 0.01691669
v 0.02016906 -1.00439477 0.01691669
v 0.02016906 -1.00439477 0.01691669
v 0.08807553 -1.00545824 0.01866435
vn 0.91067350 0.35746884 -0.20709874
vn 0.98279697 -0.00000027 -0.18468942
vn 0.98279697 -0.00000027 -0.18468942
vn 0.91997498 -0.00000032 -0.39197716
vn 0.91997498 -0.00000032 -0.39197716
vn 0.83221906 0.37084556 -0.41217113
vn 0.63731188 0.73534501 -0.23043713
vn 0.56792802 0.69915897 -0.43432078
vn 0.31256512 0.92210430 -0.22809377
vn 0.26767921 0.85819435 -0.43800718
vn 0.09383191 0.96764809 -0.23420678
vn 0.07044536 0.89347667 -0.44355059
vn 0.00000000 0.97097600 -0.23917708
vn 0.00000000 0.89353520 -0.44899324
vn -0.00000002 0.99993223 0.01164425
vn 0.14071169 0.98992294 0.01590092
vn 0.13086057 0.97774059 -0.16400933
vn 0.00000000 0.98557884 -0.16921712
vn 0.00000000 -0.96143532 0.27503148
vn 0.00000000 0.97879356 -0.20484930
vn 0.00000000 0.97879356 -0.20484947
vn -0.11593886 -0.95291579 0.28019595
vn 0.11702643 0.97262877 -0.20074417
vn 0.12422384 0.97167903 -0.20101821
vn 0.11047424 0.97343677 -0.20054030
vn 0.00000000 0.97879308 -0.20485160
vn 0.74132270 0.17396337 0.64821100
vn 0.50567466 0.04314856 0.86164469
vn 0.52711290 0.00000068 0.84979540
vn 0.52711290 0.00000068 0.84979540
vn 0.76853329 0.00000144 0.63980991
vn 0.76853329 0.00000144 0.63980991
vn 0.90195370 0.26564717 0.34045717
vn 0.94264990 0.00000071 0.33378318
vn 0.94264990 0.00000071 0.33378318
vn 0.36793369 0.92954105 0.02404631
vn 0.35685754 0.92183816 -0.15121928
vn -0.32849845 -0.89850843 0.29115543
vn 0.33844215 0.92193580 -0.18839151
vn 0.34724143 0.91861558 -0.18859747
vn 0.32997832 0.92470968 -0.18980604
vn 0.95580024 0.29087892 0.04284352
vn 0.99877286 0.00000001 0.04952725
vn 0.99877286 0.00000001 0.04952725
vn 0.68288893 0.72981465 0.03214708
vn 0.67728353 0.72195315 -0.14167130
vn -0.63413328 -0.70123851 0.32579076
vn 0.66355634 0.72701490 -0.17647213
vn 0.67573482 0.71582657 -0.17599684
vn 0.65925610 0.73021317 -0.17936070
vn 0.94944882 0.29271987 -0.11341135
vn -0.89736152 -0.28580835 0.33623797
vn 0.93795025 0.31790039 -0.13852391
vn 0.94834095 0.28658068 -0.13609181
vn 0.93470806 0.32725966 -0.13864331
vn 0.99580109 0.00000000 -0.09154341
vn 0.99580109 0.00000000 -0.09154341
vn -0.94527525 0.00000000 0.32627413
vn -0.94527525 0.00000000 0.32627413
vn 0.99392015 0.00000000 -0.11010394
vn 0.99392015 0.00000000 -0.11010394
vn 0.99403936 0.00000000 -0.10902219
vn 0.99403936 0.00000000 -0.10902219
vn 0.99419385 -0.00000010 -0.10760364
vn 0.99419385 -0.00000010 -0.10760364
vn 0.60616457 0.29450405 -0.73880440
vn 0.40118894 0.52964199 -0.74734658
vn 0.18149593 0.64876646 -0.73902726
vn 0.04549684 0.68086934 -0.73099041
vn 0.00000000 0.68112302 -0.73216897
vn 0.68300050 -0.00000076 -0.73041797
vn 0.68300050 -0.00000076 -0.73041797
vn 0.23006903 0.08153581 0.96975261
vn 0.06634650 0.11266886 0.99141514
vn 0.02373685 0.00000005 0.99971825
vn 0.02373685 0.00000005 0.99971825
vn 0.22239098 0.00000002 0.97495764
vn 0.22239098 0.00000002 0.97495764
vn 0.40029874 -0.00000041 -0.91638476
vn 0.40029874 -0.00000041 -0.91638476
vn 0.34997907 0.23611665 -0.90651184
vn 0.22778161 0.42011842 -0.87841684
vn 0.10510387 0.51647222 -0.84982926
vn 0.02732987 0.54571867 -0.83752269
vn 0.01267822 0.12824386 0.99166167
vn 0.00000000 0.00000001 1.00000000
vn 0.00000000 0.00000001 1.00000000
vn 0.00000000 0.54998159 -0.83517677
vn 0.34931135 0.87502331 0.33513576
vn 0.63489485 0.69271630 0.34212974
vn 0.13448042 0.93497384 0.32823601
vn 0.29811579 0.70703411 0.64127195
vn 0.52892715 0.51601088 0.67377216
vn 0.10609341 0.76155198 0.63936120
vn 0.04518723 0.45428523 0.88970959
vn 0.18727654 0.42410260 0.88603872
vn 0.35019124 0.32231483 0.87947667
vn 0.00000003 0.44991872 0.89306962
vn 0.00000000 0.12191914 0.99254006
vn 0.00000005 0.76634765 0.64242607
vn 0.00000000 0.94427830 0.32914820
vn 0.00000000 0.00000000 1.00000000
vn 0.00000000 0.00000000 1.00000000
vn 0.91067433 -0.35746679 -0.20709896
vn 0.83221859 -0.37084571 -0.41217184
vn 0.63731277 -0.73534411 -0.23043786
vn 0.56792861 -0.69915783 -0.43432194
vn 0.31256491 -0.92210430 -0.22809416
vn 0.26767999 -0.85819381 -0.43800789
vn 0.09383197 -0.96764803 -0.23420694
vn 0.07044534 -0.89347667 -0.44355059
vn 0.00000000 -0.97097600 -0.23917703
vn 0.00000000 -0.89353508 -0.44899327
vn 0.00000002 -0.99993229 0.01164553
vn 0.00000000 -0.98557901 -0.16921596
vn 0.13086104 -0.97774071 -0.16400827
vn 0.14071392 -0.98992258 0.01590279
vn 0.00000000 -0.97879356 -0.20484954
vn 0.00000000 -0.97879356 -0.20484930
vn 0.00000000 0.96143532 0.27503124
vn 0.00000000 -0.97879308 -0.20485161
vn 0.11047506 -0.97343665 -0.20054017
vn -0.11593897 0.95291579 0.28019580
vn 0.11702611 -0.97262889 -0.20074371
vn 0.12422387 -0.97167903 -0.20101820
vn 0.74132389 -0.17396300 0.64820975
vn 0.50567383 -0.04314702 0.86164510
vn 0.90195405 -0.26564685 0.34045663
vn 0.35685724 -0.92183810 -0.15122043
vn 0.36793166 -0.92954183 0.02404817
vn 0.32997882 -0.92470986 -0.18980472
vn -0.32850090 0.89850742 0.29115555
vn 0.33844343 -0.92193609 -0.18838814
vn 0.34724250 -0.91861475 -0.18859941
vn 0.95580065 -0.29087746 0.04284359
vn 0.67728335 -0.72195280 -0.14167401
vn 0.68288994 -0.72981358 0.03214780
vn 0.65925777 -0.73021215 -0.17935856
vn -0.63413411 0.70123792 0.32579029
vn 0.66355795 -0.72701478 -0.17646614
vn 0.67573541 -0.71582520 -0.17599995
vn 0.94944882 -0.29271957 -0.11341251
vn 0.93470860 -0.32725856 -0.13864255
vn -0.89736098 0.28581011 0.33623794
vn 0.93795079 -0.31789994 -0.13852076
vn 0.94834059 -0.28658158 -0.13609307
vn 0.40119010 -0.52963978 -0.74734747
vn 0.60616404 -0.29450396 -0.73880488
vn 0.18149801 -0.64876562 -0.73902756
vn 0.04549685 -0.68086904 -0.73099071
vn 0.00000000 -0.68112314 -0.73216885
vn 0.23006839 -0.08153504 0.96975285
vn 0.06634618 -0.11266875 0.99141514
vn 0.34998000 -0.23611932 -0.90651077
vn 0.22778346 -0.42012003 -0.87841558
vn 0.10510481 -0.51647168 -0.84982949
vn 0.02732989 -0.54571849 -0.83752280
vn 0.01267822 -0.12824391 0.99166173
vn 0.00000000 -0.54998159 -0.83517677
vn 0.63489336 -0.69271731 0.34213045
vn 0.34930897 -0.87502402 0.33513597
vn 0.21302608 -0.95248598 0.21769336
vn 0.21302608 -0.95248598 0.21769336
vn 0.52892613 -0.51601309 0.67377126
vn 0.29811528 -0.70703632 0.64126986
vn 0.63100159 -0.35697100 0.68877333
vn 0.63100159 -0.35697100 0.68877333
vn 0.18727599 -0.42410296 0.88603860
vn 0.04518718 -0.45428523 0.88970959
vn 0.35019150 -0.32231539 0.87947643
vn 0.00000000 -0.12191914 0.99254006
vn -0.00000003 -0.44991872 0.89306962
vn 0.00001647 0.38203651 0.92414725
vn 0.00001647 0.38203651 0.92414725
vn 0.00000000 -0.99583673 0.09115469
vn 0.00000000 -0.99583673 0.09115469
vn -0.91067356 0.35746884 -0.20709877
vn -0.83221918 0.37084547 -0.41217119
vn -0.91997498 -0.00000047 -0.39197716
vn -0.91997498 -0.00000047 -0.39197716
vn -0.98279703 -0.00000027 -0.18468945
vn -0.98279703 -0.00000027 -0.18468945
vn -0.63731182 0.73534507 -0.23043713
vn -0.56792808 0.69915897 -0.43432084
vn -0.31256515 0.92210424 -0.22809380
vn -0.26767921 0.85819435 -0.43800718
vn -0.09383191 0.96764809 -0.23420680
vn -0.07044534 0.89347667 -0.44355059
vn -0.13086060 0.97774059 -0.16400935
vn -0.14071172 0.98992294 0.01590092
vn -0.11047427 0.97343671 -0.20054032
vn -0.12422387 0.97167903 -0.20101820
vn -0.11702646 0.97262877 -0.20074417
vn 0.11593889 -0.95291579 0.28019601
vn -0.74132276 0.17396335 0.64821100
vn -0.76853323 0.00000145 0.63980985
vn -0.76853323 0.00000145 0.63980985
vn -0.52711290 0.00000074 0.84979528
vn -0.52711290 0.00000074 0.84979528
vn -0.50567460 0.04314859 0.86164463
vn -0.90195382 0.26564714 0.34045717
vn -0.94264990 0.00000066 0.33378321
vn -0.94264990 0.00000066 0.33378321
vn -0.35685760 0.92183816 -0.15121932
vn -0.36793375 0.92954105 0.02404627
vn -0.32997835 0.92470968 -0.18980607
vn -0.34724137 0.91861558 -0.18859746
vn -0.33844224 0.92193580 -0.18839155
vn 0.32849851 -0.89850831 0.29115549
vn -0.95580012 0.29087892 0.04284354
vn -0.99877286 -0.00000001 0.04952725
vn -0.99877286 -0.00000001 0.04952725
vn -0.67728347 0.72195321 -0.14167130
vn -0.68288893 0.72981459 0.03214706
vn -0.65925610 0.73021311 -0.17936075
vn -0.67573464 0.71582663 -0.17599688
vn -0.66355640 0.72701484 -0.17647217
vn 0.63413334 -0.70123845 0.32579076
vn -0.94944882 0.29271993 -0.11341134
vn -0.93470806 0.32725963 -0.13864331
vn -0.94834095 0.28658074 -0.13609184
vn -0.93795025 0.31790027 -0.13852394
vn 0.89736152 -0.28580832 0.33623794
vn -0.99580115 0.00000000 -0.09154341
vn -0.99580115 0.00000000 -0.09154341
vn -0.99419385 -0.00000010 -0.10760366
vn -0.99419385 -0.00000010 -0.10760366
vn -0.99403936 0.00000000 -0.10902219
vn -0.99403936 0.00000000 -0.10902219
vn -0.99392015 0.00000000 -0.11010394
vn -0.99392015 0.00000000 -0.11010394
vn 0.94527525 0.00000000 0.32627410
vn 0.94527525 0.00000000 0.32627410
vn -0.40118894 0.52964193 -0.74734658
vn -0.60616452 0.29450423 -0.73880434
vn -0.18149593 0.64876646 -0.73902726
vn -0.04549685 0.68086904 -0.73099071
vn -0.68300050 -0.00000039 -0.73041797
vn -0.68300050 -0.00000039 -0.73041797
vn -0.23006903 0.08153578 0.96975261
vn -0.22239099 -0.00000002 0.97495764
vn -0.22239099 -0.00000002 0.97495764
vn -0.02373685 -0.00000005 0.99971825
vn -0.02373685 -0.00000005 0.99971825
vn -0.06634650 0.11266885 0.99141514
vn -0.34997904 0.23611754 -0.90651166
vn -0.40029874 -0.00000041 -0.91638476
vn -0.40029874 -0.00000041 -0.91638476
vn -0.22778155 0.42011896 -0.87841660
vn -0.10510387 0.51647151 -0.84982961
vn -0.02732989 0.54571849 -0.83752280
vn 0.00000000 -0.00000001 1.00000000
vn 0.00000000 -0.00000001 1.00000000
vn -0.01267822 0.12824391 0.99166173
vn -0.63489479 0.69271630 0.34212971
vn -0.34931129 0.87502325 0.33513567
vn -0.13448043 0.93497384 0.32823601
vn -0.52892715 0.51601088 0.67377216
vn -0.29811579 0.70703411 0.64127195
vn -0.10609337 0.76155198 0.63936120
vn -0.18727656 0.42410260 0.88603872
vn -0.04518718 0.45428523 0.88970959
vn -0.35019124 0.32231483 0.87947679
vn -0.91067421 -0.35746679 -0.20709895
vn -0.83221871 -0.37084582 -0.41217184
vn -0.63731271 -0.73534411 -0.23043786
vn -0.56792855 -0.69915783 -0.43432188
vn -0.31256494 -0.92210430 -0.22809416
vn -0.26767999 -0.85819381 -0.43800789
vn -0.09383196 -0.96764803 -0.23420694
vn -0.07044536 -0.89347667 -0.44355059
vn -0.14071390 -0.98992258 0.01590280
vn -0.13086103 -0.97774071 -0.16400827
vn -0.12422384 -0.97167903 -0.20101821
vn -0.11702608 -0.97262889 -0.20074366
vn 0.11593896 0.95291579 0.28019577
vn -0.11047506 -0.97343677 -0.20054016
vn -0.74132383 -0.17396301 0.64820981
vn -0.50567383 -0.04314699 0.86164510
vn -0.90195394 -0.26564687 0.34045669
vn -0.36793169 -0.92954189 0.02404818
vn -0.35685724 -0.92183810 -0.15122043
vn -0.34724250 -0.91861469 -0.18859938
vn -0.33844337 -0.92193609 -0.18838808
vn 0.32850090 0.89850754 0.29115552
vn -0.32997879 -0.92470986 -0.18980472
vn -0.95580065 -0.29087746 0.04284359
vn -0.68288994 -0.72981358 0.03214780
vn -0.67728347 -0.72195268 -0.14167401
vn -0.67573553 -0.71582508 -0.17599994
vn -0.66355801 -0.72701478 -0.17646614
vn 0.63413411 0.70123798 0.32579035
vn -0.65925783 -0.73021215 -0.17935856
vn -0.94944882 -0.29271945 -0.11341250
vn -0.94834054 -0.28658143 -0.13609302
vn -0.93795091 -0.31789985 -0.13852073
vn 0.89736092 0.28581014 0.33623794
vn -0.93470860 -0.32725850 -0.13864253
vn -0.60616404 -0.29450372 -0.73880494
vn -0.40119010 -0.52963972 -0.74734747
vn -0.18149801 -0.64876556 -0.73902756
vn -0.04549684 -0.68086934 -0.73099041
vn -0.23006839 -0.08153505 0.96975285
vn -0.06634618 -0.11266878 0.99141514
vn -0.34998006 -0.23611845 -0.90651101
vn -0.22778356 -0.42011949 -0.87841582
vn -0.10510478 -0.51647234 -0.84982908
vn -0.02732987 -0.54571867 -0.83752269
vn -0.01267822 -0.12824386 0.99166167
vn -0.34930903 -0.87502414 0.33513600
vn -0.63489330 -0.69271731 0.34213048
vn -0.21287978 -0.95220131 0.21907738
vn -0.21287978 -0.95220131 0.21907738
vn -0.29811528 -0.70703626 0.64126986
vn -0.52892607 -0.51601303 0.67377126
vn -0.62124985 -0.37325484 0.68900615
vn -0.62124985 -0.37325484 0.68900615
vn -0.04518723 -0.45428523 0.88970959
vn -0.18727596 -0.42410284 0.88603860
vn -0.35019150 -0.32231537 0.87947643
vn 0.12219735 0.50650233 -0.85353577
vn 0.35989815 -0.21195392 -0.90859717
vn -0.03186429 0.54476672 -0.83798212
vn -0.03186427 -0.54476732 -0.83798176
vn 0.03186427 0.54476732 -0.83798176
vn -0.24958830 -0.39455917 -0.88432384
vn 0.12219892 -0.50650197 -0.85353571
vn -0.40103412 -0.00000021 -0.91606313
vn -0.40103412 -0.00000021 -0.91606313
vn -0.24958567 0.39455941 -0.88432461
vn -0.35989824 -0.21195336 -0.90859735
vn 0.35989726 0.21195199 -0.90859801
vn 0.00000000 0.54998446 -0.83517492
vn 0.03186429 -0.54476672 -0.83798212
vn -0.35989717 0.21195255 -0.90859789
vn 0.40103409 -0.00000090 -0.91606325
vn 0.40103409 -0.00000090 -0.91606325
vn 0.24958573 0.39455894 -0.88432485
vn 0.24958827 -0.39455965 -0.88432372
vn 0.00000000 -0.54998446 -0.83517492
vn -0.12219734 0.50650215 -0.85353589
vn -0.12219891 -0.50650209 -0.85353571
vn 0.91067350 0.35746887 -0.20709869
vn 0.98279697 -0.00000027 -0.18468931
vn 0.98279697 -0.00000027 -0.18468931
vn 0.91997492 -0.00000033 -0.39197737
vn 0.91997492 -0.00000033 -0.39197737
vn 0.83221900 0.37084571 -0.41217133
vn 0.63731176 0.73534518 -0.23043709
vn 0.56792796 0.69915885 -0.43432102
vn 0.31256506 0.92210436 -0.22809376
vn 0.26767942 0.85819417 -0.43800753
vn 0.09383199 0.96764809 -0.23420681
vn 0.07044555 0.89347649 -0.44355083
vn 0.00000000 0.97097600 -0.23917702
vn 0.00000000 0.89353502 -0.44899350
vn 0.88852334 0.28481722 0.35972977
vn 0.88852334 0.28481722 0.35972977
vn 0.63536006 0.68858039 0.34953487
vn 0.63536006 0.68858039 0.34953487
vn 0.00000000 0.97879356 -0.20484965
vn 0.12067936 0.97216344 -0.20083536
vn 0.11047421 0.97343671 -0.20054033
vn 0.00000000 0.97879308 -0.20485161
vn 0.33098876 0.89055145 0.31203315
vn 0.33098876 0.89055145 0.31203315
vn 0.34289852 0.92026734 -0.18849057
vn 0.32997832 0.92470968 -0.18980603
vn 0.11713956 0.94667429 0.30014393
vn 0.11713956 0.94667429 0.30014393
vn 0.66984951 0.72127920 -0.17623298
vn 0.65925610 0.73021311 -0.17936063
vn 0.93731308 -0.00000000 0.34848845
vn 0.93731308 -0.00000000 0.34848845
vn 0.93731308 -0.00000000 0.34848845
vn 0.93731308 -0.00000000 0.34848845
vn 0.94338554 0.30194736 -0.13730106
vn 0.93470818 0.32725966 -0.13864318
vn 0.88852388 -0.28481546 0.35972974
vn 0.88852388 -0.28481546 0.35972974
vn 0.99397439 -0.00000000 -0.10961306
vn 0.99397439 -0.00000000 -0.10961306
vn 0.99419397 -0.00000012 -0.10760351
vn 0.99419397 -0.00000012 -0.10760351
vn 0.60616452 0.29450494 -0.73880416
vn 0.60616452 0.29450494 -0.73880416
vn 0.40118879 0.52964127 -0.74734718
vn 0.40118879 0.52964127 -0.74734718
vn 0.18149585 0.64876682 -0.73902702
vn 0.18149585 0.64876682 -0.73902702
vn 0.04549707 0.68087000 -0.73098975
vn 0.04549707 0.68087000 -0.73098975
vn 0.00000000 0.68112296 -0.73216909
vn 0.00000000 0.68112296 -0.73216909
vn 0.68300056 -0.00000023 -0.73041785
vn 0.68300056 -0.00000023 -0.73041785
vn 0.68300056 -0.00000023 -0.73041785
vn 0.68300056 -0.00000023 -0.73041785
vn 0.91067421 -0.35746679 -0.20709893
vn 0.83221859 -0.37084594 -0.41217190
vn 0.63731271 -0.73534411 -0.23043789
vn 0.56792861 -0.69915760 -0.43432215
vn 0.31256476 -0.92210430 -0.22809407
vn 0.26768011 -0.85819352 -0.43800834
vn 0.09383182 -0.96764809 -0.23420693
vn 0.07044540 -0.89347649 -0.44355085
vn 0.00000000 -0.97097600 -0.23917706
vn 0.00000000 -0.89353502 -0.44899353
vn 0.63535947 -0.68858075 0.34953538
vn 0.63535947 -0.68858075 0.34953538
vn 0.33098635 -0.89055234 0.31203306
vn 0.33098635 -0.89055234 0.31203306
vn 0.00000000 -0.97879356 -0.20484965
vn 0.00000000 -0.97879308 -0.20485161
vn 0.11047497 -0.97343671 -0.20054017
vn 0.12067625 -0.97215378 -0.20088394
vn 0.11713950 -0.94667411 0.30014417
vn 0.11713950 -0.94667411 0.30014417
vn 0.32997867 -0.92470992 -0.18980467
vn 0.34289882 -0.92026597 -0.18849689
vn -0.88852334 0.28481719 0.35972977
vn -0.88852334 0.28481719 0.35972977
vn 0.65925777 -0.73021215 -0.17935856
vn 0.66985053 -0.72127849 -0.17623197
vn -0.63536018 0.68858033 0.34953496
vn -0.63536018 0.68858033 0.34953496
vn 0.93470865 -0.32725841 -0.13864250
vn 0.94338596 -0.30194673 -0.13729963
vn 0.40119010 -0.52963889 -0.74734807
vn 0.40119010 -0.52963889 -0.74734807
vn 0.60616410 -0.29450431 -0.73880470
vn 0.60616410 -0.29450431 -0.73880470
vn 0.18149795 -0.64876574 -0.73902744
vn 0.18149795 -0.64876574 -0.73902744
vn 0.04549703 -0.68087053 -0.73098928
vn 0.04549703 -0.68087053 -0.73098928
vn 0.00000000 -0.68112302 -0.73216903
vn 0.00000000 -0.68112302 -0.73216903
vn -0.91067350 0.35746890 -0.20709869
vn -0.83221900 0.37084571 -0.41217133
vn -0.91997492 -0.00000047 -0.39197737
vn -0.91997492 -0.00000047 -0.39197737
vn -0.98279697 -0.00000027 -0.18468931
vn -0.98279697 -0.00000027 -0.18468931
vn -0.63731176 0.73534518 -0.23043707
vn -0.56792796 0.69915891 -0.43432102
vn -0.31256503 0.92210436 -0.22809376
vn -0.26767942 0.85819417 -0.43800750
vn -0.09383196 0.96764803 -0.23420678
vn -0.07044552 0.89347649 -0.44355071
vn -0.33098876 0.89055139 0.31203318
vn -0.33098876 0.89055139 0.31203318
vn -0.11047417 0.97343677 -0.20054026
vn -0.12067648 0.97215360 -0.20088461
vn -0.11713956 0.94667417 0.30014396
vn -0.11713956 0.94667417 0.30014396
vn -0.32997820 0.92470974 -0.18980598
vn -0.34289777 0.92026615 -0.18849762
vn 0.00000000 0.95574951 0.29418179
vn 0.00000000 0.95574951 0.29418179
vn -0.65925604 0.73021317 -0.17936064
vn -0.66984946 0.72127920 -0.17623293
vn -0.93731308 -0.00000000 0.34848854
vn -0.93731308 -0.00000000 0.34848854
vn -0.93731308 -0.00000000 0.34848854
vn -0.93731308 -0.00000000 0.34848854
vn -0.93470818 0.32725960 -0.13864316
vn -0.94338554 0.30194733 -0.13730103
vn -0.88852388 -0.28481555 0.35972974
vn -0.88852388 -0.28481555 0.35972974
vn -0.99419397 -0.00000009 -0.10760351
vn -0.99419397 -0.00000009 -0.10760351
vn -0.99397439 0.00000005 -0.10961306
vn -0.99397439 0.00000005 -0.10961306
vn -0.40118891 0.52964103 -0.74734730
vn -0.40118891 0.52964103 -0.74734730
vn -0.60616457 0.29450458 -0.73880416
vn -0.60616457 0.29450458 -0.73880416
vn -0.18149588 0.64876670 -0.73902714
vn -0.18149588 0.64876670 -0.73902714
vn -0.04549703 0.68087059 -0.73098928
vn -0.04549703 0.68087059 -0.73098928
vn -0.68300056 -0.00000089 -0.73041785
vn -0.68300056 -0.00000089 -0.73041785
vn -0.68300056 -0.00000089 -0.73041785
vn -0.68300056 -0.00000089 -0.73041785
vn -0.91067421 -0.35746679 -0.20709893
vn -0.83221859 -0.37084594 -0.41217181
vn -0.63731271 -0.73534417 -0.23043789
vn -0.56792867 -0.69915760 -0.43432215
vn -0.31256488 -0.92210436 -0.22809415
vn -0.26768011 -0.85819352 -0.43800834
vn -0.09383189 -0.96764809 -0.23420699
vn -0.07044545 -0.89347649 -0.44355088
vn -0.63535941 -0.68858081 0.34953529
vn -0.63535941 -0.68858081 0.34953529
vn -0.12067898 -0.97216356 -0.20083484
vn -0.11047497 -0.97343671 -0.20054016
vn -0.33098626 -0.89055234 0.31203303
vn -0.33098626 -0.89055234 0.31203303
vn -0.34289953 -0.92026770 -0.18848707
vn -0.32997862 -0.92470992 -0.18980464
vn -0.11713949 -0.94667411 0.30014417
vn -0.11713949 -0.94667411 0.30014417
vn -0.66985047 -0.72127855 -0.17623192
vn -0.65925771 -0.73021215 -0.17935853
vn 0.00000000 -0.95574939 0.29418206
vn 0.00000000 -0.95574939 0.29418206
vn -0.94338590 -0.30194673 -0.13729961
vn -0.93470865 -0.32725844 -0.13864249
vn -0.60616404 -0.29450467 -0.73880458
vn -0.60616404 -0.29450467 -0.73880458
vn -0.40119007 -0.52963912 -0.74734795
vn -0.40119007 -0.52963912 -0.74734795
vn -0.18149786 -0.64876634 -0.73902690
vn -0.18149786 -0.64876634 -0.73902690
vn -0.04549704 -0.68087071 -0.73098916
vn -0.04549704 -0.68087071 -0.73098916
vn 0.11091418 0.51256222 -0.85145640
vn 0.35728335 -0.21777891 -0.90825158
vn -0.02908152 0.54504025 -0.83790535
vn -0.02908151 -0.54504055 -0.83790529
vn 0.02908155 0.54503936 -0.83790606
vn -0.23820898 -0.40655559 -0.88202560
vn 0.11091601 -0.51256192 -0.85145640
vn -0.40157539 -0.00000124 -0.91582596
vn -0.40157539 -0.00000124 -0.91582596
vn -0.23820606 0.40655467 -0.88202673
vn -0.35728326 -0.21777929 -0.90825158
vn 0.35728252 0.21777736 -0.90825230
vn 0.00000000 0.54998749 -0.83517295
vn 0.02908155 -0.54504025 -0.83790535
vn -0.35728261 0.21777692 -0.90825248
vn 0.40157539 -0.00000017 -0.91582596
vn 0.40157539 -0.00000017 -0.91582596
vn 0.23820600 0.40655568 -0.88202631
vn 0.23820911 -0.40655458 -0.88202596
vn 0.00000000 -0.54998749 -0.83517295
vn -0.11091421 0.51256245 -0.85145628
vn -0.11091591 -0.51256335 -0.85145563
vn 0.62575763 0.36128035 0.69130599
vn 0.80395925 0.46416670 0.37175101
vn -0.00000038 -0.72256243 -0.69130570
vn 0.86602575 0.49999946 0.00000094
vn -0.00000040 -1.00000000 -0.00000027
vn 0.80395925 0.46416581 -0.37175235
vn 0.00000011 -0.72256237 0.69130570
vn -0.00000022 -0.40970284 0.91221905
vn 0.62575674 0.36127958 -0.69130719
vn 0.35481235 0.20485468 -0.91221863
vn 0.20485094 -0.35481277 -0.91221929
vn 0.36128196 -0.62575722 -0.69130552
vn 0.46416581 -0.80396003 -0.37175041
vn 0.49999967 -0.86602563 0.00000075
vn 0.46416575 -0.80395919 0.37175250
vn 0.36128050 -0.62575698 0.69130653
vn 0.20485118 -0.35481507 0.91221833
vn 0.40970311 -0.00000214 0.91221899
vn 0.72256160 -0.00000036 0.69130659
vn 0.35481253 -0.20485848 -0.91221762
vn 0.62575805 -0.36127910 -0.69130617
vn 0.80395961 -0.46416584 -0.37175146
vn 0.86602515 -0.50000048 0.00000068
vn 0.80395949 -0.46416435 0.37175339
vn 0.62575680 -0.36127889 0.69130743
vn 0.35481277 -0.20484889 0.91221982
vn 0.92833167 0.00000111 0.37175295
vn 1.00000000 0.00000064 0.00000042
vn 0.40970278 -0.00000279 -0.91221917
vn 0.72256160 0.00000142 -0.69130659
vn 0.92833197 0.00000061 -0.37175232
vn 1.00000000 0.00000007 0.00000059
vn 0.92833179 0.00000209 0.37175289
vn 0.72256160 0.00000283 0.69130653
vn 0.40970317 0.00000007 0.91221899
vn 0.92833203 -0.00000023 -0.37175238
vn 0.72256172 -0.00000176 -0.69130641
vn 0.35481256 0.20485017 -0.91221958
vn 0.62575674 0.36128014 -0.69130683
vn 0.80395901 0.46416637 -0.37175202
vn 0.86602551 0.49999997 0.00000102
vn 0.80395907 0.46416691 0.37175113
vn 0.62575728 0.36128286 0.69130492
vn 0.35481259 0.20485038 0.91221946
vn 0.40970260 -0.00000043 -0.91221917
vn 0.35481259 -0.20484690 0.91222024
vn 0.20485164 0.35480577 -0.91222185
vn 0.36128062 0.62575507 -0.69130820
vn 0.46416485 0.80396044 -0.37175095
vn 0.49999991 0.86602545 0.00000141
vn 0.46416584 0.80395991 0.37175062
vn 0.36128062 0.62575912 0.69130450
vn 0.20485070 0.35481679 0.91221774
vn 0.62575585 -0.36128271 0.69130629
vn 0.00000010 -0.00000148 -1.00000000
vn 0.00000010 -0.00000148 -1.00000000
vn 0.00000010 -0.00000148 -1.00000000
vn 0.00000010 -0.00000148 -1.00000000
vn 0.00000010 -0.00000148 -1.00000000
vn 0.00000010 -0.00000148 -1.00000000
vn 0.00000010 -0.00000148 -1.00000000
vn 0.00000010 -0.00000148 -1.00000000
vn 0.00000010 -0.00000148 -1.00000000
vn 0.00000010 -0.00000148 -1.00000000
vn 0.00000010 -0.00000148 -1.00000000
vn 0.00000010 -0.00000148 -1.00000000
vn 0.00000017 0.40969735 -0.91222149
vn -0.00000090 0.72255945 -0.69130886
vn -0.00000135 0.92833227 -0.37175158
vn -0.00000029 1.00000000 0.00000091
vn 0.00000024 0.92833287 0.37175027
vn 0.00000017 0.72256327 0.69130486
vn 0.00000017 0.40970409 0.91221857
vn 0.80395895 -0.46416581 0.37175271
vn 0.86602557 -0.49999973 0.00000045
vn -0.20485112 0.35481250 -0.91221935
vn -0.36128059 0.62575620 -0.69130713
vn -0.46416497 0.80395997 -0.37175176
vn -0.49999949 0.86602575 0.00000070
vn -0.46416613 0.80395985 0.37175062
vn -0.36128107 0.62575829 0.69130498
vn -0.20485094 0.35481200 0.91221964
vn 0.00000000 0.00000026 1.00000000
vn 0.00000000 0.00000026 1.00000000
vn 0.00000000 0.00000026 1.00000000
vn 0.00000000 0.00000026 1.00000000
vn 0.00000000 0.00000026 1.00000000
vn 0.00000000 0.00000026 1.00000000
vn 0.00000000 0.00000026 1.00000000
vn 0.00000000 0.00000026 1.00000000
vn 0.00000000 0.00000026 1.00000000
vn 0.00000000 0.00000026 1.00000000
vn 0.00000000 0.00000026 1.00000000
vn 0.00000000 0.00000026 1.00000000
vn 0.80395901 -0.46416715 -0.37175095
vn -0.35481277 0.20485224 -0.91221899
vn -0.62575710 0.36128128 -0.69130594
vn -0.80395913 0.46416694 -0.37175107
vn -0.86602491 0.50000107 0.00000030
vn -0.80395949 0.46416691 0.37175027
vn -0.62575746 0.36128157 0.69130558
vn -0.35481313 0.20484941 0.91221946
vn 0.62575686 -0.36128303 -0.69130522
vn 0.35481229 -0.20485659 -0.91221821
vn -0.40970263 -0.00000020 -0.91221911
vn -0.40970263 -0.00000020 -0.91221911
vn -0.72256261 -0.00000011 -0.69130558
vn -0.72256261 -0.00000011 -0.69130558
vn -0.92833233 -0.00000065 -0.37175137
vn -0.92833233 -0.00000065 -0.37175137
vn -1.00000000 0.00000046 -0.00000035
vn -1.00000000 0.00000046 -0.00000035
vn -0.92833233 0.00000172 0.37175149
vn -0.92833233 0.00000172 0.37175149
vn -0.72256166 0.00000314 0.69130659
vn -0.72256166 0.00000314 0.69130659
vn -0.40970284 0.00000230 0.91221905
vn -0.40970284 0.00000230 0.91221905
vn 0.20485133 -0.35481054 0.91222012
vn 0.36128038 -0.62575728 0.69130629
vn -0.35481364 -0.20484631 -0.91222006
vn -0.62575847 -0.36128062 -0.69130510
vn -0.80396008 -0.46416610 -0.37175006
vn -0.86602491 -0.50000101 -0.00000035
vn -0.80395937 -0.46416539 0.37175235
vn -0.62575698 -0.36127904 0.69130725
vn -0.35481313 -0.20484909 0.91221964
vn 0.46416536 -0.80395925 0.37175289
vn 0.49999923 -0.86602598 -0.00000009
vn -0.20485178 -0.35480702 -0.91222137
vn -0.36128175 -0.62575716 -0.69130564
vn -0.46416610 -0.80396008 -0.37175015
vn -0.49999997 -0.86602545 -0.00000075
vn -0.46416554 -0.80395955 0.37175193
vn -0.36128023 -0.62575763 0.69130599
vn -0.20485121 -0.35481337 0.91221899
vn 0.46416491 -0.80396068 -0.37175015
vn 0.36128110 -0.62575901 -0.69130433
vn -0.00000011 -0.40969688 -0.91222173
vn 0.20485142 -0.35481367 -0.91221887
vn -0.00000073 -0.92833298 -0.37174994
vn 0.00000017 -0.40970182 0.91221946
vn 0.00000008 -0.92833245 0.37175104
vn 0.00000036 -0.72256213 0.69130605
vn 0.00000005 -1.00000000 -0.00000043
vn -0.00000001 -0.72256351 -0.69130456
vn 0.35481328 0.20484196 0.91222107
vn 0.20485115 0.35481194 -0.91221958
vn 0.36128035 0.62575531 -0.69130808
vn 0.46416551 0.80395931 -0.37175241
vn 0.50000048 0.86602515 0.00000059
vn 0.46416628 0.80395937 0.37175137
vn 0.36128160 0.62575680 0.69130599
vn 0.20485169 0.35480833 0.91222095
vn 0.00000012 0.00000036 -1.00000000
vn 0.00000012 0.00000036 -1.00000000
vn 0.00000012 0.00000036 -1.00000000
vn 0.00000012 0.00000036 -1.00000000
vn 0.00000012 0.00000036 -1.00000000
vn 0.00000012 0.00000036 -1.00000000
vn 0.00000012 0.00000036 -1.00000000
vn 0.00000012 0.00000036 -1.00000000
vn 0.00000012 0.00000036 -1.00000000
vn 0.00000012 0.00000036 -1.00000000
vn 0.00000012 0.00000036 -1.00000000
vn 0.00000012 0.00000036 -1.00000000
vn 0.00000024 0.40970585 -0.91221768
vn 0.00000020 0.72256178 -0.69130629
vn -0.00000037 0.92833203 -0.37175220
vn -0.00000052 1.00000000 -0.00000020
vn 0.00000009 0.92833233 0.37175143
vn 0.00000024 0.72256261 0.69130558
vn 0.00000001 0.40970168 0.91221964
vn -0.20485158 0.35481343 -0.91221899
vn -0.36128157 0.62575614 -0.69130665
vn -0.46416715 0.80395830 -0.37175259
vn -0.50000054 0.86602503 -0.00000003
vn -0.46416613 0.80395967 0.37175089
vn -0.36128175 0.62575787 0.69130504
vn -0.20485133 0.35481015 0.91222030
vn 0.00000017 0.00000014 1.00000000
vn 0.00000017 0.00000014 1.00000000
vn 0.00000017 0.00000014 1.00000000
vn 0.00000017 0.00000014 1.00000000
vn 0.00000017 0.00000014 1.00000000
vn 0.00000017 0.00000014 1.00000000
vn 0.00000017 0.00000014 1.00000000
vn 0.00000017 0.00000014 1.00000000
vn 0.00000017 0.00000014 1.00000000
vn 0.00000017 0.00000014 1.00000000
vn 0.00000017 0.00000014 1.00000000
vn 0.00000017 0.00000014 1.00000000
vn -0.35481328 0.20485264 -0.91221875
vn -0.62575698 0.36128077 -0.69130635
vn -0.80395979 0.46416488 -0.37175214
vn -0.86602521 0.50000054 0.00000013
vn -0.80395949 0.46416664 0.37175059
vn -0.62575841 0.36127895 0.69130599
vn -0.35481331 0.20484978 0.91221941
vn -0.40970230 0.00000189 -0.91221941
vn -0.40970230 0.00000189 -0.91221941
vn -0.72256237 0.00000150 -0.69130576
vn -0.72256237 0.00000150 -0.69130576
vn -0.92833245 -0.00000008 -0.37175134
vn -0.92833245 -0.00000008 -0.37175134
vn -1.00000000 0.00000051 -0.00000018
vn -1.00000000 0.00000051 -0.00000018
vn -0.92833215 -0.00000122 0.37175182
vn -0.92833215 -0.00000122 0.37175182
vn -0.72256178 -0.00000310 0.69130641
vn -0.72256178 -0.00000310 0.69130641
vn -0.40970305 -0.00000210 0.91221899
vn -0.40970305 -0.00000210 0.91221899
vn -0.35481301 -0.20485117 -0.91221917
vn -0.62575769 -0.36128271 -0.69130468
vn -0.80396038 -0.46416557 -0.37175006
vn -0.86602587 -0.49999931 -0.00000065
vn -0.80395848 -0.46416789 0.37175137
vn -0.62575638 -0.36128134 0.69130659
vn -0.35481289 -0.20485073 0.91221935
vn -0.20485157 -0.35481253 -0.91221929
vn -0.36128157 -0.62575877 -0.69130433
vn -0.46416631 -0.80396003 -0.37175006
vn -0.50000077 -0.86602503 -0.00000045
vn -0.46416557 -0.80395949 0.37175214
vn -0.36128056 -0.62575740 0.69130599
vn -0.20485157 -0.35481027 0.91222018
vn 0.00000002 -0.40970299 -0.91221899
vn 0.00000046 -0.92833304 -0.37174985
vn -0.00000020 -0.92833179 0.37175286
vn 0.62575656 0.36128378 0.69130522
vn 0.80395871 0.46416718 0.37175155
vn 0.86602455 0.50000149 0.00000053
vn 0.80395824 0.46416736 -0.37175244
vn 0.62575668 0.36128098 -0.69130653
vn 0.35481295 0.20484667 -0.91222012
vn 0.40970302 0.00000003 0.91221899
vn 0.72256094 0.00000143 0.69130725
vn 0.92833173 0.00000140 0.37175298
vn 1.00000000 -0.00000036 0.00000004
vn 0.92833197 0.00000094 -0.37175256
vn 0.72256166 0.00000281 -0.69130647
vn 0.40970287 0.00000182 -0.91221905
vn 0.35481250 -0.20485586 0.91221833
vn 0.62575680 -0.36127988 0.69130695
vn 0.80395949 -0.46416482 0.37175301
vn 0.86602569 -0.49999949 0.00000074
vn 0.80395961 -0.46416613 -0.37175095
vn 0.62575775 -0.36127874 -0.69130671
vn 0.35481325 -0.20484348 -0.91222084
vn 0.20485137 -0.35481459 0.91221851
vn 0.36128080 -0.62575734 0.69130599
vn 0.46416664 -0.80395859 0.37175268
vn 0.50000066 -0.86602515 0.00000036
vn 0.46416613 -0.80395949 -0.37175128
vn 0.36128131 -0.62575775 -0.69130540
vn 0.20485114 -0.35480943 -0.91222060
vn 0.00000008 -0.40970409 0.91221857
vn -0.00000011 -0.72256178 0.69130635
vn -0.00000092 -1.00000000 -0.00000015
vn -0.00000034 -0.72256321 -0.69130492
vn 0.35481182 0.20485929 0.91221780
vn 0.20485085 0.35481036 -0.91222024
vn 0.36128086 0.62575525 -0.69130790
vn 0.46416485 0.80395949 -0.37175283
vn 0.49999866 0.86602616 0.00000152
vn 0.46416599 0.80395985 0.37175092
vn 0.36128050 0.62575990 0.69130385
vn 0.20485029 0.35481668 0.91221792
vn 0.00000025 -0.00000148 -1.00000000
vn 0.00000025 -0.00000148 -1.00000000
vn 0.00000025 -0.00000148 -1.00000000
vn 0.00000025 -0.00000148 -1.00000000
vn 0.00000025 -0.00000148 -1.00000000
vn 0.00000025 -0.00000148 -1.00000000
vn 0.00000025 -0.00000148 -1.00000000
vn 0.00000025 -0.00000148 -1.00000000
vn 0.00000025 -0.00000148 -1.00000000
vn 0.00000025 -0.00000148 -1.00000000
vn 0.00000025 -0.00000148 -1.00000000
vn 0.00000025 -0.00000148 -1.00000000
vn -0.00000007 0.40970162 -0.91221964
vn 0.00000029 0.72256041 -0.69130784
vn -0.00000010 0.92833167 -0.37175304
vn -0.00000032 1.00000000 0.00000099
vn -0.00000005 0.92833263 0.37175074
vn -0.00000007 0.72256279 0.69130528
vn 0.00000026 0.40970406 0.91221857
vn -0.20485100 0.35481358 -0.91221905
vn -0.36128113 0.62575674 -0.69130635
vn -0.46416622 0.80395907 -0.37175184
vn -0.50000012 0.86602533 0.00000044
vn -0.46416607 0.80395955 0.37175116
vn -0.36128187 0.62575668 0.69130599
vn -0.20485125 0.35481253 0.91221929
vn 0.00000006 0.00000016 1.00000000
vn 0.00000006 0.00000016 1.00000000
vn 0.00000006 0.00000016 1.00000000
vn 0.00000006 0.00000016 1.00000000
vn 0.00000006 0.00000016 1.00000000
vn 0.00000006 0.00000016 1.00000000
vn 0.00000006 0.00000016 1.00000000
vn 0.00000006 0.00000016 1.00000000
vn 0.00000006 0.00000016 1.00000000
vn 0.00000006 0.00000016 1.00000000
vn 0.00000006 0.00000016 1.00000000
vn 0.00000006 0.00000016 1.00000000
vn -0.35481355 0.20485027 -0.91221917
vn -0.62575781 0.36127874 -0.69130665
vn -0.80395979 0.46416500 -0.37175211
vn -0.86602557 0.49999988 0.00000026
vn -0.80395931 0.46416679 0.37175086
vn -0.62575758 0.36128050 0.69130594
vn -0.35481328 0.20484780 0.91221976
vn -0.40970299 -0.00000491 -0.91221893
vn -0.40970299 -0.00000491 -0.91221893
vn -0.72256237 -0.00000006 -0.69130576
vn -0.72256237 -0.00000006 -0.69130576
vn -0.92833227 -0.00000068 -0.37175161
vn -0.92833227 -0.00000068 -0.37175161
vn -1.00000000 -0.00000020 0.00000004
vn -1.00000000 -0.00000020 0.00000004
vn -0.92833215 0.00000229 0.37175182
vn -0.92833215 0.00000229 0.37175182
vn -0.72256160 0.00000449 0.69130659
vn -0.72256160 0.00000449 0.69130659
vn -0.40970275 0.00000221 0.91221911
vn -0.40970275 0.00000221 0.91221911
vn -0.35481280 -0.20485564 -0.91221827
vn -0.62575823 -0.36128050 -0.69130528
vn -0.80396008 -0.46416578 -0.37175047
vn -0.86602557 -0.49999982 -0.00000003
vn -0.80396008 -0.46416450 0.37175199
vn -0.62575758 -0.36127925 0.69130659
vn -0.35481346 -0.20484915 0.91221941
vn -0.20485036 -0.35481614 -0.91221809
vn -0.36128151 -0.62575901 -0.69130415
vn -0.46416700 -0.80395907 -0.37175095
vn -0.50000101 -0.86602491 -0.00000000
vn -0.46416655 -0.80395889 0.37175223
vn -0.36128029 -0.62575805 0.69130564
vn -0.20485142 -0.35481539 0.91221821
vn 0.00000013 -0.40970230 -0.91221935
vn -0.00000087 -0.92833215 -0.37175208
vn -0.00000049 -0.92833203 0.37175214
vn 0.62575847 0.36128020 0.69130534
vn 0.80395949 0.46416450 0.37175325
vn 0.86602569 0.49999964 0.00000105
vn 0.80395895 0.46416613 -0.37175235
vn 0.62575769 0.36128268 -0.69130468
vn 0.35481250 0.20485386 -0.91221881
vn 0.40970299 0.00000000 0.91221899
vn 0.72256279 -0.00000118 0.69130528
vn 0.92833149 -0.00000066 0.37175342
vn 1.00000000 0.00000011 0.00000101
vn 0.92833203 0.00000116 -0.37175223
vn 0.72256327 0.00000096 -0.69130492
vn 0.40970331 -0.00000505 -0.91221887
vn 0.35481316 -0.20485419 0.91221839
vn 0.62575787 -0.36128265 0.69130462
vn 0.80395895 -0.46416527 0.37175369
vn 0.86602551 -0.49999988 0.00000156
vn 0.80395955 -0.46416512 -0.37175223
vn 0.62575871 -0.36127847 -0.69130599
vn 0.35481301 -0.20485455 -0.91221845
vn 0.20485212 -0.35481510 0.91221809
vn 0.36128184 -0.62575871 0.69130415
vn 0.46416625 -0.80395842 0.37175348
vn 0.49999982 -0.86602551 0.00000200
vn 0.46416548 -0.80395973 -0.37175167
vn 0.36128196 -0.62575632 -0.69130635
vn 0.20485173 -0.35480914 -0.91222054
vn 0.00000024 -0.40970436 0.91221839
vn 0.00000005 -0.72256428 0.69130379
vn -0.00000068 -1.00000000 0.00000187
vn -0.00000024 -0.72256291 -0.69130522
vn 0.35481268 0.20485255 0.91221893
vn 0.20485090 0.35481304 -0.91221917
vn 0.36128110 0.62575799 -0.69130528
vn 0.46416545 0.80395943 -0.37175214
vn 0.50000036 0.86602521 0.00000145
vn 0.46416652 0.80395859 0.37175280
vn 0.36128151 0.62575752 0.69130552
vn 0.20485109 0.35481319 0.91221911
vn 0.00000010 -0.00000332 -1.00000000
vn 0.00000010 -0.00000332 -1.00000000
vn 0.00000010 -0.00000332 -1.00000000
vn 0.00000010 -0.00000332 -1.00000000
vn 0.00000010 -0.00000332 -1.00000000
vn 0.00000010 -0.00000332 -1.00000000
vn 0.00000010 -0.00000332 -1.00000000
vn 0.00000010 -0.00000332 -1.00000000
vn 0.00000010 -0.00000332 -1.00000000
vn 0.00000010 -0.00000332 -1.00000000
vn 0.00000010 -0.00000332 -1.00000000
vn 0.00000010 -0.00000332 -1.00000000
vn -0.00000007 0.40970179 -0.91221958
vn -0.00000021 0.72256148 -0.69130665
vn -0.00000029 0.92833227 -0.37175176
vn -0.00000032 1.00000000 0.00000131
vn -0.00000009 0.92833179 0.37175286
vn 0.00000020 0.72256351 0.69130456
vn 0.00000028 0.40970412 0.91221845
vn -0.20485160 0.35481110 -0.91221976
vn -0.36128199 0.62575769 -0.69130504
vn -0.46416610 0.80395937 -0.37175176
vn -0.49999994 0.86602539 0.00000076
vn -0.46416610 0.80395901 0.37175247
vn -0.36128190 0.62575829 0.69130456
vn -0.20485142 0.35481048 0.91222006
vn 0.00000004 0.00000013 1.00000000
vn 0.00000004 0.00000013 1.00000000
vn 0.00000004 0.00000013 1.00000000
vn 0.00000004 0.00000013 1.00000000
vn 0.00000004 0.00000013 1.00000000
vn 0.00000004 0.00000013 1.00000000
vn 0.00000004 0.00000013 1.00000000
vn 0.00000004 0.00000013 1.00000000
vn 0.00000004 0.00000013 1.00000000
vn 0.00000004 0.00000013 1.00000000
vn 0.00000004 0.00000013 1.00000000
vn 0.00000004 0.00000013 1.00000000
vn -0.35481358 0.20484968 -0.91221923
vn -0.62575793 0.36128393 -0.69130385
vn -0.80395901 0.46416673 -0.37175149
vn -0.86602539 0.50000024 0.00000028
vn -0.80395955 0.46416512 0.37175241
vn -0.62575877 0.36127996 0.69130510
vn -0.35481322 0.20485161 0.91221893
vn -0.40970325 -0.00000492 -0.91221899
vn -0.40970325 -0.00000492 -0.91221899
vn -0.72256374 -0.00000021 -0.69130433
vn -0.72256374 -0.00000021 -0.69130433
vn -0.92833251 -0.00000017 -0.37175110
vn -0.92833251 -0.00000017 -0.37175110
vn -1.00000000 0.00000026 0.00000044
vn -1.00000000 0.00000026 0.00000044
vn -0.92833203 -0.00000122 0.37175229
vn -0.92833203 -0.00000122 0.37175229
vn -0.72256297 0.00000048 0.69130510
vn -0.72256297 0.00000048 0.69130510
vn -0.40970299 0.00000218 0.91221905
vn -0.40970299 0.00000218 0.91221905
vn -0.35481325 -0.20485298 -0.91221863
vn -0.62575799 -0.36128381 -0.69130385
vn -0.80395955 -0.46416622 -0.37175104
vn -0.86602521 -0.50000036 0.00000053
vn -0.80395824 -0.46416748 0.37175229
vn -0.62575847 -0.36128098 0.69130486
vn -0.35481387 -0.20485006 0.91221911
vn -0.20485140 -0.35481015 -0.91222018
vn -0.36128166 -0.62575793 -0.69130498
vn -0.46416634 -0.80395961 -0.37175092
vn -0.50000006 -0.86602539 0.00000101
vn -0.46416533 -0.80395949 0.37175247
vn -0.36128166 -0.62575948 0.69130361
vn -0.20485257 -0.35481152 0.91221941
vn -0.00000011 -0.40970054 -0.91222012
vn -0.00000065 -0.92833281 -0.37175044
vn -0.00000028 -0.92833161 0.37175319
vn 0.62575877 0.36127871 0.69130576
vn 0.80395794 0.46416789 0.37175232
vn 0.86602479 0.50000113 0.00000074
vn 0.80395955 0.46416533 -0.37175238
vn 0.62575847 0.36127895 -0.69130599
vn 0.35481307 0.20484972 -0.91221946
vn 0.40970367 -0.00000434 0.91221869
vn 0.72256303 -0.00000476 0.69130504
vn 0.92833155 -0.00000056 0.37175351
vn 1.00000000 0.00000111 0.00000116
vn 0.92833203 -0.00000062 -0.37175214
vn 0.72256279 -0.00000042 -0.69130534
vn 0.40970322 0.00000174 -0.91221899
vn 0.35481268 -0.20485370 0.91221869
vn 0.62575817 -0.36128104 0.69130516
vn 0.80395854 -0.46416605 0.37175339
vn 0.86602551 -0.49999988 0.00000102
vn 0.80395937 -0.46416593 -0.37175196
vn 0.62575829 -0.36128074 -0.69130510
vn 0.35481301 -0.20485011 -0.91221941
vn 0.20485120 -0.35481292 0.91221923
vn 0.36128184 -0.62575763 0.69130522
vn 0.46416533 -0.80395895 0.37175363
vn 0.49999875 -0.86602622 0.00000074
vn 0.46416548 -0.80396014 -0.37175077
vn 0.36128122 -0.62575954 -0.69130373
vn 0.20485125 -0.35480788 -0.91222119
vn 0.00000007 -0.40970603 0.91221774
vn 0.00000035 -0.72256392 0.69130421
vn -0.00000094 -1.00000000 0.00000104
vn 0.00000011 -0.72256327 -0.69130480
vn 0.35481328 0.20484930 0.91221946
vn 0.20485185 0.35480514 -0.91222209
vn 0.36128098 0.62575752 -0.69130570
vn 0.46416515 0.80396008 -0.37175125
vn 0.49999908 0.86602604 0.00000013
vn 0.46416345 0.80396098 0.37175119
vn 0.36128047 0.62575990 0.69130391
vn 0.20485128 0.35481250 0.91221941
vn 0.00000023 0.00000207 -1.00000000
vn 0.00000023 0.00000207 -1.00000000
vn 0.00000023 0.00000207 -1.00000000
vn 0.00000023 0.00000207 -1.00000000
vn 0.00000023 0.00000207 -1.00000000
vn 0.00000023 0.00000207 -1.00000000
vn 0.00000023 0.00000207 -1.00000000
vn 0.00000023 0.00000207 -1.00000000
vn 0.00000023 0.00000207 -1.00000000
vn 0.00000023 0.00000207 -1.00000000
vn 0.00000023 0.00000207 -1.00000000
vn 0.00000023 0.00000207 -1.00000000
vn 0.00000032 0.40970266 -0.91221911
vn -0.00000071 0.72256225 -0.69130594
vn -0.00000062 0.92833209 -0.37175190
vn -0.00000057 1.00000000 0.00000063
vn -0.00000050 0.92833209 0.37175190
vn 0.00000025 0.72256500 0.69130307
vn -0.00000006 0.40970603 0.91221768
vn -0.20485111 0.35481796 -0.91221720
vn -0.36128175 0.62575853 -0.69130445
vn -0.46416515 0.80395943 -0.37175262
vn -0.49999985 0.86602551 0.00000098
vn -0.46416664 0.80395859 0.37175268
vn -0.36128157 0.62575901 0.69130409
vn -0.20485151 0.35481292 0.91221911
vn 0.00000008 -0.00000000 1.00000000
vn 0.00000008 -0.00000000 1.00000000
vn 0.00000008 -0.00000000 1.00000000
vn 0.00000008 -0.00000000 1.00000000
vn 0.00000008 -0.00000000 1.00000000
vn 0.00000008 -0.00000000 1.00000000
vn 0.00000008 -0.00000000 1.00000000
vn 0.00000008 -0.00000000 1.00000000
vn 0.00000008 -0.00000000 1.00000000
vn 0.00000008 -0.00000000 1.00000000
vn 0.00000008 -0.00000000 1.00000000
vn 0.00000008 -0.00000000 1.00000000
vn -0.35481369 0.20485193 -0.91221869
vn -0.62575877 0.36128131 -0.69130450
vn -0.80395895 0.46416658 -0.37175193
vn -0.86602533 0.50000036 0.00000035
vn -0.80395937 0.46416551 0.37175244
vn -0.62575823 0.36128125 0.69130498
vn -0.35481343 0.20485260 0.91221863
vn -0.40970358 -0.00000255 -0.91221869
vn -0.40970358 -0.00000255 -0.91221869
vn -0.72256368 -0.00000216 -0.69130439
vn -0.72256368 -0.00000216 -0.69130439
vn -0.92833233 -0.00000093 -0.37175146
vn -0.92833233 -0.00000093 -0.37175146
vn -1.00000000 -0.00000034 0.00000031
vn -1.00000000 -0.00000034 0.00000031
vn -0.92833191 -0.00000027 0.37175244
vn -0.92833191 -0.00000027 0.37175244
vn -0.72256309 0.00000162 0.69130498
vn -0.72256309 0.00000162 0.69130498
vn -0.40970361 0.00000219 0.91221881
vn -0.40970361 0.00000219 0.91221881
vn -0.35481355 -0.20484905 -0.91221941
vn -0.62575871 -0.36128199 -0.69130415
vn -0.80395943 -0.46416596 -0.37175164
vn -0.86602491 -0.50000089 0.00000072
vn -0.80395848 -0.46416733 0.37175187
vn -0.62575823 -0.36128122 0.69130492
vn -0.35481361 -0.20485070 0.91221905
vn -0.20485131 -0.35481027 -0.91222012
vn -0.36128247 -0.62575763 -0.69130486
vn -0.46416554 -0.80396038 -0.37175027
vn -0.49999991 -0.86602545 0.00000124
vn -0.46416587 -0.80395925 0.37175226
vn -0.36128080 -0.62575948 0.69130403
vn -0.20485146 -0.35481286 0.91221911
vn -0.00000005 -0.40969938 -0.91222066
vn -0.00000001 -0.92833316 -0.37174928
vn -0.00000065 -0.92833149 0.37175354
vn 0.62575775 0.36128327 0.69130439
vn 0.80395913 0.46416482 0.37175381
vn 0.86602527 0.50000024 0.00000149
vn 0.80395865 0.46416658 -0.37175250
vn 0.62575752 0.36128190 -0.69130522
vn 0.35481271 0.20485285 -0.91221887
vn 0.40970322 0.00000001 0.91221893
vn 0.72256297 -0.00000143 0.69130516
vn 0.92833126 -0.00000074 0.37175402
vn 1.00000000 0.00000044 0.00000123
vn 0.92833191 0.00000003 -0.37175238
vn 0.72256303 0.00000098 -0.69130510
vn 0.40970260 0.00000643 -0.91221929
vn 0.35481203 -0.20485802 0.91221803
vn 0.62575752 -0.36128363 0.69130433
vn 0.80395883 -0.46416557 0.37175351
vn 0.86602557 -0.49999973 0.00000153
vn 0.80395842 -0.46416733 -0.37175214
vn 0.62575793 -0.36128208 -0.69130474
vn 0.35481298 -0.20484748 -0.91222000
vn 0.20485140 -0.35481328 0.91221899
vn 0.36128154 -0.62575829 0.69130480
vn 0.46416590 -0.80395877 0.37175310
vn 0.49999958 -0.86602569 0.00000144
vn 0.46416458 -0.80396074 -0.37175044
vn 0.36128113 -0.62575930 -0.69130397
vn 0.20485087 -0.35481134 -0.91221988
vn -0.00000001 -0.40970308 0.91221905
vn -0.00000018 -0.72256303 0.69130510
vn -0.00000018 -1.00000000 0.00000142
vn 0.00000003 -0.72256333 -0.69130474
vn 0.35481206 0.20485993 0.91221762
vn 0.20485154 0.35481054 -0.91222000
vn 0.36128080 0.62575758 -0.69130582
vn 0.46416456 0.80396020 -0.37175170
vn 0.50000024 0.86602527 0.00000132
vn 0.46416616 0.80395859 0.37175307
vn 0.36128095 0.62575889 0.69130456
vn 0.20485106 0.35481519 0.91221833
vn 0.00000008 0.00000021 -1.00000000
vn 0.00000008 0.00000021 -1.00000000
vn 0.00000008 0.00000021 -1.00000000
vn 0.00000008 0.00000021 -1.00000000
vn 0.00000008 0.00000021 -1.00000000
vn 0.00000008 0.00000021 -1.00000000
vn 0.00000008 0.00000021 -1.00000000
vn 0.00000008 0.00000021 -1.00000000
vn 0.00000008 0.00000021 -1.00000000
vn 0.00000008 0.00000021 -1.00000000
vn 0.00000008 0.00000021 -1.00000000
vn 0.00000008 0.00000021 -1.00000000
vn 0.00000004 0.40970054 -0.91222012
vn -0.00000073 0.72256160 -0.69130659
vn -0.00000052 0.92833245 -0.37175125
vn -0.00000004 1.00000000 0.00000097
vn -0.00000013 0.92833179 0.37175292
vn 0.00000005 0.72256273 0.69130540
vn 0.00000005 0.40970305 0.91221905
vn -0.20485206 0.35480958 -0.91222036
vn -0.36128202 0.62575650 -0.69130611
vn -0.46416616 0.80395901 -0.37175217
vn -0.50000077 0.86602509 0.00000104
vn -0.46416602 0.80395901 0.37175253
vn -0.36128169 0.62575716 0.69130570
vn -0.20485203 0.35481158 0.91221946
vn -0.00000016 -0.00000001 1.00000000
vn -0.00000016 -0.00000001 1.00000000
vn -0.00000016 -0.00000001 1.00000000
vn -0.00000016 -0.00000001 1.00000000
vn -0.00000016 -0.00000001 1.00000000
vn -0.00000016 -0.00000001 1.00000000
vn -0.00000016 -0.00000001 1.00000000
vn -0.00000016 -0.00000001 1.00000000
vn -0.00000016 -0.00000001 1.00000000
vn -0.00000016 -0.00000001 1.00000000
vn -0.00000016 -0.00000001 1.00000000
vn -0.00000016 -0.00000001 1.00000000
vn -0.35481387 0.20484771 -0.91221958
vn -0.62575847 0.36128125 -0.69130474
vn -0.80395925 0.46416581 -0.37175205
vn -0.86602575 0.49999964 0.00000035
vn -0.80395895 0.46416628 0.37175223
vn -0.62575823 0.36128089 0.69130522
vn -0.35481390 0.20484869 0.91221935
vn -0.40970325 -0.00000282 -0.91221887
vn -0.40970325 -0.00000282 -0.91221887
vn -0.72256380 0.00000121 -0.69130427
vn -0.72256380 0.00000121 -0.69130427
vn -0.92833239 -0.00000071 -0.37175146
vn -0.92833239 -0.00000071 -0.37175146
vn -1.00000000 -0.00000022 0.00000029
vn -1.00000000 -0.00000022 0.00000029
vn -0.92833191 0.00000076 0.37175253
vn -0.92833191 0.00000076 0.37175253
vn -0.72256297 0.00000128 0.69130516
vn -0.72256297 0.00000128 0.69130516
vn -0.40970284 -0.00000003 0.91221899
vn -0.40970284 -0.00000003 0.91221899
vn -0.35481343 -0.20485137 -0.91221899
vn -0.62575901 -0.36128089 -0.69130445
vn -0.80395997 -0.46416521 -0.37175137
vn -0.86602592 -0.49999908 0.00000065
vn -0.80395955 -0.46416518 0.37175232
vn -0.62575859 -0.36127940 0.69130558
vn -0.35481352 -0.20484856 0.91221958
vn -0.20485124 -0.35481036 -0.91222012
vn -0.36128235 -0.62575817 -0.69130445
vn -0.46416652 -0.80395985 -0.37175021
vn -0.50000137 -0.86602473 0.00000120
vn -0.46416619 -0.80395895 0.37175220
vn -0.36128208 -0.62575710 0.69130552
vn -0.20485194 -0.35481161 0.91221958
vn 0.00000009 -0.40969902 -0.91222078
vn -0.00000007 -0.92833334 -0.37174886
vn -0.00000029 -0.92833179 0.37175295
vn 0.87981904 0.28457808 0.38070163
vn 0.63964319 0.67332846 0.37079030
vn 0.33489406 0.88177145 0.33215237
vn 0.11896380 0.94022834 0.31908980
vn 0.92913252 -0.00000001 0.36974680
vn 0.92913252 -0.00000001 0.36974680
vn 0.87981957 -0.28457642 0.38070172
vn 0.63964272 -0.67332870 0.37079078
vn 0.33489153 -0.88177240 0.33215225
vn 0.11896381 -0.94022828 0.31909010
vn -0.87981904 0.28457806 0.38070172
vn -0.63964319 0.67332846 0.37079039
vn -0.33489406 0.88177145 0.33215240
vn -0.11896382 0.94022840 0.31908983
vn 0.00000000 0.94968230 0.31321499
vn -0.92913252 -0.00000001 0.36974680
vn -0.92913252 -0.00000001 0.36974680
vn -0.87981963 -0.28457648 0.38070166
vn -0.63964272 -0.67332870 0.37079069
vn -0.33489153 -0.88177240 0.33215225
vn -0.11896381 -0.94022828 0.31909010
vn 0.00000000 -0.94968218 0.31321529
vn -0.54472971 0.31449932 -0.77740586
vn -0.54472971 0.31449932 -0.77740586
vn -0.21512988 0.59106511 0.77740669
vn -0.32723361 0.89906645 0.29085708
vn -0.32723391 0.89906657 -0.29085630
vn -0.21513075 0.59106559 -0.77740610
vn 0.00000001 -0.00000090 -1.00000000
vn 0.00000001 -0.00000090 -1.00000000
vn 0.00000001 -0.00000090 -1.00000000
vn 0.00000001 -0.00000090 -1.00000000
vn 0.00000001 -0.00000090 -1.00000000
vn 0.00000001 -0.00000090 -1.00000000
vn 0.00000001 -0.00000090 -1.00000000
vn 0.00000001 -0.00000090 -1.00000000
vn 0.00000001 -0.00000090 -1.00000000
vn 0.21512972 0.59106499 0.77740687
vn 0.40431294 -0.48183885 -0.77740753
vn 0.61499757 -0.73292571 -0.29085705
vn 0.61499774 -0.73292565 0.29085720
vn 0.40431225 -0.48183981 0.77740735
vn 0.32723376 0.89906633 0.29085732
vn 0.32723397 0.89906645 -0.29085645
vn 0.61944312 -0.10922454 -0.77740622
vn 0.94223106 -0.16614138 -0.29085696
vn 0.94223106 -0.16614112 0.29085717
vn 0.61944276 -0.10922435 0.77740645
vn 0.21513043 0.59106600 -0.77740580
vn 0.54472816 0.31449828 0.77740735
vn 0.54472870 0.31449890 -0.77740675
vn 0.82858473 0.47838238 -0.29085708
vn 0.82858455 0.47838274 0.29085684
vn 0.54472870 0.31449974 0.77740639
vn 0.82858455 0.47838271 0.29085687
vn 0.82858467 0.47838265 -0.29085639
vn 0.21512997 0.59106553 -0.77740645
vn 0.32723364 0.89906633 -0.29085723
vn 0.32723352 0.89906651 0.29085651
vn 0.21512978 0.59106582 0.77740622
vn 0.54472941 0.31449926 -0.77740610
vn 0.00000003 0.00000108 -1.00000000
vn 0.00000003 0.00000108 -1.00000000
vn 0.00000003 0.00000108 -1.00000000
vn 0.00000003 0.00000108 -1.00000000
vn 0.00000003 0.00000108 -1.00000000
vn 0.00000003 0.00000108 -1.00000000
vn 0.00000003 0.00000108 -1.00000000
vn 0.00000003 0.00000108 -1.00000000
vn 0.00000003 0.00000108 -1.00000000
vn -0.21513039 0.59106529 -0.77740651
vn -0.32723346 0.89906657 -0.29085687
vn -0.32723358 0.89906657 0.29085651
vn -0.21513048 0.59106416 0.77740735
vn 0.61944228 -0.10922396 0.77740687
vn 0.94223124 -0.16614054 0.29085681
vn -0.54472935 0.31449860 -0.77740628
vn -0.54472935 0.31449860 -0.77740628
vn -0.82858431 0.47838312 -0.29085672
vn -0.82858431 0.47838312 -0.29085672
vn -0.82858449 0.47838292 0.29085654
vn -0.82858449 0.47838292 0.29085654
vn -0.54472929 0.31449798 0.77740657
vn -0.54472929 0.31449798 0.77740657
vn 0.94223142 -0.16614115 -0.29085594
vn 0.61944354 -0.10922512 -0.77740568
vn -0.61944324 -0.10922594 -0.77740592
vn -0.94223118 -0.16614142 -0.29085663
vn -0.94223142 -0.16614021 0.29085663
vn -0.61944318 -0.10922272 0.77740639
vn -0.00000004 0.00000044 1.00000000
vn -0.00000004 0.00000044 1.00000000
vn -0.00000004 0.00000044 1.00000000
vn -0.00000004 0.00000044 1.00000000
vn -0.00000004 0.00000044 1.00000000
vn -0.00000004 0.00000044 1.00000000
vn -0.00000004 0.00000044 1.00000000
vn -0.00000004 0.00000044 1.00000000
vn -0.00000004 0.00000044 1.00000000
vn 0.40431210 -0.48183966 0.77740741
vn -0.40431297 -0.48184046 -0.77740645
vn -0.61499763 -0.73292583 -0.29085663
vn -0.61499822 -0.73292536 0.29085699
vn -0.40431330 -0.48183897 0.77740729
vn 0.61499798 -0.73292547 0.29085702
vn 0.61499745 -0.73292631 -0.29085588
vn -0.00000011 -0.62899643 -0.77740824
vn -0.00000037 -0.95676666 -0.29085687
vn -0.00000029 -0.95676666 0.29085690
vn 0.00000003 -0.62899810 0.77740699
vn 0.40431249 -0.48184279 -0.77740526
vn -0.82858473 0.47838268 -0.29085639
vn -0.82858473 0.47838268 -0.29085639
vn -0.82858413 0.47838348 0.29085666
vn -0.82858413 0.47838348 0.29085666
vn -0.54472810 0.31449926 0.77740693
vn -0.54472810 0.31449926 0.77740693
vn -0.61944336 -0.10922529 -0.77740580
vn -0.94223142 -0.16614112 -0.29085612
vn -0.94223136 -0.16613999 0.29085681
vn -0.61944211 -0.10922483 0.77740699
vn 0.00000001 0.00000078 1.00000000
vn 0.00000001 0.00000078 1.00000000
vn 0.00000001 0.00000078 1.00000000
vn 0.00000001 0.00000078 1.00000000
vn 0.00000001 0.00000078 1.00000000
vn 0.00000001 0.00000078 1.00000000
vn 0.00000001 0.00000078 1.00000000
vn 0.00000001 0.00000078 1.00000000
vn 0.00000001 0.00000078 1.00000000
vn -0.40431258 -0.48184311 -0.77740514
vn -0.61499828 -0.73292547 -0.29085624
vn -0.61499822 -0.73292542 0.29085660
vn -0.40431210 -0.48184034 0.77740687
vn -0.00000051 -0.62900048 -0.77740490
vn -0.00000083 -0.95676678 -0.29085618
vn -0.00000057 -0.95676666 0.29085672
vn -0.00000023 -0.62899727 0.77740759
vn -0.54472941 0.31449953 -0.77740598
vn -0.54472941 0.31449953 -0.77740598
vn -0.21513015 0.59106398 0.77740753
vn -0.32723376 0.89906639 0.29085717
vn -0.32723376 0.89906615 -0.29085752
vn -0.21513066 0.59106570 -0.77740610
vn -0.00000022 0.00000057 -1.00000000
vn -0.00000022 0.00000057 -1.00000000
vn -0.00000022 0.00000057 -1.00000000
vn -0.00000022 0.00000057 -1.00000000
vn -0.00000022 0.00000057 -1.00000000
vn -0.00000022 0.00000057 -1.00000000
vn -0.00000022 0.00000057 -1.00000000
vn -0.00000022 0.00000057 -1.00000000
vn -0.00000022 0.00000057 -1.00000000
vn 0.21512961 0.59106410 0.77740759
vn 0.32723364 0.89906627 0.29085723
vn 0.32723379 0.89906609 -0.29085779
vn 0.21513024 0.59106559 -0.77740633
vn 0.54472792 0.31449944 0.77740699
vn 0.82858443 0.47838300 0.29085669
vn 0.82858425 0.47838277 -0.29085755
vn 0.54472888 0.31449938 -0.77740633
vn 0.61944205 -0.10922446 0.77740699
vn 0.94223112 -0.16614115 0.29085663
vn 0.94223112 -0.16614026 -0.29085743
vn 0.61944312 -0.10922480 -0.77740604
vn 0.40431172 -0.48184040 0.77740729
vn 0.61499768 -0.73292577 0.29085696
vn 0.61499763 -0.73292553 -0.29085755
vn 0.40431252 -0.48184156 -0.77740604
vn -0.82858402 0.47838333 -0.29085743
vn -0.82858402 0.47838333 -0.29085743
vn -0.82858443 0.47838297 0.29085678
vn -0.82858443 0.47838297 0.29085678
vn -0.54472858 0.31449917 0.77740663
vn -0.54472858 0.31449917 0.77740663
vn -0.61944264 -0.10922331 -0.77740663
vn -0.94223112 -0.16614079 -0.29085732
vn -0.94223124 -0.16614009 0.29085708
vn -0.61944187 -0.10922431 0.77740711
vn -0.00000013 0.00000003 1.00000000
vn -0.00000013 0.00000003 1.00000000
vn -0.00000013 0.00000003 1.00000000
vn -0.00000013 0.00000003 1.00000000
vn -0.00000013 0.00000003 1.00000000
vn -0.00000013 0.00000003 1.00000000
vn -0.00000013 0.00000003 1.00000000
vn -0.00000013 0.00000003 1.00000000
vn -0.00000013 0.00000003 1.00000000
vn -0.40431291 -0.48184028 -0.77740675
vn -0.61499786 -0.73292553 -0.29085717
vn -0.61499846 -0.73292506 0.29085711
vn -0.40431213 -0.48184052 0.77740693
vn -0.00000052 -0.62899923 -0.77740604
vn -0.00000095 -0.95676643 -0.29085743
vn -0.00000064 -0.95676655 0.29085732
vn -0.00000021 -0.62899756 0.77740735
vn -0.54472947 0.31450078 -0.77740538
vn -0.54472947 0.31450078 -0.77740538
vn -0.21512964 0.59106499 0.77740681
vn -0.32723355 0.89906657 0.29085669
vn -0.32723349 0.89906681 -0.29085606
vn -0.21513018 0.59106660 -0.77740556
vn -0.00000033 -0.00000009 -1.00000000
vn -0.00000033 -0.00000009 -1.00000000
vn -0.00000033 -0.00000009 -1.00000000
vn -0.00000033 -0.00000009 -1.00000000
vn -0.00000033 -0.00000009 -1.00000000
vn -0.00000033 -0.00000009 -1.00000000
vn -0.00000033 -0.00000009 -1.00000000
vn -0.00000033 -0.00000009 -1.00000000
vn -0.00000033 -0.00000009 -1.00000000
vn 0.21512932 0.59106499 0.77740693
vn 0.32723343 0.89906651 0.29085693
vn 0.32723373 0.89906657 -0.29085645
vn 0.21513005 0.59106708 -0.77740526
vn 0.54472816 0.31449953 0.77740681
vn 0.82858449 0.47838297 0.29085660
vn 0.82858461 0.47838300 -0.29085627
vn 0.54472923 0.31450018 -0.77740574
vn 0.61944211 -0.10922414 0.77740699
vn 0.94223112 -0.16614068 0.29085702
vn 0.94223142 -0.16614084 -0.29085609
vn 0.61944360 -0.10922449 -0.77740580
vn 0.40431136 -0.48183984 0.77740782
vn 0.61499774 -0.73292547 0.29085743
vn 0.61499768 -0.73292601 -0.29085624
vn 0.40431240 -0.48184189 -0.77740592
vn -0.82858431 0.47838372 -0.29085588
vn -0.82858431 0.47838372 -0.29085588
vn -0.82858425 0.47838360 0.29085630
vn -0.82858425 0.47838360 0.29085630
vn -0.54472840 0.31450045 0.77740628
vn -0.54472840 0.31450045 0.77740628
vn -0.61944389 -0.10922441 -0.77740556
vn -0.94223160 -0.16614066 -0.29085580
vn -0.94223148 -0.16614035 0.29085633
vn -0.61944228 -0.10922448 0.77740681
vn -0.00000010 0.00000049 1.00000000
vn -0.00000010 0.00000049 1.00000000
vn -0.00000010 0.00000049 1.00000000
vn -0.00000010 0.00000049 1.00000000
vn -0.00000010 0.00000049 1.00000000
vn -0.00000010 0.00000049 1.00000000
vn -0.00000010 0.00000049 1.00000000
vn -0.00000010 0.00000049 1.00000000
vn -0.00000010 0.00000049 1.00000000
vn -0.40431330 -0.48184299 -0.77740484
vn -0.61499828 -0.73292565 -0.29085603
vn -0.61499804 -0.73292559 0.29085654
vn -0.40431228 -0.48184109 0.77740645
vn -0.00000071 -0.62900037 -0.77740508
vn -0.00000097 -0.95676678 -0.29085621
vn -0.00000074 -0.95676655 0.29085702
vn -0.00000030 -0.62899780 0.77740717
vn -0.54472977 0.31449986 -0.77740562
vn -0.54472977 0.31449986 -0.77740562
vn -0.21513037 0.59106505 0.77740675
vn -0.32723403 0.89906633 0.29085711
vn -0.32723394 0.89906651 -0.29085627
vn -0.21513078 0.59106714 -0.77740502
vn -0.00000093 0.00000051 -1.00000000
vn -0.00000093 0.00000051 -1.00000000
vn -0.00000093 0.00000051 -1.00000000
vn -0.00000093 0.00000051 -1.00000000
vn -0.00000093 0.00000051 -1.00000000
vn -0.00000093 0.00000051 -1.00000000
vn -0.00000093 0.00000051 -1.00000000
vn -0.00000093 0.00000051 -1.00000000
vn -0.00000093 0.00000051 -1.00000000
vn 0.21512952 0.59106481 0.77740711
vn 0.32723355 0.89906645 0.29085687
vn 0.32723388 0.89906657 -0.29085630
vn 0.21513027 0.59106708 -0.77740520
vn 0.54472762 0.31449899 0.77740735
vn 0.82858443 0.47838274 0.29085708
vn 0.82858461 0.47838274 -0.29085639
vn 0.54472899 0.31449986 -0.77740610
vn 0.61944175 -0.10922406 0.77740729
vn 0.94223106 -0.16614084 0.29085702
vn 0.94223130 -0.16614090 -0.29085630
vn 0.61944306 -0.10922417 -0.77740628
vn 0.40431133 -0.48183987 0.77740777
vn 0.61499763 -0.73292565 0.29085714
vn 0.61499733 -0.73292637 -0.29085606
vn 0.40431219 -0.48184216 -0.77740586
vn -0.82858449 0.47838297 -0.29085639
vn -0.82858449 0.47838297 -0.29085639
vn -0.82858443 0.47838280 0.29085699
vn -0.82858443 0.47838280 0.29085699
vn -0.54472882 0.31449890 0.77740657
vn -0.54472882 0.31449890 0.77740657
vn -0.61944389 -0.10922457 -0.77740550
vn -0.94223148 -0.16614090 -0.29085597
vn -0.94223136 -0.16614009 0.29085660
vn -0.61944240 -0.10922468 0.77740657
vn -0.00000085 0.00000038 1.00000000
vn -0.00000085 0.00000038 1.00000000
vn -0.00000085 0.00000038 1.00000000
vn -0.00000085 0.00000038 1.00000000
vn -0.00000085 0.00000038 1.00000000
vn -0.00000085 0.00000038 1.00000000
vn -0.00000085 0.00000038 1.00000000
vn -0.00000085 0.00000038 1.00000000
vn -0.00000085 0.00000038 1.00000000
vn -0.40431339 -0.48184219 -0.77740526
vn -0.61499822 -0.73292559 -0.29085603
vn -0.61499822 -0.73292524 0.29085696
vn -0.40431246 -0.48184013 0.77740699
vn -0.00000083 -0.62900108 -0.77740443
vn -0.00000119 -0.95676696 -0.29085594
vn -0.00000099 -0.95676655 0.29085726
vn -0.00000054 -0.62899786 0.77740711
vn -0.54473001 0.31449938 -0.77740550
vn -0.54473001 0.31449938 -0.77740550
vn -0.21513018 0.59106487 0.77740693
vn -0.32723370 0.89906621 0.29085761
vn -0.32723364 0.89906651 -0.29085678
vn -0.21513078 0.59106642 -0.77740556
vn -0.00000003 -0.00000087 -1.00000000
vn -0.00000003 -0.00000087 -1.00000000
vn -0.00000003 -0.00000087 -1.00000000
vn -0.00000003 -0.00000087 -1.00000000
vn -0.00000003 -0.00000087 -1.00000000
vn -0.00000003 -0.00000087 -1.00000000
vn -0.00000003 -0.00000087 -1.00000000
vn -0.00000003 -0.00000087 -1.00000000
vn -0.00000003 -0.00000087 -1.00000000
vn 0.21512976 0.59106463 0.77740717
vn 0.32723337 0.89906621 0.29085797
vn 0.32723349 0.89906639 -0.29085714
vn 0.21513048 0.59106612 -0.77740574
vn 0.54472756 0.31449848 0.77740765
vn 0.82858372 0.47838369 0.29085767
vn 0.82858407 0.47838360 -0.29085690
vn 0.54472965 0.31449971 -0.77740568
vn 0.61944097 -0.10922424 0.77740788
vn 0.94223100 -0.16614075 0.29085773
vn 0.94223130 -0.16613996 -0.29085708
vn 0.61944366 -0.10922453 -0.77740568
vn 0.40431061 -0.48183936 0.77740836
vn 0.61499673 -0.73292607 0.29085803
vn 0.61499751 -0.73292571 -0.29085743
vn 0.40431300 -0.48184130 -0.77740598
vn -0.82858396 0.47838399 -0.29085639
vn -0.82858396 0.47838399 -0.29085639
vn -0.82858431 0.47838292 0.29085726
vn -0.82858431 0.47838292 0.29085726
vn -0.54472822 0.31449842 0.77740729
vn -0.54472822 0.31449842 0.77740729
vn -0.61944366 -0.10922483 -0.77740562
vn -0.94223142 -0.16614027 -0.29085654
vn -0.94223106 -0.16614078 0.29085720
vn -0.61944139 -0.10922544 0.77740747
vn 0.00000007 0.00000055 1.00000000
vn 0.00000007 0.00000055 1.00000000
vn 0.00000007 0.00000055 1.00000000
vn 0.00000007 0.00000055 1.00000000
vn 0.00000007 0.00000055 1.00000000
vn 0.00000007 0.00000055 1.00000000
vn 0.00000007 0.00000055 1.00000000
vn 0.00000007 0.00000055 1.00000000
vn 0.00000007 0.00000055 1.00000000
vn -0.40431324 -0.48184142 -0.77740574
vn -0.61499774 -0.73292577 -0.29085678
vn -0.61499757 -0.73292553 0.29085770
vn -0.40431154 -0.48184031 0.77740729
vn -0.00000015 -0.62899959 -0.77740568
vn -0.00000050 -0.95676655 -0.29085705
vn -0.00000070 -0.95676619 0.29085821
vn -0.00000032 -0.62899667 0.77740812
vn -0.54472905 0.31449941 -0.77740633
vn -0.54472905 0.31449941 -0.77740633
vn -0.21513031 0.59106517 0.77740663
vn -0.32723394 0.89906657 0.29085618
vn -0.32723373 0.89906651 -0.29085657
vn -0.21513043 0.59106523 -0.77740651
vn -0.00000025 -0.00000035 -1.00000000
vn -0.00000025 -0.00000035 -1.00000000
vn -0.00000025 -0.00000035 -1.00000000
vn -0.00000025 -0.00000035 -1.00000000
vn -0.00000025 -0.00000035 -1.00000000
vn -0.00000025 -0.00000035 -1.00000000
vn -0.00000025 -0.00000035 -1.00000000
vn -0.00000025 -0.00000035 -1.00000000
vn -0.00000025 -0.00000035 -1.00000000
vn 0.21512958 0.59106547 0.77740657
vn 0.32723337 0.89906687 0.29085606
vn 0.32723382 0.89906633 -0.29085711
vn 0.21513027 0.59106493 -0.77740681
vn 0.54472864 0.31449983 0.77740633
vn 0.82858413 0.47838387 0.29085591
vn 0.82858431 0.47838286 -0.29085708
vn 0.54472864 0.31450003 -0.77740633
vn 0.61944264 -0.10922425 0.77740645
vn 0.94223136 -0.16614096 0.29085609
vn 0.94223118 -0.16614114 -0.29085675
vn 0.61944270 -0.10922379 -0.77740645
vn 0.40431145 -0.48184082 0.77740699
vn 0.61499751 -0.73292613 0.29085633
vn 0.61499739 -0.73292601 -0.29085690
vn 0.40431225 -0.48184162 -0.77740622
vn -0.82858425 0.47838354 -0.29085660
vn -0.82858425 0.47838354 -0.29085660
vn -0.82858461 0.47838300 0.29085603
vn -0.82858461 0.47838300 0.29085603
vn -0.54472893 0.31450027 0.77740592
vn -0.54472893 0.31450027 0.77740592
vn -0.61944294 -0.10922521 -0.77740622
vn -0.94223124 -0.16614051 -0.29085672
vn -0.94223154 -0.16614060 0.29085588
vn -0.61944306 -0.10922411 0.77740622
vn -0.00000016 0.00000048 1.00000000
vn -0.00000016 0.00000048 1.00000000
vn -0.00000016 0.00000048 1.00000000
vn -0.00000016 0.00000048 1.00000000
vn -0.00000016 0.00000048 1.00000000
vn -0.00000016 0.00000048 1.00000000
vn -0.00000016 0.00000048 1.00000000
vn -0.00000016 0.00000048 1.00000000
vn -0.00000016 0.00000048 1.00000000
vn -0.40431279 -0.48184103 -0.77740622
vn -0.61499810 -0.73292536 -0.29085705
vn -0.61499798 -0.73292589 0.29085603
vn -0.40431222 -0.48184183 0.77740610
vn -0.00000034 -0.62899846 -0.77740663
vn -0.00000035 -0.95676655 -0.29085717
vn -0.00000021 -0.95676684 0.29085627
vn -0.00000005 -0.62899846 0.77740657
vn -0.54472989 0.31449759 -0.77740639
vn -0.54472989 0.31449759 -0.77740639
vn -0.21513028 0.59106570 0.77740628
vn -0.32723388 0.89906627 0.29085702
vn -0.32723406 0.89906639 -0.29085651
vn -0.21513113 0.59106416 -0.77740717
vn -0.00000029 -0.00000040 -1.00000000
vn -0.00000029 -0.00000040 -1.00000000
vn -0.00000029 -0.00000040 -1.00000000
vn -0.00000029 -0.00000040 -1.00000000
vn -0.00000029 -0.00000040 -1.00000000
vn -0.00000029 -0.00000040 -1.00000000
vn -0.00000029 -0.00000040 -1.00000000
vn -0.00000029 -0.00000040 -1.00000000
vn -0.00000029 -0.00000040 -1.00000000
vn 0.21512945 0.59106612 0.77740616
vn 0.32723355 0.89906657 0.29085666
vn 0.32723403 0.89906651 -0.29085630
vn 0.21513037 0.59106565 -0.77740622
vn 0.54472816 0.31449962 0.77740675
vn 0.82858413 0.47838348 0.29085660
vn 0.82858449 0.47838309 -0.29085621
vn 0.54472947 0.31449956 -0.77740586
vn 0.61944193 -0.10922535 0.77740687
vn 0.94223118 -0.16614115 0.29085690
vn 0.94223136 -0.16614096 -0.29085615
vn 0.61944330 -0.10922574 -0.77740580
vn 0.40431127 -0.48184091 0.77740717
vn 0.61499703 -0.73292625 0.29085720
vn 0.61499709 -0.73292649 -0.29085630
vn 0.40431270 -0.48184189 -0.77740580
vn -0.82858467 0.47838295 -0.29085636
vn -0.82858467 0.47838295 -0.29085636
vn -0.82858449 0.47838292 0.29085660
vn -0.82858449 0.47838292 0.29085660
vn -0.54472870 0.31449917 0.77740663
vn -0.54472870 0.31449917 0.77740663
vn -0.61944360 -0.10922312 -0.77740598
vn -0.94223148 -0.16614099 -0.29085597
vn -0.94223130 -0.16614074 0.29085663
vn -0.61944228 -0.10922509 0.77740675
vn -0.00000024 0.00000056 1.00000000
vn -0.00000024 0.00000056 1.00000000
vn -0.00000024 0.00000056 1.00000000
vn -0.00000024 0.00000056 1.00000000
vn -0.00000024 0.00000056 1.00000000
vn -0.00000024 0.00000056 1.00000000
vn -0.00000024 0.00000056 1.00000000
vn -0.00000024 0.00000056 1.00000000
vn -0.00000024 0.00000056 1.00000000
vn -0.40431347 -0.48183972 -0.77740669
vn -0.61499810 -0.73292577 -0.29085594
vn -0.61499751 -0.73292601 0.29085681
vn -0.40431193 -0.48184094 0.77740663
vn -0.00000062 -0.62899852 -0.77740657
vn -0.00000086 -0.95676678 -0.29085630
vn -0.00000063 -0.95676649 0.29085714
vn -0.00000029 -0.62899762 0.77740729
vn -0.54472959 0.31449819 -0.77740628
vn -0.54472959 0.31449819 -0.77740628
vn -0.21512991 0.59106505 0.77740687
vn -0.32723364 0.89906633 0.29085702
vn -0.32723376 0.89906651 -0.29085651
vn -0.21513069 0.59106457 -0.77740687
vn 0.00000001 0.00000060 -1.00000000
vn 0.00000001 0.00000060 -1.00000000
vn 0.00000001 0.00000060 -1.00000000
vn 0.00000001 0.00000060 -1.00000000
vn 0.00000001 0.00000060 -1.00000000
vn 0.00000001 0.00000060 -1.00000000
vn 0.00000001 0.00000060 -1.00000000
vn 0.00000001 0.00000060 -1.00000000
vn 0.00000001 0.00000060 -1.00000000
vn 0.21512935 0.59106547 0.77740669
vn 0.32723343 0.89906657 0.29085681
vn 0.32723385 0.89906657 -0.29085633
vn 0.21513034 0.59106517 -0.77740657
vn 0.54472834 0.31449953 0.77740663
vn 0.82858431 0.47838318 0.29085651
vn 0.82858437 0.47838360 -0.29085582
vn 0.54472959 0.31449997 -0.77740562
vn 0.61944199 -0.10922489 0.77740693
vn 0.94223130 -0.16614068 0.29085669
vn 0.94223148 -0.16614014 -0.29085609
vn 0.61944348 -0.10922269 -0.77740610
vn 0.40431145 -0.48184010 0.77740759
vn 0.61499763 -0.73292577 0.29085711
vn 0.61499745 -0.73292613 -0.29085639
vn 0.40431282 -0.48183963 -0.77740705
vn -0.82858491 0.47838226 -0.29085651
vn -0.82858491 0.47838226 -0.29085651
vn -0.82858461 0.47838232 0.29085711
vn -0.82858461 0.47838232 0.29085711
vn -0.54472810 0.31449836 0.77740723
vn -0.54472810 0.31449836 0.77740723
vn -0.61944318 -0.10922484 -0.77740610
vn -0.94223130 -0.16614145 -0.29085612
vn -0.94223106 -0.16614139 0.29085696
vn -0.61944151 -0.10922632 0.77740711
vn -0.00000000 0.00000088 1.00000000
vn -0.00000000 0.00000088 1.00000000
vn -0.00000000 0.00000088 1.00000000
vn -0.00000000 0.00000088 1.00000000
vn -0.00000000 0.00000088 1.00000000
vn -0.00000000 0.00000088 1.00000000
vn -0.00000000 0.00000088 1.00000000
vn -0.00000000 0.00000088 1.00000000
vn -0.00000000 0.00000088 1.00000000
vn -0.40431309 -0.48184043 -0.77740651
vn -0.61499828 -0.73292559 -0.29085609
vn -0.61499780 -0.73292571 0.29085681
vn -0.40431216 -0.48183972 0.77740741
vn -0.00000022 -0.62899876 -0.77740639
vn -0.00000054 -0.95676684 -0.29085615
vn -0.00000042 -0.95676661 0.29085684
vn -0.00000006 -0.62899727 0.77740753
vn -0.54472965 0.31449822 -0.77740633
vn -0.54472965 0.31449822 -0.77740633
vn -0.21513006 0.59106523 0.77740663
vn -0.32723376 0.89906645 0.29085690
vn -0.32723382 0.89906657 -0.29085636
vn -0.21513078 0.59106469 -0.77740681
vn -0.00000010 0.00000057 -1.00000000
vn -0.00000010 0.00000057 -1.00000000
vn -0.00000010 0.00000057 -1.00000000
vn -0.00000010 0.00000057 -1.00000000
vn -0.00000010 0.00000057 -1.00000000
vn -0.00000010 0.00000057 -1.00000000
vn -0.00000010 0.00000057 -1.00000000
vn -0.00000010 0.00000057 -1.00000000
vn -0.00000010 0.00000057 -1.00000000
vn 0.21512952 0.59106570 0.77740639
vn 0.32723355 0.89906657 0.29085657
vn 0.32723385 0.89906657 -0.29085630
vn 0.21513028 0.59106517 -0.77740657
vn 0.54472828 0.31449953 0.77740669
vn 0.82858443 0.47838327 0.29085651
vn 0.82858437 0.47838351 -0.29085591
vn 0.54472959 0.31449994 -0.77740568
vn 0.61944181 -0.10922501 0.77740705
vn 0.94223118 -0.16614075 0.29085681
vn 0.94223154 -0.16614030 -0.29085600
vn 0.61944360 -0.10922280 -0.77740592
vn 0.40431124 -0.48184022 0.77740765
vn 0.61499757 -0.73292571 0.29085723
vn 0.61499751 -0.73292619 -0.29085633
vn 0.40431279 -0.48183972 -0.77740699
vn -0.82858491 0.47838226 -0.29085657
vn -0.82858491 0.47838226 -0.29085657
vn -0.82858473 0.47838235 0.29085717
vn -0.82858473 0.47838235 0.29085717
vn -0.54472816 0.31449834 0.77740729
vn -0.54472816 0.31449834 0.77740729
vn -0.61944330 -0.10922510 -0.77740592
vn -0.94223124 -0.16614164 -0.29085624
vn -0.94223100 -0.16614155 0.29085693
vn -0.61944151 -0.10922642 0.77740717
vn -0.00000008 0.00000099 1.00000000
vn -0.00000008 0.00000099 1.00000000
vn -0.00000008 0.00000099 1.00000000
vn -0.00000008 0.00000099 1.00000000
vn -0.00000008 0.00000099 1.00000000
vn -0.00000008 0.00000099 1.00000000
vn -0.00000008 0.00000099 1.00000000
vn -0.00000008 0.00000099 1.00000000
vn -0.00000008 0.00000099 1.00000000
vn -0.40431330 -0.48184070 -0.77740622
vn -0.61499834 -0.73292547 -0.29085630
vn -0.61499786 -0.73292565 0.29085672
vn -0.40431193 -0.48183966 0.77740759
vn -0.00000039 -0.62899858 -0.77740639
vn -0.00000067 -0.95676678 -0.29085636
vn -0.00000055 -0.95676655 0.29085705
vn -0.00000010 -0.62899703 0.77740765
vn -0.54472905 0.31449962 -0.77740610
vn -0.54472905 0.31449962 -0.77740610
vn -0.21512988 0.59106457 0.77740723
vn -0.32723337 0.89906651 0.29085696
vn -0.32723340 0.89906633 -0.29085732
vn -0.21513046 0.59106570 -0.77740610
vn -0.00000008 0.00000003 -1.00000000
vn -0.00000008 0.00000003 -1.00000000
vn -0.00000008 0.00000003 -1.00000000
vn -0.00000008 0.00000003 -1.00000000
vn -0.00000008 0.00000003 -1.00000000
vn -0.00000008 0.00000003 -1.00000000
vn -0.00000008 0.00000003 -1.00000000
vn -0.00000008 0.00000003 -1.00000000
vn -0.00000008 0.00000003 -1.00000000
vn 0.21512944 0.59106392 0.77740782
vn 0.32723331 0.89906657 0.29085714
vn 0.32723343 0.89906633 -0.29085746
vn 0.21513008 0.59106529 -0.77740651
vn 0.54472804 0.31449974 0.77740687
vn 0.82858419 0.47838318 0.29085705
vn 0.82858419 0.47838303 -0.29085729
vn 0.54472876 0.31449944 -0.77740639
vn 0.61944252 -0.10922382 0.77740675
vn 0.94223124 -0.16614088 0.29085678
vn 0.94223118 -0.16614057 -0.29085681
vn 0.61944336 -0.10922442 -0.77740592
vn 0.40431184 -0.48184070 0.77740705
vn 0.61499757 -0.73292583 0.29085687
vn 0.61499768 -0.73292565 -0.29085705
vn 0.40431288 -0.48184139 -0.77740610
vn -0.82858419 0.47838315 -0.29085723
vn -0.82858419 0.47838315 -0.29085723
vn -0.82858413 0.47838318 0.29085705
vn -0.82858413 0.47838318 0.29085705
vn -0.54472852 0.31449947 0.77740657
vn -0.54472852 0.31449947 0.77740657
vn -0.61944288 -0.10922413 -0.77740633
vn -0.94223118 -0.16614096 -0.29085690
vn -0.94223112 -0.16614079 0.29085714
vn -0.61944205 -0.10922487 0.77740699
vn -0.00000002 0.00000012 1.00000000
vn -0.00000002 0.00000012 1.00000000
vn -0.00000002 0.00000012 1.00000000
vn -0.00000002 0.00000012 1.00000000
vn -0.00000002 0.00000012 1.00000000
vn -0.00000002 0.00000012 1.00000000
vn -0.00000002 0.00000012 1.00000000
vn -0.00000002 0.00000012 1.00000000
vn -0.00000002 0.00000012 1.00000000
vn -0.40431300 -0.48184130 -0.77740604
vn -0.61499792 -0.73292559 -0.29085684
vn -0.61499774 -0.73292565 0.29085702
vn -0.40431195 -0.48184061 0.77740693
vn -0.00000028 -0.62899905 -0.77740616
vn -0.00000054 -0.95676661 -0.29085705
vn -0.00000053 -0.95676655 0.29085702
vn -0.00000018 -0.62899792 0.77740705
vn -0.54472899 0.31449908 -0.77740645
vn -0.54472899 0.31449908 -0.77740645
vn -0.21512957 0.59106517 0.77740681
vn -0.32723314 0.89906657 0.29085714
vn -0.32723317 0.89906657 -0.29085717
vn -0.21512996 0.59106547 -0.77740651
vn -0.00000008 0.00000022 -1.00000000
vn -0.00000008 0.00000022 -1.00000000
vn -0.00000008 0.00000022 -1.00000000
vn -0.00000008 0.00000022 -1.00000000
vn -0.00000008 0.00000022 -1.00000000
vn -0.00000008 0.00000022 -1.00000000
vn -0.00000008 0.00000022 -1.00000000
vn -0.00000008 0.00000022 -1.00000000
vn -0.00000008 0.00000022 -1.00000000
vn 0.21512914 0.59106565 0.77740657
vn 0.32723320 0.89906657 0.29085729
vn 0.32723328 0.89906651 -0.29085737
vn 0.21512966 0.59106553 -0.77740651
vn 0.54472798 0.31449986 0.77740681
vn 0.82858419 0.47838324 0.29085708
vn 0.82858413 0.47838315 -0.29085726
vn 0.54472858 0.31449983 -0.77740645
vn 0.61944216 -0.10922448 0.77740687
vn 0.94223106 -0.16614100 0.29085696
vn 0.94223112 -0.16614069 -0.29085696
vn 0.61944330 -0.10922389 -0.77740616
vn 0.40431178 -0.48184013 0.77740741
vn 0.61499751 -0.73292577 0.29085717
vn 0.61499768 -0.73292565 -0.29085726
vn 0.40431285 -0.48184124 -0.77740604
vn -0.82858419 0.47838312 -0.29085723
vn -0.82858419 0.47838312 -0.29085723
vn -0.82858413 0.47838327 0.29085693
vn -0.82858413 0.47838327 0.29085693
vn -0.54472840 0.31449914 0.77740681
vn -0.54472840 0.31449914 0.77740681
vn -0.61944288 -0.10922420 -0.77740645
vn -0.94223106 -0.16614158 -0.29085699
vn -0.94223118 -0.16614075 0.29085708
vn -0.61944193 -0.10922483 0.77740705
vn -0.00000003 0.00000092 1.00000000
vn -0.00000003 0.00000092 1.00000000
vn -0.00000003 0.00000092 1.00000000
vn -0.00000003 0.00000092 1.00000000
vn -0.00000003 0.00000092 1.00000000
vn -0.00000003 0.00000092 1.00000000
vn -0.00000003 0.00000092 1.00000000
vn -0.00000003 0.00000092 1.00000000
vn -0.00000003 0.00000092 1.00000000
vn -0.40431297 -0.48184055 -0.77740639
vn -0.61499774 -0.73292565 -0.29085699
vn -0.61499780 -0.73292559 0.29085717
vn -0.40431207 -0.48184028 0.77740699
vn -0.00000044 -0.62899917 -0.77740598
vn -0.00000054 -0.95676649 -0.29085723
vn -0.00000055 -0.95676649 0.29085723
vn -0.00000039 -0.62899756 0.77740735
vn -0.54472888 0.31449968 -0.77740622
vn -0.54472888 0.31449968 -0.77740622
vn -0.21512990 0.59106481 0.77740699
vn -0.32723311 0.89906663 0.29085699
vn -0.32723323 0.89906651 -0.29085720
vn -0.21513040 0.59106594 -0.77740604
vn -0.00000006 0.00000029 -1.00000000
vn -0.00000006 0.00000029 -1.00000000
vn -0.00000006 0.00000029 -1.00000000
vn -0.00000006 0.00000029 -1.00000000
vn -0.00000006 0.00000029 -1.00000000
vn -0.00000006 0.00000029 -1.00000000
vn -0.00000006 0.00000029 -1.00000000
vn -0.00000006 0.00000029 -1.00000000
vn -0.00000006 0.00000029 -1.00000000
vn 0.21512935 0.59106487 0.77740717
vn 0.32723331 0.89906657 0.29085717
vn 0.32723349 0.89906645 -0.29085711
vn 0.21513003 0.59106600 -0.77740610
vn 0.54472798 0.31450012 0.77740675
vn 0.82858413 0.47838327 0.29085696
vn 0.82858413 0.47838327 -0.29085699
vn 0.54472876 0.31450042 -0.77740598
vn 0.61944234 -0.10922390 0.77740687
vn 0.94223118 -0.16614081 0.29085699
vn 0.94223106 -0.16614105 -0.29085702
vn 0.61944300 -0.10922433 -0.77740628
vn 0.40431178 -0.48184043 0.77740717
vn 0.61499727 -0.73292601 0.29085711
vn 0.61499709 -0.73292619 -0.29085705
vn 0.40431225 -0.48184150 -0.77740616
vn -0.82858396 0.47838342 -0.29085723
vn -0.82858396 0.47838342 -0.29085723
vn -0.82858413 0.47838342 0.29085672
vn -0.82858413 0.47838342 0.29085672
vn -0.54472828 0.31449956 0.77740669
vn -0.54472828 0.31449956 0.77740669
vn -0.61944258 -0.10922482 -0.77740645
vn -0.94223094 -0.16614109 -0.29085755
vn -0.94223118 -0.16614060 0.29085702
vn -0.61944181 -0.10922459 0.77740717
vn 0.00000014 0.00000059 1.00000000
vn 0.00000014 0.00000059 1.00000000
vn 0.00000014 0.00000059 1.00000000
vn 0.00000014 0.00000059 1.00000000
vn 0.00000014 0.00000059 1.00000000
vn 0.00000014 0.00000059 1.00000000
vn 0.00000014 0.00000059 1.00000000
vn 0.00000014 0.00000059 1.00000000
vn 0.00000014 0.00000059 1.00000000
vn -0.40431231 -0.48184144 -0.77740616
vn -0.61499757 -0.73292577 -0.29085723
vn -0.61499768 -0.73292565 0.29085702
vn -0.40431175 -0.48184046 0.77740711
vn -0.00000037 -0.62899905 -0.77740616
vn -0.00000053 -0.95676655 -0.29085693
vn -0.00000062 -0.95676655 0.29085702
vn -0.00000044 -0.62899774 0.77740717
vn -0.54472876 0.31449869 -0.77740681
vn -0.54472876 0.31449869 -0.77740681
vn -0.21512982 0.59106469 0.77740717
vn -0.32723290 0.89906669 0.29085708
vn -0.32723308 0.89906657 -0.29085723
vn -0.21513033 0.59106457 -0.77740705
vn 0.00000016 -0.00000015 -1.00000000
vn 0.00000016 -0.00000015 -1.00000000
vn 0.00000016 -0.00000015 -1.00000000
vn 0.00000016 -0.00000015 -1.00000000
vn 0.00000016 -0.00000015 -1.00000000
vn 0.00000016 -0.00000015 -1.00000000
vn 0.00000016 -0.00000015 -1.00000000
vn 0.00000016 -0.00000015 -1.00000000
vn 0.00000016 -0.00000015 -1.00000000
vn 0.21512945 0.59106481 0.77740717
vn 0.32723308 0.89906657 0.29085720
vn 0.32723325 0.89906645 -0.29085723
vn 0.21513012 0.59106517 -0.77740669
vn 0.54472810 0.31449959 0.77740687
vn 0.82858413 0.47838345 0.29085699
vn 0.82858419 0.47838327 -0.29085717
vn 0.54472870 0.31449956 -0.77740651
vn 0.61944222 -0.10922459 0.77740687
vn 0.94223118 -0.16614097 0.29085693
vn 0.94223100 -0.16614142 -0.29085699
vn 0.61944282 -0.10922410 -0.77740651
vn 0.40431193 -0.48184037 0.77740711
vn 0.61499733 -0.73292595 0.29085705
vn 0.61499715 -0.73292619 -0.29085702
vn 0.40431234 -0.48184109 -0.77740651
vn -0.82858413 0.47838324 -0.29085696
vn -0.82858413 0.47838324 -0.29085696
vn -0.82858402 0.47838339 0.29085711
vn -0.82858402 0.47838339 0.29085711
vn -0.54472816 0.31449950 0.77740681
vn -0.54472816 0.31449950 0.77740681
vn -0.61944252 -0.10922470 -0.77740657
vn -0.94223106 -0.16614163 -0.29085702
vn -0.94223106 -0.16614042 0.29085734
vn -0.61944199 -0.10922424 0.77740717
vn 0.00000000 0.00000037 1.00000000
vn 0.00000000 0.00000037 1.00000000
vn 0.00000000 0.00000037 1.00000000
vn 0.00000000 0.00000037 1.00000000
vn 0.00000000 0.00000037 1.00000000
vn 0.00000000 0.00000037 1.00000000
vn 0.00000000 0.00000037 1.00000000
vn 0.00000000 0.00000037 1.00000000
vn 0.00000000 0.00000037 1.00000000
vn -0.40431216 -0.48184142 -0.77740628
vn -0.61499757 -0.73292577 -0.29085711
vn -0.61499786 -0.73292547 0.29085714
vn -0.40431207 -0.48184010 0.77740717
vn -0.00000031 -0.62899876 -0.77740633
vn -0.00000056 -0.95676655 -0.29085717
vn -0.00000054 -0.95676655 0.29085705
vn -0.00000031 -0.62899768 0.77740717
vn -0.54472846 0.31449902 -0.77740681
vn -0.54472846 0.31449902 -0.77740681
vn -0.54472846 0.31449902 -0.77740681
vn -0.54472846 0.31449902 -0.77740681
vn -0.21512969 0.59106487 0.77740705
vn -0.32723287 0.89906675 0.29085699
vn -0.32723302 0.89906657 -0.29085752
vn -0.21513009 0.59106529 -0.77740657
vn -0.21513009 0.59106529 -0.77740657
vn -0.21513009 0.59106529 -0.77740657
vn -0.00000006 0.00000001 -1.00000000
vn -0.00000006 0.00000001 -1.00000000
vn -0.00000006 0.00000001 -1.00000000
vn -0.00000006 0.00000001 -1.00000000
vn -0.00000006 0.00000001 -1.00000000
vn -0.00000006 0.00000001 -1.00000000
vn -0.00000006 0.00000001 -1.00000000
vn -0.00000006 0.00000001 -1.00000000
vn -0.00000006 0.00000001 -1.00000000
vn 0.21512908 0.59106493 0.77740705
vn 0.32723293 0.89906669 0.29085720
vn 0.32723293 0.89906645 -0.29085761
vn 0.21512938 0.59106523 -0.77740675
vn 0.21512938 0.59106523 -0.77740675
vn 0.21512938 0.59106523 -0.77740675
vn 0.54472780 0.31450015 0.77740687
vn 0.82858396 0.47838348 0.29085711
vn 0.82858378 0.47838372 -0.29085743
vn 0.54472816 0.31449923 -0.77740699
vn 0.54472816 0.31449923 -0.77740699
vn 0.54472816 0.31449923 -0.77740699
vn 0.61944211 -0.10922414 0.77740705
vn 0.94223112 -0.16614112 0.29085705
vn 0.94223106 -0.16614048 -0.29085729
vn 0.61944258 -0.10922509 -0.77740645
vn 0.61944258 -0.10922509 -0.77740645
vn 0.61944258 -0.10922509 -0.77740645
vn 0.40431130 -0.48184094 0.77740699
vn 0.61499709 -0.73292625 0.29085708
vn 0.61499727 -0.73292589 -0.29085743
vn 0.40431187 -0.48184100 -0.77740675
vn 0.40431187 -0.48184100 -0.77740675
vn 0.40431187 -0.48184100 -0.77740675
vn -0.82858402 0.47838309 -0.29085761
vn -0.82858402 0.47838309 -0.29085761
vn -0.82858407 0.47838324 0.29085714
vn -0.82858407 0.47838324 0.29085714
vn -0.54472816 0.31449938 0.77740681
vn -0.54472816 0.31449938 0.77740681
vn -0.61944181 -0.10922451 -0.77740723
vn -0.61944181 -0.10922451 -0.77740723
vn -0.61944181 -0.10922451 -0.77740723
vn -0.94223088 -0.16614147 -0.29085752
vn -0.94223100 -0.16614081 0.29085749
vn -0.61944175 -0.10922456 0.77740729
vn -0.00000010 0.00000045 1.00000000
vn -0.00000010 0.00000045 1.00000000
vn -0.00000010 0.00000045 1.00000000
vn -0.00000010 0.00000045 1.00000000
vn -0.00000010 0.00000045 1.00000000
vn -0.00000010 0.00000045 1.00000000
vn -0.00000010 0.00000045 1.00000000
vn -0.00000010 0.00000045 1.00000000
vn -0.00000010 0.00000045 1.00000000
vn -0.40431207 -0.48184028 -0.77740699
vn -0.40431207 -0.48184028 -0.77740699
vn -0.40431207 -0.48184028 -0.77740699
vn -0.61499763 -0.73292553 -0.29085743
vn -0.61499763 -0.73292559 0.29085737
vn -0.40431187 -0.48184067 0.77740681
vn -0.00000030 -0.62899768 -0.77740717
vn -0.00000030 -0.62899768 -0.77740717
vn -0.00000030 -0.62899768 -0.77740717
vn -0.00000077 -0.95676649 -0.29085740
vn -0.00000073 -0.95676655 0.29085699
vn -0.00000025 -0.62899828 0.77740681
vn -0.54472888 0.31449857 -0.77740675
vn -0.54472888 0.31449857 -0.77740675
vn -0.54472888 0.31449857 -0.77740675
vn -0.54472888 0.31449857 -0.77740675
vn -0.21512975 0.59106469 0.77740711
vn -0.32723287 0.89906675 0.29085702
vn -0.32723317 0.89906645 -0.29085740
vn -0.21513039 0.59106487 -0.77740687
vn -0.21513039 0.59106487 -0.77740687
vn -0.21513039 0.59106487 -0.77740687
vn -0.00000009 -0.00000001 -1.00000000
vn -0.00000009 -0.00000001 -1.00000000
vn -0.00000009 -0.00000001 -1.00000000
vn -0.00000009 -0.00000001 -1.00000000
vn -0.00000009 -0.00000001 -1.00000000
vn -0.00000009 -0.00000001 -1.00000000
vn -0.00000009 -0.00000001 -1.00000000
vn -0.00000009 -0.00000001 -1.00000000
vn -0.00000009 -0.00000001 -1.00000000
vn 0.21512905 0.59106481 0.77740717
vn 0.32723287 0.89906657 0.29085723
vn 0.32723311 0.89906645 -0.29085752
vn 0.21512960 0.59106511 -0.77740687
vn 0.21512960 0.59106511 -0.77740687
vn 0.21512960 0.59106511 -0.77740687
vn 0.54472780 0.31450000 0.77740687
vn 0.82858396 0.47838357 0.29085705
vn 0.82858396 0.47838333 -0.29085734
vn 0.54472828 0.31449986 -0.77740669
vn 0.54472828 0.31449986 -0.77740669
vn 0.54472828 0.31449986 -0.77740669
vn 0.61944205 -0.10922447 0.77740699
vn 0.94223100 -0.16614102 0.29085714
vn 0.94223100 -0.16614102 -0.29085723
vn 0.61944264 -0.10922421 -0.77740663
vn 0.61944264 -0.10922421 -0.77740663
vn 0.61944264 -0.10922421 -0.77740663
vn 0.40431121 -0.48184070 0.77740729
vn 0.61499715 -0.73292601 0.29085729
vn 0.61499721 -0.73292601 -0.29085729
vn 0.40431187 -0.48184121 -0.77740663
vn 0.40431187 -0.48184121 -0.77740663
vn 0.40431187 -0.48184121 -0.77740663
vn -0.82858413 0.47838315 -0.29085723
vn -0.82858413 0.47838315 -0.29085723
vn -0.82858407 0.47838354 0.29085702
vn -0.82858407 0.47838354 0.29085702
vn -0.54472828 0.31449947 0.77740687
vn -0.54472828 0.31449947 0.77740687
vn -0.61944211 -0.10922476 -0.77740699
vn -0.61944211 -0.10922476 -0.77740699
vn -0.61944211 -0.10922476 -0.77740699
vn -0.94223088 -0.16614170 -0.29085720
vn -0.94223106 -0.16614057 0.29085734
vn -0.61944187 -0.10922440 0.77740723
vn -0.00000015 0.00000035 1.00000000
vn -0.00000015 0.00000035 1.00000000
vn -0.00000015 0.00000035 1.00000000
vn -0.00000015 0.00000035 1.00000000
vn -0.00000015 0.00000035 1.00000000
vn -0.00000015 0.00000035 1.00000000
vn -0.00000015 0.00000035 1.00000000
vn -0.00000015 0.00000035 1.00000000
vn -0.00000015 0.00000035 1.00000000
vn -0.40431228 -0.48184103 -0.77740657
vn -0.40431228 -0.48184103 -0.77740657
vn -0.40431228 -0.48184103 -0.77740657
vn -0.61499757 -0.73292577 -0.29085714
vn -0.61499792 -0.73292542 0.29085737
vn -0.40431198 -0.48184019 0.77740717
vn -0.00000041 -0.62899888 -0.77740633
vn -0.00000041 -0.62899888 -0.77740633
vn -0.00000041 -0.62899888 -0.77740633
vn -0.00000077 -0.95676655 -0.29085714
vn -0.00000076 -0.95676661 0.29085711
vn -0.00000035 -0.62899762 0.77740735
vn -0.54472876 0.31449944 -0.77740639
vn -0.54472876 0.31449944 -0.77740639
vn -0.54472876 0.31449944 -0.77740639
vn -0.54472876 0.31449944 -0.77740639
vn -0.21512978 0.59106463 0.77740717
vn -0.32723299 0.89906669 0.29085711
vn -0.32723317 0.89906645 -0.29085740
vn -0.21513031 0.59106487 -0.77740675
vn -0.21513031 0.59106487 -0.77740675
vn -0.21513031 0.59106487 -0.77740675
vn -0.00000004 0.00000003 -1.00000000
vn -0.00000004 0.00000003 -1.00000000
vn -0.00000004 0.00000003 -1.00000000
vn -0.00000004 0.00000003 -1.00000000
vn -0.00000004 0.00000003 -1.00000000
vn -0.00000004 0.00000003 -1.00000000
vn -0.00000004 0.00000003 -1.00000000
vn -0.00000004 0.00000003 -1.00000000
vn -0.00000004 0.00000003 -1.00000000
vn 0.21512920 0.59106475 0.77740729
vn 0.32723296 0.89906657 0.29085723
vn 0.32723311 0.89906645 -0.29085752
vn 0.21512972 0.59106457 -0.77740729
vn 0.21512972 0.59106457 -0.77740729
vn 0.21512972 0.59106457 -0.77740729
vn 0.54472792 0.31449994 0.77740687
vn 0.82858419 0.47838330 0.29085708
vn 0.82858407 0.47838330 -0.29085720
vn 0.54472852 0.31449914 -0.77740681
vn 0.54472852 0.31449914 -0.77740681
vn 0.54472852 0.31449914 -0.77740681
vn 0.61944216 -0.10922442 0.77740699
vn 0.94223100 -0.16614135 0.29085711
vn 0.94223100 -0.16614132 -0.29085717
vn 0.61944270 -0.10922368 -0.77740663
vn 0.61944270 -0.10922368 -0.77740663
vn 0.61944270 -0.10922368 -0.77740663
vn 0.40431163 -0.48184049 0.77740711
vn 0.61499751 -0.73292577 0.29085720
vn 0.61499751 -0.73292583 -0.29085723
vn 0.40431216 -0.48184055 -0.77740693
vn 0.40431216 -0.48184055 -0.77740693
vn 0.40431216 -0.48184055 -0.77740693
vn -0.82858407 0.47838321 -0.29085723
vn -0.82858407 0.47838321 -0.29085723
vn -0.82858407 0.47838330 0.29085705
vn -0.82858407 0.47838330 0.29085705
vn -0.54472810 0.31449968 0.77740675
vn -0.54472810 0.31449968 0.77740675
vn -0.61944246 -0.10922442 -0.77740675
vn -0.61944246 -0.10922442 -0.77740675
vn -0.61944246 -0.10922442 -0.77740675
vn -0.94223094 -0.16614158 -0.29085714
vn -0.94223106 -0.16614068 0.29085723
vn -0.61944199 -0.10922425 0.77740711
vn -0.00000011 0.00000058 1.00000000
vn -0.00000011 0.00000058 1.00000000
vn -0.00000011 0.00000058 1.00000000
vn -0.00000011 0.00000058 1.00000000
vn -0.00000011 0.00000058 1.00000000
vn -0.00000011 0.00000058 1.00000000
vn -0.00000011 0.00000058 1.00000000
vn -0.00000011 0.00000058 1.00000000
vn -0.00000011 0.00000058 1.00000000
vn -0.40431249 -0.48184159 -0.77740610
vn -0.40431249 -0.48184159 -0.77740610
vn -0.40431249 -0.48184159 -0.77740610
vn -0.61499798 -0.73292553 -0.29085678
vn -0.61499822 -0.73292518 0.29085714
vn -0.40431243 -0.48184043 0.77740675
vn -0.00000017 -0.62899899 -0.77740610
vn -0.00000017 -0.62899899 -0.77740610
vn -0.00000017 -0.62899899 -0.77740610
vn -0.00000061 -0.95676666 -0.29085690
vn -0.00000069 -0.95676661 0.29085708
vn -0.00000027 -0.62899756 0.77740729
vn -0.54472893 0.31449890 -0.77740651
vn -0.54472893 0.31449890 -0.77740651
vn -0.54472893 0.31449890 -0.77740651
vn -0.54472893 0.31449890 -0.77740651
vn -0.21512972 0.59106505 0.77740693
vn -0.32723284 0.89906669 0.29085723
vn -0.32723275 0.89906663 -0.29085732
vn -0.21513020 0.59106570 -0.77740616
vn -0.21513020 0.59106570 -0.77740616
vn -0.21513020 0.59106570 -0.77740616
vn -0.00000009 -0.00000010 -1.00000000
vn -0.00000009 -0.00000010 -1.00000000
vn -0.00000009 -0.00000010 -1.00000000
vn -0.00000009 -0.00000010 -1.00000000
vn -0.00000009 -0.00000010 -1.00000000
vn -0.00000009 -0.00000010 -1.00000000
vn -0.00000009 -0.00000010 -1.00000000
vn -0.00000009 -0.00000010 -1.00000000
vn -0.00000009 -0.00000010 -1.00000000
vn 0.21512924 0.59106487 0.77740711
vn 0.32723290 0.89906657 0.29085734
vn 0.32723287 0.89906657 -0.29085734
vn 0.21512958 0.59106576 -0.77740639
vn 0.21512958 0.59106576 -0.77740639
vn 0.21512958 0.59106576 -0.77740639
vn 0.54472756 0.31450003 0.77740699
vn 0.82858390 0.47838372 0.29085723
vn 0.82858378 0.47838366 -0.29085734
vn 0.54472846 0.31449997 -0.77740645
vn 0.54472846 0.31449997 -0.77740645
vn 0.54472846 0.31449997 -0.77740645
vn 0.61944193 -0.10922414 0.77740717
vn 0.94223100 -0.16614111 0.29085723
vn 0.94223094 -0.16614136 -0.29085723
vn 0.61944276 -0.10922460 -0.77740645
vn 0.61944276 -0.10922460 -0.77740645
vn 0.61944276 -0.10922460 -0.77740645
vn 0.40431154 -0.48184076 0.77740705
vn 0.61499715 -0.73292613 0.29085717
vn 0.61499697 -0.73292631 -0.29085699
vn 0.40431207 -0.48184168 -0.77740616
vn 0.40431207 -0.48184168 -0.77740616
vn 0.40431207 -0.48184168 -0.77740616
vn -0.82858396 0.47838363 -0.29085723
vn -0.82858396 0.47838363 -0.29085723
vn -0.82858390 0.47838348 0.29085723
vn -0.82858390 0.47838348 0.29085723
vn -0.54472798 0.31449959 0.77740693
vn -0.54472798 0.31449959 0.77740693
vn -0.61944252 -0.10922546 -0.77740651
vn -0.61944252 -0.10922546 -0.77740651
vn -0.61944252 -0.10922546 -0.77740651
vn -0.94223106 -0.16614169 -0.29085684
vn -0.94223094 -0.16614100 0.29085746
vn -0.61944169 -0.10922451 0.77740735
vn -0.00000004 0.00000089 1.00000000
vn -0.00000004 0.00000089 1.00000000
vn -0.00000004 0.00000089 1.00000000
vn -0.00000004 0.00000089 1.00000000
vn -0.00000004 0.00000089 1.00000000
vn -0.00000004 0.00000089 1.00000000
vn -0.00000004 0.00000089 1.00000000
vn -0.00000004 0.00000089 1.00000000
vn -0.00000004 0.00000089 1.00000000
vn -0.40431264 -0.48184162 -0.77740592
vn -0.40431264 -0.48184162 -0.77740592
vn -0.40431264 -0.48184162 -0.77740592
vn -0.61499774 -0.73292583 -0.29085669
vn -0.61499774 -0.73292553 0.29085729
vn -0.40431219 -0.48184049 0.77740687
vn -0.00000033 -0.62899917 -0.77740604
vn -0.00000033 -0.62899917 -0.77740604
vn -0.00000033 -0.62899917 -0.77740604
vn -0.00000076 -0.95676666 -0.29085678
vn -0.00000080 -0.95676655 0.29085702
vn -0.00000041 -0.62899762 0.77740735
vn -0.54472870 0.31449831 -0.77740699
vn -0.54472870 0.31449831 -0.77740699
vn -0.21512990 0.59106445 0.77740723
vn -0.32723299 0.89906657 0.29085740
vn -0.32723305 0.89906645 -0.29085758
vn -0.21513018 0.59106505 -0.77740675
vn 0.00000003 -0.00000042 -1.00000000
vn 0.00000003 -0.00000042 -1.00000000
vn 0.00000003 -0.00000042 -1.00000000
vn 0.00000003 -0.00000042 -1.00000000
vn 0.00000003 -0.00000042 -1.00000000
vn 0.00000003 -0.00000042 -1.00000000
vn 0.00000003 -0.00000042 -1.00000000
vn 0.00000003 -0.00000042 -1.00000000
vn 0.00000003 -0.00000042 -1.00000000
vn 0.21512921 0.59106463 0.77740735
vn 0.32723299 0.89906645 0.29085758
vn 0.32723305 0.89906639 -0.29085761
vn 0.21512966 0.59106499 -0.77740687
vn 0.54472786 0.31449920 0.77740705
vn 0.82858413 0.47838321 0.29085737
vn 0.82858407 0.47838345 -0.29085714
vn 0.54472858 0.31449887 -0.77740675
vn 0.61944163 -0.10922495 0.77740729
vn 0.94223088 -0.16614129 0.29085746
vn 0.94223100 -0.16614109 -0.29085717
vn 0.61944270 -0.10922513 -0.77740645
vn 0.40431127 -0.48183998 0.77740765
vn 0.61499733 -0.73292583 0.29085755
vn 0.61499733 -0.73292577 -0.29085749
vn 0.40431195 -0.48184106 -0.77740675
vn -0.82858413 0.47838315 -0.29085723
vn -0.82858413 0.47838315 -0.29085723
vn -0.82858425 0.47838303 0.29085729
vn -0.82858425 0.47838303 0.29085729
vn -0.54472852 0.31449893 0.77740681
vn -0.54472852 0.31449893 0.77740681
vn -0.61944205 -0.10922480 -0.77740693
vn -0.94223094 -0.16614179 -0.29085723
vn -0.94223100 -0.16614100 0.29085723
vn -0.61944169 -0.10922518 0.77740711
vn -0.00000004 0.00000054 1.00000000
vn -0.00000004 0.00000054 1.00000000
vn -0.00000004 0.00000054 1.00000000
vn -0.00000004 0.00000054 1.00000000
vn -0.00000004 0.00000054 1.00000000
vn -0.00000004 0.00000054 1.00000000
vn -0.00000004 0.00000054 1.00000000
vn -0.00000004 0.00000054 1.00000000
vn -0.00000004 0.00000054 1.00000000
vn -0.40431258 -0.48184076 -0.77740663
vn -0.61499798 -0.73292542 -0.29085714
vn -0.61499798 -0.73292553 0.29085684
vn -0.40431207 -0.48184070 0.77740681
vn -0.00000044 -0.62899870 -0.77740639
vn -0.00000080 -0.95676655 -0.29085714
vn -0.00000076 -0.95676655 0.29085684
vn -0.00000049 -0.62899780 0.77740711
vn -0.54472858 0.31449872 -0.77740693
vn -0.54472858 0.31449872 -0.77740693
vn -0.21512970 0.59106469 0.77740717
vn -0.32723287 0.89906669 0.29085714
vn -0.32723296 0.89906657 -0.29085737
vn -0.21513017 0.59106481 -0.77740693
vn -0.00000010 -0.00000062 -1.00000000
vn -0.00000010 -0.00000062 -1.00000000
vn -0.00000010 -0.00000062 -1.00000000
vn -0.00000010 -0.00000062 -1.00000000
vn -0.00000010 -0.00000062 -1.00000000
vn -0.00000010 -0.00000062 -1.00000000
vn -0.00000010 -0.00000062 -1.00000000
vn -0.00000010 -0.00000062 -1.00000000
vn -0.00000010 -0.00000062 -1.00000000
vn 0.21512917 0.59106481 0.77740711
vn 0.32723287 0.89906669 0.29085714
vn 0.32723296 0.89906651 -0.29085743
vn 0.21512960 0.59106499 -0.77740693
vn 0.54472774 0.31450009 0.77740693
vn 0.82858390 0.47838381 0.29085702
vn 0.82858396 0.47838336 -0.29085740
vn 0.54472822 0.31449908 -0.77740699
vn 0.61944199 -0.10922386 0.77740711
vn 0.94223112 -0.16614096 0.29085720
vn 0.94223100 -0.16614123 -0.29085717
vn 0.61944252 -0.10922442 -0.77740669
vn 0.40431154 -0.48184067 0.77740717
vn 0.61499739 -0.73292595 0.29085711
vn 0.61499733 -0.73292595 -0.29085723
vn 0.40431193 -0.48184130 -0.77740657
vn -0.82858396 0.47838330 -0.29085746
vn -0.82858396 0.47838330 -0.29085746
vn -0.82858413 0.47838336 0.29085708
vn -0.82858413 0.47838336 0.29085708
vn -0.54472792 0.31449944 0.77740693
vn -0.54472792 0.31449944 0.77740693
vn -0.61944246 -0.10922436 -0.77740669
vn -0.94223088 -0.16614135 -0.29085732
vn -0.94223100 -0.16614097 0.29085714
vn -0.61944163 -0.10922441 0.77740741
vn -0.00000005 0.00000024 1.00000000
vn -0.00000005 0.00000024 1.00000000
vn -0.00000005 0.00000024 1.00000000
vn -0.00000005 0.00000024 1.00000000
vn -0.00000005 0.00000024 1.00000000
vn -0.00000005 0.00000024 1.00000000
vn -0.00000005 0.00000024 1.00000000
vn -0.00000005 0.00000024 1.00000000
vn -0.00000005 0.00000024 1.00000000
vn -0.40431258 -0.48184118 -0.77740622
vn -0.61499798 -0.73292536 -0.29085723
vn -0.61499786 -0.73292565 0.29085690
vn -0.40431201 -0.48184109 0.77740657
vn -0.00000030 -0.62899876 -0.77740633
vn -0.00000074 -0.95676649 -0.29085714
vn -0.00000067 -0.95676666 0.29085675
vn -0.00000031 -0.62899858 0.77740657
vn 0.27518645 0.93719834 0.21431725
vn 0.27518603 0.93719858 -0.21431661
vn 0.22440213 0.76424235 -0.60462999
vn 0.13114658 0.44664320 -0.88504827
vn 0.35180134 0.30483857 0.88504761
vn 0.60195971 0.52160162 0.60462910
vn 0.73818904 0.63964456 0.21431732
vn 0.73818904 0.63964474 -0.21431653
vn 0.60195929 0.52160084 -0.60463011
vn -0.25166798 0.39160383 0.88504791
vn -0.43062377 0.67006391 0.60463005
vn -0.52807814 0.82170671 0.21431693
vn -0.52807802 0.82170671 -0.21431708
vn -0.43062401 0.67006403 -0.60462981
vn -0.25166804 0.39160341 -0.88504803
vn 0.35180080 0.30483696 -0.88504839
vn 0.46076143 0.06624798 0.88504809
vn -0.42343315 0.19337617 0.88504803
vn -0.72452778 0.33088076 0.60462993
vn -0.88849622 0.40576220 0.21431680
vn -0.88849610 0.40576220 -0.21431693
vn -0.72452807 0.33088088 -0.60462958
vn -0.42343298 0.19337569 -0.88504833
vn 0.78839916 0.11335584 0.60462981
vn 0.96682209 0.13900842 0.21431710
vn -0.46076131 -0.06624693 0.88504821
vn -0.78839892 -0.11335533 0.60463029
vn -0.96682209 -0.13900851 0.21431695
vn -0.96682203 -0.13900863 -0.21431728
vn -0.78839898 -0.11335594 -0.60462999
vn -0.46076134 -0.06624825 -0.88504821
vn 0.96682227 0.13900843 -0.21431649
vn 0.78839904 0.11335526 -0.60463017
vn -0.35180146 -0.30483720 0.88504815
vn -0.60195929 -0.52160054 0.60463041
vn -0.73818922 -0.63964432 0.21431729
vn -0.73818934 -0.63964415 -0.21431753
vn -0.60195994 -0.52160114 -0.60462934
vn -0.35180119 -0.30483869 -0.88504773
vn 0.46076074 0.06624711 -0.88504857
vn 0.42343277 -0.19337535 0.88504845
vn -0.13114710 -0.44664398 0.88504791
vn -0.22440296 -0.76424158 0.60463065
vn -0.27518705 -0.93719810 0.21431750
vn -0.27518713 -0.93719804 -0.21431765
vn -0.22440287 -0.76424247 -0.60462958
vn -0.13114657 -0.44664416 -0.88504785
vn 0.72452790 -0.33088133 0.60462952
vn -0.00000012 0.00000017 1.00000000
vn -0.00000012 0.00000017 1.00000000
vn -0.00000012 0.00000017 1.00000000
vn -0.00000012 0.00000017 1.00000000
vn -0.00000012 0.00000017 1.00000000
vn -0.00000012 0.00000017 1.00000000
vn -0.00000012 0.00000017 1.00000000
vn -0.00000012 0.00000017 1.00000000
vn -0.00000012 0.00000017 1.00000000
vn -0.00000012 0.00000017 1.00000000
vn -0.00000012 0.00000017 1.00000000
vn 0.13114636 -0.44664377 0.88504809
vn 0.22440179 -0.76424211 0.60463029
vn 0.27518678 -0.93719822 0.21431723
vn 0.27518728 -0.93719804 -0.21431732
vn 0.22440244 -0.76424283 -0.60462916
vn 0.13114613 -0.44664484 -0.88504755
vn 0.00000006 0.00000013 -1.00000000
vn 0.00000006 0.00000013 -1.00000000
vn 0.00000006 0.00000013 -1.00000000
vn 0.00000006 0.00000013 -1.00000000
vn 0.00000006 0.00000013 -1.00000000
vn 0.00000006 0.00000013 -1.00000000
vn 0.00000006 0.00000013 -1.00000000
vn 0.00000006 0.00000013 -1.00000000
vn 0.00000006 0.00000013 -1.00000000
vn 0.00000006 0.00000013 -1.00000000
vn 0.00000006 0.00000013 -1.00000000
vn 0.88849616 -0.40576211 0.21431677
vn 0.35180160 -0.30483806 0.88504773
vn 0.60195982 -0.52160043 0.60462993
vn 0.73818940 -0.63964427 0.21431682
vn 0.73818934 -0.63964427 -0.21431707
vn 0.60195994 -0.52160180 -0.60462862
vn 0.35180143 -0.30483887 -0.88504755
vn 0.88849634 -0.40576199 -0.21431658
vn 0.72452754 -0.33088127 -0.60462999
vn 0.46076119 -0.06624765 0.88504833
vn 0.46076119 -0.06624765 0.88504833
vn 0.78839916 -0.11335547 0.60462999
vn 0.78839916 -0.11335547 0.60462999
vn 0.96682221 -0.13900840 0.21431673
vn 0.96682221 -0.13900840 0.21431673
vn 0.96682203 -0.13900864 -0.21431692
vn 0.96682203 -0.13900864 -0.21431692
vn 0.78839916 -0.11335567 -0.60462999
vn 0.78839916 -0.11335567 -0.60462999
vn 0.46076113 -0.06624807 -0.88504821
vn 0.46076113 -0.06624807 -0.88504821
vn 0.42343289 -0.19337557 -0.88504839
vn 0.25166777 -0.39160335 0.88504821
vn 0.42343315 0.19337571 0.88504815
vn 0.72452790 0.33088076 0.60462993
vn 0.88849598 0.40576270 0.21431659
vn 0.88849598 0.40576267 -0.21431686
vn 0.72452819 0.33088046 -0.60462976
vn 0.42343310 0.19337474 -0.88504839
vn 0.43062410 -0.67006391 0.60462993
vn 0.52807844 -0.82170653 0.21431704
vn 0.25166810 0.39160320 0.88504815
vn 0.43062425 0.67006391 0.60462976
vn 0.52807891 0.82170624 0.21431652
vn 0.52807885 0.82170612 -0.21431702
vn 0.43062484 0.67006361 -0.60462970
vn 0.25166872 0.39160296 -0.88504803
vn 0.52807832 -0.82170659 -0.21431680
vn 0.43062368 -0.67006403 -0.60463005
vn 0.00000009 0.46549964 0.88504809
vn 0.00000069 0.79650640 0.60463017
vn 0.00000114 0.97676420 0.21431704
vn 0.00000117 0.97676420 -0.21431723
vn 0.00000071 0.79650652 -0.60462993
vn 0.00000007 0.46549982 -0.88504809
vn 0.25166765 -0.39160335 -0.88504815
vn 0.22440256 0.76424289 0.60462910
vn 0.13114676 0.44664460 0.88504755
vn 0.00000003 0.00000014 -1.00000000
vn 0.00000003 0.00000014 -1.00000000
vn 0.00000003 0.00000014 -1.00000000
vn 0.00000003 0.00000014 -1.00000000
vn 0.00000003 0.00000014 -1.00000000
vn 0.00000003 0.00000014 -1.00000000
vn 0.00000003 0.00000014 -1.00000000
vn 0.00000003 0.00000014 -1.00000000
vn 0.00000003 0.00000014 -1.00000000
vn 0.00000003 0.00000014 -1.00000000
vn 0.00000003 0.00000014 -1.00000000
vn -0.13114616 0.44664276 -0.88504851
vn -0.22440164 0.76424241 -0.60462999
vn -0.27518633 0.93719852 -0.21431658
vn -0.27518648 0.93719834 0.21431719
vn -0.22440217 0.76424313 0.60462898
vn -0.13114671 0.44664446 0.88504761
vn -0.00000005 -0.00000027 1.00000000
vn -0.00000005 -0.00000027 1.00000000
vn -0.00000005 -0.00000027 1.00000000
vn -0.00000005 -0.00000027 1.00000000
vn -0.00000005 -0.00000027 1.00000000
vn -0.00000005 -0.00000027 1.00000000
vn -0.00000005 -0.00000027 1.00000000
vn -0.00000005 -0.00000027 1.00000000
vn -0.00000005 -0.00000027 1.00000000
vn -0.00000005 -0.00000027 1.00000000
vn -0.00000005 -0.00000027 1.00000000
vn -0.35180098 0.30483755 -0.88504815
vn -0.60195947 0.52160072 -0.60463005
vn -0.73818904 0.63964468 -0.21431647
vn -0.73818874 0.63964480 0.21431731
vn -0.60195953 0.52160192 0.60462904
vn -0.35180151 0.30483815 0.88504773
vn -0.46076074 0.06624807 -0.88504851
vn -0.46076074 0.06624807 -0.88504851
vn -0.78839910 0.11335543 -0.60463005
vn -0.78839910 0.11335543 -0.60463005
vn -0.96682227 0.13900825 -0.21431649
vn -0.96682227 0.13900825 -0.21431649
vn -0.96682209 0.13900855 0.21431710
vn -0.96682209 0.13900855 0.21431710
vn -0.78839910 0.11335581 0.60462993
vn -0.78839910 0.11335581 0.60462993
vn -0.46076131 0.06624829 0.88504815
vn -0.46076131 0.06624829 0.88504815
vn -0.42343295 -0.19337560 -0.88504833
vn -0.72452772 -0.33088106 -0.60462987
vn -0.88849628 -0.40576226 -0.21431643
vn -0.88849604 -0.40576234 0.21431682
vn -0.72452825 -0.33088049 0.60462970
vn -0.42343321 -0.19337441 0.88504845
vn -0.25166783 -0.39160305 -0.88504821
vn -0.43062404 -0.67006391 -0.60462993
vn -0.52807915 -0.82170606 -0.21431647
vn -0.52807933 -0.82170582 0.21431699
vn -0.43062472 -0.67006350 0.60462993
vn -0.25166854 -0.39160287 0.88504821
vn -0.00000014 -0.46549940 -0.88504821
vn -0.00000032 -0.79650629 -0.60463029
vn -0.00000087 -0.97676420 -0.21431707
vn -0.00000088 -0.97676414 0.21431741
vn -0.00000032 -0.79650658 0.60462999
vn -0.00000011 -0.46549967 0.88504815
vn 0.27518645 0.93719834 0.21431731
vn 0.27518606 0.93719858 -0.21431670
vn 0.22440210 0.76424217 -0.60463017
vn 0.13114654 0.44664329 -0.88504833
vn 0.35180143 0.30483857 0.88504761
vn 0.60195971 0.52160162 0.60462910
vn 0.73818898 0.63964450 0.21431731
vn 0.73818904 0.63964468 -0.21431656
vn 0.60195935 0.52160084 -0.60463011
vn 0.35180080 0.30483690 -0.88504839
vn 0.46076152 0.06624801 0.88504815
vn 0.78839922 0.11335585 0.60462970
vn 0.96682209 0.13900840 0.21431699
vn 0.96682227 0.13900842 -0.21431640
vn 0.78839910 0.11335528 -0.60462999
vn 0.46076083 0.06624714 -0.88504857
vn 0.42343268 -0.19337530 0.88504857
vn 0.72452796 -0.33088130 0.60462958
vn 0.88849628 -0.40576217 0.21431676
vn 0.88849634 -0.40576202 -0.21431643
vn 0.72452766 -0.33088127 -0.60462993
vn 0.42343289 -0.19337551 -0.88504839
vn 0.25166774 -0.39160332 0.88504821
vn 0.43062404 -0.67006379 0.60463005
vn 0.52807838 -0.82170641 0.21431705
vn 0.52807832 -0.82170659 -0.21431683
vn 0.43062365 -0.67006403 -0.60463005
vn 0.25166768 -0.39160347 -0.88504815
vn 0.22440255 0.76424283 0.60462916
vn 0.13114673 0.44664472 0.88504761
vn 0.00000002 0.00000011 -1.00000000
vn 0.00000002 0.00000011 -1.00000000
vn 0.00000002 0.00000011 -1.00000000
vn 0.00000002 0.00000011 -1.00000000
vn 0.00000002 0.00000011 -1.00000000
vn 0.00000002 0.00000011 -1.00000000
vn 0.00000002 0.00000011 -1.00000000
vn 0.00000002 0.00000011 -1.00000000
vn 0.00000002 0.00000011 -1.00000000
vn 0.00000002 0.00000011 -1.00000000
vn 0.00000002 0.00000011 -1.00000000
vn -0.13114610 0.44664285 -0.88504863
vn -0.22440164 0.76424241 -0.60463005
vn -0.27518633 0.93719840 -0.21431661
vn -0.27518648 0.93719822 0.21431735
vn -0.22440216 0.76424313 0.60462904
vn -0.13114670 0.44664451 0.88504761
vn -0.00000008 -0.00000026 1.00000000
vn -0.00000008 -0.00000026 1.00000000
vn -0.00000008 -0.00000026 1.00000000
vn -0.00000008 -0.00000026 1.00000000
vn -0.00000008 -0.00000026 1.00000000
vn -0.00000008 -0.00000026 1.00000000
vn -0.00000008 -0.00000026 1.00000000
vn -0.00000008 -0.00000026 1.00000000
vn -0.00000008 -0.00000026 1.00000000
vn -0.00000008 -0.00000026 1.00000000
vn -0.00000008 -0.00000026 1.00000000
vn -0.35180110 0.30483684 -0.88504839
vn -0.60195965 0.52160048 -0.60463017
vn -0.73818910 0.63964480 -0.21431634
vn -0.73818886 0.63964480 0.21431726
vn -0.60195947 0.52160197 0.60462898
vn -0.35180146 0.30483824 0.88504773
vn -0.46076068 0.06624754 -0.88504851
vn -0.46076068 0.06624754 -0.88504851
vn -0.78839922 0.11335492 -0.60463005
vn -0.78839922 0.11335492 -0.60463005
vn -0.96682227 0.13900818 -0.21431625
vn -0.96682227 0.13900818 -0.21431625
vn -0.96682209 0.13900855 0.21431698
vn -0.96682209 0.13900855 0.21431698
vn -0.78839916 0.11335581 0.60462981
vn -0.78839916 0.11335581 0.60462981
vn -0.46076131 0.06624832 0.88504821
vn -0.46076131 0.06624832 0.88504821
vn -0.42343268 -0.19337554 -0.88504851
vn -0.72452760 -0.33088121 -0.60462999
vn -0.88849616 -0.40576237 -0.21431640
vn -0.88849610 -0.40576240 0.21431684
vn -0.72452813 -0.33088061 0.60462964
vn -0.42343318 -0.19337457 0.88504839
vn -0.25166777 -0.39160290 -0.88504839
vn -0.43062398 -0.67006373 -0.60463017
vn -0.52807915 -0.82170606 -0.21431658
vn -0.52807939 -0.82170582 0.21431696
vn -0.43062472 -0.67006350 0.60462993
vn -0.25166857 -0.39160281 0.88504821
vn -0.00000010 -0.46549931 -0.88504821
vn -0.00000030 -0.79650617 -0.60463041
vn -0.00000087 -0.97676420 -0.21431714
vn -0.00000088 -0.97676414 0.21431744
vn -0.00000032 -0.79650646 0.60463005
vn -0.00000006 -0.46549955 0.88504821
vn 0.27518657 0.93719834 0.21431707
vn 0.27518639 0.93719840 -0.21431652
vn 0.22440201 0.76424205 -0.60463035
vn 0.13114636 0.44664291 -0.88504851
vn 0.35180154 0.30483851 0.88504761
vn 0.60195953 0.52160203 0.60462886
vn 0.73818880 0.63964486 0.21431696
vn 0.73818892 0.63964498 -0.21431647
vn 0.60195905 0.52160126 -0.60462999
vn 0.35180092 0.30483675 -0.88504839
vn 0.46076089 0.06624740 0.88504845
vn 0.78839910 0.11335593 0.60462999
vn 0.96682209 0.13900886 0.21431702
vn 0.96682215 0.13900870 -0.21431649
vn 0.78839916 0.11335537 -0.60462993
vn 0.46076107 0.06624579 -0.88504845
vn 0.42343271 -0.19337547 0.88504845
vn 0.72452766 -0.33088130 0.60462987
vn 0.88849616 -0.40576202 0.21431695
vn 0.88849628 -0.40576217 -0.21431671
vn 0.72452736 -0.33088109 -0.60463035
vn 0.42343253 -0.19337571 -0.88504845
vn 0.25166824 -0.39160305 0.88504821
vn 0.43062407 -0.67006391 0.60462987
vn 0.52807826 -0.82170653 0.21431710
vn 0.52807826 -0.82170665 -0.21431683
vn 0.43062383 -0.67006367 -0.60463035
vn 0.25166798 -0.39160269 -0.88504839
vn 0.22440246 0.76424301 0.60462904
vn 0.13114689 0.44664380 0.88504797
vn -0.00000021 -0.00000077 -1.00000000
vn -0.00000021 -0.00000077 -1.00000000
vn -0.00000021 -0.00000077 -1.00000000
vn -0.00000021 -0.00000077 -1.00000000
vn -0.00000021 -0.00000077 -1.00000000
vn -0.00000021 -0.00000077 -1.00000000
vn -0.00000021 -0.00000077 -1.00000000
vn -0.00000021 -0.00000077 -1.00000000
vn -0.00000021 -0.00000077 -1.00000000
vn -0.00000021 -0.00000077 -1.00000000
vn -0.00000021 -0.00000077 -1.00000000
vn -0.13114595 0.44664314 -0.88504839
vn -0.22440109 0.76424259 -0.60462993
vn -0.27518666 0.93719834 -0.21431647
vn -0.27518687 0.93719822 0.21431714
vn -0.22440197 0.76424313 0.60462898
vn -0.13114689 0.44664440 0.88504761
vn -0.00000016 -0.00000029 1.00000000
vn -0.00000016 -0.00000029 1.00000000
vn -0.00000016 -0.00000029 1.00000000
vn -0.00000016 -0.00000029 1.00000000
vn -0.00000016 -0.00000029 1.00000000
vn -0.00000016 -0.00000029 1.00000000
vn -0.00000016 -0.00000029 1.00000000
vn -0.00000016 -0.00000029 1.00000000
vn -0.00000016 -0.00000029 1.00000000
vn -0.00000016 -0.00000029 1.00000000
vn -0.00000016 -0.00000029 1.00000000
vn -0.35180131 0.30483648 -0.88504833
vn -0.60195959 0.52160043 -0.60463017
vn -0.73818946 0.63964427 -0.21431668
vn -0.73818910 0.63964438 0.21431735
vn -0.60195982 0.52160156 0.60462904
vn -0.35180184 0.30483830 0.88504755
vn -0.46076104 0.06624641 -0.88504851
vn -0.46076104 0.06624641 -0.88504851
vn -0.78839910 0.11335508 -0.60463005
vn -0.78839910 0.11335508 -0.60463005
vn -0.96682227 0.13900828 -0.21431655
vn -0.96682227 0.13900828 -0.21431655
vn -0.96682209 0.13900845 0.21431702
vn -0.96682209 0.13900845 0.21431702
vn -0.78839928 0.11335557 0.60462976
vn -0.78839928 0.11335557 0.60462976
vn -0.46076122 0.06624766 0.88504821
vn -0.46076122 0.06624766 0.88504821
vn -0.42343315 -0.19337521 -0.88504839
vn -0.72452772 -0.33088094 -0.60462999
vn -0.88849622 -0.40576199 -0.21431662
vn -0.88849616 -0.40576220 0.21431698
vn -0.72452813 -0.33088061 0.60462964
vn -0.42343351 -0.19337472 0.88504821
vn -0.25166756 -0.39160323 -0.88504833
vn -0.43062359 -0.67006385 -0.60463035
vn -0.52807909 -0.82170612 -0.21431692
vn -0.52807909 -0.82170606 0.21431708
vn -0.43062407 -0.67006391 0.60462987
vn -0.25166848 -0.39160275 0.88504821
vn -0.00000024 -0.46549970 -0.88504803
vn -0.00000055 -0.79650629 -0.60463029
vn -0.00000087 -0.97676420 -0.21431713
vn -0.00000086 -0.97676420 0.21431719
vn -0.00000052 -0.79650688 0.60462958
vn -0.00000009 -0.46549964 0.88504809
vn 0.27518654 0.93719834 0.21431707
vn 0.27518654 0.93719846 -0.21431671
vn 0.22440229 0.76424217 -0.60463017
vn 0.13114657 0.44664350 -0.88504815
vn 0.35180181 0.30483863 0.88504750
vn 0.60195959 0.52160186 0.60462892
vn 0.73818880 0.63964486 0.21431705
vn 0.73818880 0.63964498 -0.21431653
vn 0.60195893 0.52160102 -0.60463029
vn 0.35180074 0.30483696 -0.88504851
vn 0.46076116 0.06624729 0.88504839
vn 0.78839916 0.11335575 0.60462993
vn 0.96682209 0.13900876 0.21431698
vn 0.96682215 0.13900885 -0.21431644
vn 0.78839910 0.11335555 -0.60463011
vn 0.46076083 0.06624710 -0.88504857
vn 0.42343253 -0.19337551 0.88504845
vn 0.72452778 -0.33088145 0.60462964
vn 0.88849628 -0.40576199 0.21431676
vn 0.88849634 -0.40576199 -0.21431670
vn 0.72452742 -0.33088085 -0.60463041
vn 0.42343283 -0.19337420 -0.88504875
vn 0.25166821 -0.39160281 0.88504833
vn 0.43062413 -0.67006385 0.60462987
vn 0.52807832 -0.82170653 0.21431717
vn 0.52807826 -0.82170653 -0.21431714
vn 0.43062380 -0.67006338 -0.60463065
vn 0.25166801 -0.39160243 -0.88504857
vn 0.22440244 0.76424313 0.60462886
vn 0.13114685 0.44664398 0.88504785
vn -0.00000010 0.00000025 -1.00000000
vn -0.00000010 0.00000025 -1.00000000
vn -0.00000010 0.00000025 -1.00000000
vn -0.00000010 0.00000025 -1.00000000
vn -0.00000010 0.00000025 -1.00000000
vn -0.00000010 0.00000025 -1.00000000
vn -0.00000010 0.00000025 -1.00000000
vn -0.00000010 0.00000025 -1.00000000
vn -0.00000010 0.00000025 -1.00000000
vn -0.00000010 0.00000025 -1.00000000
vn -0.00000010 0.00000025 -1.00000000
vn -0.13114601 0.44664344 -0.88504833
vn -0.22440152 0.76424271 -0.60462970
vn -0.27518678 0.93719834 -0.21431637
vn -0.27518684 0.93719822 0.21431698
vn -0.22440195 0.76424325 0.60462880
vn -0.13114661 0.44664419 0.88504779
vn -0.00000013 -0.00000032 1.00000000
vn -0.00000013 -0.00000032 1.00000000
vn -0.00000013 -0.00000032 1.00000000
vn -0.00000013 -0.00000032 1.00000000
vn -0.00000013 -0.00000032 1.00000000
vn -0.00000013 -0.00000032 1.00000000
vn -0.00000013 -0.00000032 1.00000000
vn -0.00000013 -0.00000032 1.00000000
vn -0.00000013 -0.00000032 1.00000000
vn -0.00000013 -0.00000032 1.00000000
vn -0.00000013 -0.00000032 1.00000000
vn -0.35180086 0.30483732 -0.88504827
vn -0.60195959 0.52160043 -0.60463029
vn -0.73818934 0.63964444 -0.21431650
vn -0.73818916 0.63964450 0.21431701
vn -0.60195994 0.52160150 0.60462904
vn -0.35180140 0.30483788 0.88504785
vn -0.46076065 0.06624775 -0.88504851
vn -0.46076065 0.06624775 -0.88504851
vn -0.78839892 0.11335568 -0.60463029
vn -0.78839892 0.11335568 -0.60463029
vn -0.96682221 0.13900846 -0.21431659
vn -0.96682221 0.13900846 -0.21431659
vn -0.96682209 0.13900849 0.21431704
vn -0.96682209 0.13900849 0.21431704
vn -0.78839904 0.11335536 0.60463023
vn -0.78839904 0.11335536 0.60463023
vn -0.46076089 0.06624744 0.88504839
vn -0.46076089 0.06624744 0.88504839
vn -0.42343298 -0.19337519 -0.88504839
vn -0.72452796 -0.33088073 -0.60462981
vn -0.88849646 -0.40576196 -0.21431622
vn -0.88849616 -0.40576220 0.21431695
vn -0.72452801 -0.33088061 0.60462987
vn -0.42343324 -0.19337465 0.88504839
vn -0.25166756 -0.39160338 -0.88504821
vn -0.43062386 -0.67006397 -0.60462999
vn -0.52807909 -0.82170612 -0.21431638
vn -0.52807909 -0.82170600 0.21431686
vn -0.43062437 -0.67006415 0.60462940
vn -0.25166866 -0.39160323 0.88504797
vn -0.00000031 -0.46549946 -0.88504815
vn -0.00000038 -0.79650629 -0.60463029
vn -0.00000071 -0.97676420 -0.21431708
vn -0.00000086 -0.97676420 0.21431728
vn -0.00000063 -0.79650688 0.60462958
vn -0.00000031 -0.46549979 0.88504803
vn 0.27518648 0.93719834 0.21431731
vn 0.27518639 0.93719852 -0.21431656
vn 0.22440240 0.76424205 -0.60463029
vn 0.13114649 0.44664332 -0.88504827
vn 0.35180190 0.30483821 0.88504755
vn 0.60195965 0.52160209 0.60462880
vn 0.73818868 0.63964498 0.21431725
vn 0.73818880 0.63964504 -0.21431665
vn 0.60195905 0.52160120 -0.60463011
vn 0.35180089 0.30483696 -0.88504839
vn 0.46076098 0.06624785 0.88504833
vn 0.78839886 0.11335604 0.60463017
vn 0.96682203 0.13900898 0.21431722
vn 0.96682209 0.13900876 -0.21431674
vn 0.78839886 0.11335541 -0.60463041
vn 0.46076092 0.06624641 -0.88504857
vn 0.42343241 -0.19337519 0.88504863
vn 0.72452736 -0.33088136 0.60463017
vn 0.88849610 -0.40576214 0.21431710
vn 0.88849628 -0.40576208 -0.21431671
vn 0.72452730 -0.33088124 -0.60463035
vn 0.42343259 -0.19337536 -0.88504857
vn 0.25166804 -0.39160338 0.88504809
vn 0.43062395 -0.67006409 0.60462981
vn 0.52807820 -0.82170653 0.21431720
vn 0.52807832 -0.82170659 -0.21431684
vn 0.43062383 -0.67006373 -0.60463029
vn 0.25166789 -0.39160278 -0.88504839
vn 0.22440259 0.76424301 0.60462904
vn 0.13114700 0.44664443 0.88504761
vn -0.00000011 0.00000022 -1.00000000
vn -0.00000011 0.00000022 -1.00000000
vn -0.00000011 0.00000022 -1.00000000
vn -0.00000011 0.00000022 -1.00000000
vn -0.00000011 0.00000022 -1.00000000
vn -0.00000011 0.00000022 -1.00000000
vn -0.00000011 0.00000022 -1.00000000
vn -0.00000011 0.00000022 -1.00000000
vn -0.00000011 0.00000022 -1.00000000
vn -0.00000011 0.00000022 -1.00000000
vn -0.00000011 0.00000022 -1.00000000
vn -0.13114592 0.44664350 -0.88504827
vn -0.22440130 0.76424247 -0.60463011
vn -0.27518657 0.93719846 -0.21431662
vn -0.27518666 0.93719822 0.21431741
vn -0.22440186 0.76424295 0.60462928
vn -0.13114677 0.44664431 0.88504773
vn -0.00000017 -0.00000013 1.00000000
vn -0.00000017 -0.00000013 1.00000000
vn -0.00000017 -0.00000013 1.00000000
vn -0.00000017 -0.00000013 1.00000000
vn -0.00000017 -0.00000013 1.00000000
vn -0.00000017 -0.00000013 1.00000000
vn -0.00000017 -0.00000013 1.00000000
vn -0.00000017 -0.00000013 1.00000000
vn -0.00000017 -0.00000013 1.00000000
vn -0.00000017 -0.00000013 1.00000000
vn -0.00000017 -0.00000013 1.00000000
vn -0.35180122 0.30483729 -0.88504809
vn -0.60195994 0.52160066 -0.60462964
vn -0.73818934 0.63964450 -0.21431620
vn -0.73818916 0.63964444 0.21431701
vn -0.60195994 0.52160150 0.60462892
vn -0.35180148 0.30483791 0.88504779
vn -0.46076071 0.06624718 -0.88504863
vn -0.46076071 0.06624718 -0.88504863
vn -0.78839952 0.11335541 -0.60462958
vn -0.78839952 0.11335541 -0.60462958
vn -0.96682233 0.13900849 -0.21431573
vn -0.96682233 0.13900849 -0.21431573
vn -0.96682221 0.13900858 0.21431646
vn -0.96682221 0.13900858 0.21431646
vn -0.78839940 0.11335559 0.60462946
vn -0.78839940 0.11335559 0.60462946
vn -0.46076101 0.06624811 0.88504839
vn -0.46076101 0.06624811 0.88504839
vn -0.42343280 -0.19337571 -0.88504839
vn -0.72452760 -0.33088109 -0.60463005
vn -0.88849634 -0.40576193 -0.21431655
vn -0.88849628 -0.40576199 0.21431695
vn -0.72452831 -0.33088046 0.60462958
vn -0.42343354 -0.19337471 0.88504821
vn -0.25166774 -0.39160326 -0.88504827
vn -0.43062371 -0.67006403 -0.60463011
vn -0.52807909 -0.82170612 -0.21431684
vn -0.52807921 -0.82170582 0.21431719
vn -0.43062425 -0.67006391 0.60462976
vn -0.25166848 -0.39160326 0.88504797
vn -0.00000033 -0.46549898 -0.88504845
vn -0.00000054 -0.79650640 -0.60463023
vn -0.00000081 -0.97676420 -0.21431702
vn -0.00000081 -0.97676408 0.21431743
vn -0.00000039 -0.79650670 0.60462981
vn -0.00000012 -0.46549964 0.88504809
vn 0.27518648 0.93719834 0.21431723
vn 0.27518648 0.93719846 -0.21431655
vn 0.22440232 0.76424223 -0.60462993
vn 0.13114640 0.44664308 -0.88504839
vn 0.35180187 0.30483845 0.88504750
vn 0.60195971 0.52160192 0.60462874
vn 0.73818874 0.63964492 0.21431731
vn 0.73818874 0.63964504 -0.21431670
vn 0.60195905 0.52160126 -0.60463011
vn 0.35180086 0.30483705 -0.88504839
vn 0.46076104 0.06624743 0.88504839
vn 0.78839898 0.11335591 0.60463011
vn 0.96682203 0.13900894 0.21431726
vn 0.96682209 0.13900875 -0.21431679
vn 0.78839880 0.11335505 -0.60463047
vn 0.46076083 0.06624675 -0.88504857
vn 0.42343238 -0.19337562 0.88504851
vn 0.72452748 -0.33088127 0.60463017
vn 0.88849622 -0.40576202 0.21431716
vn 0.88849616 -0.40576226 -0.21431670
vn 0.72452730 -0.33088142 -0.60463029
vn 0.42343265 -0.19337535 -0.88504845
vn 0.25166798 -0.39160296 0.88504833
vn 0.43062404 -0.67006385 0.60462993
vn 0.52807832 -0.82170653 0.21431728
vn 0.52807814 -0.82170665 -0.21431671
vn 0.43062383 -0.67006373 -0.60463023
vn 0.25166795 -0.39160264 -0.88504839
vn 0.22440264 0.76424301 0.60462910
vn 0.13114700 0.44664422 0.88504773
vn -0.00000011 0.00000002 -1.00000000
vn -0.00000011 0.00000002 -1.00000000
vn -0.00000011 0.00000002 -1.00000000
vn -0.00000011 0.00000002 -1.00000000
vn -0.00000011 0.00000002 -1.00000000
vn -0.00000011 0.00000002 -1.00000000
vn -0.00000011 0.00000002 -1.00000000
vn -0.00000011 0.00000002 -1.00000000
vn -0.00000011 0.00000002 -1.00000000
vn -0.00000011 0.00000002 -1.00000000
vn -0.00000011 0.00000002 -1.00000000
vn -0.13114603 0.44664323 -0.88504839
vn -0.22440131 0.76424247 -0.60463005
vn -0.27518642 0.93719840 -0.21431655
vn -0.27518669 0.93719822 0.21431741
vn -0.22440206 0.76424283 0.60462940
vn -0.13114682 0.44664407 0.88504785
vn -0.00000017 -0.00000020 1.00000000
vn -0.00000017 -0.00000020 1.00000000
vn -0.00000017 -0.00000020 1.00000000
vn -0.00000017 -0.00000020 1.00000000
vn -0.00000017 -0.00000020 1.00000000
vn -0.00000017 -0.00000020 1.00000000
vn -0.00000017 -0.00000020 1.00000000
vn -0.00000017 -0.00000020 1.00000000
vn -0.00000017 -0.00000020 1.00000000
vn -0.00000017 -0.00000020 1.00000000
vn -0.00000017 -0.00000020 1.00000000
vn -0.35180125 0.30483657 -0.88504839
vn -0.60196000 0.52160054 -0.60462970
vn -0.73818934 0.63964444 -0.21431620
vn -0.73818916 0.63964438 0.21431705
vn -0.60196000 0.52160156 0.60462892
vn -0.35180154 0.30483791 0.88504779
vn -0.46076068 0.06624718 -0.88504863
vn -0.46076068 0.06624718 -0.88504863
vn -0.78839946 0.11335539 -0.60462958
vn -0.78839946 0.11335539 -0.60462958
vn -0.96682233 0.13900843 -0.21431577
vn -0.96682233 0.13900843 -0.21431577
vn -0.96682221 0.13900846 0.21431650
vn -0.96682221 0.13900846 0.21431650
vn -0.78839940 0.11335593 0.60462952
vn -0.78839940 0.11335593 0.60462952
vn -0.46076101 0.06624849 0.88504839
vn -0.46076101 0.06624849 0.88504839
vn -0.42343295 -0.19337504 -0.88504839
vn -0.72452760 -0.33088106 -0.60463005
vn -0.88849634 -0.40576205 -0.21431658
vn -0.88849616 -0.40576223 0.21431690
vn -0.72452825 -0.33088070 0.60462952
vn -0.42343348 -0.19337432 0.88504833
vn -0.25166774 -0.39160362 -0.88504797
vn -0.43062371 -0.67006409 -0.60462993
vn -0.52807903 -0.82170618 -0.21431686
vn -0.52807915 -0.82170594 0.21431714
vn -0.43062428 -0.67006379 0.60462993
vn -0.25166848 -0.39160302 0.88504815
vn -0.00000030 -0.46549934 -0.88504833
vn -0.00000055 -0.79650640 -0.60463011
vn -0.00000083 -0.97676420 -0.21431693
vn -0.00000072 -0.97676408 0.21431741
vn -0.00000035 -0.79650646 0.60463017
vn -0.00000017 -0.46549937 0.88504821
vn 0.27518651 0.93719834 0.21431713
vn 0.27518663 0.93719846 -0.21431655
vn 0.22440235 0.76424235 -0.60462993
vn 0.13114652 0.44664329 -0.88504833
vn 0.35180160 0.30483797 0.88504767
vn 0.60195953 0.52160174 0.60462910
vn 0.73818880 0.63964486 0.21431701
vn 0.73818892 0.63964486 -0.21431661
vn 0.60195911 0.52160132 -0.60462999
vn 0.35180092 0.30483729 -0.88504821
vn 0.46076104 0.06624690 0.88504845
vn 0.78839898 0.11335577 0.60463005
vn 0.96682203 0.13900888 0.21431714
vn 0.96682209 0.13900873 -0.21431670
vn 0.78839892 0.11335509 -0.60463023
vn 0.46076083 0.06624663 -0.88504857
vn 0.42343259 -0.19337521 0.88504863
vn 0.72452760 -0.33088139 0.60462987
vn 0.88849616 -0.40576193 0.21431708
vn 0.88849622 -0.40576211 -0.21431647
vn 0.72452730 -0.33088148 -0.60463017
vn 0.42343241 -0.19337544 -0.88504863
vn 0.25166801 -0.39160296 0.88504833
vn 0.43062392 -0.67006385 0.60463005
vn 0.52807814 -0.82170647 0.21431734
vn 0.52807814 -0.82170665 -0.21431687
vn 0.43062392 -0.67006356 -0.60463047
vn 0.25166821 -0.39160290 -0.88504827
vn 0.22440252 0.76424295 0.60462904
vn 0.13114698 0.44664451 0.88504761
vn -0.00000014 -0.00000019 -1.00000000
vn -0.00000014 -0.00000019 -1.00000000
vn -0.00000014 -0.00000019 -1.00000000
vn -0.00000014 -0.00000019 -1.00000000
vn -0.00000014 -0.00000019 -1.00000000
vn -0.00000014 -0.00000019 -1.00000000
vn -0.00000014 -0.00000019 -1.00000000
vn -0.00000014 -0.00000019 -1.00000000
vn -0.00000014 -0.00000019 -1.00000000
vn -0.00000014 -0.00000019 -1.00000000
vn -0.00000014 -0.00000019 -1.00000000
vn -0.13114581 0.44664314 -0.88504845
vn -0.22440130 0.76424271 -0.60462976
vn -0.27518678 0.93719834 -0.21431643
vn -0.27518687 0.93719822 0.21431716
vn -0.22440204 0.76424319 0.60462904
vn -0.13114674 0.44664454 0.88504761
vn -0.00000021 -0.00000002 1.00000000
vn -0.00000021 -0.00000002 1.00000000
vn -0.00000021 -0.00000002 1.00000000
vn -0.00000021 -0.00000002 1.00000000
vn -0.00000021 -0.00000002 1.00000000
vn -0.00000021 -0.00000002 1.00000000
vn -0.00000021 -0.00000002 1.00000000
vn -0.00000021 -0.00000002 1.00000000
vn -0.00000021 -0.00000002 1.00000000
vn -0.00000021 -0.00000002 1.00000000
vn -0.00000021 -0.00000002 1.00000000
vn -0.35180143 0.30483693 -0.88504821
vn -0.60195994 0.52160054 -0.60462976
vn -0.73818952 0.63964421 -0.21431638
vn -0.73818916 0.63964444 0.21431717
vn -0.60196006 0.52160156 0.60462886
vn -0.35180193 0.30483848 0.88504744
vn -0.46076080 0.06624687 -0.88504851
vn -0.46076080 0.06624687 -0.88504851
vn -0.78839952 0.11335505 -0.60462958
vn -0.78839952 0.11335505 -0.60462958
vn -0.96682239 0.13900834 -0.21431597
vn -0.96682239 0.13900834 -0.21431597
vn -0.96682227 0.13900846 0.21431646
vn -0.96682227 0.13900846 0.21431646
vn -0.78839958 0.11335605 0.60462934
vn -0.78839958 0.11335605 0.60462934
vn -0.46076140 0.06624825 0.88504821
vn -0.46076140 0.06624825 0.88504821
vn -0.42343244 -0.19337533 -0.88504863
vn -0.72452796 -0.33088118 -0.60462958
vn -0.88849646 -0.40576211 -0.21431574
vn -0.88849628 -0.40576234 0.21431632
vn -0.72452843 -0.33088067 0.60462934
vn -0.42343313 -0.19337468 0.88504839
vn -0.25166795 -0.39160287 -0.88504839
vn -0.43062401 -0.67006403 -0.60462981
vn -0.52807909 -0.82170624 -0.21431638
vn -0.52807903 -0.82170612 0.21431689
vn -0.43062425 -0.67006403 0.60462958
vn -0.25166851 -0.39160275 0.88504821
vn -0.00000028 -0.46549970 -0.88504803
vn -0.00000042 -0.79650623 -0.60463035
vn -0.00000084 -0.97676420 -0.21431722
vn -0.00000104 -0.97676414 0.21431747
vn -0.00000055 -0.79650652 0.60462987
vn -0.00000011 -0.46549964 0.88504809
vn 0.27518648 0.93719834 0.21431714
vn 0.27518654 0.93719840 -0.21431653
vn 0.22440225 0.76424223 -0.60462993
vn 0.13114628 0.44664305 -0.88504851
vn 0.35180160 0.30483821 0.88504761
vn 0.60195965 0.52160186 0.60462898
vn 0.73818886 0.63964480 0.21431707
vn 0.73818886 0.63964492 -0.21431656
vn 0.60195911 0.52160144 -0.60462987
vn 0.35180074 0.30483729 -0.88504839
vn 0.46076128 0.06624750 0.88504821
vn 0.78839916 0.11335588 0.60462987
vn 0.96682197 0.13900881 0.21431702
vn 0.96682209 0.13900870 -0.21431674
vn 0.78839892 0.11335509 -0.60463023
vn 0.46076098 0.06624672 -0.88504839
vn 0.42343274 -0.19337510 0.88504851
vn 0.72452778 -0.33088106 0.60462987
vn 0.88849622 -0.40576196 0.21431702
vn 0.88849616 -0.40576226 -0.21431671
vn 0.72452712 -0.33088142 -0.60463041
vn 0.42343247 -0.19337536 -0.88504851
vn 0.25166804 -0.39160290 0.88504821
vn 0.43062413 -0.67006373 0.60463005
vn 0.52807814 -0.82170653 0.21431734
vn 0.52807802 -0.82170671 -0.21431699
vn 0.43062386 -0.67006356 -0.60463047
vn 0.25166804 -0.39160296 -0.88504821
vn 0.22440246 0.76424313 0.60462898
vn 0.13114680 0.44664386 0.88504785
vn -0.00000015 -0.00000030 -1.00000000
vn -0.00000015 -0.00000030 -1.00000000
vn -0.00000015 -0.00000030 -1.00000000
vn -0.00000015 -0.00000030 -1.00000000
vn -0.00000015 -0.00000030 -1.00000000
vn -0.00000015 -0.00000030 -1.00000000
vn -0.00000015 -0.00000030 -1.00000000
vn -0.00000015 -0.00000030 -1.00000000
vn -0.00000015 -0.00000030 -1.00000000
vn -0.00000015 -0.00000030 -1.00000000
vn -0.00000015 -0.00000030 -1.00000000
vn -0.13114573 0.44664317 -0.88504851
vn -0.22440119 0.76424265 -0.60462999
vn -0.27518669 0.93719834 -0.21431652
vn -0.27518675 0.93719822 0.21431719
vn -0.22440197 0.76424307 0.60462904
vn -0.13114677 0.44664404 0.88504785
vn -0.00000017 -0.00000039 1.00000000
vn -0.00000017 -0.00000039 1.00000000
vn -0.00000017 -0.00000039 1.00000000
vn -0.00000017 -0.00000039 1.00000000
vn -0.00000017 -0.00000039 1.00000000
vn -0.00000017 -0.00000039 1.00000000
vn -0.00000017 -0.00000039 1.00000000
vn -0.00000017 -0.00000039 1.00000000
vn -0.00000017 -0.00000039 1.00000000
vn -0.00000017 -0.00000039 1.00000000
vn -0.00000017 -0.00000039 1.00000000
vn -0.35180107 0.30483705 -0.88504833
vn -0.60195971 0.52160048 -0.60462999
vn -0.73818946 0.63964438 -0.21431649
vn -0.73818922 0.63964438 0.21431716
vn -0.60195988 0.52160150 0.60462898
vn -0.35180154 0.30483839 0.88504761
vn -0.46076089 0.06624679 -0.88504851
vn -0.46076089 0.06624679 -0.88504851
vn -0.78839922 0.11335495 -0.60462993
vn -0.78839922 0.11335495 -0.60462993
vn -0.96682227 0.13900833 -0.21431634
vn -0.96682227 0.13900833 -0.21431634
vn -0.96682221 0.13900849 0.21431676
vn -0.96682221 0.13900849 0.21431676
vn -0.78839934 0.11335583 0.60462958
vn -0.78839934 0.11335583 0.60462958
vn -0.46076122 0.06624807 0.88504821
vn -0.46076122 0.06624807 0.88504821
vn -0.42343268 -0.19337529 -0.88504845
vn -0.72452778 -0.33088091 -0.60462999
vn -0.88849646 -0.40576202 -0.21431631
vn -0.88849616 -0.40576211 0.21431692
vn -0.72452825 -0.33088043 0.60462970
vn -0.42343336 -0.19337492 0.88504821
vn -0.25166768 -0.39160275 -0.88504851
vn -0.43062386 -0.67006379 -0.60463023
vn -0.52807891 -0.82170618 -0.21431653
vn -0.52807909 -0.82170594 0.21431710
vn -0.43062434 -0.67006385 0.60462970
vn -0.25166842 -0.39160296 0.88504809
vn -0.00000024 -0.46549979 -0.88504797
vn -0.00000018 -0.79650623 -0.60463035
vn -0.00000068 -0.97676420 -0.21431713
vn -0.00000107 -0.97676414 0.21431737
vn -0.00000060 -0.79650664 0.60462993
vn -0.00000019 -0.46549973 0.88504815
vn 0.27518660 0.93719834 0.21431717
vn 0.27518651 0.93719846 -0.21431665
vn 0.22440226 0.76424223 -0.60462999
vn 0.13114658 0.44664308 -0.88504839
vn 0.35180166 0.30483815 0.88504773
vn 0.60195965 0.52160180 0.60462898
vn 0.73818886 0.63964480 0.21431722
vn 0.73818892 0.63964492 -0.21431667
vn 0.60195899 0.52160138 -0.60462999
vn 0.35180098 0.30483726 -0.88504821
vn 0.46076152 0.06624747 0.88504815
vn 0.78839928 0.11335593 0.60462970
vn 0.96682197 0.13900888 0.21431707
vn 0.96682209 0.13900864 -0.21431668
vn 0.78839892 0.11335508 -0.60463029
vn 0.46076077 0.06624677 -0.88504851
vn 0.42343283 -0.19337507 0.88504851
vn 0.72452784 -0.33088106 0.60462981
vn 0.88849628 -0.40576196 0.21431689
vn 0.88849616 -0.40576226 -0.21431668
vn 0.72452730 -0.33088139 -0.60463023
vn 0.42343247 -0.19337538 -0.88504851
vn 0.25166774 -0.39160302 0.88504839
vn 0.43062407 -0.67006373 0.60463005
vn 0.52807808 -0.82170653 0.21431720
vn 0.52807802 -0.82170683 -0.21431692
vn 0.43062389 -0.67006356 -0.60463041
vn 0.25166816 -0.39160296 -0.88504815
vn 0.22440244 0.76424301 0.60462904
vn 0.13114677 0.44664386 0.88504797
vn -0.00000018 -0.00000032 -1.00000000
vn -0.00000018 -0.00000032 -1.00000000
vn -0.00000018 -0.00000032 -1.00000000
vn -0.00000018 -0.00000032 -1.00000000
vn -0.00000018 -0.00000032 -1.00000000
vn -0.00000018 -0.00000032 -1.00000000
vn -0.00000018 -0.00000032 -1.00000000
vn -0.00000018 -0.00000032 -1.00000000
vn -0.00000018 -0.00000032 -1.00000000
vn -0.00000018 -0.00000032 -1.00000000
vn -0.00000018 -0.00000032 -1.00000000
vn -0.13114598 0.44664320 -0.88504839
vn -0.22440124 0.76424271 -0.60462976
vn -0.27518669 0.93719834 -0.21431653
vn -0.27518690 0.93719816 0.21431719
vn -0.22440197 0.76424319 0.60462910
vn -0.13114673 0.44664395 0.88504785
vn -0.00000018 -0.00000039 1.00000000
vn -0.00000018 -0.00000039 1.00000000
vn -0.00000018 -0.00000039 1.00000000
vn -0.00000018 -0.00000039 1.00000000
vn -0.00000018 -0.00000039 1.00000000
vn -0.00000018 -0.00000039 1.00000000
vn -0.00000018 -0.00000039 1.00000000
vn -0.00000018 -0.00000039 1.00000000
vn -0.00000018 -0.00000039 1.00000000
vn -0.00000018 -0.00000039 1.00000000
vn -0.00000018 -0.00000039 1.00000000
vn -0.35180122 0.30483693 -0.88504821
vn -0.60195971 0.52160054 -0.60462999
vn -0.73818952 0.63964421 -0.21431638
vn -0.73818928 0.63964432 0.21431717
vn -0.60196000 0.52160144 0.60462892
vn -0.35180160 0.30483833 0.88504761
vn -0.46076074 0.06624684 -0.88504851
vn -0.46076074 0.06624684 -0.88504851
vn -0.78839916 0.11335494 -0.60462999
vn -0.78839916 0.11335494 -0.60462999
vn -0.96682227 0.13900830 -0.21431625
vn -0.96682227 0.13900830 -0.21431625
vn -0.96682221 0.13900857 0.21431676
vn -0.96682221 0.13900857 0.21431676
vn -0.78839946 0.11335588 0.60462946
vn -0.78839946 0.11335588 0.60462946
vn -0.46076131 0.06624804 0.88504821
vn -0.46076131 0.06624804 0.88504821
vn -0.42343280 -0.19337530 -0.88504845
vn -0.72452796 -0.33088085 -0.60462976
vn -0.88849646 -0.40576202 -0.21431631
vn -0.88849616 -0.40576211 0.21431674
vn -0.72452831 -0.33088034 0.60462958
vn -0.42343342 -0.19337487 0.88504821
vn -0.25166783 -0.39160275 -0.88504839
vn -0.43062380 -0.67006385 -0.60463017
vn -0.52807891 -0.82170618 -0.21431652
vn -0.52807915 -0.82170594 0.21431702
vn -0.43062437 -0.67006385 0.60462976
vn -0.25166824 -0.39160290 0.88504821
vn -0.00000026 -0.46549991 -0.88504797
vn -0.00000017 -0.79650623 -0.60463035
vn -0.00000066 -0.97676420 -0.21431713
vn -0.00000106 -0.97676414 0.21431732
vn -0.00000060 -0.79650658 0.60462987
vn -0.00000018 -0.46549967 0.88504815
vn 0.27518651 0.93719834 0.21431717
vn 0.27518663 0.93719846 -0.21431661
vn 0.22440247 0.76424223 -0.60462993
vn 0.13114654 0.44664317 -0.88504839
vn 0.35180190 0.30483800 0.88504767
vn 0.60195965 0.52160180 0.60462892
vn 0.73818874 0.63964492 0.21431722
vn 0.73818892 0.63964492 -0.21431671
vn 0.60195899 0.52160132 -0.60462999
vn 0.35180095 0.30483720 -0.88504827
vn 0.46076116 0.06624693 0.88504833
vn 0.78839922 0.11335573 0.60462993
vn 0.96682197 0.13900883 0.21431717
vn 0.96682209 0.13900860 -0.21431689
vn 0.78839892 0.11335509 -0.60463041
vn 0.46076083 0.06624679 -0.88504851
vn 0.42343283 -0.19337519 0.88504845
vn 0.72452772 -0.33088151 0.60462976
vn 0.88849622 -0.40576211 0.21431696
vn 0.88849634 -0.40576199 -0.21431670
vn 0.72452748 -0.33088121 -0.60463023
vn 0.42343265 -0.19337538 -0.88504857
vn 0.25166813 -0.39160293 0.88504821
vn 0.43062419 -0.67006385 0.60462981
vn 0.52807826 -0.82170653 0.21431723
vn 0.52807838 -0.82170653 -0.21431674
vn 0.43062422 -0.67006356 -0.60463029
vn 0.25166798 -0.39160299 -0.88504821
vn 0.22440249 0.76424307 0.60462904
vn 0.13114697 0.44664446 0.88504761
vn -0.00000022 -0.00000033 -1.00000000
vn -0.00000022 -0.00000033 -1.00000000
vn -0.00000022 -0.00000033 -1.00000000
vn -0.00000022 -0.00000033 -1.00000000
vn -0.00000022 -0.00000033 -1.00000000
vn -0.00000022 -0.00000033 -1.00000000
vn -0.00000022 -0.00000033 -1.00000000
vn -0.00000022 -0.00000033 -1.00000000
vn -0.00000022 -0.00000033 -1.00000000
vn -0.00000022 -0.00000033 -1.00000000
vn -0.00000022 -0.00000033 -1.00000000
vn -0.13114598 0.44664329 -0.88504839
vn -0.22440121 0.76424271 -0.60462976
vn -0.27518666 0.93719840 -0.21431650
vn -0.27518684 0.93719822 0.21431719
vn -0.22440198 0.76424319 0.60462910
vn -0.13114683 0.44664466 0.88504755
vn -0.00000022 -0.00000009 1.00000000
vn -0.00000022 -0.00000009 1.00000000
vn -0.00000022 -0.00000009 1.00000000
vn -0.00000022 -0.00000009 1.00000000
vn -0.00000022 -0.00000009 1.00000000
vn -0.00000022 -0.00000009 1.00000000
vn -0.00000022 -0.00000009 1.00000000
vn -0.00000022 -0.00000009 1.00000000
vn -0.00000022 -0.00000009 1.00000000
vn -0.00000022 -0.00000009 1.00000000
vn -0.00000022 -0.00000009 1.00000000
vn -0.35180128 0.30483690 -0.88504827
vn -0.60195988 0.52160043 -0.60462987
vn -0.73818958 0.63964421 -0.21431635
vn -0.73818910 0.63964444 0.21431711
vn -0.60196000 0.52160156 0.60462892
vn -0.35180172 0.30483842 0.88504755
vn -0.46076068 0.06624685 -0.88504863
vn -0.46076068 0.06624685 -0.88504863
vn -0.78839916 0.11335494 -0.60462999
vn -0.78839916 0.11335494 -0.60462999
vn -0.96682227 0.13900821 -0.21431628
vn -0.96682227 0.13900821 -0.21431628
vn -0.96682221 0.13900845 0.21431668
vn -0.96682221 0.13900845 0.21431668
vn -0.78839934 0.11335587 0.60462958
vn -0.78839934 0.11335587 0.60462958
vn -0.46076107 0.06624799 0.88504839
vn -0.46076107 0.06624799 0.88504839
vn -0.42343280 -0.19337520 -0.88504845
vn -0.72452790 -0.33088085 -0.60462981
vn -0.88849634 -0.40576199 -0.21431623
vn -0.88849616 -0.40576237 0.21431670
vn -0.72452837 -0.33088049 0.60462946
vn -0.42343348 -0.19337457 0.88504821
vn -0.25166762 -0.39160278 -0.88504851
vn -0.43062413 -0.67006373 -0.60463005
vn -0.52807927 -0.82170600 -0.21431640
vn -0.52807915 -0.82170600 0.21431695
vn -0.43062460 -0.67006391 0.60462958
vn -0.25166860 -0.39160284 0.88504821
vn -0.00000026 -0.46549991 -0.88504797
vn -0.00000056 -0.79650629 -0.60463029
vn -0.00000100 -0.97676420 -0.21431704
vn -0.00000104 -0.97676414 0.21431732
vn -0.00000057 -0.79650652 0.60462987
vn -0.00000016 -0.46549973 0.88504815
vn 0.27518651 0.93719834 0.21431713
vn 0.27518663 0.93719846 -0.21431649
vn 0.22440237 0.76424229 -0.60462999
vn 0.13114618 0.44664314 -0.88504839
vn 0.35180151 0.30483791 0.88504779
vn 0.60195941 0.52160174 0.60462922
vn 0.73818874 0.63964492 0.21431711
vn 0.73818898 0.63964486 -0.21431652
vn 0.60195911 0.52160138 -0.60462993
vn 0.35180086 0.30483755 -0.88504815
vn 0.46076119 0.06624695 0.88504839
vn 0.78839910 0.11335575 0.60462999
vn 0.96682197 0.13900882 0.21431702
vn 0.96682215 0.13900875 -0.21431662
vn 0.78839898 0.11335512 -0.60463017
vn 0.46076089 0.06624669 -0.88504845
vn 0.42343283 -0.19337536 0.88504845
vn 0.72452760 -0.33088139 0.60462999
vn 0.88849616 -0.40576190 0.21431717
vn 0.88849628 -0.40576208 -0.21431676
vn 0.72452718 -0.33088142 -0.60463041
vn 0.42343247 -0.19337551 -0.88504851
vn 0.25166807 -0.39160275 0.88504839
vn 0.43062380 -0.67006361 0.60463035
vn 0.52807814 -0.82170647 0.21431755
vn 0.52807814 -0.82170659 -0.21431708
vn 0.43062383 -0.67006338 -0.60463059
vn 0.25166827 -0.39160281 -0.88504827
vn 0.22440250 0.76424295 0.60462910
vn 0.13114662 0.44664410 0.88504785
vn -0.00000003 -0.00000026 -1.00000000
vn -0.00000003 -0.00000026 -1.00000000
vn -0.00000003 -0.00000026 -1.00000000
vn -0.00000003 -0.00000026 -1.00000000
vn -0.00000003 -0.00000026 -1.00000000
vn -0.00000003 -0.00000026 -1.00000000
vn -0.00000003 -0.00000026 -1.00000000
vn -0.00000003 -0.00000026 -1.00000000
vn -0.00000003 -0.00000026 -1.00000000
vn -0.00000003 -0.00000026 -1.00000000
vn -0.00000003 -0.00000026 -1.00000000
vn -0.13114569 0.44664288 -0.88504863
vn -0.22440118 0.76424265 -0.60463005
vn -0.27518657 0.93719834 -0.21431668
vn -0.27518657 0.93719822 0.21431723
vn -0.22440189 0.76424307 0.60462910
vn -0.13114664 0.44664431 0.88504779
vn -0.00000004 -0.00000019 1.00000000
vn -0.00000004 -0.00000019 1.00000000
vn -0.00000004 -0.00000019 1.00000000
vn -0.00000004 -0.00000019 1.00000000
vn -0.00000004 -0.00000019 1.00000000
vn -0.00000004 -0.00000019 1.00000000
vn -0.00000004 -0.00000019 1.00000000
vn -0.00000004 -0.00000019 1.00000000
vn -0.00000004 -0.00000019 1.00000000
vn -0.00000004 -0.00000019 1.00000000
vn -0.00000004 -0.00000019 1.00000000
vn -0.35180151 0.30483699 -0.88504815
vn -0.60195971 0.52160048 -0.60463011
vn -0.73818958 0.63964409 -0.21431665
vn -0.73818928 0.63964427 0.21431728
vn -0.60195982 0.52160138 0.60462910
vn -0.35180184 0.30483815 0.88504755
vn -0.46076092 0.06624678 -0.88504845
vn -0.46076092 0.06624678 -0.88504845
vn -0.78839934 0.11335500 -0.60462976
vn -0.78839934 0.11335500 -0.60462976
vn -0.96682227 0.13900812 -0.21431623
vn -0.96682227 0.13900812 -0.21431623
vn -0.96682221 0.13900819 0.21431674
vn -0.96682221 0.13900819 0.21431674
vn -0.78839946 0.11335563 0.60462958
vn -0.78839946 0.11335563 0.60462958
vn -0.46076125 0.06624775 0.88504821
vn -0.46076125 0.06624775 0.88504821
vn -0.42343256 -0.19337526 -0.88504851
vn -0.72452772 -0.33088094 -0.60463005
vn -0.88849634 -0.40576199 -0.21431628
vn -0.88849616 -0.40576234 0.21431668
vn -0.72452831 -0.33088058 0.60462946
vn -0.42343339 -0.19337434 0.88504845
vn -0.25166780 -0.39160284 -0.88504839
vn -0.43062377 -0.67006373 -0.60463029
vn -0.52807903 -0.82170612 -0.21431668
vn -0.52807909 -0.82170612 0.21431701
vn -0.43062416 -0.67006403 0.60462970
vn -0.25166863 -0.39160281 0.88504809
vn -0.00000037 -0.46549973 -0.88504815
vn -0.00000043 -0.79650611 -0.60463053
vn -0.00000082 -0.97676420 -0.21431722
vn -0.00000104 -0.97676408 0.21431735
vn -0.00000061 -0.79650646 0.60463005
vn -0.00000024 -0.46549958 0.88504821
vn 0.27518648 0.93719834 0.21431720
vn 0.27518642 0.93719846 -0.21431655
vn 0.22440234 0.76424217 -0.60463017
vn 0.13114613 0.44664308 -0.88504851
vn 0.35180143 0.30483875 0.88504755
vn 0.60195935 0.52160192 0.60462922
vn 0.73818868 0.63964492 0.21431719
vn 0.73818874 0.63964504 -0.21431661
vn 0.60195905 0.52160132 -0.60463005
vn 0.35180086 0.30483711 -0.88504839
vn 0.46076143 0.06624776 0.88504809
vn 0.78839910 0.11335596 0.60462987
vn 0.96682197 0.13900882 0.21431726
vn 0.96682209 0.13900869 -0.21431686
vn 0.78839892 0.11335506 -0.60463029
vn 0.46076098 0.06624682 -0.88504839
vn 0.42343292 -0.19337568 0.88504839
vn 0.72452801 -0.33088154 0.60462928
vn 0.88849628 -0.40576208 0.21431665
vn 0.88849622 -0.40576208 -0.21431650
vn 0.72452742 -0.33088139 -0.60463011
vn 0.42343250 -0.19337524 -0.88504863
vn 0.25166798 -0.39160314 0.88504821
vn 0.43062410 -0.67006397 0.60462976
vn 0.52807832 -0.82170653 0.21431674
vn 0.52807826 -0.82170665 -0.21431662
vn 0.43062383 -0.67006385 -0.60463023
vn 0.25166789 -0.39160296 -0.88504821
vn 0.22440238 0.76424289 0.60462910
vn 0.13114649 0.44664451 0.88504761
vn -0.00000014 0.00000004 -1.00000000
vn -0.00000014 0.00000004 -1.00000000
vn -0.00000014 0.00000004 -1.00000000
vn -0.00000014 0.00000004 -1.00000000
vn -0.00000014 0.00000004 -1.00000000
vn -0.00000014 0.00000004 -1.00000000
vn -0.00000014 0.00000004 -1.00000000
vn -0.00000014 0.00000004 -1.00000000
vn -0.00000014 0.00000004 -1.00000000
vn -0.00000014 0.00000004 -1.00000000
vn -0.00000014 0.00000004 -1.00000000
vn -0.13114588 0.44664267 -0.88504863
vn -0.22440104 0.76424235 -0.60463029
vn -0.27518624 0.93719852 -0.21431661
vn -0.27518654 0.93719834 0.21431729
vn -0.22440180 0.76424319 0.60462904
vn -0.13114649 0.44664478 0.88504750
vn -0.00000011 -0.00000017 1.00000000
vn -0.00000011 -0.00000017 1.00000000
vn -0.00000011 -0.00000017 1.00000000
vn -0.00000011 -0.00000017 1.00000000
vn -0.00000011 -0.00000017 1.00000000
vn -0.00000011 -0.00000017 1.00000000
vn -0.00000011 -0.00000017 1.00000000
vn -0.00000011 -0.00000017 1.00000000
vn -0.00000011 -0.00000017 1.00000000
vn -0.00000011 -0.00000017 1.00000000
vn -0.00000011 -0.00000017 1.00000000
vn -0.35180134 0.30483624 -0.88504845
vn -0.60195971 0.52160025 -0.60463029
vn -0.73818940 0.63964438 -0.21431644
vn -0.73818928 0.63964427 0.21431711
vn -0.60195982 0.52160150 0.60462904
vn -0.35180157 0.30483806 0.88504779
vn -0.46076065 0.06624743 -0.88504857
vn -0.46076065 0.06624743 -0.88504857
vn -0.78839916 0.11335484 -0.60462999
vn -0.78839916 0.11335484 -0.60462999
vn -0.96682227 0.13900805 -0.21431629
vn -0.96682227 0.13900805 -0.21431629
vn -0.96682221 0.13900816 0.21431686
vn -0.96682221 0.13900816 0.21431686
vn -0.78839928 0.11335555 0.60462976
vn -0.78839928 0.11335555 0.60462976
vn -0.46076110 0.06624793 0.88504827
vn -0.46076110 0.06624793 0.88504827
vn -0.42343289 -0.19337487 -0.88504845
vn -0.72452754 -0.33088103 -0.60463011
vn -0.88849628 -0.40576223 -0.21431655
vn -0.88849616 -0.40576217 0.21431707
vn -0.72452813 -0.33088025 0.60462981
vn -0.42343354 -0.19337422 0.88504833
vn -0.25166762 -0.39160374 -0.88504809
vn -0.43062356 -0.67006421 -0.60462987
vn -0.52807909 -0.82170612 -0.21431676
vn -0.52807921 -0.82170594 0.21431732
vn -0.43062407 -0.67006391 0.60462987
vn -0.25166863 -0.39160332 0.88504797
vn -0.00000021 -0.46550015 -0.88504779
vn -0.00000073 -0.79650646 -0.60463005
vn -0.00000106 -0.97676420 -0.21431711
vn -0.00000092 -0.97676414 0.21431750
vn -0.00000048 -0.79650652 0.60462993
vn -0.00000005 -0.46549991 0.88504797
vn 0.27518651 0.93719834 0.21431713
vn 0.27518642 0.93719846 -0.21431656
vn 0.22440252 0.76424217 -0.60463005
vn 0.13114633 0.44664329 -0.88504833
vn 0.35180146 0.30483839 0.88504761
vn 0.60195941 0.52160186 0.60462910
vn 0.73818874 0.63964492 0.21431720
vn 0.73818874 0.63964504 -0.21431656
vn 0.60195911 0.52160150 -0.60462981
vn 0.35180101 0.30483723 -0.88504821
vn 0.46076149 0.06624718 0.88504821
vn 0.78839922 0.11335573 0.60462993
vn 0.96682203 0.13900873 0.21431729
vn 0.96682209 0.13900875 -0.21431686
vn 0.78839886 0.11335540 -0.60463029
vn 0.46076107 0.06624649 -0.88504851
vn 0.42343259 -0.19337519 0.88504863
vn 0.72452766 -0.33088127 0.60462987
vn 0.88849616 -0.40576217 0.21431701
vn 0.88849628 -0.40576217 -0.21431661
vn 0.72452742 -0.33088127 -0.60463017
vn 0.42343238 -0.19337523 -0.88504863
vn 0.25166792 -0.39160290 0.88504839
vn 0.43062398 -0.67006391 0.60462999
vn 0.52807826 -0.82170647 0.21431711
vn 0.52807832 -0.82170665 -0.21431674
vn 0.43062392 -0.67006391 -0.60462999
vn 0.25166801 -0.39160347 -0.88504809
vn 0.22440240 0.76424295 0.60462916
vn 0.13114645 0.44664448 0.88504773
vn -0.00000014 -0.00000032 -1.00000000
vn -0.00000014 -0.00000032 -1.00000000
vn -0.00000014 -0.00000032 -1.00000000
vn -0.00000014 -0.00000032 -1.00000000
vn -0.00000014 -0.00000032 -1.00000000
vn -0.00000014 -0.00000032 -1.00000000
vn -0.00000014 -0.00000032 -1.00000000
vn -0.00000014 -0.00000032 -1.00000000
vn -0.00000014 -0.00000032 -1.00000000
vn -0.00000014 -0.00000032 -1.00000000
vn -0.00000014 -0.00000032 -1.00000000
vn -0.13114582 0.44664305 -0.88504857
vn -0.22440122 0.76424229 -0.60463047
vn -0.27518639 0.93719846 -0.21431683
vn -0.27518645 0.93719822 0.21431756
vn -0.22440168 0.76424283 0.60462946
vn -0.13114649 0.44664451 0.88504761
vn -0.00000010 0.00000002 1.00000000
vn -0.00000010 0.00000002 1.00000000
vn -0.00000010 0.00000002 1.00000000
vn -0.00000010 0.00000002 1.00000000
vn -0.00000010 0.00000002 1.00000000
vn -0.00000010 0.00000002 1.00000000
vn -0.00000010 0.00000002 1.00000000
vn -0.00000010 0.00000002 1.00000000
vn -0.00000010 0.00000002 1.00000000
vn -0.00000010 0.00000002 1.00000000
vn -0.00000010 0.00000002 1.00000000
vn -0.35180131 0.30483654 -0.88504839
vn -0.60195971 0.52160019 -0.60463023
vn -0.73818952 0.63964421 -0.21431658
vn -0.73818922 0.63964427 0.21431749
vn -0.60195971 0.52160132 0.60462940
vn -0.35180160 0.30483821 0.88504761
vn -0.46076080 0.06624644 -0.88504863
vn -0.46076080 0.06624644 -0.88504863
vn -0.78839916 0.11335509 -0.60462993
vn -0.78839916 0.11335509 -0.60462993
vn -0.96682227 0.13900799 -0.21431629
vn -0.96682227 0.13900799 -0.21431629
vn -0.96682221 0.13900831 0.21431686
vn -0.96682221 0.13900831 0.21431686
vn -0.78839928 0.11335563 0.60462976
vn -0.78839928 0.11335563 0.60462976
vn -0.46076116 0.06624734 0.88504839
vn -0.46076116 0.06624734 0.88504839
vn -0.42343280 -0.19337550 -0.88504839
vn -0.72452766 -0.33088106 -0.60462993
vn -0.88849634 -0.40576217 -0.21431638
vn -0.88849616 -0.40576214 0.21431674
vn -0.72452825 -0.33088055 0.60462958
vn -0.42343336 -0.19337475 0.88504827
vn -0.25166741 -0.39160267 -0.88504857
vn -0.43062362 -0.67006379 -0.60463029
vn -0.52807909 -0.82170618 -0.21431659
vn -0.52807915 -0.82170594 0.21431690
vn -0.43062428 -0.67006385 0.60462981
vn -0.25166860 -0.39160219 0.88504845
vn 0.00000002 -0.46549949 -0.88504809
vn -0.00000037 -0.79650623 -0.60463035
vn -0.00000079 -0.97676420 -0.21431717
vn -0.00000084 -0.97676414 0.21431741
vn -0.00000044 -0.79650652 0.60462987
vn 0.00000007 -0.46549940 0.88504827
vn 0.27518651 0.93719834 0.21431707
vn 0.27518642 0.93719840 -0.21431652
vn 0.22440219 0.76424217 -0.60463017
vn 0.13114612 0.44664308 -0.88504839
vn 0.35180143 0.30483845 0.88504761
vn 0.60195947 0.52160162 0.60462922
vn 0.73818880 0.63964480 0.21431711
vn 0.73818880 0.63964498 -0.21431661
vn 0.60195893 0.52160120 -0.60463011
vn 0.35180086 0.30483696 -0.88504839
vn 0.46076158 0.06624732 0.88504815
vn 0.78839916 0.11335561 0.60462987
vn 0.96682197 0.13900882 0.21431728
vn 0.96682209 0.13900869 -0.21431683
vn 0.78839904 0.11335532 -0.60463017
vn 0.46076110 0.06624582 -0.88504845
vn 0.42343292 -0.19337568 0.88504839
vn 0.72452807 -0.33088139 0.60462934
vn 0.88849628 -0.40576205 0.21431670
vn 0.88849616 -0.40576220 -0.21431656
vn 0.72452748 -0.33088112 -0.60463011
vn 0.42343241 -0.19337557 -0.88504851
vn 0.25166798 -0.39160299 0.88504821
vn 0.43062431 -0.67006385 0.60462976
vn 0.52807838 -0.82170659 0.21431676
vn 0.52807826 -0.82170659 -0.21431661
vn 0.43062389 -0.67006367 -0.60463035
vn 0.25166786 -0.39160275 -0.88504839
vn 0.22440235 0.76424301 0.60462904
vn 0.13114642 0.44664451 0.88504761
vn -0.00000014 -0.00000061 -1.00000000
vn -0.00000014 -0.00000061 -1.00000000
vn -0.00000014 -0.00000061 -1.00000000
vn -0.00000014 -0.00000061 -1.00000000
vn -0.00000014 -0.00000061 -1.00000000
vn -0.00000014 -0.00000061 -1.00000000
vn -0.00000014 -0.00000061 -1.00000000
vn -0.00000014 -0.00000061 -1.00000000
vn -0.00000014 -0.00000061 -1.00000000
vn -0.00000014 -0.00000061 -1.00000000
vn -0.00000014 -0.00000061 -1.00000000
vn -0.13114575 0.44664326 -0.88504839
vn -0.22440103 0.76424253 -0.60463011
vn -0.27518639 0.93719846 -0.21431668
vn -0.27518660 0.93719834 0.21431713
vn -0.22440180 0.76424325 0.60462892
vn -0.13114646 0.44664472 0.88504755
vn -0.00000011 -0.00000004 1.00000000
vn -0.00000011 -0.00000004 1.00000000
vn -0.00000011 -0.00000004 1.00000000
vn -0.00000011 -0.00000004 1.00000000
vn -0.00000011 -0.00000004 1.00000000
vn -0.00000011 -0.00000004 1.00000000
vn -0.00000011 -0.00000004 1.00000000
vn -0.00000011 -0.00000004 1.00000000
vn -0.00000011 -0.00000004 1.00000000
vn -0.00000011 -0.00000004 1.00000000
vn -0.00000011 -0.00000004 1.00000000
vn -0.35180131 0.30483672 -0.88504839
vn -0.60195953 0.52160054 -0.60463017
vn -0.73818952 0.63964427 -0.21431652
vn -0.73818934 0.63964432 0.21431704
vn -0.60195988 0.52160150 0.60462892
vn -0.35180166 0.30483794 0.88504779
vn -0.46076080 0.06624642 -0.88504851
vn -0.46076080 0.06624642 -0.88504851
vn -0.78839922 0.11335517 -0.60462987
vn -0.78839922 0.11335517 -0.60462987
vn -0.96682227 0.13900802 -0.21431628
vn -0.96682227 0.13900802 -0.21431628
vn -0.96682215 0.13900810 0.21431682
vn -0.96682215 0.13900810 0.21431682
vn -0.78839928 0.11335543 0.60462976
vn -0.78839928 0.11335543 0.60462976
vn -0.46076110 0.06624775 0.88504827
vn -0.46076110 0.06624775 0.88504827
vn -0.42343280 -0.19337505 -0.88504845
vn -0.72452760 -0.33088085 -0.60463017
vn -0.88849634 -0.40576193 -0.21431650
vn -0.88849610 -0.40576220 0.21431704
vn -0.72452801 -0.33088049 0.60462993
vn -0.42343348 -0.19337411 0.88504845
vn -0.25166753 -0.39160332 -0.88504827
vn -0.43062362 -0.67006415 -0.60462993
vn -0.52807921 -0.82170594 -0.21431674
vn -0.52807921 -0.82170594 0.21431723
vn -0.43062410 -0.67006397 0.60462976
vn -0.25166869 -0.39160299 0.88504797
vn -0.00000020 -0.46550015 -0.88504779
vn -0.00000059 -0.79650646 -0.60463011
vn -0.00000079 -0.97676420 -0.21431710
vn -0.00000081 -0.97676408 0.21431741
vn -0.00000055 -0.79650664 0.60462987
vn -0.00000005 -0.46549991 0.88504797
vn -0.00000022 -0.99676096 -0.08042239
vn -0.70596331 -0.70777094 0.02600375
vn 0.65706927 0.73907733 0.14840744
vn 0.00001725 0.98699445 0.16075489
vn 0.71856242 -0.69536310 0.01175668
vn -0.66847789 0.72559667 0.16323872
vn -0.00000029 -0.95677108 -0.29084221
vn -0.75023967 -0.64015192 -0.16536689
vn 0.64318818 0.73173600 0.22554681
vn 0.00001753 0.95341420 0.30166450
vn 0.76027673 -0.62271535 -0.18494599
vn -0.65341860 0.71785617 0.24026379
vn -0.00000106 -0.89626217 -0.44352484
vn -0.75049835 -0.58809900 -0.30148280
vn 0.60813749 0.71509492 0.34468558
vn 0.00013244 0.87342829 0.48695290
vn 0.75524420 -0.56600899 -0.33051488
vn -0.63030708 0.68433928 0.36659619
vn 0.00000038 -0.71257585 -0.70159519
vn -0.81399596 -0.40361544 -0.41773805
vn 0.62522411 0.52181292 0.58035004
vn -0.00006954 0.64461237 0.76450950
vn 0.82186544 -0.35072204 -0.44892254
vn -0.62620181 0.49983659 0.59836000
vn 0.00000023 -0.39577007 -0.91834968
vn -0.77280623 -0.27349967 -0.57268536
vn 0.63226247 0.26460254 0.72816873
vn -0.00002071 0.33438322 0.94243723
vn 0.77501398 -0.24573213 -0.58221054
vn -0.63329983 0.24491806 0.73412979
vn 0.00135419 -0.09702525 -0.99528098
vn 0.00135419 -0.09702525 -0.99528098
vn -0.78336734 -0.02497945 -0.62105697
vn -0.78336734 -0.02497945 -0.62105697
vn 0.59288651 0.08067044 0.80123532
vn -0.00135953 0.04199562 0.99911696
vn 0.78370047 0.00271974 -0.62113315
vn -0.59564525 0.06231901 0.80082649
vn -0.00154174 0.36137733 -0.93241841
vn -0.00154174 0.36137733 -0.93241841
vn -0.80394495 0.22850160 -0.54905343
vn -0.80394495 0.22850160 -0.54905343
vn 0.62877488 -0.29321539 0.72018528
vn 0.00132817 -0.40721923 0.91332942
vn 0.80383873 0.24302611 -0.54293811
vn -0.61893183 -0.30480412 0.72389084
vn -0.00131854 0.48132110 -0.87654346
vn -0.00131854 0.48132110 -0.87654346
vn -0.68734592 0.52664393 -0.50020170
vn -0.68734592 0.52664393 -0.50020170
vn 0.53756082 -0.16766594 0.82638764
vn 0.53756082 -0.16766594 0.82638764
vn 0.00135956 -0.35638034 0.93434006
vn 0.00135956 -0.35638034 0.93434006
vn 0.68606544 0.52481699 -0.50386637
vn 0.68606544 0.52481699 -0.50386637
vn -0.53654760 -0.16600178 0.82738143
vn -0.53654760 -0.16600178 0.82738143
vn 0.00000000 0.42026758 -0.90740025
vn -0.84151745 0.21215926 -0.49682671
vn 0.67131257 -0.29700330 0.67906439
vn 0.00000000 -0.41900066 0.90798593
vn 0.84151739 0.21215941 -0.49682686
vn -0.67131251 -0.29700339 0.67906451
vn 0.00000000 0.21405010 -0.97682273
vn -0.58419740 -0.32062730 -0.74559474
vn 0.45866412 -0.77853602 0.42837933
vn -0.00000001 -0.63056338 0.77613789
vn 0.58419722 -0.32062751 -0.74559480
vn -0.45866415 -0.77853614 0.42837939
vn -0.00000086 -0.50831461 -0.86117142
vn -0.28705269 -0.57432914 -0.76664650
vn 0.20235243 -0.96225393 0.18199158
vn -0.00000083 -0.97636408 0.21613228
vn 0.28705174 -0.57432985 -0.76664633
vn -0.20235337 -0.96225393 0.18199055
vn 0.00111224 0.19673042 -0.98045701
vn 0.00111224 0.19673042 -0.98045701
vn 0.00111224 0.19673042 -0.98045701
vn 0.00111224 0.19673042 -0.98045701
vn -0.78820670 0.19731608 -0.58292079
vn -0.78820670 0.19731608 -0.58292079
vn -0.62214702 -0.13404338 0.77134013
vn -0.62214702 -0.13404338 0.77134013
vn 0.78823459 0.22690773 -0.57201326
vn 0.78823459 0.22690773 -0.57201326
vn 0.78823459 0.22690773 -0.57201326
vn -0.00107242 -0.24804130 0.96874893
vn -0.00107242 -0.24804130 0.96874893
vn -0.00107242 -0.24804130 0.96874893
vn 0.61498588 -0.11632060 0.77991146
vt 0.21297100 0.95690203
vt 0.22153600 0.52960801
vt 0.22153600 0.98143798
vt 0.25850499 0.96245003
vt 0.25850600 0.54859602
vt 0.24808100 0.94497597
vt 0.20838299 0.93662500
vt 0.24210399 0.92822397
vt 0.20634700 0.91468799
vt 0.23983200 0.91011798
vt 0.20552000 0.89013398
vt 0.23947901 0.88883799
vt 0.20557299 0.87741399
vt 0.23963900 0.87741399
vt 0.10725000 0.87741399
vt 0.10703200 0.89020401
vt 0.13576300 0.89088398
vt 0.13594900 0.87741399
vt 0.32624799 0.54442900
vt 0.15291899 0.87741399
vt 0.15291899 0.87741399
vt 0.32629251 0.54443163
vt 0.15277299 0.89083803
vt 0.15277299 0.89083803
vt 0.16978399 0.89079201
vt 0.16988900 0.87741399
vt 0.05377700 0.94136900
vt 0.03013300 0.93040299
vt 0.01758600 0.93783200
vt 0.01758600 0.57321399
vt 0.03324000 0.55099404
vt 0.03324000 0.96005201
vt 0.07279900 0.94967502
vt 0.05484600 0.97837102
vt 0.05484600 0.53267401
vt 0.10573200 0.91517597
vt 0.13507301 0.91740203
vt 0.32638010 0.54443538
vt 0.15259001 0.91726202
vt 0.15259001 0.91726202
vt 0.17010701 0.91712302
vt 0.09966100 0.95783901
vt 0.09005600 0.99432701
vt 0.09005600 0.51671898
vt 0.10338100 0.93699598
vt 0.13377200 0.94060498
vt 0.32645810 0.54444110
vt 0.15224600 0.94076300
vt 0.15224600 0.94076300
vt 0.17071900 0.94092000
vt 0.13314000 0.96326202
vt 0.32653224 0.54443079
vt 0.15312099 0.96310598
vt 0.15312099 0.96310598
vt 0.17310300 0.96294999
vt 0.13285799 0.99800801
vt 0.13285799 0.51303804
vt 0.32504749 0.54437613
vt 0.32664013 0.54440069
vt 0.15554000 0.51546401
vt 0.15554000 0.99558198
vt 0.15554000 0.99558198
vt 0.15554000 0.51546401
vt 0.17822200 0.99315602
vt 0.17822200 0.51788998
vt 0.26868999 0.93505597
vt 0.26401201 0.92225599
vt 0.26282099 0.90622401
vt 0.26307899 0.88746601
vt 0.26330000 0.87741399
vt 0.27741900 0.56520998
vt 0.27741799 0.94583601
vt 0.02610500 0.91651797
vt 0.02709600 0.90199798
vt 0.00508200 0.90585399
vt 0.00508200 0.60519201
vt 0.00982500 0.92186999
vt 0.00982500 0.58917499
vt 0.29155800 0.58683401
vt 0.29155800 0.92421198
vt 0.28598499 0.91809100
vt 0.28293699 0.90905499
vt 0.28182000 0.89744902
vt 0.28149101 0.88391101
vt 0.02937400 0.88580102
vt 0.00228700 0.88640600
vt 0.00228700 0.62463999
vt 0.28153399 0.87741399
vt 0.08173400 0.91160101
vt 0.07912700 0.93142098
vt 0.08357700 0.88897699
vt 0.06015600 0.90823102
vt 0.05859300 0.92582202
vt 0.06187800 0.88782799
vt 0.04784800 0.88520199
vt 0.04635600 0.90407401
vt 0.04416600 0.91627300
vt 0.04774500 0.87741399
vt 0.02912400 0.87741399
vt 0.06186400 0.87741399
vt 0.08351400 0.87741399
vt 0.00217600 0.63363200
vt 0.00217600 0.87741399
vt 0.21297100 0.55414402
vt 0.24808100 0.56606996
vt 0.20838299 0.57442099
vt 0.24210399 0.58282197
vt 0.20634700 0.59635800
vt 0.23983200 0.60092801
vt 0.20552000 0.62091196
vt 0.23947901 0.62220800
vt 0.20557299 0.63363200
vt 0.23963900 0.63363200
vt 0.10725000 0.63363200
vt 0.13594900 0.63363200
vt 0.13576300 0.62016201
vt 0.10703200 0.62084198
vt 0.15291899 0.63363200
vt 0.15291899 0.63363200
vt 0.32543933 0.54441661
vt 0.16988900 0.63363200
vt 0.16978399 0.62025404
vt 0.32539484 0.54441780
vt 0.15277299 0.62020802
vt 0.15277299 0.62020802
vt 0.05377700 0.56967700
vt 0.03013300 0.58064300
vt 0.07280000 0.56137097
vt 0.13507301 0.59364402
vt 0.10573200 0.59587002
vt 0.17010701 0.59392297
vt 0.32530710 0.54441887
vt 0.15259001 0.59378397
vt 0.15259001 0.59378397
vt 0.09966100 0.55320704
vt 0.13377200 0.57044101
vt 0.10338100 0.57405001
vt 0.17071900 0.57012600
vt 0.32522917 0.54442215
vt 0.15224600 0.57028300
vt 0.15224600 0.57028300
vt 0.13314000 0.54778397
vt 0.17310300 0.54809600
vt 0.32515514 0.54440957
vt 0.15312099 0.54794002
vt 0.15312099 0.54794002
vt 0.26401201 0.58879000
vt 0.26868999 0.57598996
vt 0.26282099 0.60482204
vt 0.26307899 0.62357998
vt 0.26330000 0.63363200
vt 0.02610500 0.59452796
vt 0.02709600 0.60904801
vt 0.28598499 0.59295499
vt 0.28293699 0.60199100
vt 0.28182000 0.61359704
vt 0.28149101 0.62713504
vt 0.02937400 0.62524498
vt 0.28153399 0.63363200
vt 0.07912700 0.57962501
vt 0.08173400 0.59944499
vt 0.08357700 0.62206900
vt 0.26518640 0.20292389
vt 0.05859300 0.58522403
vt 0.06015600 0.60281503
vt 0.06187800 0.62321800
vt 0.24348740 0.20407283
vt 0.04635600 0.60697198
vt 0.04784800 0.62584400
vt 0.04416600 0.59477299
vt 0.02912400 0.63363200
vt 0.04774500 0.63363200
vt 0.06186400 0.63363200
vt 0.24347341 0.21448684
vt 0.08351400 0.63363200
vt 0.26512343 0.21448684
vt 0.21297100 0.79792601
vt 0.24808100 0.80985099
vt 0.25850600 0.71866798
vt 0.25850499 0.79237801
vt 0.22153600 0.77338898
vt 0.22153600 0.73765701
vt 0.20838299 0.81820297
vt 0.24210399 0.82660401
vt 0.20634700 0.84013903
vt 0.23983200 0.84470898
vt 0.20552000 0.86469299
vt 0.23947901 0.86598897
vt 0.13576300 0.86394298
vt 0.10703200 0.86462402
vt 0.16978399 0.86403596
vt 0.15277299 0.86399001
vt 0.15277299 0.86399001
vt 0.32620347 0.54443026
vt 0.05377700 0.81345797
vt 0.03324000 0.71627104
vt 0.03324000 0.79477501
vt 0.01758600 0.69405001
vt 0.01758600 0.81699598
vt 0.03013300 0.82442498
vt 0.07279900 0.80515200
vt 0.05484500 0.73458999
vt 0.05484500 0.77645600
vt 0.13507301 0.83742601
vt 0.10573200 0.83965099
vt 0.17010701 0.83770502
vt 0.15259001 0.83756500
vt 0.15259001 0.83756500
vt 0.32611582 0.54443127
vt 0.09966100 0.79698801
vt 0.09005600 0.75054502
vt 0.09005600 0.76050103
vt 0.13377200 0.81422198
vt 0.10338100 0.81783098
vt 0.17071900 0.81390703
vt 0.15224600 0.81406498
vt 0.15224600 0.81406498
vt 0.32603782 0.54443461
vt 0.13314000 0.79156500
vt 0.17310201 0.79187703
vt 0.15312099 0.79172099
vt 0.15312099 0.79172099
vt 0.32596374 0.54442197
vt 0.13285799 0.75681901
vt 0.13285799 0.75422698
vt 0.17822200 0.74937499
vt 0.17822200 0.76167101
vt 0.15554000 0.75180101
vt 0.15554000 0.75924498
vt 0.15554000 0.75180101
vt 0.15554000 0.75924498
vt 0.32583147 0.54438823
vt 0.32585615 0.54438859
vt 0.26401201 0.83257198
vt 0.26868999 0.81977099
vt 0.26282099 0.84860301
vt 0.26307899 0.86736101
vt 0.27741799 0.80899101
vt 0.27741799 0.70205498
vt 0.02610500 0.83831000
vt 0.00982500 0.83295703
vt 0.00982500 0.67808902
vt 0.00508200 0.66207200
vt 0.00508200 0.84897399
vt 0.02709600 0.85282898
vt 0.28598499 0.83673596
vt 0.29155800 0.83061498
vt 0.29155800 0.68043101
vt 0.28293699 0.84577203
vt 0.28182000 0.85737801
vt 0.28149101 0.87091702
vt 0.00228700 0.64262497
vt 0.00228700 0.86842102
vt 0.02937400 0.86902702
vt 0.07912700 0.82340699
vt 0.08173400 0.84322703
vt 0.08357700 0.86585099
vt 0.05859300 0.82900602
vt 0.06015600 0.84659600
vt 0.06187800 0.86699903
vt 0.04635600 0.85075402
vt 0.04784800 0.86962599
vt 0.04416600 0.83855402
vt 0.21297100 0.71311998
vt 0.24808100 0.70119500
vt 0.20838299 0.69284296
vt 0.24210399 0.68444204
vt 0.20634700 0.67090702
vt 0.23983200 0.66633701
vt 0.20552100 0.64635301
vt 0.23947901 0.64505601
vt 0.10703200 0.64642203
vt 0.13576300 0.64710301
vt 0.15277299 0.64705598
vt 0.15277299 0.64705598
vt 0.32548386 0.54441917
vt 0.16978399 0.64700997
vt 0.05377700 0.69758797
vt 0.03013300 0.68662101
vt 0.07279900 0.70589399
vt 0.10573200 0.67139500
vt 0.13507301 0.67361999
vt 0.15259001 0.67348099
vt 0.15259001 0.67348099
vt 0.32557142 0.54442292
vt 0.17010701 0.67334199
vt 0.09966100 0.71405804
vt 0.10338100 0.69321501
vt 0.13377200 0.69682401
vt 0.15224600 0.69698101
vt 0.15224600 0.69698101
vt 0.32564947 0.54442865
vt 0.17071900 0.69713902
vt 0.13314000 0.71948099
vt 0.15312099 0.71932501
vt 0.15312099 0.71932501
vt 0.32572362 0.54441828
vt 0.17310300 0.71916902
vt 0.26868999 0.69127500
vt 0.26401201 0.67847401
vt 0.26282099 0.66244197
vt 0.26307899 0.64368498
vt 0.02610500 0.67273599
vt 0.02709600 0.65821701
vt 0.28598499 0.67430997
vt 0.28293699 0.66527402
vt 0.28182000 0.65366799
vt 0.28149101 0.64012897
vt 0.02937400 0.64201903
vt 0.08173400 0.66781902
vt 0.07912700 0.68763900
vt 0.08357700 0.64519501
vt 0.26518640 0.22604990
vt 0.06015600 0.66444999
vt 0.05859300 0.68203998
vt 0.06187800 0.64404601
vt 0.24348740 0.22490084
vt 0.04784800 0.64142001
vt 0.04635600 0.66029203
vt 0.04416600 0.67249101
vt 0.26947066 0.90315276
vt 0.27474326 0.58192772
vt 0.26952317 0.86860561
vt 0.26952317 0.64244044
vt 0.26952317 0.88622177
vt 0.27063575 0.67385399
vt 0.26947063 0.60789329
vt 0.28236699 0.81655943
vt 0.28236699 0.69448662
vt 0.27063575 0.83719200
vt 0.27474326 0.68533725
vt 0.27474320 0.92911828
vt 0.26968190 0.87741399
vt 0.26952317 0.62482429
vt 0.27474320 0.82570875
vt 0.28236765 0.57277840
vt 0.28236699 0.93826759
vt 0.27063575 0.91763568
vt 0.27063575 0.59341037
vt 0.26968190 0.63363200
vt 0.26947066 0.85167426
vt 0.26947069 0.65937108
vt 0.27877846 0.26583558
vt 0.24020961 0.26246911
vt 0.28099969 0.26279503
vt 0.24195047 0.24928212
vt 0.27931216 0.24958104
vt 0.27772716 0.25329047
vt 0.27694458 0.26745915
vt 0.27621052 0.25541258
vt 0.27496272 0.26817036
vt 0.27457431 0.25621074
vt 0.27274543 0.26844794
vt 0.27265295 0.25632143
vt 0.27159718 0.26841980
vt 0.27162176 0.25625610
vt 0.32572362 0.54441828
vt 0.54120302 0.68534040
vt 0.32564947 0.54442865
vt 0.54845852 0.68413544
vt 0.27155918 0.28722066
vt 0.27277091 0.28728247
vt 0.27277908 0.28120840
vt 0.27157143 0.28116131
vt 0.32557142 0.54442292
vt 0.55609399 0.68449283
vt 0.27515632 0.28736687
vt 0.27515638 0.28111207
vt 0.32548386 0.54441917
vt 0.56467915 0.68463254
vt 0.27727768 0.28750664
vt 0.27730519 0.28091073
vt 0.32583147 0.54438823
vt 0.32585615 0.54438859
vt 0.52824330 0.68859243
vt 0.53066158 0.68856561
vt 0.27929536 0.28721035
vt 0.27929571 0.28007537
vt 0.32596374 0.54442197
vt 0.51768446 0.68560147
vt 0.23888513 0.28602368
vt 0.28222895 0.28637004
vt 0.23912051 0.27792650
vt 0.28202635 0.27826935
vt 0.26868999 0.93505597
vt 0.27684647 0.24592459
vt 0.26401201 0.92225599
vt 0.27568752 0.24758571
vt 0.26282099 0.90622401
vt 0.27423936 0.24799943
vt 0.26307899 0.88746601
vt 0.27254611 0.24789375
vt 0.26330000 0.87741399
vt 0.27163881 0.24780756
vt 0.24346398 0.24254096
vt 0.27741900 0.56520998
vt 0.27741799 0.94583601
vt 0.27782595 0.24281591
vt 0.24241848 0.26554507
vt 0.24352047 0.25301713
vt 0.24424574 0.26719791
vt 0.24502848 0.25516337
vt 0.24622469 0.26794070
vt 0.24666141 0.25598770
vt 0.24844077 0.26825368
vt 0.24858226 0.25612909
vt 0.24958913 0.26824397
vt 0.24961369 0.25608021
vt 0.32603782 0.54443461
vt 0.51042253 0.68455774
vt 0.32611582 0.54443127
vt 0.50278956 0.68508458
vt 0.24955113 0.28704482
vt 0.24956340 0.28098541
vt 0.24835558 0.28101325
vt 0.24833915 0.28708726
vt 0.32620347 0.54443026
vt 0.49420577 0.68541491
vt 0.24597871 0.28087896
vt 0.24595353 0.28713351
vt 0.32515514 0.54440957
vt 0.59687930 0.68472224
vt 0.24383083 0.28064322
vt 0.24383166 0.28723943
vt 0.32522917 0.54442215
vt 0.58961779 0.68367851
vt 0.24184373 0.27977610
vt 0.24181524 0.28691083
vt 0.24558306 0.24734515
vt 0.26401201 0.58879000
vt 0.24443087 0.24566555
vt 0.26868999 0.57598996
vt 0.24702954 0.24778199
vt 0.26282099 0.60482204
vt 0.24872313 0.24770337
vt 0.26307899 0.62357998
vt 0.24963078 0.24763173
vt 0.26330000 0.63363200
vt 0.26442650 0.26572090
vt 0.26552838 0.25319302
vt 0.25730416 0.24940485
vt 0.26395851 0.24945837
vt 0.25899178 0.26261920
vt 0.26221755 0.26264495
vt 0.26625377 0.26737374
vt 0.26703650 0.25533926
vt 0.26823261 0.26811653
vt 0.26866934 0.25616360
vt 0.27044865 0.26842958
vt 0.27059019 0.25630498
vt 0.32530710 0.54441887
vt 0.58198446 0.68420541
vt 0.27036357 0.28118914
vt 0.27034718 0.28726310
vt 0.32539484 0.54441780
vt 0.57340103 0.68453574
vt 0.26798674 0.28105479
vt 0.26796147 0.28730941
vt 0.32543933 0.54441661
vt 0.56904060 0.68477178
vt 0.26583874 0.28081912
vt 0.26583970 0.28741527
vt 0.32504749 0.54437613
vt 0.32664013 0.54440069
vt 0.45146668 0.68944478
vt 0.60743815 0.68771327
vt 0.26385167 0.27995235
vt 0.26382318 0.28708673
vt 0.32653224 0.54443079
vt 0.46200812 0.68621957
vt 0.26001838 0.27809352
vt 0.26112846 0.27810240
vt 0.26022103 0.28619421
vt 0.26089308 0.28619957
vt 0.26401201 0.83257198
vt 0.26759109 0.24752098
vt 0.26868999 0.81977099
vt 0.26643884 0.24584144
vt 0.26282099 0.84860301
vt 0.26903746 0.24795783
vt 0.26307899 0.86736101
vt 0.27073109 0.24787927
vt 0.25581801 0.24264008
vt 0.27741799 0.80899101
vt 0.27741799 0.70205498
vt 0.26547194 0.24271721
vt 0.25677043 0.26565975
vt 0.25571921 0.25311464
vt 0.25493658 0.26728332
vt 0.25420249 0.25523669
vt 0.25295478 0.26799446
vt 0.25256637 0.25603491
vt 0.25073752 0.26827168
vt 0.25064492 0.25614560
vt 0.32645810 0.54444110
vt 0.46926329 0.68501467
vt 0.25076294 0.28710663
vt 0.25077105 0.28103256
vt 0.32638010 0.54443538
vt 0.47689912 0.68537199
vt 0.25314838 0.28719103
vt 0.25314847 0.28093624
vt 0.32629251 0.54443163
vt 0.48548388 0.68551171
vt 0.25526965 0.28733081
vt 0.25529721 0.28073490
vt 0.32624799 0.54442900
vt 0.48984534 0.68565094
vt 0.25728744 0.28703451
vt 0.25728777 0.27989954
vt 0.25483853 0.24574876
vt 0.26868999 0.69127500
vt 0.25367951 0.24740982
vt 0.26401201 0.67847401
vt 0.25223130 0.24782354
vt 0.26282099 0.66244197
vt 0.25053817 0.24771792
vt 0.26307899 0.64368498
vt 0.26947066 0.90315276
vt 0.27474326 0.58192772
vt 0.26952317 0.86860561
vt 0.26952317 0.64244044
vt 0.26952317 0.88622177
vt 0.27063575 0.67385399
vt 0.26947063 0.60789329
vt 0.28236699 0.81655943
vt 0.28236699 0.69448662
vt 0.27063575 0.83719200
vt 0.27474326 0.68533725
vt 0.27474320 0.92911828
vt 0.26968190 0.87741399
vt 0.26952317 0.62482429
vt 0.27474320 0.82570875
vt 0.28236765 0.57277840
vt 0.28236699 0.93826759
vt 0.27063575 0.91763568
vt 0.27063575 0.59341037
vt 0.26968190 0.63363200
vt 0.26947066 0.85167426
vt 0.26947069 0.65937108
vt 0.75282025 0.29657012
vt 0.75282025 0.28903979
vt 0.77290112 0.26644874
vt 0.75282025 0.28150946
vt 0.77290112 0.28150946
vt 0.75282025 0.27397913
vt 0.77290112 0.29657012
vt 0.77290112 0.30410051
vt 0.75282025 0.26644874
vt 0.75282025 0.25891840
vt 0.76788098 0.25891840
vt 0.76788098 0.26644874
vt 0.76788098 0.27397913
vt 0.76788098 0.28150946
vt 0.76788098 0.28903979
vt 0.76788098 0.29657012
vt 0.76788098 0.30410051
vt 0.75784045 0.30410051
vt 0.75784045 0.29657012
vt 0.76286066 0.25891840
vt 0.76286066 0.26644874
vt 0.76286066 0.27397913
vt 0.76286066 0.28150946
vt 0.76286066 0.28903979
vt 0.76286066 0.29657012
vt 0.76286066 0.30410051
vt 0.75784045 0.28903979
vt 0.75784045 0.28150946
vt 0.75784045 0.25891840
vt 0.75784045 0.26644874
vt 0.75784045 0.27397913
vt 0.75784045 0.28150946
vt 0.75784045 0.28903979
vt 0.75784045 0.29657012
vt 0.75784045 0.30410051
vt 0.75784045 0.27397913
vt 0.75784045 0.26644874
vt 0.75282025 0.25891840
vt 0.75282025 0.26644874
vt 0.75282025 0.27397913
vt 0.75282025 0.28150946
vt 0.75282025 0.28903979
vt 0.75282025 0.29657012
vt 0.75282025 0.30410051
vt 0.75784045 0.25891840
vt 0.76286066 0.30410051
vt 0.74780005 0.25891840
vt 0.74780005 0.26644874
vt 0.74780005 0.27397913
vt 0.74780005 0.28150946
vt 0.74780005 0.28903979
vt 0.74780005 0.29657012
vt 0.74780005 0.30410051
vt 0.76286066 0.29657012
vt 0.77541131 0.25138807
vt 0.77039111 0.25138807
vt 0.76537079 0.25138807
vt 0.78043151 0.25138807
vt 0.76035058 0.25138807
vt 0.78545177 0.25138807
vt 0.73022920 0.25138807
vt 0.75533038 0.25138807
vt 0.75031012 0.25138807
vt 0.73524940 0.25138807
vt 0.74528992 0.25138807
vt 0.74026966 0.25138807
vt 0.74277979 0.25891840
vt 0.74277979 0.26644874
vt 0.74277979 0.27397913
vt 0.74277979 0.28150946
vt 0.74277979 0.28903979
vt 0.74277979 0.29657012
vt 0.74277979 0.30410051
vt 0.76286066 0.28903979
vt 0.76286066 0.28150946
vt 0.73775947 0.25891840
vt 0.73775947 0.26644874
vt 0.73775947 0.27397913
vt 0.73775947 0.28150946
vt 0.73775947 0.28903979
vt 0.73775947 0.29657012
vt 0.73775947 0.30410051
vt 0.77039111 0.31163085
vt 0.77541131 0.31163085
vt 0.78043151 0.31163085
vt 0.76537079 0.31163085
vt 0.76035058 0.31163085
vt 0.78545177 0.31163085
vt 0.73022920 0.31163085
vt 0.75533038 0.31163085
vt 0.75031012 0.31163085
vt 0.73524940 0.31163085
vt 0.74528992 0.31163085
vt 0.74026966 0.31163085
vt 0.76286066 0.27397913
vt 0.73273933 0.25891840
vt 0.73273933 0.26644874
vt 0.73273933 0.27397913
vt 0.73273933 0.28150946
vt 0.73273933 0.28903979
vt 0.73273933 0.29657012
vt 0.73273933 0.30410051
vt 0.76286066 0.26644874
vt 0.76286066 0.25891840
vt 0.78796184 0.25891840
vt 0.72771907 0.25891840
vt 0.78796184 0.26644874
vt 0.72771907 0.26644874
vt 0.78796184 0.27397913
vt 0.72771907 0.27397913
vt 0.72771907 0.28150946
vt 0.78796184 0.28150946
vt 0.78796184 0.28903979
vt 0.72771907 0.28903979
vt 0.78796184 0.29657012
vt 0.72771907 0.29657012
vt 0.78796184 0.30410051
vt 0.72771907 0.30410051
vt 0.76788098 0.30410051
vt 0.76788098 0.29657012
vt 0.78294164 0.25891840
vt 0.78294164 0.26644874
vt 0.78294164 0.27397913
vt 0.78294164 0.28150946
vt 0.78294164 0.28903979
vt 0.78294164 0.29657012
vt 0.78294164 0.30410051
vt 0.76788098 0.28903979
vt 0.76788098 0.28150946
vt 0.77792132 0.25891840
vt 0.77792132 0.26644874
vt 0.77792132 0.27397913
vt 0.77792132 0.28150946
vt 0.77792132 0.28903979
vt 0.77792132 0.29657012
vt 0.77792132 0.30410051
vt 0.76788098 0.27397913
vt 0.76788098 0.26644874
vt 0.77290112 0.25891840
vt 0.76788098 0.25891840
vt 0.77290112 0.27397913
vt 0.77290112 0.30410051
vt 0.77290112 0.28903979
vt 0.77290112 0.29657012
vt 0.77290112 0.28150946
vt 0.77290112 0.26644874
vt 0.75282025 0.30410051
vt 0.74780005 0.25891840
vt 0.74780005 0.26644874
vt 0.74780005 0.27397913
vt 0.74780005 0.28150946
vt 0.74780005 0.28903979
vt 0.74780005 0.29657012
vt 0.74780005 0.30410051
vt 0.77541131 0.25138807
vt 0.77039111 0.25138807
vt 0.76537079 0.25138807
vt 0.78043151 0.25138807
vt 0.76035058 0.25138807
vt 0.78545177 0.25138807
vt 0.73022920 0.25138807
vt 0.75533038 0.25138807
vt 0.75031012 0.25138807
vt 0.73524940 0.25138807
vt 0.74528992 0.25138807
vt 0.74026966 0.25138807
vt 0.74277979 0.25891840
vt 0.74277979 0.26644874
vt 0.74277979 0.27397913
vt 0.74277979 0.28150946
vt 0.74277979 0.28903979
vt 0.74277979 0.29657012
vt 0.74277979 0.30410051
vt 0.73775947 0.25891840
vt 0.73775947 0.26644874
vt 0.73775947 0.27397913
vt 0.73775947 0.28150946
vt 0.73775947 0.28903979
vt 0.73775947 0.29657012
vt 0.73775947 0.30410051
vt 0.77541131 0.31163085
vt 0.77039111 0.31163085
vt 0.78043151 0.31163085
vt 0.76537079 0.31163085
vt 0.76035058 0.31163085
vt 0.78545177 0.31163085
vt 0.73022920 0.31163085
vt 0.75533038 0.31163085
vt 0.75031012 0.31163085
vt 0.73524940 0.31163085
vt 0.74528992 0.31163085
vt 0.74026966 0.31163085
vt 0.73273933 0.25891840
vt 0.73273933 0.26644874
vt 0.73273933 0.27397913
vt 0.73273933 0.28150946
vt 0.73273933 0.28903979
vt 0.73273933 0.29657012
vt 0.73273933 0.30410051
vt 0.78796184 0.25891840
vt 0.72771907 0.25891840
vt 0.78796184 0.26644874
vt 0.72771907 0.26644874
vt 0.78796184 0.27397913
vt 0.72771907 0.27397913
vt 0.72771907 0.28150946
vt 0.78796184 0.28150946
vt 0.78796184 0.28903979
vt 0.72771907 0.28903979
vt 0.78796184 0.29657012
vt 0.72771907 0.29657012
vt 0.78796184 0.30410051
vt 0.72771907 0.30410051
vt 0.78294164 0.25891840
vt 0.78294164 0.26644874
vt 0.78294164 0.27397913
vt 0.78294164 0.28150946
vt 0.78294164 0.28903979
vt 0.78294164 0.29657012
vt 0.78294164 0.30410051
vt 0.77792132 0.25891840
vt 0.77792132 0.26644874
vt 0.77792132 0.27397913
vt 0.77792132 0.28150946
vt 0.77792132 0.28903979
vt 0.77792132 0.29657012
vt 0.77792132 0.30410051
vt 0.77290112 0.25891840
vt 0.77290112 0.27397913
vt 0.77290112 0.28903979
vt 0.75282025 0.29657012
vt 0.75282025 0.28903979
vt 0.75282025 0.28150946
vt 0.75282025 0.27397913
vt 0.75282025 0.26644874
vt 0.75282025 0.25891840
vt 0.75784045 0.30410051
vt 0.75784045 0.29657012
vt 0.75784045 0.28903979
vt 0.75784045 0.28150946
vt 0.75784045 0.27397913
vt 0.75784045 0.26644874
vt 0.75784045 0.25891840
vt 0.76286066 0.30410051
vt 0.76286066 0.29657012
vt 0.76286066 0.28903979
vt 0.76286066 0.28150946
vt 0.76286066 0.27397913
vt 0.76286066 0.26644874
vt 0.76286066 0.25891840
vt 0.76788098 0.30410051
vt 0.76788098 0.29657012
vt 0.76788098 0.28903979
vt 0.76788098 0.28150946
vt 0.76788098 0.27397913
vt 0.76788098 0.26644874
vt 0.76788098 0.25891840
vt 0.77290112 0.30410051
vt 0.77290112 0.29657012
vt 0.77290112 0.28150946
vt 0.77290112 0.26644874
vt 0.75282025 0.30410051
vt 0.74780005 0.25891840
vt 0.74780005 0.26644874
vt 0.74780005 0.27397913
vt 0.74780005 0.28150946
vt 0.74780005 0.28903979
vt 0.74780005 0.29657012
vt 0.74780005 0.30410051
vt 0.77541131 0.25138807
vt 0.77039111 0.25138807
vt 0.76537079 0.25138807
vt 0.78043151 0.25138807
vt 0.76035058 0.25138807
vt 0.78545177 0.25138807
vt 0.73022920 0.25138807
vt 0.75533038 0.25138807
vt 0.75031012 0.25138807
vt 0.73524940 0.25138807
vt 0.74528992 0.25138807
vt 0.74026966 0.25138807
vt 0.74277979 0.25891840
vt 0.74277979 0.26644874
vt 0.74277979 0.27397913
vt 0.74277979 0.28150946
vt 0.74277979 0.28903979
vt 0.74277979 0.29657012
vt 0.74277979 0.30410051
vt 0.73775947 0.25891840
vt 0.73775947 0.26644874
vt 0.73775947 0.27397913
vt 0.73775947 0.28150946
vt 0.73775947 0.28903979
vt 0.73775947 0.29657012
vt 0.73775947 0.30410051
vt 0.77541131 0.31163085
vt 0.77039111 0.31163085
vt 0.76537079 0.31163085
vt 0.78043151 0.31163085
vt 0.76035058 0.31163085
vt 0.78545177 0.31163085
vt 0.73022920 0.31163085
vt 0.75533038 0.31163085
vt 0.75031012 0.31163085
vt 0.73524940 0.31163085
vt 0.74528992 0.31163085
vt 0.74026966 0.31163085
vt 0.73273933 0.25891840
vt 0.73273933 0.26644874
vt 0.73273933 0.27397913
vt 0.73273933 0.28150946
vt 0.73273933 0.28903979
vt 0.73273933 0.29657012
vt 0.73273933 0.30410051
vt 0.78796184 0.25891840
vt 0.72771907 0.25891840
vt 0.78796184 0.26644874
vt 0.72771907 0.26644874
vt 0.78796184 0.27397913
vt 0.72771907 0.27397913
vt 0.72771907 0.28150946
vt 0.78796184 0.28150946
vt 0.78796184 0.28903979
vt 0.72771907 0.28903979
vt 0.78796184 0.29657012
vt 0.72771907 0.29657012
vt 0.78796184 0.30410051
vt 0.72771907 0.30410051
vt 0.78294164 0.25891840
vt 0.78294164 0.26644874
vt 0.78294164 0.27397913
vt 0.78294164 0.28150946
vt 0.78294164 0.28903979
vt 0.78294164 0.29657012
vt 0.78294164 0.30410051
vt 0.77792132 0.25891840
vt 0.77792132 0.26644874
vt 0.77792132 0.27397913
vt 0.77792132 0.28150946
vt 0.77792132 0.28903979
vt 0.77792132 0.29657012
vt 0.77792132 0.30410051
vt 0.77290112 0.25891840
vt 0.77290112 0.27397913
vt 0.77290112 0.28903979
vt 0.75282025 0.29657012
vt 0.75282025 0.28903979
vt 0.75282025 0.28150946
vt 0.75282025 0.27397913
vt 0.75282025 0.26644874
vt 0.75282025 0.25891840
vt 0.75784045 0.30410051
vt 0.75784045 0.29657012
vt 0.75784045 0.28903979
vt 0.75784045 0.28150946
vt 0.75784045 0.27397913
vt 0.75784045 0.26644874
vt 0.75784045 0.25891840
vt 0.76286066 0.30410051
vt 0.76286066 0.29657012
vt 0.76286066 0.28903979
vt 0.76286066 0.28150946
vt 0.76286066 0.27397913
vt 0.76286066 0.26644874
vt 0.76286066 0.25891840
vt 0.76788098 0.30410051
vt 0.76788098 0.29657012
vt 0.76788098 0.28903979
vt 0.76788098 0.28150946
vt 0.76788098 0.27397913
vt 0.76788098 0.26644874
vt 0.76788098 0.25891840
vt 0.77290112 0.30410051
vt 0.77290112 0.29657012
vt 0.77290112 0.28150946
vt 0.77290112 0.26644874
vt 0.75282025 0.30410051
vt 0.74780005 0.25891840
vt 0.74780005 0.26644874
vt 0.74780005 0.27397913
vt 0.74780005 0.28150946
vt 0.74780005 0.28903979
vt 0.74780005 0.29657012
vt 0.74780005 0.30410051
vt 0.77541131 0.25138807
vt 0.77039111 0.25138807
vt 0.78043151 0.25138807
vt 0.76537079 0.25138807
vt 0.76035058 0.25138807
vt 0.78545177 0.25138807
vt 0.73022920 0.25138807
vt 0.75533038 0.25138807
vt 0.75031012 0.25138807
vt 0.73524940 0.25138807
vt 0.74528992 0.25138807
vt 0.74026966 0.25138807
vt 0.74277979 0.25891840
vt 0.74277979 0.26644874
vt 0.74277979 0.27397913
vt 0.74277979 0.28150946
vt 0.74277979 0.28903979
vt 0.74277979 0.29657012
vt 0.74277979 0.30410051
vt 0.73775947 0.25891840
vt 0.73775947 0.26644874
vt 0.73775947 0.27397913
vt 0.73775947 0.28150946
vt 0.73775947 0.28903979
vt 0.73775947 0.29657012
vt 0.73775947 0.30410051
vt 0.77541131 0.31163085
vt 0.77039111 0.31163085
vt 0.78043151 0.31163085
vt 0.76537079 0.31163085
vt 0.76035058 0.31163085
vt 0.78545177 0.31163085
vt 0.73022920 0.31163085
vt 0.75533038 0.31163085
vt 0.75031012 0.31163085
vt 0.73524940 0.31163085
vt 0.74528992 0.31163085
vt 0.74026966 0.31163085
vt 0.73273933 0.25891840
vt 0.73273933 0.26644874
vt 0.73273933 0.27397913
vt 0.73273933 0.28150946
vt 0.73273933 0.28903979
vt 0.73273933 0.29657012
vt 0.73273933 0.30410051
vt 0.78796184 0.25891840
vt 0.72771907 0.25891840
vt 0.78796184 0.26644874
vt 0.72771907 0.26644874
vt 0.78796184 0.27397913
vt 0.72771907 0.27397913
vt 0.72771907 0.28150946
vt 0.78796184 0.28150946
vt 0.78796184 0.28903979
vt 0.72771907 0.28903979
vt 0.78796184 0.29657012
vt 0.72771907 0.29657012
vt 0.78796184 0.30410051
vt 0.72771907 0.30410051
vt 0.78294164 0.25891840
vt 0.78294164 0.26644874
vt 0.78294164 0.27397913
vt 0.78294164 0.28150946
vt 0.78294164 0.28903979
vt 0.78294164 0.29657012
vt 0.78294164 0.30410051
vt 0.77792132 0.25891840
vt 0.77792132 0.26644874
vt 0.77792132 0.27397913
vt 0.77792132 0.28150946
vt 0.77792132 0.28903979
vt 0.77792132 0.29657012
vt 0.77792132 0.30410051
vt 0.77290112 0.25891840
vt 0.77290112 0.27397913
vt 0.77290112 0.28903979
vt 0.75282025 0.29657012
vt 0.75282025 0.28903979
vt 0.75282025 0.28150946
vt 0.75282025 0.27397913
vt 0.75282025 0.26644874
vt 0.75282025 0.25891840
vt 0.75784045 0.30410051
vt 0.75784045 0.29657012
vt 0.75784045 0.28903979
vt 0.75784045 0.28150946
vt 0.75784045 0.27397913
vt 0.75784045 0.26644874
vt 0.75784045 0.25891840
vt 0.76286066 0.30410051
vt 0.76286066 0.29657012
vt 0.76286066 0.28903979
vt 0.76286066 0.28150946
vt 0.76286066 0.27397913
vt 0.76286066 0.26644874
vt 0.76286066 0.25891840
vt 0.76788098 0.30410051
vt 0.76788098 0.29657012
vt 0.76788098 0.28903979
vt 0.76788098 0.28150946
vt 0.76788098 0.27397913
vt 0.76788098 0.26644874
vt 0.76788098 0.25891840
vt 0.77290112 0.30410051
vt 0.77290112 0.29657012
vt 0.77290112 0.28150946
vt 0.77290112 0.26644874
vt 0.75282025 0.30410051
vt 0.74780005 0.25891840
vt 0.74780005 0.26644874
vt 0.74780005 0.27397913
vt 0.74780005 0.28150946
vt 0.74780005 0.28903979
vt 0.74780005 0.29657012
vt 0.74780005 0.30410051
vt 0.77541131 0.25138807
vt 0.77039111 0.25138807
vt 0.76537079 0.25138807
vt 0.78043151 0.25138807
vt 0.78545177 0.25138807
vt 0.76035058 0.25138807
vt 0.75533038 0.25138807
vt 0.73022920 0.25138807
vt 0.75031012 0.25138807
vt 0.73524940 0.25138807
vt 0.74528992 0.25138807
vt 0.74026966 0.25138807
vt 0.74277979 0.25891840
vt 0.74277979 0.26644874
vt 0.74277979 0.27397913
vt 0.74277979 0.28150946
vt 0.74277979 0.28903979
vt 0.74277979 0.29657012
vt 0.74277979 0.30410051
vt 0.73775947 0.25891840
vt 0.73775947 0.26644874
vt 0.73775947 0.27397913
vt 0.73775947 0.28150946
vt 0.73775947 0.28903979
vt 0.73775947 0.29657012
vt 0.73775947 0.30410051
vt 0.77541131 0.31163085
vt 0.77039111 0.31163085
vt 0.76537079 0.31163085
vt 0.78043151 0.31163085
vt 0.76035058 0.31163085
vt 0.78545177 0.31163085
vt 0.73022920 0.31163085
vt 0.75533038 0.31163085
vt 0.75031012 0.31163085
vt 0.73524940 0.31163085
vt 0.74528992 0.31163085
vt 0.74026966 0.31163085
vt 0.73273933 0.25891840
vt 0.73273933 0.26644874
vt 0.73273933 0.27397913
vt 0.73273933 0.28150946
vt 0.73273933 0.28903979
vt 0.73273933 0.29657012
vt 0.73273933 0.30410051
vt 0.78796184 0.25891840
vt 0.72771907 0.25891840
vt 0.78796184 0.26644874
vt 0.72771907 0.26644874
vt 0.78796184 0.27397913
vt 0.72771907 0.27397913
vt 0.78796184 0.28150946
vt 0.72771907 0.28150946
vt 0.78796184 0.28903979
vt 0.72771907 0.28903979
vt 0.78796184 0.29657012
vt 0.72771907 0.29657012
vt 0.78796184 0.30410051
vt 0.72771907 0.30410051
vt 0.78294164 0.25891840
vt 0.78294164 0.26644874
vt 0.78294164 0.27397913
vt 0.78294164 0.28150946
vt 0.78294164 0.28903979
vt 0.78294164 0.29657012
vt 0.78294164 0.30410051
vt 0.77792132 0.25891840
vt 0.77792132 0.26644874
vt 0.77792132 0.27397913
vt 0.77792132 0.28150946
vt 0.77792132 0.28903979
vt 0.77792132 0.29657012
vt 0.77792132 0.30410051
vt 0.77290112 0.25891840
vt 0.77290112 0.27397913
vt 0.77290112 0.28903979
vt 0.75282025 0.29657012
vt 0.75282025 0.28903979
vt 0.75282025 0.28150946
vt 0.75282025 0.27397913
vt 0.75282025 0.26644874
vt 0.75282025 0.25891840
vt 0.75784045 0.30410051
vt 0.75784045 0.29657012
vt 0.75784045 0.28903979
vt 0.75784045 0.28150946
vt 0.75784045 0.27397913
vt 0.75784045 0.26644874
vt 0.75784045 0.25891840
vt 0.76286066 0.30410051
vt 0.76286066 0.29657012
vt 0.76286066 0.28903979
vt 0.76286066 0.28150946
vt 0.76286066 0.27397913
vt 0.76286066 0.26644874
vt 0.76286066 0.25891840
vt 0.76788098 0.30410051
vt 0.76788098 0.29657012
vt 0.76788098 0.28903979
vt 0.76788098 0.28150946
vt 0.76788098 0.27397913
vt 0.76788098 0.26644874
vt 0.76788098 0.25891840
vt 0.77290112 0.30410051
vt 0.77290112 0.29657012
vt 0.77290112 0.28150946
vt 0.77290112 0.26644874
vt 0.75282025 0.30410051
vt 0.74780005 0.25891840
vt 0.74780005 0.26644874
vt 0.74780005 0.27397913
vt 0.74780005 0.28150946
vt 0.74780005 0.28903979
vt 0.74780005 0.29657012
vt 0.74780005 0.30410051
vt 0.77039111 0.25138807
vt 0.77541131 0.25138807
vt 0.76537079 0.25138807
vt 0.78043151 0.25138807
vt 0.76035058 0.25138807
vt 0.78545177 0.25138807
vt 0.75533038 0.25138807
vt 0.73022920 0.25138807
vt 0.75031012 0.25138807
vt 0.73524940 0.25138807
vt 0.74528992 0.25138807
vt 0.74026966 0.25138807
vt 0.74277979 0.25891840
vt 0.74277979 0.26644874
vt 0.74277979 0.27397913
vt 0.74277979 0.28150946
vt 0.74277979 0.28903979
vt 0.74277979 0.29657012
vt 0.74277979 0.30410051
vt 0.73775947 0.25891840
vt 0.73775947 0.26644874
vt 0.73775947 0.27397913
vt 0.73775947 0.28150946
vt 0.73775947 0.28903979
vt 0.73775947 0.29657012
vt 0.73775947 0.30410051
vt 0.77039111 0.31163085
vt 0.77541131 0.31163085
vt 0.76537079 0.31163085
vt 0.78043151 0.31163085
vt 0.76035058 0.31163085
vt 0.78545177 0.31163085
vt 0.73022920 0.31163085
vt 0.75533038 0.31163085
vt 0.75031012 0.31163085
vt 0.73524940 0.31163085
vt 0.74528992 0.31163085
vt 0.74026966 0.31163085
vt 0.73273933 0.25891840
vt 0.73273933 0.26644874
vt 0.73273933 0.27397913
vt 0.73273933 0.28150946
vt 0.73273933 0.28903979
vt 0.73273933 0.29657012
vt 0.73273933 0.30410051
vt 0.78796184 0.25891840
vt 0.72771907 0.25891840
vt 0.78796184 0.26644874
vt 0.72771907 0.26644874
vt 0.78796184 0.27397913
vt 0.72771907 0.27397913
vt 0.78796184 0.28150946
vt 0.72771907 0.28150946
vt 0.78796184 0.28903979
vt 0.72771907 0.28903979
vt 0.78796184 0.29657012
vt 0.72771907 0.29657012
vt 0.78796184 0.30410051
vt 0.72771907 0.30410051
vt 0.78294164 0.25891840
vt 0.78294164 0.26644874
vt 0.78294164 0.27397913
vt 0.78294164 0.28150946
vt 0.78294164 0.28903979
vt 0.78294164 0.29657012
vt 0.78294164 0.30410051
vt 0.77792132 0.25891840
vt 0.77792132 0.26644874
vt 0.77792132 0.27397913
vt 0.77792132 0.28150946
vt 0.77792132 0.28903979
vt 0.77792132 0.29657012
vt 0.77792132 0.30410051
vt 0.77290112 0.25891840
vt 0.77290112 0.27397913
vt 0.77290112 0.28903979
vt 0.54120302 0.68534040
vt 0.54845852 0.68413544
vt 0.55609399 0.68449283
vt 0.56467915 0.68463254
vt 0.52824330 0.68859243
vt 0.53066158 0.68856561
vt 0.51768446 0.68560147
vt 0.51042253 0.68455774
vt 0.50278956 0.68508458
vt 0.49420577 0.68541491
vt 0.59687930 0.68472224
vt 0.58961779 0.68367851
vt 0.58198446 0.68420541
vt 0.57340103 0.68453574
vt 0.56904060 0.68477178
vt 0.45146668 0.68944478
vt 0.60743815 0.68771327
vt 0.46200812 0.68621957
vt 0.46926329 0.68501467
vt 0.47689912 0.68537199
vt 0.48548388 0.68551171
vt 0.48984534 0.68565094
vt 0.52292776 0.67507780
vt 0.47483003 0.67507780
vt 0.48017424 0.70393646
vt 0.48017424 0.69431686
vt 0.48017424 0.68469733
vt 0.48017424 0.67507780
vt 0.50422311 0.66545826
vt 0.50956738 0.66545826
vt 0.51491153 0.66545826
vt 0.49887884 0.66545826
vt 0.52025574 0.66545826
vt 0.49353471 0.66545826
vt 0.48819053 0.66545826
vt 0.47750214 0.66545826
vt 0.48284632 0.66545826
vt 0.48551840 0.70393646
vt 0.50155103 0.67507780
vt 0.50155103 0.68469733
vt 0.50155103 0.69431686
vt 0.50155103 0.70393646
vt 0.48551840 0.69431686
vt 0.48551840 0.68469733
vt 0.49620682 0.67507780
vt 0.49620682 0.68469733
vt 0.49620682 0.69431686
vt 0.49620682 0.70393646
vt 0.48551840 0.67507780
vt 0.49086261 0.70393646
vt 0.49086261 0.67507780
vt 0.49086261 0.68469733
vt 0.49086261 0.69431686
vt 0.49086261 0.70393646
vt 0.49086261 0.69431686
vt 0.49086261 0.68469733
vt 0.48551840 0.67507780
vt 0.48551840 0.68469733
vt 0.48551840 0.69431686
vt 0.48551840 0.70393646
vt 0.49086261 0.67507780
vt 0.50422311 0.66545826
vt 0.50956738 0.66545826
vt 0.49887884 0.66545826
vt 0.51491153 0.66545826
vt 0.52025574 0.66545826
vt 0.49353471 0.66545826
vt 0.47750214 0.66545826
vt 0.48819053 0.66545826
vt 0.48284632 0.66545826
vt 0.48017424 0.67507780
vt 0.48017424 0.68469733
vt 0.48017424 0.69431686
vt 0.48017424 0.70393646
vt 0.49620682 0.70393646
vt 0.49620682 0.69431686
vt 0.52292776 0.67507780
vt 0.47483003 0.67507780
vt 0.52292776 0.68469733
vt 0.47483003 0.68469733
vt 0.52292776 0.69431686
vt 0.47483003 0.69431686
vt 0.52292776 0.70393646
vt 0.47483003 0.70393646
vt 0.49620682 0.68469733
vt 0.49620682 0.67507780
vt 0.51758355 0.67507780
vt 0.51758355 0.68469733
vt 0.51758355 0.69431686
vt 0.51758355 0.70393646
vt 0.50956738 0.71355599
vt 0.50422311 0.71355599
vt 0.49887884 0.71355599
vt 0.51491153 0.71355599
vt 0.52025574 0.71355599
vt 0.49353471 0.71355599
vt 0.47750211 0.71355599
vt 0.48819053 0.71355599
vt 0.48284632 0.71355599
vt 0.50155103 0.70393646
vt 0.51223940 0.67507780
vt 0.51223940 0.68469733
vt 0.51223940 0.69431686
vt 0.51223940 0.70393646
vt 0.50155103 0.69431686
vt 0.50155103 0.68469733
vt 0.50689518 0.67507780
vt 0.50689518 0.68469733
vt 0.50689518 0.69431686
vt 0.50689518 0.70393646
vt 0.50155103 0.67507780
vt 0.52292776 0.68469733
vt 0.47483003 0.68469733
vt 0.52292776 0.69431686
vt 0.47483003 0.69431686
vt 0.52292776 0.70393646
vt 0.47483003 0.70393646
vt 0.51758355 0.67507780
vt 0.51758355 0.68469733
vt 0.51758355 0.69431686
vt 0.51758355 0.70393646
vt 0.50422311 0.71355599
vt 0.50956738 0.71355599
vt 0.49887884 0.71355599
vt 0.51491153 0.71355599
vt 0.52025574 0.71355599
vt 0.49353471 0.71355599
vt 0.47750211 0.71355599
vt 0.48819053 0.71355599
vt 0.48284632 0.71355599
vt 0.51223940 0.67507780
vt 0.51223940 0.68469733
vt 0.51223940 0.69431686
vt 0.51223940 0.70393646
vt 0.50689518 0.67507780
vt 0.50689518 0.68469733
vt 0.50689518 0.69431686
vt 0.50689518 0.70393646
vt 0.52292776 0.67507780
vt 0.47483003 0.67507780
vt 0.48017424 0.70393646
vt 0.48017424 0.69431686
vt 0.48017424 0.68469733
vt 0.48017424 0.67507780
vt 0.50422311 0.66545826
vt 0.50956738 0.66545826
vt 0.49887884 0.66545826
vt 0.51491153 0.66545826
vt 0.52025574 0.66545826
vt 0.49353471 0.66545826
vt 0.47750214 0.66545826
vt 0.48819053 0.66545826
vt 0.48284632 0.66545826
vt 0.48551840 0.70393646
vt 0.48551840 0.69431686
vt 0.48551840 0.68469733
vt 0.48551840 0.67507780
vt 0.49086261 0.70393646
vt 0.49086261 0.69431686
vt 0.49086261 0.68469733
vt 0.49086261 0.67507780
vt 0.49620682 0.70393646
vt 0.49620682 0.69431686
vt 0.49620682 0.68469733
vt 0.49620682 0.67507780
vt 0.50155103 0.70393646
vt 0.50155103 0.69431686
vt 0.50155103 0.68469733
vt 0.50155103 0.67507780
vt 0.52292776 0.68469733
vt 0.47483003 0.68469733
vt 0.52292776 0.69431686
vt 0.47483003 0.69431686
vt 0.52292776 0.70393646
vt 0.47483003 0.70393646
vt 0.51758355 0.67507780
vt 0.51758355 0.68469733
vt 0.51758355 0.69431686
vt 0.51758355 0.70393646
vt 0.50422311 0.71355599
vt 0.50956738 0.71355599
vt 0.49887884 0.71355599
vt 0.51491153 0.71355599
vt 0.52025574 0.71355599
vt 0.49353471 0.71355599
vt 0.47750211 0.71355599
vt 0.48819053 0.71355599
vt 0.48284632 0.71355599
vt 0.51223940 0.67507780
vt 0.51223940 0.68469733
vt 0.51223940 0.69431686
vt 0.51223940 0.70393646
vt 0.50689518 0.67507780
vt 0.50689518 0.68469733
vt 0.50689518 0.69431686
vt 0.50689518 0.70393646
vt 0.52292776 0.67507780
vt 0.47483003 0.67507780
vt 0.48017424 0.70393646
vt 0.48017424 0.69431686
vt 0.48017424 0.68469733
vt 0.48017424 0.67507780
vt 0.50422311 0.66545826
vt 0.50956738 0.66545826
vt 0.49887884 0.66545826
vt 0.51491153 0.66545826
vt 0.52025574 0.66545826
vt 0.49353471 0.66545826
vt 0.48819053 0.66545826
vt 0.47750214 0.66545826
vt 0.48284632 0.66545826
vt 0.48551840 0.70393646
vt 0.48551840 0.69431686
vt 0.48551840 0.68469733
vt 0.48551840 0.67507780
vt 0.49086261 0.70393646
vt 0.49086261 0.69431686
vt 0.49086261 0.68469733
vt 0.49086261 0.67507780
vt 0.49620682 0.70393646
vt 0.49620682 0.69431686
vt 0.49620682 0.68469733
vt 0.49620682 0.67507780
vt 0.50155103 0.70393646
vt 0.50155103 0.69431686
vt 0.50155103 0.68469733
vt 0.50155103 0.67507780
vt 0.52292776 0.68469733
vt 0.47483003 0.68469733
vt 0.52292776 0.69431686
vt 0.47483003 0.69431686
vt 0.52292776 0.70393646
vt 0.47483003 0.70393646
vt 0.51758355 0.67507780
vt 0.51758355 0.68469733
vt 0.51758355 0.69431686
vt 0.51758355 0.70393646
vt 0.50422311 0.71355599
vt 0.50956738 0.71355599
vt 0.49887884 0.71355599
vt 0.51491153 0.71355599
vt 0.52025574 0.71355599
vt 0.49353471 0.71355599
vt 0.47750211 0.71355599
vt 0.48819053 0.71355599
vt 0.48284632 0.71355599
vt 0.51223940 0.67507780
vt 0.51223940 0.68469733
vt 0.51223940 0.69431686
vt 0.51223940 0.70393646
vt 0.50689518 0.67507780
vt 0.50689518 0.68469733
vt 0.50689518 0.69431686
vt 0.50689518 0.70393646
vt 0.52292776 0.67507780
vt 0.47483003 0.67507780
vt 0.48017424 0.70393646
vt 0.48017424 0.69431686
vt 0.48017424 0.68469733
vt 0.48017424 0.67507780
vt 0.50422311 0.66545826
vt 0.50956738 0.66545826
vt 0.49887884 0.66545826
vt 0.51491153 0.66545826
vt 0.52025574 0.66545826
vt 0.49353471 0.66545826
vt 0.47750214 0.66545826
vt 0.48819053 0.66545826
vt 0.48284632 0.66545826
vt 0.48551840 0.70393646
vt 0.48551840 0.69431686
vt 0.48551840 0.68469733
vt 0.48551840 0.67507780
vt 0.49086261 0.70393646
vt 0.49086261 0.69431686
vt 0.49086261 0.68469733
vt 0.49086261 0.67507780
vt 0.49620682 0.70393646
vt 0.49620682 0.69431686
vt 0.49620682 0.68469733
vt 0.49620682 0.67507780
vt 0.50155103 0.70393646
vt 0.50155103 0.69431686
vt 0.50155103 0.68469733
vt 0.50155103 0.67507780
vt 0.52292776 0.68469733
vt 0.47483003 0.68469733
vt 0.52292776 0.69431686
vt 0.47483003 0.69431686
vt 0.52292776 0.70393646
vt 0.47483003 0.70393646
vt 0.51758355 0.67507780
vt 0.51758355 0.68469733
vt 0.51758355 0.69431686
vt 0.51758355 0.70393646
vt 0.50422311 0.71355599
vt 0.50956738 0.71355599
vt 0.49887884 0.71355599
vt 0.51491153 0.71355599
vt 0.52025574 0.71355599
vt 0.49353471 0.71355599
vt 0.47750211 0.71355599
vt 0.48819053 0.71355599
vt 0.48284632 0.71355599
vt 0.51223940 0.67507780
vt 0.51223940 0.68469733
vt 0.51223940 0.69431686
vt 0.51223940 0.70393646
vt 0.50689518 0.67507780
vt 0.50689518 0.68469733
vt 0.50689518 0.69431686
vt 0.50689518 0.70393646
vt 0.52292776 0.67507780
vt 0.47483003 0.67507780
vt 0.48017424 0.70393646
vt 0.48017424 0.69431686
vt 0.48017424 0.68469733
vt 0.48017424 0.67507780
vt 0.50422311 0.66545826
vt 0.50956738 0.66545826
vt 0.49887884 0.66545826
vt 0.51491153 0.66545826
vt 0.52025574 0.66545826
vt 0.49353471 0.66545826
vt 0.47750214 0.66545826
vt 0.48819053 0.66545826
vt 0.48284632 0.66545826
vt 0.48551840 0.70393646
vt 0.48551840 0.69431686
vt 0.48551840 0.68469733
vt 0.48551840 0.67507780
vt 0.49086261 0.70393646
vt 0.49086261 0.69431686
vt 0.49086261 0.68469733
vt 0.49086261 0.67507780
vt 0.49620682 0.70393646
vt 0.49620682 0.69431686
vt 0.49620682 0.68469733
vt 0.49620682 0.67507780
vt 0.50155103 0.70393646
vt 0.50155103 0.69431686
vt 0.50155103 0.68469733
vt 0.50155103 0.67507780
vt 0.52292776 0.68469733
vt 0.47483003 0.68469733
vt 0.52292776 0.69431686
vt 0.47483003 0.69431686
vt 0.52292776 0.70393646
vt 0.47483003 0.70393646
vt 0.51758355 0.67507780
vt 0.51758355 0.68469733
vt 0.51758355 0.69431686
vt 0.51758355 0.70393646
vt 0.50956738 0.71355599
vt 0.50422311 0.71355599
vt 0.49887884 0.71355599
vt 0.51491153 0.71355599
vt 0.52025574 0.71355599
vt 0.49353471 0.71355599
vt 0.47750211 0.71355599
vt 0.48819053 0.71355599
vt 0.48284632 0.71355599
vt 0.51223940 0.67507780
vt 0.51223940 0.68469733
vt 0.51223940 0.69431686
vt 0.51223940 0.70393646
vt 0.50689518 0.67507780
vt 0.50689518 0.68469733
vt 0.50689518 0.69431686
vt 0.50689518 0.70393646
vt 0.52292776 0.67507780
vt 0.47483003 0.67507780
vt 0.48017424 0.70393646
vt 0.48017424 0.69431686
vt 0.48017424 0.68469733
vt 0.48017424 0.67507780
vt 0.50422311 0.66545826
vt 0.50956738 0.66545826
vt 0.49887884 0.66545826
vt 0.51491153 0.66545826
vt 0.52025574 0.66545826
vt 0.49353471 0.66545826
vt 0.47750214 0.66545826
vt 0.48819053 0.66545826
vt 0.48284632 0.66545826
vt 0.48551840 0.70393646
vt 0.48551840 0.69431686
vt 0.48551840 0.68469733
vt 0.48551840 0.67507780
vt 0.49086261 0.70393646
vt 0.49086261 0.69431686
vt 0.49086261 0.68469733
vt 0.49086261 0.67507780
vt 0.49620682 0.70393646
vt 0.49620682 0.69431686
vt 0.49620682 0.68469733
vt 0.49620682 0.67507780
vt 0.50155103 0.70393646
vt 0.50155103 0.69431686
vt 0.50155103 0.68469733
vt 0.50155103 0.67507780
vt 0.52292776 0.68469733
vt 0.47483003 0.68469733
vt 0.52292776 0.69431686
vt 0.47483003 0.69431686
vt 0.52292776 0.70393646
vt 0.47483003 0.70393646
vt 0.51758355 0.67507780
vt 0.51758355 0.68469733
vt 0.51758355 0.69431686
vt 0.51758355 0.70393646
vt 0.50422311 0.71355599
vt 0.50956738 0.71355599
vt 0.49887884 0.71355599
vt 0.51491153 0.71355599
vt 0.52025574 0.71355599
vt 0.49353471 0.71355599
vt 0.47750211 0.71355599
vt 0.48819053 0.71355599
vt 0.48284632 0.71355599
vt 0.51223940 0.67507780
vt 0.51223940 0.68469733
vt 0.51223940 0.69431686
vt 0.51223940 0.70393646
vt 0.50689518 0.67507780
vt 0.50689518 0.68469733
vt 0.50689518 0.69431686
vt 0.50689518 0.70393646
vt 0.52292776 0.67507780
vt 0.47483003 0.67507780
vt 0.48017424 0.70393646
vt 0.48017424 0.69431686
vt 0.48017424 0.68469733
vt 0.48017424 0.67507780
vt 0.50422311 0.66545826
vt 0.50956738 0.66545826
vt 0.51491153 0.66545826
vt 0.49887884 0.66545826
vt 0.49353471 0.66545826
vt 0.52025574 0.66545826
vt 0.47750214 0.66545826
vt 0.48819053 0.66545826
vt 0.48284632 0.66545826
vt 0.48551840 0.70393646
vt 0.48551840 0.69431686
vt 0.48551840 0.68469733
vt 0.48551840 0.67507780
vt 0.49086261 0.70393646
vt 0.49086261 0.69431686
vt 0.49086261 0.68469733
vt 0.49086261 0.67507780
vt 0.49620682 0.70393646
vt 0.49620682 0.69431686
vt 0.49620682 0.68469733
vt 0.49620682 0.67507780
vt 0.50155103 0.70393646
vt 0.50155103 0.69431686
vt 0.50155103 0.68469733
vt 0.50155103 0.67507780
vt 0.52292776 0.68469733
vt 0.47483003 0.68469733
vt 0.52292776 0.69431686
vt 0.47483003 0.69431686
vt 0.52292776 0.70393646
vt 0.47483003 0.70393646
vt 0.51758355 0.67507780
vt 0.51758355 0.68469733
vt 0.51758355 0.69431686
vt 0.51758355 0.70393646
vt 0.50422311 0.71355599
vt 0.50956738 0.71355599
vt 0.49887884 0.71355599
vt 0.51491153 0.71355599
vt 0.49353471 0.71355599
vt 0.52025574 0.71355599
vt 0.47750211 0.71355599
vt 0.48819053 0.71355599
vt 0.48284632 0.71355599
vt 0.51223940 0.67507780
vt 0.51223940 0.68469733
vt 0.51223940 0.69431686
vt 0.51223940 0.70393646
vt 0.50689518 0.67507780
vt 0.50689518 0.68469733
vt 0.50689518 0.69431686
vt 0.50689518 0.70393646
vt 0.52292776 0.67507780
vt 0.47483003 0.67507780
vt 0.48017424 0.70393646
vt 0.48017424 0.69431686
vt 0.48017424 0.68469733
vt 0.48017424 0.67507780
vt 0.50422311 0.66545826
vt 0.50956738 0.66545826
vt 0.49887884 0.66545826
vt 0.51491153 0.66545826
vt 0.52025574 0.66545826
vt 0.49353471 0.66545826
vt 0.47750214 0.66545826
vt 0.48819053 0.66545826
vt 0.48284632 0.66545826
vt 0.48551840 0.70393646
vt 0.48551840 0.69431686
vt 0.48551840 0.68469733
vt 0.48551840 0.67507780
vt 0.49086261 0.70393646
vt 0.49086261 0.69431686
vt 0.49086261 0.68469733
vt 0.49086261 0.67507780
vt 0.49620682 0.70393646
vt 0.49620682 0.69431686
vt 0.49620682 0.68469733
vt 0.49620682 0.67507780
vt 0.50155103 0.70393646
vt 0.50155103 0.69431686
vt 0.50155103 0.68469733
vt 0.50155103 0.67507780
vt 0.52292776 0.68469733
vt 0.47483003 0.68469733
vt 0.52292776 0.69431686
vt 0.47483003 0.69431686
vt 0.52292776 0.70393646
vt 0.47483003 0.70393646
vt 0.51758355 0.67507780
vt 0.51758355 0.68469733
vt 0.51758355 0.69431686
vt 0.51758355 0.70393646
vt 0.50956738 0.71355599
vt 0.50422311 0.71355599
vt 0.49887884 0.71355599
vt 0.51491153 0.71355599
vt 0.52025574 0.71355599
vt 0.49353471 0.71355599
vt 0.47750211 0.71355599
vt 0.48819053 0.71355599
vt 0.48284632 0.71355599
vt 0.51223940 0.67507780
vt 0.51223940 0.68469733
vt 0.51223940 0.69431686
vt 0.51223940 0.70393646
vt 0.50689518 0.67507780
vt 0.50689518 0.68469733
vt 0.50689518 0.69431686
vt 0.50689518 0.70393646
vt 0.52292776 0.67507780
vt 0.47483003 0.67507780
vt 0.48017424 0.70393646
vt 0.48017424 0.69431686
vt 0.48017424 0.68469733
vt 0.48017424 0.67507780
vt 0.50422311 0.66545826
vt 0.50956738 0.66545826
vt 0.49887884 0.66545826
vt 0.51491153 0.66545826
vt 0.52025574 0.66545826
vt 0.49353471 0.66545826
vt 0.47750214 0.66545826
vt 0.48819053 0.66545826
vt 0.48284632 0.66545826
vt 0.48551840 0.70393646
vt 0.48551840 0.69431686
vt 0.48551840 0.68469733
vt 0.48551840 0.67507780
vt 0.49086261 0.70393646
vt 0.49086261 0.69431686
vt 0.49086261 0.68469733
vt 0.49086261 0.67507780
vt 0.49620682 0.70393646
vt 0.49620682 0.69431686
vt 0.49620682 0.68469733
vt 0.49620682 0.67507780
vt 0.50155103 0.70393646
vt 0.50155103 0.69431686
vt 0.50155103 0.68469733
vt 0.50155103 0.67507780
vt 0.52292776 0.68469733
vt 0.47483003 0.68469733
vt 0.52292776 0.69431686
vt 0.47483003 0.69431686
vt 0.52292776 0.70393646
vt 0.47483003 0.70393646
vt 0.51758355 0.67507780
vt 0.51758355 0.68469733
vt 0.51758355 0.69431686
vt 0.51758355 0.70393646
vt 0.50956738 0.71355599
vt 0.50422311 0.71355599
vt 0.49887884 0.71355599
vt 0.51491153 0.71355599
vt 0.52025574 0.71355599
vt 0.49353471 0.71355599
vt 0.47750211 0.71355599
vt 0.48819053 0.71355599
vt 0.48284632 0.71355599
vt 0.51223940 0.67507780
vt 0.51223940 0.68469733
vt 0.51223940 0.69431686
vt 0.51223940 0.70393646
vt 0.50689518 0.67507780
vt 0.50689518 0.68469733
vt 0.50689518 0.69431686
vt 0.50689518 0.70393646
vt 0.25571874 0.22782779
vt 0.22744791 0.22782779
vt 0.23058908 0.24479032
vt 0.23058908 0.23913610
vt 0.23058908 0.23348188
vt 0.23058908 0.22782779
vt 0.24472456 0.22217357
vt 0.24786572 0.22217357
vt 0.24158329 0.22217357
vt 0.25100696 0.22217357
vt 0.25414810 0.22217357
vt 0.23844206 0.22217357
vt 0.22901849 0.22217357
vt 0.23530087 0.22217357
vt 0.23215963 0.22217357
vt 0.23373023 0.24479026
vt 0.23373023 0.23913610
vt 0.23373023 0.23348188
vt 0.23373023 0.22782779
vt 0.23687145 0.24479032
vt 0.23687145 0.23913610
vt 0.23687145 0.23348188
vt 0.23687145 0.22782779
vt 0.24001268 0.24479032
vt 0.24001268 0.23913610
vt 0.24001268 0.23348188
vt 0.24001268 0.22782779
vt 0.24315390 0.24479032
vt 0.24315390 0.23913610
vt 0.24315390 0.23348188
vt 0.24315390 0.22782779
vt 0.25571874 0.23348188
vt 0.22744791 0.23348188
vt 0.25571874 0.23913610
vt 0.22744791 0.23913610
vt 0.25571874 0.24479032
vt 0.22744791 0.24479032
vt 0.25257754 0.22782779
vt 0.25257754 0.23348188
vt 0.25257754 0.23913610
vt 0.25257754 0.24479032
vt 0.24472456 0.25044441
vt 0.24786572 0.25044441
vt 0.24158329 0.25044441
vt 0.25100696 0.25044441
vt 0.25414810 0.25044441
vt 0.23844206 0.25044441
vt 0.22901849 0.25044441
vt 0.23530087 0.25044441
vt 0.23215963 0.25044441
vt 0.24943630 0.22782779
vt 0.24943630 0.23348188
vt 0.24943630 0.23913610
vt 0.24943630 0.24479032
vt 0.24629514 0.22782779
vt 0.24629514 0.23348188
vt 0.24629514 0.23913610
vt 0.24629514 0.24479032
vt 0.25571874 0.22782779
vt 0.22744791 0.22782779
vt 0.23058908 0.24479032
vt 0.23058908 0.23913610
vt 0.23058908 0.23348188
vt 0.23058908 0.22782779
vt 0.24472456 0.22217357
vt 0.24786572 0.22217357
vt 0.24158329 0.22217357
vt 0.25100696 0.22217357
vt 0.25414810 0.22217357
vt 0.23844206 0.22217357
vt 0.22901849 0.22217357
vt 0.23530087 0.22217357
vt 0.23215963 0.22217357
vt 0.23373023 0.24479026
vt 0.23373023 0.23913610
vt 0.23373023 0.23348188
vt 0.23373023 0.22782779
vt 0.23687145 0.24479032
vt 0.23687145 0.23913610
vt 0.23687145 0.23348188
vt 0.23687145 0.22782779
vt 0.24001268 0.24479032
vt 0.24001268 0.23913610
vt 0.24001268 0.23348188
vt 0.24001268 0.22782779
vt 0.24315390 0.24479032
vt 0.24315390 0.23913610
vt 0.24315390 0.23348188
vt 0.24315390 0.22782779
vt 0.25571874 0.23348188
vt 0.22744791 0.23348188
vt 0.25571874 0.23913610
vt 0.22744791 0.23913610
vt 0.25571874 0.24479032
vt 0.22744791 0.24479032
vt 0.25257754 0.22782779
vt 0.25257754 0.23348188
vt 0.25257754 0.23913610
vt 0.25257754 0.24479032
vt 0.24472456 0.25044441
vt 0.24786572 0.25044441
vt 0.24158329 0.25044441
vt 0.25100696 0.25044441
vt 0.25414810 0.25044441
vt 0.23844206 0.25044441
vt 0.22901849 0.25044441
vt 0.23530087 0.25044441
vt 0.23215963 0.25044441
vt 0.24943630 0.22782779
vt 0.24943630 0.23348188
vt 0.24943630 0.23913610
vt 0.24943630 0.24479032
vt 0.24629514 0.22782779
vt 0.24629514 0.23348188
vt 0.24629514 0.23913610
vt 0.24629514 0.24479032
vt 0.25571874 0.22782779
vt 0.22744791 0.22782779
vt 0.23058908 0.24479032
vt 0.23058908 0.23913610
vt 0.23058908 0.23348188
vt 0.23058908 0.22782779
vt 0.24472456 0.22217357
vt 0.24786572 0.22217357
vt 0.24158329 0.22217357
vt 0.25100696 0.22217357
vt 0.25414810 0.22217357
vt 0.23844206 0.22217357
vt 0.22901849 0.22217357
vt 0.23530087 0.22217357
vt 0.23215963 0.22217357
vt 0.23373023 0.24479026
vt 0.23373023 0.23913610
vt 0.23373023 0.23348188
vt 0.23373023 0.22782779
vt 0.23687145 0.24479032
vt 0.23687145 0.23913610
vt 0.23687145 0.23348188
vt 0.23687145 0.22782779
vt 0.24001268 0.24479032
vt 0.24001268 0.23913610
vt 0.24001268 0.23348188
vt 0.24001268 0.22782779
vt 0.24315390 0.24479032
vt 0.24315390 0.23913610
vt 0.24315390 0.23348188
vt 0.24315390 0.22782779
vt 0.25571874 0.23348188
vt 0.22744791 0.23348188
vt 0.25571874 0.23913610
vt 0.22744791 0.23913610
vt 0.25571874 0.24479032
vt 0.22744791 0.24479032
vt 0.25257754 0.22782779
vt 0.25257754 0.23348188
vt 0.25257754 0.23913610
vt 0.25257754 0.24479032
vt 0.24472456 0.25044441
vt 0.24786572 0.25044441
vt 0.24158329 0.25044441
vt 0.25100696 0.25044441
vt 0.25414810 0.25044441
vt 0.23844206 0.25044441
vt 0.22901849 0.25044441
vt 0.23530087 0.25044441
vt 0.23215963 0.25044441
vt 0.24943630 0.22782779
vt 0.24943630 0.23348188
vt 0.24943630 0.23913610
vt 0.24943630 0.24479032
vt 0.24629514 0.22782779
vt 0.24629514 0.23348188
vt 0.24629514 0.23913610
vt 0.24629514 0.24479032
vt 0.25571874 0.22782779
vt 0.22744791 0.22782779
vt 0.23058908 0.24479032
vt 0.23058908 0.23913610
vt 0.23058908 0.23348188
vt 0.23058908 0.22782779
vt 0.24472456 0.22217357
vt 0.24786572 0.22217357
vt 0.24158329 0.22217357
vt 0.25100696 0.22217357
vt 0.25414810 0.22217357
vt 0.23844206 0.22217357
vt 0.22901849 0.22217357
vt 0.23530087 0.22217357
vt 0.23215963 0.22217357
vt 0.23373023 0.24479026
vt 0.23373023 0.23913610
vt 0.23373023 0.23348188
vt 0.23373023 0.22782779
vt 0.23687145 0.24479032
vt 0.23687145 0.23913610
vt 0.23687145 0.23348188
vt 0.23687145 0.22782779
vt 0.24001268 0.24479032
vt 0.24001268 0.23913610
vt 0.24001268 0.23348188
vt 0.24001268 0.22782779
vt 0.24315390 0.24479032
vt 0.24315390 0.23913610
vt 0.24315390 0.23348188
vt 0.24315390 0.22782779
vt 0.25571874 0.23348188
vt 0.22744791 0.23348188
vt 0.25571874 0.23913610
vt 0.22744791 0.23913610
vt 0.25571874 0.24479032
vt 0.22744791 0.24479032
vt 0.25257754 0.22782779
vt 0.25257754 0.23348188
vt 0.25257754 0.23913610
vt 0.25257754 0.24479032
vt 0.24472456 0.25044441
vt 0.24786572 0.25044441
vt 0.24158329 0.25044441
vt 0.25100696 0.25044441
vt 0.25414810 0.25044441
vt 0.23844206 0.25044441
vt 0.22901849 0.25044441
vt 0.23530087 0.25044441
vt 0.23215963 0.25044441
vt 0.24943630 0.22782779
vt 0.24943630 0.23348188
vt 0.24943630 0.23913610
vt 0.24943630 0.24479032
vt 0.24629514 0.22782779
vt 0.24629514 0.23348188
vt 0.24629514 0.23913610
vt 0.24629514 0.24479032
vt 0.21994507 0.21510559
vt 0.25571874 0.22782779
vt 0.19248430 0.21510559
vt 0.22744791 0.22782779
vt 0.23058908 0.24479032
vt 0.23058908 0.23913610
vt 0.23058908 0.23348188
vt 0.19553551 0.21510559
vt 0.23058908 0.22782779
vt 0.19553551 0.21510559
vt 0.20926586 0.20961350
vt 0.21231712 0.20961350
vt 0.20621470 0.20961350
vt 0.21536832 0.20961350
vt 0.21841951 0.20961350
vt 0.20316349 0.20961350
vt 0.19400993 0.20961350
vt 0.20011230 0.20961350
vt 0.19706114 0.20961350
vt 0.23373023 0.24479026
vt 0.23373023 0.23913610
vt 0.23373023 0.23348188
vt 0.19858670 0.21510559
vt 0.23373023 0.22782779
vt 0.19858670 0.21510559
vt 0.23687145 0.24479032
vt 0.23687145 0.23913610
vt 0.23687145 0.23348188
vt 0.20163792 0.21510559
vt 0.23687145 0.22782779
vt 0.20163792 0.21510559
vt 0.24001268 0.24479032
vt 0.24001268 0.23913610
vt 0.24001268 0.23348188
vt 0.20468913 0.21510559
vt 0.24001268 0.22782779
vt 0.20468913 0.21510559
vt 0.24315390 0.24479032
vt 0.24315390 0.23913610
vt 0.24315390 0.23348188
vt 0.20774029 0.21510559
vt 0.24315390 0.22782779
vt 0.20774029 0.21510559
vt 0.25571874 0.23348188
vt 0.22744791 0.23348188
vt 0.25571874 0.23913610
vt 0.22744791 0.23913610
vt 0.25571874 0.24479032
vt 0.22744791 0.24479032
vt 0.21689382 0.21510559
vt 0.25257754 0.22782779
vt 0.21689382 0.21510559
vt 0.25257754 0.23348188
vt 0.25257754 0.23913610
vt 0.25257754 0.24479032
vt 0.24472456 0.25044441
vt 0.24786572 0.25044441
vt 0.24158329 0.25044441
vt 0.25100696 0.25044441
vt 0.25414810 0.25044441
vt 0.23844206 0.25044441
vt 0.22901849 0.25044441
vt 0.23530087 0.25044441
vt 0.23215963 0.25044441
vt 0.21384269 0.21510559
vt 0.24943630 0.22782779
vt 0.21384269 0.21510559
vt 0.24943630 0.23348188
vt 0.24943630 0.23913610
vt 0.24943630 0.24479032
vt 0.24629514 0.22782779
vt 0.21079148 0.21510559
vt 0.21079148 0.21510559
vt 0.24629514 0.23348188
vt 0.24629514 0.23913610
vt 0.24629514 0.24479032
vt 0.21994507 0.21510559
vt 0.25571874 0.22782779
vt 0.22744791 0.22782779
vt 0.19248430 0.21510559
vt 0.23058908 0.24479032
vt 0.23058908 0.23913610
vt 0.23058908 0.23348188
vt 0.19553551 0.21510559
vt 0.23058908 0.22782779
vt 0.19553551 0.21510559
vt 0.20926586 0.20961350
vt 0.21231712 0.20961350
vt 0.20621470 0.20961350
vt 0.21536832 0.20961350
vt 0.21841951 0.20961350
vt 0.20316349 0.20961350
vt 0.19400993 0.20961350
vt 0.20011230 0.20961350
vt 0.19706114 0.20961350
vt 0.23373023 0.24479026
vt 0.23373023 0.23913610
vt 0.23373023 0.23348188
vt 0.19858670 0.21510559
vt 0.23373023 0.22782779
vt 0.19858670 0.21510559
vt 0.23687145 0.24479032
vt 0.23687145 0.23913610
vt 0.23687145 0.23348188
vt 0.20163792 0.21510559
vt 0.23687145 0.22782779
vt 0.20163792 0.21510559
vt 0.24001268 0.24479032
vt 0.24001268 0.23913610
vt 0.24001268 0.23348188
vt 0.20468913 0.21510559
vt 0.24001268 0.22782779
vt 0.20468913 0.21510559
vt 0.24315390 0.24479032
vt 0.24315390 0.23913610
vt 0.24315390 0.23348188
vt 0.20774029 0.21510559
vt 0.24315390 0.22782779
vt 0.20774029 0.21510559
vt 0.25571874 0.23348188
vt 0.22744791 0.23348188
vt 0.25571874 0.23913610
vt 0.22744791 0.23913610
vt 0.25571874 0.24479032
vt 0.22744791 0.24479032
vt 0.21689382 0.21510559
vt 0.25257754 0.22782779
vt 0.21689382 0.21510559
vt 0.25257754 0.23348188
vt 0.25257754 0.23913610
vt 0.25257754 0.24479032
vt 0.24472456 0.25044441
vt 0.24786572 0.25044441
vt 0.24158329 0.25044441
vt 0.25100696 0.25044441
vt 0.25414810 0.25044441
vt 0.23844206 0.25044441
vt 0.22901849 0.25044441
vt 0.23530087 0.25044441
vt 0.23215963 0.25044441
vt 0.21384269 0.21510559
vt 0.24943630 0.22782779
vt 0.21384269 0.21510559
vt 0.24943630 0.23348188
vt 0.24943630 0.23913610
vt 0.24943630 0.24479032
vt 0.24629514 0.22782779
vt 0.21079148 0.21510559
vt 0.21079148 0.21510559
vt 0.24629514 0.23348188
vt 0.24629514 0.23913610
vt 0.24629514 0.24479032
vt 0.21994507 0.21510559
vt 0.25571874 0.22782779
vt 0.19248430 0.21510559
vt 0.22744791 0.22782779
vt 0.23058908 0.24479032
vt 0.23058908 0.23913610
vt 0.23058908 0.23348188
vt 0.19553551 0.21510559
vt 0.23058908 0.22782779
vt 0.19553551 0.21510559
vt 0.20926586 0.20961350
vt 0.21231712 0.20961350
vt 0.20621470 0.20961350
vt 0.21536832 0.20961350
vt 0.21841951 0.20961350
vt 0.20316349 0.20961350
vt 0.19400993 0.20961350
vt 0.20011230 0.20961350
vt 0.19706114 0.20961350
vt 0.23373023 0.24479026
vt 0.23373023 0.23913610
vt 0.23373023 0.23348188
vt 0.19858670 0.21510559
vt 0.23373023 0.22782779
vt 0.19858670 0.21510559
vt 0.23687145 0.24479032
vt 0.23687145 0.23913610
vt 0.23687145 0.23348188
vt 0.20163792 0.21510559
vt 0.23687145 0.22782779
vt 0.20163792 0.21510559
vt 0.24001268 0.24479032
vt 0.24001268 0.23913610
vt 0.24001268 0.23348188
vt 0.20468913 0.21510559
vt 0.24001268 0.22782779
vt 0.20468913 0.21510559
vt 0.24315390 0.24479032
vt 0.24315390 0.23913610
vt 0.24315390 0.23348188
vt 0.20774029 0.21510559
vt 0.24315390 0.22782779
vt 0.20774029 0.21510559
vt 0.25571874 0.23348188
vt 0.22744791 0.23348188
vt 0.25571874 0.23913610
vt 0.22744791 0.23913610
vt 0.25571874 0.24479032
vt 0.22744791 0.24479032
vt 0.21689382 0.21510559
vt 0.25257754 0.22782779
vt 0.21689382 0.21510559
vt 0.25257754 0.23348188
vt 0.25257754 0.23913610
vt 0.25257754 0.24479032
vt 0.24786572 0.25044441
vt 0.24472456 0.25044441
vt 0.24158329 0.25044441
vt 0.25100696 0.25044441
vt 0.25414810 0.25044441
vt 0.23844206 0.25044441
vt 0.22901849 0.25044441
vt 0.23530087 0.25044441
vt 0.23215963 0.25044441
vt 0.21384269 0.21510559
vt 0.24943630 0.22782779
vt 0.21384269 0.21510559
vt 0.24943630 0.23348188
vt 0.24943630 0.23913610
vt 0.24943630 0.24479032
vt 0.24629514 0.22782779
vt 0.21079148 0.21510559
vt 0.21079148 0.21510559
vt 0.24629514 0.23348188
vt 0.24629514 0.23913610
vt 0.24629514 0.24479032
vt 0.21994507 0.21510559
vt 0.25571874 0.22782779
vt 0.22744791 0.22782779
vt 0.19248430 0.21510559
vt 0.23058908 0.24479032
vt 0.23058908 0.23913610
vt 0.23058908 0.23348188
vt 0.19553551 0.21510559
vt 0.23058908 0.22782779
vt 0.19553551 0.21510559
vt 0.20926586 0.20961350
vt 0.21231712 0.20961350
vt 0.20621470 0.20961350
vt 0.21536832 0.20961350
vt 0.21841951 0.20961350
vt 0.20316349 0.20961350
vt 0.19400993 0.20961350
vt 0.20011230 0.20961350
vt 0.19706114 0.20961350
vt 0.23373023 0.24479026
vt 0.23373023 0.23913610
vt 0.23373023 0.23348188
vt 0.19858670 0.21510559
vt 0.23373023 0.22782779
vt 0.19858670 0.21510559
vt 0.23687145 0.24479032
vt 0.23687145 0.23913610
vt 0.23687145 0.23348188
vt 0.20163792 0.21510559
vt 0.23687145 0.22782779
vt 0.20163792 0.21510559
vt 0.24001268 0.24479032
vt 0.24001268 0.23913610
vt 0.24001268 0.23348188
vt 0.20468913 0.21510559
vt 0.24001268 0.22782779
vt 0.20468913 0.21510559
vt 0.24315390 0.24479032
vt 0.24315390 0.23913610
vt 0.24315390 0.23348188
vt 0.20774029 0.21510559
vt 0.24315390 0.22782779
vt 0.20774029 0.21510559
vt 0.25571874 0.23348188
vt 0.22744791 0.23348188
vt 0.25571874 0.23913610
vt 0.22744791 0.23913610
vt 0.25571874 0.24479032
vt 0.22744791 0.24479032
vt 0.21689382 0.21510559
vt 0.25257754 0.22782779
vt 0.21689382 0.21510559
vt 0.25257754 0.23348188
vt 0.25257754 0.23913610
vt 0.25257754 0.24479032
vt 0.24472456 0.25044441
vt 0.24786572 0.25044441
vt 0.24158329 0.25044441
vt 0.25100696 0.25044441
vt 0.25414810 0.25044441
vt 0.23844206 0.25044441
vt 0.22901849 0.25044441
vt 0.23530087 0.25044441
vt 0.23215963 0.25044441
vt 0.21384269 0.21510559
vt 0.24943630 0.22782779
vt 0.21384269 0.21510559
vt 0.24943630 0.23348188
vt 0.24943630 0.23913610
vt 0.24943630 0.24479032
vt 0.24629514 0.22782779
vt 0.21079148 0.21510559
vt 0.21079148 0.21510559
vt 0.24629514 0.23348188
vt 0.24629514 0.23913610
vt 0.24629514 0.24479032
vt 0.25571874 0.22782779
vt 0.22744791 0.22782779
vt 0.23058908 0.24479032
vt 0.23058908 0.23913610
vt 0.23058908 0.23348188
vt 0.23058908 0.22782779
vt 0.24472456 0.22217357
vt 0.24786572 0.22217357
vt 0.24158329 0.22217357
vt 0.25100696 0.22217357
vt 0.25414810 0.22217357
vt 0.23844206 0.22217357
vt 0.22901849 0.22217357
vt 0.23530087 0.22217357
vt 0.23215963 0.22217357
vt 0.23373023 0.24479026
vt 0.23373023 0.23913610
vt 0.23373023 0.23348188
vt 0.23373023 0.22782779
vt 0.23687145 0.24479032
vt 0.23687145 0.23913610
vt 0.23687145 0.23348188
vt 0.23687145 0.22782779
vt 0.24001268 0.24479032
vt 0.24001268 0.23913610
vt 0.24001268 0.23348188
vt 0.24001268 0.22782779
vt 0.24315390 0.24479032
vt 0.24315390 0.23913610
vt 0.24315390 0.23348188
vt 0.24315390 0.22782779
vt 0.25571874 0.23348188
vt 0.22744791 0.23348188
vt 0.25571874 0.23913610
vt 0.22744791 0.23913610
vt 0.25571874 0.24479032
vt 0.22744791 0.24479032
vt 0.25257754 0.22782779
vt 0.25257754 0.23348188
vt 0.25257754 0.23913610
vt 0.25257754 0.24479032
vt 0.24472456 0.25044441
vt 0.24786572 0.25044441
vt 0.24158329 0.25044441
vt 0.25100696 0.25044441
vt 0.25414810 0.25044441
vt 0.23844206 0.25044441
vt 0.22901849 0.25044441
vt 0.23530087 0.25044441
vt 0.23215963 0.25044441
vt 0.24943630 0.22782779
vt 0.24943630 0.23348188
vt 0.24943630 0.23913610
vt 0.24943630 0.24479032
vt 0.24629514 0.22782779
vt 0.24629514 0.23348188
vt 0.24629514 0.23913610
vt 0.24629514 0.24479032
vt 0.25571874 0.22782779
vt 0.22744791 0.22782779
vt 0.23058908 0.24479032
vt 0.23058908 0.23913610
vt 0.23058908 0.23348188
vt 0.23058908 0.22782779
vt 0.24472456 0.22217357
vt 0.24786572 0.22217357
vt 0.24158329 0.22217357
vt 0.25100696 0.22217357
vt 0.25414810 0.22217357
vt 0.23844206 0.22217357
vt 0.22901849 0.22217357
vt 0.23530087 0.22217357
vt 0.23215963 0.22217357
vt 0.23373023 0.24479026
vt 0.23373023 0.23913610
vt 0.23373023 0.23348188
vt 0.23373023 0.22782779
vt 0.23687145 0.24479032
vt 0.23687145 0.23913610
vt 0.23687145 0.23348188
vt 0.23687145 0.22782779
vt 0.24001268 0.24479032
vt 0.24001268 0.23913610
vt 0.24001268 0.23348188
vt 0.24001268 0.22782779
vt 0.24315390 0.24479032
vt 0.24315390 0.23913610
vt 0.24315390 0.23348188
vt 0.24315390 0.22782779
vt 0.25571874 0.23348188
vt 0.22744791 0.23348188
vt 0.25571874 0.23913610
vt 0.22744791 0.23913610
vt 0.25571874 0.24479032
vt 0.22744791 0.24479032
vt 0.25257754 0.22782779
vt 0.25257754 0.23348188
vt 0.25257754 0.23913610
vt 0.25257754 0.24479032
vt 0.24472456 0.25044441
vt 0.24786572 0.25044441
vt 0.24158329 0.25044441
vt 0.25100696 0.25044441
vt 0.25414810 0.25044441
vt 0.23844206 0.25044441
vt 0.22901849 0.25044441
vt 0.23530087 0.25044441
vt 0.23215963 0.25044441
vt 0.24943630 0.22782779
vt 0.24943630 0.23348188
vt 0.24943630 0.23913610
vt 0.24943630 0.24479032
vt 0.24629514 0.22782779
vt 0.24629514 0.23348188
vt 0.24629514 0.23913610
vt 0.24629514 0.24479032
vt 0.79132575 0.18764353
vt 0.79132575 0.18876100
vt 0.79132575 0.18987852
vt 0.79132575 0.19099605
vt 0.79061460 0.18540847
vt 0.79061460 0.18652600
vt 0.79061460 0.18764353
vt 0.79061460 0.18876100
vt 0.79061460 0.18987852
vt 0.78848118 0.19099605
vt 0.78848118 0.18987852
vt 0.78848118 0.18876100
vt 0.78848118 0.18764353
vt 0.78848118 0.18652600
vt 0.78848118 0.18540847
vt 0.79061460 0.19099605
vt 0.78990346 0.18540847
vt 0.78919232 0.19099605
vt 0.78919232 0.18987852
vt 0.78919232 0.18876100
vt 0.78919232 0.18764353
vt 0.78919232 0.18652600
vt 0.78919232 0.18540847
vt 0.78990346 0.18652600
vt 0.78990346 0.18764353
vt 0.78990346 0.19099605
vt 0.78990346 0.18987852
vt 0.78990346 0.18876100
vt 0.78990346 0.18764353
vt 0.78990346 0.18652600
vt 0.78990346 0.18540847
vt 0.78990346 0.18876100
vt 0.78990346 0.18987852
vt 0.79061460 0.19099605
vt 0.79061460 0.18987852
vt 0.79061460 0.18876100
vt 0.79061460 0.18764353
vt 0.79061460 0.18652600
vt 0.79061460 0.18540847
vt 0.78990346 0.19099605
vt 0.78919232 0.18540847
vt 0.79132575 0.19099605
vt 0.79132575 0.18987852
vt 0.79132575 0.18876100
vt 0.79132575 0.18764353
vt 0.79132575 0.18652600
vt 0.79132575 0.18540847
vt 0.78919232 0.18652600
vt 0.79168141 0.19211352
vt 0.79239255 0.19211352
vt 0.79097027 0.19211352
vt 0.79025912 0.19211352
vt 0.79310369 0.19211352
vt 0.78599221 0.19211352
vt 0.78954792 0.19211352
vt 0.78670335 0.19211352
vt 0.78883678 0.19211352
vt 0.78741449 0.19211352
vt 0.78812563 0.19211352
vt 0.79203689 0.19099605
vt 0.79203689 0.18987852
vt 0.79203689 0.18876100
vt 0.79203689 0.18764353
vt 0.79203689 0.18652600
vt 0.79203689 0.18540847
vt 0.79168141 0.18429095
vt 0.79239255 0.18429095
vt 0.79097027 0.18429095
vt 0.79025912 0.18429095
vt 0.79310369 0.18429095
vt 0.78599221 0.18429095
vt 0.78954792 0.18429095
vt 0.78670335 0.18429095
vt 0.78883678 0.18429095
vt 0.78741449 0.18429095
vt 0.78812563 0.18429095
vt 0.78919232 0.18764353
vt 0.79274803 0.19099605
vt 0.79274803 0.18987852
vt 0.79274803 0.18876100
vt 0.79274803 0.18764353
vt 0.79274803 0.18652600
vt 0.79274803 0.18540847
vt 0.78919232 0.18876100
vt 0.78919232 0.18987852
vt 0.79345918 0.19099605
vt 0.78563660 0.19099605
vt 0.79345918 0.18987852
vt 0.78563660 0.18987852
vt 0.79345918 0.18876100
vt 0.78563660 0.18876100
vt 0.79345918 0.18764353
vt 0.78563660 0.18764353
vt 0.79345918 0.18652600
vt 0.78563660 0.18652600
vt 0.79345918 0.18540847
vt 0.78563660 0.18540847
vt 0.78919232 0.19099605
vt 0.78848118 0.18540847
vt 0.78634775 0.19099605
vt 0.78634775 0.18987852
vt 0.78634775 0.18876100
vt 0.78634775 0.18764353
vt 0.78634775 0.18652600
vt 0.78634775 0.18540847
vt 0.78848118 0.18652600
vt 0.78848118 0.18764353
vt 0.78705889 0.19099605
vt 0.78705889 0.18987852
vt 0.78705889 0.18876100
vt 0.78705889 0.18764353
vt 0.78705889 0.18652600
vt 0.78705889 0.18540847
vt 0.78848118 0.18876100
vt 0.78848118 0.18987852
vt 0.78777003 0.19099605
vt 0.78777003 0.18987852
vt 0.78777003 0.18876100
vt 0.78777003 0.18764353
vt 0.78777003 0.18652600
vt 0.78777003 0.18540847
vt 0.78848118 0.19099605
vt 0.79132575 0.18652600
vt 0.79132575 0.18540847
vt 0.79168141 0.19211352
vt 0.79239255 0.19211352
vt 0.79097027 0.19211352
vt 0.79025912 0.19211352
vt 0.79310369 0.19211352
vt 0.78599221 0.19211352
vt 0.78954792 0.19211352
vt 0.78670335 0.19211352
vt 0.78883678 0.19211352
vt 0.78741449 0.19211352
vt 0.78812563 0.19211352
vt 0.79203689 0.19099605
vt 0.79203689 0.18987852
vt 0.79203689 0.18876100
vt 0.79203689 0.18764353
vt 0.79203689 0.18652600
vt 0.79203689 0.18540847
vt 0.79168141 0.18429095
vt 0.79239255 0.18429095
vt 0.79097027 0.18429095
vt 0.79025912 0.18429095
vt 0.79310369 0.18429095
vt 0.78599221 0.18429095
vt 0.78954792 0.18429095
vt 0.78670335 0.18429095
vt 0.78883678 0.18429095
vt 0.78741449 0.18429095
vt 0.78812563 0.18429095
vt 0.79274803 0.19099605
vt 0.79274803 0.18987852
vt 0.79274803 0.18876100
vt 0.79274803 0.18764353
vt 0.79274803 0.18652600
vt 0.79274803 0.18540847
vt 0.79345918 0.19099605
vt 0.78563660 0.19099605
vt 0.79345918 0.18987852
vt 0.78563660 0.18987852
vt 0.79345918 0.18876100
vt 0.78563660 0.18876100
vt 0.79345918 0.18764353
vt 0.78563660 0.18764353
vt 0.79345918 0.18652600
vt 0.78563660 0.18652600
vt 0.79345918 0.18540847
vt 0.78563660 0.18540847
vt 0.78634775 0.19099605
vt 0.78634775 0.18987852
vt 0.78634775 0.18876100
vt 0.78634775 0.18764353
vt 0.78634775 0.18652600
vt 0.78634775 0.18540847
vt 0.78705889 0.19099605
vt 0.78705889 0.18987852
vt 0.78705889 0.18876100
vt 0.78705889 0.18764353
vt 0.78705889 0.18652600
vt 0.78705889 0.18540847
vt 0.78777003 0.19099605
vt 0.78777003 0.18987852
vt 0.78777003 0.18876100
vt 0.78777003 0.18764353
vt 0.78777003 0.18652600
vt 0.78777003 0.18540847
vt 0.79132575 0.18764353
vt 0.79132575 0.18876100
vt 0.79132575 0.18987852
vt 0.79132575 0.19099605
vt 0.79061460 0.18540847
vt 0.79061460 0.18652600
vt 0.79061460 0.18764353
vt 0.79061460 0.18876100
vt 0.79061460 0.18987852
vt 0.79061460 0.19099605
vt 0.78990346 0.18540847
vt 0.78990346 0.18652600
vt 0.78990346 0.18764353
vt 0.78990346 0.18876100
vt 0.78990346 0.18987852
vt 0.78990346 0.19099605
vt 0.78919232 0.18540847
vt 0.78919232 0.18652600
vt 0.78919232 0.18764353
vt 0.78919232 0.18876100
vt 0.78919232 0.18987852
vt 0.78919232 0.19099605
vt 0.78848118 0.18540847
vt 0.78848118 0.18652600
vt 0.78848118 0.18764353
vt 0.78848118 0.18876100
vt 0.78848118 0.18987852
vt 0.78848118 0.19099605
vt 0.79132575 0.18652600
vt 0.79132575 0.18540847
vt 0.79168141 0.19211352
vt 0.79239255 0.19211352
vt 0.79097027 0.19211352
vt 0.79025912 0.19211352
vt 0.79310369 0.19211352
vt 0.78599221 0.19211352
vt 0.78954792 0.19211352
vt 0.78670335 0.19211352
vt 0.78883678 0.19211352
vt 0.78741449 0.19211352
vt 0.78812563 0.19211352
vt 0.79203689 0.19099605
vt 0.79203689 0.18987852
vt 0.79203689 0.18876100
vt 0.79203689 0.18764353
vt 0.79203689 0.18652600
vt 0.79203689 0.18540847
vt 0.79168141 0.18429095
vt 0.79239255 0.18429095
vt 0.79097027 0.18429095
vt 0.79025912 0.18429095
vt 0.79310369 0.18429095
vt 0.78599221 0.18429095
vt 0.78954792 0.18429095
vt 0.78670335 0.18429095
vt 0.78883678 0.18429095
vt 0.78741449 0.18429095
vt 0.78812563 0.18429095
vt 0.79274803 0.19099605
vt 0.79274803 0.18987852
vt 0.79274803 0.18876100
vt 0.79274803 0.18764353
vt 0.79274803 0.18652600
vt 0.79274803 0.18540847
vt 0.79345918 0.19099605
vt 0.78563660 0.19099605
vt 0.79345918 0.18987852
vt 0.78563660 0.18987852
vt 0.79345918 0.18876100
vt 0.78563660 0.18876100
vt 0.79345918 0.18764353
vt 0.78563660 0.18764353
vt 0.79345918 0.18652600
vt 0.78563660 0.18652600
vt 0.79345918 0.18540847
vt 0.78563660 0.18540847
vt 0.78634775 0.19099605
vt 0.78634775 0.18987852
vt 0.78634775 0.18876100
vt 0.78634775 0.18764353
vt 0.78634775 0.18652600
vt 0.78634775 0.18540847
vt 0.78705889 0.19099605
vt 0.78705889 0.18987852
vt 0.78705889 0.18876100
vt 0.78705889 0.18764353
vt 0.78705889 0.18652600
vt 0.78705889 0.18540847
vt 0.78777003 0.19099605
vt 0.78777003 0.18987852
vt 0.78777003 0.18876100
vt 0.78777003 0.18764353
vt 0.78777003 0.18652600
vt 0.78777003 0.18540847
vt 0.79132575 0.18764353
vt 0.79132575 0.18876100
vt 0.79132575 0.18987852
vt 0.79132575 0.19099605
vt 0.79061460 0.18540847
vt 0.79061460 0.18652600
vt 0.79061460 0.18764353
vt 0.79061460 0.18876100
vt 0.79061460 0.18987852
vt 0.79061460 0.19099605
vt 0.78990346 0.18540847
vt 0.78990346 0.18652600
vt 0.78990346 0.18764353
vt 0.78990346 0.18876100
vt 0.78990346 0.18987852
vt 0.78990346 0.19099605
vt 0.78919232 0.18540847
vt 0.78919232 0.18652600
vt 0.78919232 0.18764353
vt 0.78919232 0.18876100
vt 0.78919232 0.18987852
vt 0.78919232 0.19099605
vt 0.78848118 0.18540847
vt 0.78848118 0.18652600
vt 0.78848118 0.18764353
vt 0.78848118 0.18876100
vt 0.78848118 0.18987852
vt 0.78848118 0.19099605
vt 0.79132575 0.18652600
vt 0.79132575 0.18540847
vt 0.79168141 0.19211352
vt 0.79239255 0.19211352
vt 0.79097027 0.19211352
vt 0.79025912 0.19211352
vt 0.79310369 0.19211352
vt 0.78599221 0.19211352
vt 0.78954792 0.19211352
vt 0.78883678 0.19211352
vt 0.78670335 0.19211352
vt 0.78741449 0.19211352
vt 0.78812563 0.19211352
vt 0.79203689 0.19099605
vt 0.79203689 0.18987852
vt 0.79203689 0.18876100
vt 0.79203689 0.18764353
vt 0.79203689 0.18652600
vt 0.79203689 0.18540847
vt 0.79168141 0.18429095
vt 0.79239255 0.18429095
vt 0.79097027 0.18429095
vt 0.79025912 0.18429095
vt 0.79310369 0.18429095
vt 0.78599221 0.18429095
vt 0.78954792 0.18429095
vt 0.78670335 0.18429095
vt 0.78883678 0.18429095
vt 0.78741449 0.18429095
vt 0.78812563 0.18429095
vt 0.79274803 0.19099605
vt 0.79274803 0.18987852
vt 0.79274803 0.18876100
vt 0.79274803 0.18764353
vt 0.79274803 0.18652600
vt 0.79274803 0.18540847
vt 0.79345918 0.19099605
vt 0.78563660 0.19099605
vt 0.79345918 0.18987852
vt 0.78563660 0.18987852
vt 0.79345918 0.18876100
vt 0.78563660 0.18876100
vt 0.79345918 0.18764353
vt 0.78563660 0.18764353
vt 0.79345918 0.18652600
vt 0.78563660 0.18652600
vt 0.79345918 0.18540847
vt 0.78563660 0.18540847
vt 0.78634775 0.19099605
vt 0.78634775 0.18987852
vt 0.78634775 0.18876100
vt 0.78634775 0.18764353
vt 0.78634775 0.18652600
vt 0.78634775 0.18540847
vt 0.78705889 0.19099605
vt 0.78705889 0.18987852
vt 0.78705889 0.18876100
vt 0.78705889 0.18764353
vt 0.78705889 0.18652600
vt 0.78705889 0.18540847
vt 0.78777003 0.19099605
vt 0.78777003 0.18987852
vt 0.78777003 0.18876100
vt 0.78777003 0.18764353
vt 0.78777003 0.18652600
vt 0.78777003 0.18540847
vt 0.79132575 0.18764353
vt 0.79132575 0.18876100
vt 0.79132575 0.18987852
vt 0.79132575 0.19099605
vt 0.79061460 0.18540847
vt 0.79061460 0.18652600
vt 0.79061460 0.18764353
vt 0.79061460 0.18876100
vt 0.79061460 0.18987852
vt 0.79061460 0.19099605
vt 0.78990346 0.18540847
vt 0.78990346 0.18652600
vt 0.78990346 0.18764353
vt 0.78990346 0.18876100
vt 0.78990346 0.18987852
vt 0.78990346 0.19099605
vt 0.78919232 0.18540847
vt 0.78919232 0.18652600
vt 0.78919232 0.18764353
vt 0.78919232 0.18876100
vt 0.78919232 0.18987852
vt 0.78919232 0.19099605
vt 0.78848118 0.18540847
vt 0.78848118 0.18652600
vt 0.78848118 0.18764353
vt 0.78848118 0.18876100
vt 0.78848118 0.18987852
vt 0.78848118 0.19099605
vt 0.79132575 0.18652600
vt 0.79132575 0.18540847
vt 0.79168141 0.19211352
vt 0.79239255 0.19211352
vt 0.79097027 0.19211352
vt 0.79025912 0.19211352
vt 0.79310369 0.19211352
vt 0.78599221 0.19211352
vt 0.78954792 0.19211352
vt 0.78883678 0.19211352
vt 0.78670335 0.19211352
vt 0.78741449 0.19211352
vt 0.78812563 0.19211352
vt 0.79203689 0.19099605
vt 0.79203689 0.18987852
vt 0.79203689 0.18876100
vt 0.79203689 0.18764353
vt 0.79203689 0.18652600
vt 0.79203689 0.18540847
vt 0.79168141 0.18429095
vt 0.79239255 0.18429095
vt 0.79097027 0.18429095
vt 0.79025912 0.18429095
vt 0.79310369 0.18429095
vt 0.78599221 0.18429095
vt 0.78954792 0.18429095
vt 0.78670335 0.18429095
vt 0.78883678 0.18429095
vt 0.78741449 0.18429095
vt 0.78812563 0.18429095
vt 0.79274803 0.19099605
vt 0.79274803 0.18987852
vt 0.79274803 0.18876100
vt 0.79274803 0.18764353
vt 0.79274803 0.18652600
vt 0.79274803 0.18540847
vt 0.79345918 0.19099605
vt 0.78563660 0.19099605
vt 0.79345918 0.18987852
vt 0.78563660 0.18987852
vt 0.79345918 0.18876100
vt 0.78563660 0.18876100
vt 0.79345918 0.18764353
vt 0.78563660 0.18764353
vt 0.79345918 0.18652600
vt 0.78563660 0.18652600
vt 0.79345918 0.18540847
vt 0.78563660 0.18540847
vt 0.78634775 0.19099605
vt 0.78634775 0.18987852
vt 0.78634775 0.18876100
vt 0.78634775 0.18764353
vt 0.78634775 0.18652600
vt 0.78634775 0.18540847
vt 0.78705889 0.19099605
vt 0.78705889 0.18987852
vt 0.78705889 0.18876100
vt 0.78705889 0.18764353
vt 0.78705889 0.18652600
vt 0.78705889 0.18540847
vt 0.78777003 0.19099605
vt 0.78777003 0.18987852
vt 0.78777003 0.18876100
vt 0.78777003 0.18764353
vt 0.78777003 0.18652600
vt 0.78777003 0.18540847
vt 0.79132575 0.18764353
vt 0.79132575 0.18876100
vt 0.79132575 0.18987852
vt 0.79132575 0.19099605
vt 0.79061460 0.18540847
vt 0.79061460 0.18652600
vt 0.79061460 0.18764353
vt 0.79061460 0.18876100
vt 0.79061460 0.18987852
vt 0.79061460 0.19099605
vt 0.78990346 0.18540847
vt 0.78990346 0.18652600
vt 0.78990346 0.18764353
vt 0.78990346 0.18876100
vt 0.78990346 0.18987852
vt 0.78990346 0.19099605
vt 0.78919232 0.18540847
vt 0.78919232 0.18652600
vt 0.78919232 0.18764353
vt 0.78919232 0.18876100
vt 0.78919232 0.18987852
vt 0.78919232 0.19099605
vt 0.78848118 0.18540847
vt 0.78848118 0.18652600
vt 0.78848118 0.18764353
vt 0.78848118 0.18876100
vt 0.78848118 0.18987852
vt 0.78848118 0.19099605
vt 0.79132575 0.18652600
vt 0.79132575 0.18540847
vt 0.79168141 0.19211352
vt 0.79239255 0.19211352
vt 0.79097027 0.19211352
vt 0.79025912 0.19211352
vt 0.79310369 0.19211352
vt 0.78599221 0.19211352
vt 0.78954792 0.19211352
vt 0.78883678 0.19211352
vt 0.78670335 0.19211352
vt 0.78741449 0.19211352
vt 0.78812563 0.19211352
vt 0.79203689 0.19099605
vt 0.79203689 0.18987852
vt 0.79203689 0.18876100
vt 0.79203689 0.18764353
vt 0.79203689 0.18652600
vt 0.79203689 0.18540847
vt 0.79168141 0.18429095
vt 0.79097027 0.18429095
vt 0.79239255 0.18429095
vt 0.79025912 0.18429095
vt 0.79310369 0.18429095
vt 0.78599221 0.18429095
vt 0.78954792 0.18429095
vt 0.78670335 0.18429095
vt 0.78883678 0.18429095
vt 0.78741449 0.18429095
vt 0.78812563 0.18429095
vt 0.79274803 0.19099605
vt 0.79274803 0.18987852
vt 0.79274803 0.18876100
vt 0.79274803 0.18764353
vt 0.79274803 0.18652600
vt 0.79274803 0.18540847
vt 0.79345918 0.19099605
vt 0.78563660 0.19099605
vt 0.79345918 0.18987852
vt 0.78563660 0.18987852
vt 0.79345918 0.18876100
vt 0.78563660 0.18876100
vt 0.79345918 0.18764353
vt 0.78563660 0.18764353
vt 0.79345918 0.18652600
vt 0.78563660 0.18652600
vt 0.79345918 0.18540847
vt 0.78563660 0.18540847
vt 0.78634775 0.19099605
vt 0.78634775 0.18987852
vt 0.78634775 0.18876100
vt 0.78634775 0.18764353
vt 0.78634775 0.18652600
vt 0.78634775 0.18540847
vt 0.78705889 0.19099605
vt 0.78705889 0.18987852
vt 0.78705889 0.18876100
vt 0.78705889 0.18764353
vt 0.78705889 0.18652600
vt 0.78705889 0.18540847
vt 0.78777003 0.19099605
vt 0.78777003 0.18987852
vt 0.78777003 0.18876100
vt 0.78777003 0.18764353
vt 0.78777003 0.18652600
vt 0.78777003 0.18540847
vt 0.79132575 0.18764353
vt 0.79132575 0.18876100
vt 0.79132575 0.18987852
vt 0.79132575 0.19099605
vt 0.79061460 0.18540847
vt 0.79061460 0.18652600
vt 0.79061460 0.18764353
vt 0.79061460 0.18876100
vt 0.79061460 0.18987852
vt 0.79061460 0.19099605
vt 0.78990346 0.18540847
vt 0.78990346 0.18652600
vt 0.78990346 0.18764353
vt 0.78990346 0.18876100
vt 0.78990346 0.18987852
vt 0.78990346 0.19099605
vt 0.78919232 0.18540847
vt 0.78919232 0.18652600
vt 0.78919232 0.18764353
vt 0.78919232 0.18876100
vt 0.78919232 0.18987852
vt 0.78919232 0.19099605
vt 0.78848118 0.18540847
vt 0.78848118 0.18652600
vt 0.78848118 0.18764353
vt 0.78848118 0.18876100
vt 0.78848118 0.18987852
vt 0.78848118 0.19099605
vt 0.79132575 0.18652600
vt 0.79132575 0.18540847
vt 0.79168141 0.19211352
vt 0.79239255 0.19211352
vt 0.79097027 0.19211352
vt 0.79025912 0.19211352
vt 0.79310369 0.19211352
vt 0.78599221 0.19211352
vt 0.78954792 0.19211352
vt 0.78883678 0.19211352
vt 0.78670335 0.19211352
vt 0.78741449 0.19211352
vt 0.78812563 0.19211352
vt 0.79203689 0.19099605
vt 0.79203689 0.18987852
vt 0.79203689 0.18876100
vt 0.79203689 0.18764353
vt 0.79203689 0.18652600
vt 0.79203689 0.18540847
vt 0.79168141 0.18429095
vt 0.79239255 0.18429095
vt 0.79097027 0.18429095
vt 0.79025912 0.18429095
vt 0.79310369 0.18429095
vt 0.78599221 0.18429095
vt 0.78954792 0.18429095
vt 0.78670335 0.18429095
vt 0.78883678 0.18429095
vt 0.78741449 0.18429095
vt 0.78812563 0.18429095
vt 0.79274803 0.19099605
vt 0.79274803 0.18987852
vt 0.79274803 0.18876100
vt 0.79274803 0.18764353
vt 0.79274803 0.18652600
vt 0.79274803 0.18540847
vt 0.79345918 0.19099605
vt 0.78563660 0.19099605
vt 0.79345918 0.18987852
vt 0.78563660 0.18987852
vt 0.79345918 0.18876100
vt 0.78563660 0.18876100
vt 0.79345918 0.18764353
vt 0.78563660 0.18764353
vt 0.79345918 0.18652600
vt 0.78563660 0.18652600
vt 0.79345918 0.18540847
vt 0.78563660 0.18540847
vt 0.78634775 0.19099605
vt 0.78634775 0.18987852
vt 0.78634775 0.18876100
vt 0.78634775 0.18764353
vt 0.78634775 0.18652600
vt 0.78634775 0.18540847
vt 0.78705889 0.19099605
vt 0.78705889 0.18987852
vt 0.78705889 0.18876100
vt 0.78705889 0.18764353
vt 0.78705889 0.18652600
vt 0.78705889 0.18540847
vt 0.78777003 0.19099605
vt 0.78777003 0.18987852
vt 0.78777003 0.18876100
vt 0.78777003 0.18764353
vt 0.78777003 0.18652600
vt 0.78777003 0.18540847
vt 0.79132575 0.18764353
vt 0.79132575 0.18876100
vt 0.79132575 0.18987852
vt 0.79132575 0.19099605
vt 0.79061460 0.18540847
vt 0.79061460 0.18652600
vt 0.79061460 0.18764353
vt 0.79061460 0.18876100
vt 0.79061460 0.18987852
vt 0.79061460 0.19099605
vt 0.78990346 0.18540847
vt 0.78990346 0.18652600
vt 0.78990346 0.18764353
vt 0.78990346 0.18876100
vt 0.78990346 0.18987852
vt 0.78990346 0.19099605
vt 0.78919232 0.18540847
vt 0.78919232 0.18652600
vt 0.78919232 0.18764353
vt 0.78919232 0.18876100
vt 0.78919232 0.18987852
vt 0.78919232 0.19099605
vt 0.78848118 0.18540847
vt 0.78848118 0.18652600
vt 0.78848118 0.18764353
vt 0.78848118 0.18876100
vt 0.78848118 0.18987852
vt 0.78848118 0.19099605
vt 0.79132575 0.18652600
vt 0.79132575 0.18540847
vt 0.79168141 0.19211352
vt 0.79239255 0.19211352
vt 0.79097027 0.19211352
vt 0.79025912 0.19211352
vt 0.79310369 0.19211352
vt 0.78599221 0.19211352
vt 0.78954792 0.19211352
vt 0.78883678 0.19211352
vt 0.78670335 0.19211352
vt 0.78741449 0.19211352
vt 0.78812563 0.19211352
vt 0.79203689 0.19099605
vt 0.79203689 0.18987852
vt 0.79203689 0.18876100
vt 0.79203689 0.18764353
vt 0.79203689 0.18652600
vt 0.79203689 0.18540847
vt 0.79168141 0.18429095
vt 0.79239255 0.18429095
vt 0.79097027 0.18429095
vt 0.79025912 0.18429095
vt 0.79310369 0.18429095
vt 0.78599221 0.18429095
vt 0.78954792 0.18429095
vt 0.78670335 0.18429095
vt 0.78883678 0.18429095
vt 0.78741449 0.18429095
vt 0.78812563 0.18429095
vt 0.79274803 0.19099605
vt 0.79274803 0.18987852
vt 0.79274803 0.18876100
vt 0.79274803 0.18764353
vt 0.79274803 0.18652600
vt 0.79274803 0.18540847
vt 0.79345918 0.19099605
vt 0.78563660 0.19099605
vt 0.79345918 0.18987852
vt 0.78563660 0.18987852
vt 0.79345918 0.18876100
vt 0.78563660 0.18876100
vt 0.79345918 0.18764353
vt 0.78563660 0.18764353
vt 0.79345918 0.18652600
vt 0.78563660 0.18652600
vt 0.79345918 0.18540847
vt 0.78563660 0.18540847
vt 0.78634775 0.19099605
vt 0.78634775 0.18987852
vt 0.78634775 0.18876100
vt 0.78634775 0.18764353
vt 0.78634775 0.18652600
vt 0.78634775 0.18540847
vt 0.78705889 0.19099605
vt 0.78705889 0.18987852
vt 0.78705889 0.18876100
vt 0.78705889 0.18764353
vt 0.78705889 0.18652600
vt 0.78705889 0.18540847
vt 0.78777003 0.19099605
vt 0.78777003 0.18987852
vt 0.78777003 0.18876100
vt 0.78777003 0.18764353
vt 0.78777003 0.18652600
vt 0.78777003 0.18540847
vt 0.79132575 0.18764353
vt 0.79132575 0.18876100
vt 0.79132575 0.18987852
vt 0.79132575 0.19099605
vt 0.79061460 0.18540847
vt 0.79061460 0.18652600
vt 0.79061460 0.18764353
vt 0.79061460 0.18876100
vt 0.79061460 0.18987852
vt 0.79061460 0.19099605
vt 0.78990346 0.18540847
vt 0.78990346 0.18652600
vt 0.78990346 0.18764353
vt 0.78990346 0.18876100
vt 0.78990346 0.18987852
vt 0.78990346 0.19099605
vt 0.78919232 0.18540847
vt 0.78919232 0.18652600
vt 0.78919232 0.18764353
vt 0.78919232 0.18876100
vt 0.78919232 0.18987852
vt 0.78919232 0.19099605
vt 0.78848118 0.18540847
vt 0.78848118 0.18652600
vt 0.78848118 0.18764353
vt 0.78848118 0.18876100
vt 0.78848118 0.18987852
vt 0.78848118 0.19099605
vt 0.79132575 0.18652600
vt 0.79132575 0.18540847
vt 0.79168141 0.19211352
vt 0.79239255 0.19211352
vt 0.79097027 0.19211352
vt 0.79025912 0.19211352
vt 0.79310369 0.19211352
vt 0.78599221 0.19211352
vt 0.78954792 0.19211352
vt 0.78883678 0.19211352
vt 0.78670335 0.19211352
vt 0.78741449 0.19211352
vt 0.78812563 0.19211352
vt 0.79203689 0.19099605
vt 0.79203689 0.18987852
vt 0.79203689 0.18876100
vt 0.79203689 0.18764353
vt 0.79203689 0.18652600
vt 0.79203689 0.18540847
vt 0.79168141 0.18429095
vt 0.79239255 0.18429095
vt 0.79097027 0.18429095
vt 0.79025912 0.18429095
vt 0.79310369 0.18429095
vt 0.78599221 0.18429095
vt 0.78954792 0.18429095
vt 0.78670335 0.18429095
vt 0.78883678 0.18429095
vt 0.78741449 0.18429095
vt 0.78812563 0.18429095
vt 0.79274803 0.19099605
vt 0.79274803 0.18987852
vt 0.79274803 0.18876100
vt 0.79274803 0.18764353
vt 0.79274803 0.18652600
vt 0.79274803 0.18540847
vt 0.79345918 0.19099605
vt 0.78563660 0.19099605
vt 0.79345918 0.18987852
vt 0.78563660 0.18987852
vt 0.79345918 0.18876100
vt 0.78563660 0.18876100
vt 0.79345918 0.18764353
vt 0.78563660 0.18764353
vt 0.79345918 0.18652600
vt 0.78563660 0.18652600
vt 0.79345918 0.18540847
vt 0.78563660 0.18540847
vt 0.78634775 0.19099605
vt 0.78634775 0.18987852
vt 0.78634775 0.18876100
vt 0.78634775 0.18764353
vt 0.78634775 0.18652600
vt 0.78634775 0.18540847
vt 0.78705889 0.19099605
vt 0.78705889 0.18987852
vt 0.78705889 0.18876100
vt 0.78705889 0.18764353
vt 0.78705889 0.18652600
vt 0.78705889 0.18540847
vt 0.78777003 0.19099605
vt 0.78777003 0.18987852
vt 0.78777003 0.18876100
vt 0.78777003 0.18764353
vt 0.78777003 0.18652600
vt 0.78777003 0.18540847
vt 0.79132575 0.18764353
vt 0.79132575 0.18876100
vt 0.79132575 0.18987852
vt 0.79132575 0.19099605
vt 0.79061460 0.18540847
vt 0.79061460 0.18652600
vt 0.79061460 0.18764353
vt 0.79061460 0.18876100
vt 0.79061460 0.18987852
vt 0.79061460 0.19099605
vt 0.78990346 0.18540847
vt 0.78990346 0.18652600
vt 0.78990346 0.18764353
vt 0.78990346 0.18876100
vt 0.78990346 0.18987852
vt 0.78990346 0.19099605
vt 0.78919232 0.18540847
vt 0.78919232 0.18652600
vt 0.78919232 0.18764353
vt 0.78919232 0.18876100
vt 0.78919232 0.18987852
vt 0.78919232 0.19099605
vt 0.78848118 0.18540847
vt 0.78848118 0.18652600
vt 0.78848118 0.18764353
vt 0.78848118 0.18876100
vt 0.78848118 0.18987852
vt 0.78848118 0.19099605
vt 0.79132575 0.18652600
vt 0.79132575 0.18540847
vt 0.79168141 0.19211352
vt 0.79239255 0.19211352
vt 0.79097027 0.19211352
vt 0.79025912 0.19211352
vt 0.79310369 0.19211352
vt 0.78599221 0.19211352
vt 0.78954792 0.19211352
vt 0.78883678 0.19211352
vt 0.78670335 0.19211352
vt 0.78741449 0.19211352
vt 0.78812563 0.19211352
vt 0.79203689 0.19099605
vt 0.79203689 0.18987852
vt 0.79203689 0.18876100
vt 0.79203689 0.18764353
vt 0.79203689 0.18652600
vt 0.79203689 0.18540847
vt 0.79168141 0.18429095
vt 0.79239255 0.18429095
vt 0.79097027 0.18429095
vt 0.79025912 0.18429095
vt 0.79310369 0.18429095
vt 0.78599221 0.18429095
vt 0.78954792 0.18429095
vt 0.78670335 0.18429095
vt 0.78883678 0.18429095
vt 0.78741449 0.18429095
vt 0.78812563 0.18429095
vt 0.79274803 0.19099605
vt 0.79274803 0.18987852
vt 0.79274803 0.18876100
vt 0.79274803 0.18764353
vt 0.79274803 0.18652600
vt 0.79274803 0.18540847
vt 0.79345918 0.19099605
vt 0.78563660 0.19099605
vt 0.79345918 0.18987852
vt 0.78563660 0.18987852
vt 0.79345918 0.18876100
vt 0.78563660 0.18876100
vt 0.79345918 0.18764353
vt 0.78563660 0.18764353
vt 0.79345918 0.18652600
vt 0.78563660 0.18652600
vt 0.79345918 0.18540847
vt 0.78563660 0.18540847
vt 0.78634775 0.19099605
vt 0.78634775 0.18987852
vt 0.78634775 0.18876100
vt 0.78634775 0.18764353
vt 0.78634775 0.18652600
vt 0.78634775 0.18540847
vt 0.78705889 0.19099605
vt 0.78705889 0.18987852
vt 0.78705889 0.18876100
vt 0.78705889 0.18764353
vt 0.78705889 0.18652600
vt 0.78705889 0.18540847
vt 0.78777003 0.19099605
vt 0.78777003 0.18987852
vt 0.78777003 0.18876100
vt 0.78777003 0.18764353
vt 0.78777003 0.18652600
vt 0.78777003 0.18540847
vt 0.79132575 0.18764353
vt 0.79132575 0.18876100
vt 0.79132575 0.18987852
vt 0.79132575 0.19099605
vt 0.79061460 0.18540847
vt 0.79061460 0.18652600
vt 0.79061460 0.18764353
vt 0.79061460 0.18876100
vt 0.79061460 0.18987852
vt 0.79061460 0.19099605
vt 0.78990346 0.18540847
vt 0.78990346 0.18652600
vt 0.78990346 0.18764353
vt 0.78990346 0.18876100
vt 0.78990346 0.18987852
vt 0.78990346 0.19099605
vt 0.78919232 0.18540847
vt 0.78919232 0.18652600
vt 0.78919232 0.18764353
vt 0.78919232 0.18876100
vt 0.78919232 0.18987852
vt 0.78919232 0.19099605
vt 0.78848118 0.18540847
vt 0.78848118 0.18652600
vt 0.78848118 0.18764353
vt 0.78848118 0.18876100
vt 0.78848118 0.18987852
vt 0.78848118 0.19099605
vt 0.79132575 0.18652600
vt 0.79132575 0.18540847
vt 0.79168141 0.19211352
vt 0.79239255 0.19211352
vt 0.79097027 0.19211352
vt 0.79025912 0.19211352
vt 0.79310369 0.19211352
vt 0.78599221 0.19211352
vt 0.78954792 0.19211352
vt 0.78883678 0.19211352
vt 0.78670335 0.19211352
vt 0.78741449 0.19211352
vt 0.78812563 0.19211352
vt 0.79203689 0.19099605
vt 0.79203689 0.18987852
vt 0.79203689 0.18876100
vt 0.79203689 0.18764353
vt 0.79203689 0.18652600
vt 0.79203689 0.18540847
vt 0.79168141 0.18429095
vt 0.79239255 0.18429095
vt 0.79097027 0.18429095
vt 0.79025912 0.18429095
vt 0.79310369 0.18429095
vt 0.78599221 0.18429095
vt 0.78954792 0.18429095
vt 0.78670335 0.18429095
vt 0.78883678 0.18429095
vt 0.78741449 0.18429095
vt 0.78812563 0.18429095
vt 0.79274803 0.19099605
vt 0.79274803 0.18987852
vt 0.79274803 0.18876100
vt 0.79274803 0.18764353
vt 0.79274803 0.18652600
vt 0.79274803 0.18540847
vt 0.79345918 0.19099605
vt 0.78563660 0.19099605
vt 0.79345918 0.18987852
vt 0.78563660 0.18987852
vt 0.79345918 0.18876100
vt 0.78563660 0.18876100
vt 0.79345918 0.18764353
vt 0.78563660 0.18764353
vt 0.79345918 0.18652600
vt 0.78563660 0.18652600
vt 0.79345918 0.18540847
vt 0.78563660 0.18540847
vt 0.78634775 0.19099605
vt 0.78634775 0.18987852
vt 0.78634775 0.18876100
vt 0.78634775 0.18764353
vt 0.78634775 0.18652600
vt 0.78634775 0.18540847
vt 0.78705889 0.19099605
vt 0.78705889 0.18987852
vt 0.78705889 0.18876100
vt 0.78705889 0.18764353
vt 0.78705889 0.18652600
vt 0.78705889 0.18540847
vt 0.78777003 0.19099605
vt 0.78777003 0.18987852
vt 0.78777003 0.18876100
vt 0.78777003 0.18764353
vt 0.78777003 0.18652600
vt 0.78777003 0.18540847
vt 0.79132575 0.18764353
vt 0.79132575 0.18876100
vt 0.79132575 0.18987852
vt 0.79132575 0.19099605
vt 0.79061460 0.18540847
vt 0.79061460 0.18652600
vt 0.79061460 0.18764353
vt 0.79061460 0.18876100
vt 0.79061460 0.18987852
vt 0.79061460 0.19099605
vt 0.78990346 0.18540847
vt 0.78990346 0.18652600
vt 0.78990346 0.18764353
vt 0.78990346 0.18876100
vt 0.78990346 0.18987852
vt 0.78990346 0.19099605
vt 0.78919232 0.18540847
vt 0.78919232 0.18652600
vt 0.78919232 0.18764353
vt 0.78919232 0.18876100
vt 0.78919232 0.18987852
vt 0.78919232 0.19099605
vt 0.78848118 0.18540847
vt 0.78848118 0.18652600
vt 0.78848118 0.18764353
vt 0.78848118 0.18876100
vt 0.78848118 0.18987852
vt 0.78848118 0.19099605
vt 0.79132575 0.18652600
vt 0.79132575 0.18540847
vt 0.79168141 0.19211352
vt 0.79239255 0.19211352
vt 0.79097027 0.19211352
vt 0.79025912 0.19211352
vt 0.79310369 0.19211352
vt 0.78599221 0.19211352
vt 0.78954792 0.19211352
vt 0.78883678 0.19211352
vt 0.78670335 0.19211352
vt 0.78741449 0.19211352
vt 0.78812563 0.19211352
vt 0.79203689 0.19099605
vt 0.79203689 0.18987852
vt 0.79203689 0.18876100
vt 0.79203689 0.18764353
vt 0.79203689 0.18652600
vt 0.79203689 0.18540847
vt 0.79168141 0.18429095
vt 0.79239255 0.18429095
vt 0.79097027 0.18429095
vt 0.79025912 0.18429095
vt 0.79310369 0.18429095
vt 0.78599221 0.18429095
vt 0.78954792 0.18429095
vt 0.78670335 0.18429095
vt 0.78883678 0.18429095
vt 0.78741449 0.18429095
vt 0.78812563 0.18429095
vt 0.79274803 0.19099605
vt 0.79274803 0.18987852
vt 0.79274803 0.18876100
vt 0.79274803 0.18764353
vt 0.79274803 0.18652600
vt 0.79274803 0.18540847
vt 0.79345918 0.19099605
vt 0.78563660 0.19099605
vt 0.79345918 0.18987852
vt 0.78563660 0.18987852
vt 0.79345918 0.18876100
vt 0.78563660 0.18876100
vt 0.79345918 0.18764353
vt 0.78563660 0.18764353
vt 0.79345918 0.18652600
vt 0.78563660 0.18652600
vt 0.79345918 0.18540847
vt 0.78563660 0.18540847
vt 0.78634775 0.19099605
vt 0.78634775 0.18987852
vt 0.78634775 0.18876100
vt 0.78634775 0.18764353
vt 0.78634775 0.18652600
vt 0.78634775 0.18540847
vt 0.78705889 0.19099605
vt 0.78705889 0.18987852
vt 0.78705889 0.18876100
vt 0.78705889 0.18764353
vt 0.78705889 0.18652600
vt 0.78705889 0.18540847
vt 0.78777003 0.19099605
vt 0.78777003 0.18987852
vt 0.78777003 0.18876100
vt 0.78777003 0.18764353
vt 0.78777003 0.18652600
vt 0.78777003 0.18540847
vt 0.79132575 0.18764353
vt 0.79132575 0.18876100
vt 0.79132575 0.18987852
vt 0.79132575 0.19099605
vt 0.79061460 0.18540847
vt 0.79061460 0.18652600
vt 0.79061460 0.18764353
vt 0.79061460 0.18876100
vt 0.79061460 0.18987852
vt 0.79061460 0.19099605
vt 0.78990346 0.18540847
vt 0.78990346 0.18652600
vt 0.78990346 0.18764353
vt 0.78990346 0.18876100
vt 0.78990346 0.18987852
vt 0.78990346 0.19099605
vt 0.78919232 0.18540847
vt 0.78919232 0.18652600
vt 0.78919232 0.18764353
vt 0.78919232 0.18876100
vt 0.78919232 0.18987852
vt 0.78919232 0.19099605
vt 0.78848118 0.18540847
vt 0.78848118 0.18652600
vt 0.78848118 0.18764353
vt 0.78848118 0.18876100
vt 0.78848118 0.18987852
vt 0.78848118 0.19099605
vt 0.79132575 0.18652600
vt 0.79132575 0.18540847
vt 0.79168141 0.19211352
vt 0.79239255 0.19211352
vt 0.79097027 0.19211352
vt 0.79025912 0.19211352
vt 0.79310369 0.19211352
vt 0.78599221 0.19211352
vt 0.78954792 0.19211352
vt 0.78883678 0.19211352
vt 0.78670335 0.19211352
vt 0.78741449 0.19211352
vt 0.78812563 0.19211352
vt 0.79203689 0.19099605
vt 0.79203689 0.18987852
vt 0.79203689 0.18876100
vt 0.79203689 0.18764353
vt 0.79203689 0.18652600
vt 0.79203689 0.18540847
vt 0.79168141 0.18429095
vt 0.79239255 0.18429095
vt 0.79097027 0.18429095
vt 0.79025912 0.18429095
vt 0.79310369 0.18429095
vt 0.78599221 0.18429095
vt 0.78954792 0.18429095
vt 0.78670335 0.18429095
vt 0.78883678 0.18429095
vt 0.78741449 0.18429095
vt 0.78812563 0.18429095
vt 0.79274803 0.19099605
vt 0.79274803 0.18987852
vt 0.79274803 0.18876100
vt 0.79274803 0.18764353
vt 0.79274803 0.18652600
vt 0.79274803 0.18540847
vt 0.79345918 0.19099605
vt 0.78563660 0.19099605
vt 0.79345918 0.18987852
vt 0.78563660 0.18987852
vt 0.79345918 0.18876100
vt 0.78563660 0.18876100
vt 0.79345918 0.18764353
vt 0.78563660 0.18764353
vt 0.79345918 0.18652600
vt 0.78563660 0.18652600
vt 0.79345918 0.18540847
vt 0.78563660 0.18540847
vt 0.78634775 0.19099605
vt 0.78634775 0.18987852
vt 0.78634775 0.18876100
vt 0.78634775 0.18764353
vt 0.78634775 0.18652600
vt 0.78634775 0.18540847
vt 0.78705889 0.19099605
vt 0.78705889 0.18987852
vt 0.78705889 0.18876100
vt 0.78705889 0.18764353
vt 0.78705889 0.18652600
vt 0.78705889 0.18540847
vt 0.78777003 0.19099605
vt 0.78777003 0.18987852
vt 0.78777003 0.18876100
vt 0.78777003 0.18764353
vt 0.78777003 0.18652600
vt 0.78777003 0.18540847
vt 0.79132575 0.18764353
vt 0.79132575 0.18876100
vt 0.79132575 0.18987852
vt 0.79132575 0.19099605
vt 0.79061460 0.18540847
vt 0.79061460 0.18652600
vt 0.79061460 0.18764353
vt 0.79061460 0.18876100
vt 0.79061460 0.18987852
vt 0.79061460 0.19099605
vt 0.78990346 0.18540847
vt 0.78990346 0.18652600
vt 0.78990346 0.18764353
vt 0.78990346 0.18876100
vt 0.78990346 0.18987852
vt 0.78990346 0.19099605
vt 0.78919232 0.18540847
vt 0.78919232 0.18652600
vt 0.78919232 0.18764353
vt 0.78919232 0.18876100
vt 0.78919232 0.18987852
vt 0.78919232 0.19099605
vt 0.78848118 0.18540847
vt 0.78848118 0.18652600
vt 0.78848118 0.18764353
vt 0.78848118 0.18876100
vt 0.78848118 0.18987852
vt 0.78848118 0.19099605
vt 0.79132575 0.18652600
vt 0.79132575 0.18540847
vt 0.79168141 0.19211352
vt 0.79097027 0.19211352
vt 0.79239255 0.19211352
vt 0.79025912 0.19211352
vt 0.79310369 0.19211352
vt 0.78599221 0.19211352
vt 0.78954792 0.19211352
vt 0.78883678 0.19211352
vt 0.78670335 0.19211352
vt 0.78741449 0.19211352
vt 0.78812563 0.19211352
vt 0.79203689 0.19099605
vt 0.79203689 0.18987852
vt 0.79203689 0.18876100
vt 0.79203689 0.18764353
vt 0.79203689 0.18652600
vt 0.79203689 0.18540847
vt 0.79168141 0.18429095
vt 0.79239255 0.18429095
vt 0.79097027 0.18429095
vt 0.79025912 0.18429095
vt 0.79310369 0.18429095
vt 0.78599221 0.18429095
vt 0.78954792 0.18429095
vt 0.78670335 0.18429095
vt 0.78883678 0.18429095
vt 0.78741449 0.18429095
vt 0.78812563 0.18429095
vt 0.79274803 0.19099605
vt 0.79274803 0.18987852
vt 0.79274803 0.18876100
vt 0.79274803 0.18764353
vt 0.79274803 0.18652600
vt 0.79274803 0.18540847
vt 0.79345918 0.19099605
vt 0.78563660 0.19099605
vt 0.79345918 0.18987852
vt 0.78563660 0.18987852
vt 0.79345918 0.18876100
vt 0.78563660 0.18876100
vt 0.79345918 0.18764353
vt 0.78563660 0.18764353
vt 0.79345918 0.18652600
vt 0.78563660 0.18652600
vt 0.79345918 0.18540847
vt 0.78563660 0.18540847
vt 0.78634775 0.19099605
vt 0.78634775 0.18987852
vt 0.78634775 0.18876100
vt 0.78634775 0.18764353
vt 0.78634775 0.18652600
vt 0.78634775 0.18540847
vt 0.78705889 0.19099605
vt 0.78705889 0.18987852
vt 0.78705889 0.18876100
vt 0.78705889 0.18764353
vt 0.78705889 0.18652600
vt 0.78705889 0.18540847
vt 0.78777003 0.19099605
vt 0.78777003 0.18987852
vt 0.78777003 0.18876100
vt 0.78777003 0.18764353
vt 0.78777003 0.18652600
vt 0.78777003 0.18540847
vt 0.79132575 0.18764353
vt 0.79132575 0.18876100
vt 0.79132575 0.18987852
vt 0.79132575 0.19099605
vt 0.79061460 0.18540847
vt 0.79061460 0.18652600
vt 0.79061460 0.18764353
vt 0.79061460 0.18876100
vt 0.79061460 0.18987852
vt 0.79061460 0.19099605
vt 0.78990346 0.18540847
vt 0.78990346 0.18652600
vt 0.78990346 0.18764353
vt 0.78990346 0.18876100
vt 0.78990346 0.18987852
vt 0.78990346 0.19099605
vt 0.78919232 0.18540847
vt 0.78919232 0.18652600
vt 0.78919232 0.18764353
vt 0.78919232 0.18876100
vt 0.78919232 0.18987852
vt 0.78919232 0.19099605
vt 0.78848118 0.18540847
vt 0.78848118 0.18652600
vt 0.78848118 0.18764353
vt 0.78848118 0.18876100
vt 0.78848118 0.18987852
vt 0.78848118 0.19099605
vt 0.79132575 0.18652600
vt 0.79132575 0.18540847
vt 0.79168141 0.19211352
vt 0.79239255 0.19211352
vt 0.79097027 0.19211352
vt 0.79025912 0.19211352
vt 0.79310369 0.19211352
vt 0.78599221 0.19211352
vt 0.78954792 0.19211352
vt 0.78883678 0.19211352
vt 0.78670335 0.19211352
vt 0.78741449 0.19211352
vt 0.78812563 0.19211352
vt 0.79203689 0.19099605
vt 0.79203689 0.18987852
vt 0.79203689 0.18876100
vt 0.79203689 0.18764353
vt 0.79203689 0.18652600
vt 0.79203689 0.18540847
vt 0.79168141 0.18429095
vt 0.79239255 0.18429095
vt 0.79097027 0.18429095
vt 0.79025912 0.18429095
vt 0.79310369 0.18429095
vt 0.78599221 0.18429095
vt 0.78954792 0.18429095
vt 0.78670335 0.18429095
vt 0.78883678 0.18429095
vt 0.78741449 0.18429095
vt 0.78812563 0.18429095
vt 0.79274803 0.19099605
vt 0.79274803 0.18987852
vt 0.79274803 0.18876100
vt 0.79274803 0.18764353
vt 0.79274803 0.18652600
vt 0.79274803 0.18540847
vt 0.79345918 0.19099605
vt 0.78563660 0.19099605
vt 0.79345918 0.18987852
vt 0.78563660 0.18987852
vt 0.79345918 0.18876100
vt 0.78563660 0.18876100
vt 0.79345918 0.18764353
vt 0.78563660 0.18764353
vt 0.79345918 0.18652600
vt 0.78563660 0.18652600
vt 0.79345918 0.18540847
vt 0.78563660 0.18540847
vt 0.78634775 0.19099605
vt 0.78634775 0.18987852
vt 0.78634775 0.18876100
vt 0.78634775 0.18764353
vt 0.78634775 0.18652600
vt 0.78634775 0.18540847
vt 0.78705889 0.19099605
vt 0.78705889 0.18987852
vt 0.78705889 0.18876100
vt 0.78705889 0.18764353
vt 0.78705889 0.18652600
vt 0.78705889 0.18540847
vt 0.78777003 0.19099605
vt 0.78777003 0.18987852
vt 0.78777003 0.18876100
vt 0.78777003 0.18764353
vt 0.78777003 0.18652600
vt 0.78777003 0.18540847
vt 0.26512343 0.21448684
vt 0.26518640 0.22604990
vt 0.24348740 0.20407283
vt 0.24347341 0.21448684
vt 0.26518640 0.20292389
vt 0.24348740 0.22490084
vt 0.26512343 0.21448684
vt 0.26518640 0.22604990
vt 0.24348740 0.20407283
vt 0.24347341 0.21448684
vt 0.26518640 0.20292389
vt 0.24348740 0.22490084
vt 0.26512343 0.21448684
vt 0.26518640 0.22604990
vt 0.24348740 0.20407283
vt 0.24347341 0.21448684
vt 0.26518640 0.20292389
vt 0.24348740 0.22490084
vt 0.26512343 0.21448684
vt 0.26518640 0.22604990
vt 0.24348740 0.20407283
vt 0.24347341 0.21448684
vt 0.26518640 0.20292389
vt 0.24348740 0.22490084
vt 0.26512343 0.21448684
vt 0.26518640 0.22604990
vt 0.24348740 0.20407283
vt 0.24347341 0.21448684
vt 0.26518640 0.20292389
vt 0.24348740 0.22490084
vt 0.26512343 0.21448684
vt 0.26512343 0.21448684
vt 0.26518640 0.22604990
vt 0.26518640 0.22604990
vt 0.24348740 0.20407283
vt 0.24347341 0.21448684
vt 0.26518640 0.20292389
vt 0.24348740 0.22490084
vt 0.26512343 0.21448684
vt 0.26512343 0.21448684
vt 0.26518640 0.22604990
vt 0.26518640 0.22604990
vt 0.24348740 0.20407283
vt 0.24347341 0.21448684
vt 0.26518640 0.20292389
vt 0.24348740 0.22490084
vt 0.26512343 0.21448684
vt 0.64625466 0.53339249
vt 0.26518640 0.22604990
vt 0.64625978 0.53433073
vt 0.24348740 0.20407283
vt 0.64449906 0.53254747
vt 0.24347341 0.21448684
vt 0.64449799 0.53339249
vt 0.26518640 0.20292389
vt 0.64625978 0.53245425
vt 0.24348740 0.22490084
vt 0.64449906 0.53423750
vt 0.64625466 0.53339249
vt 0.64625978 0.53433073
vt 0.64449906 0.53254747
vt 0.64449799 0.53339249
vt 0.64625978 0.53245425
vt 0.64449906 0.53423750
vt 0.64625466 0.53339249
vt 0.64625978 0.53433073
vt 0.64449906 0.53254747
vt 0.64449799 0.53339249
vt 0.64625978 0.53245425
vt 0.64449906 0.53423750
vt 0.64625466 0.53339249
vt 0.64625978 0.53433073
vt 0.64449906 0.53254747
vt 0.64449799 0.53339249
vt 0.64625978 0.53245425
vt 0.64449906 0.53423750
vt 0.26512343 0.21448690
vt 0.26512343 0.21448690
vt 0.26512343 0.21448690
vt 0.26512343 0.21448690
vt 0.26518640 0.22604990
vt 0.26518640 0.22604990
vt 0.24348739 0.22490090
vt 0.24348739 0.22490090
vt 0.26518640 0.20292389
vt 0.26518640 0.20292389
vt 0.26518640 0.20292389
vt 0.24347340 0.21448684
vt 0.24347340 0.21448684
vt 0.24347340 0.21448684
vt 0.24348740 0.20407283
f 97/97/97 73/73/73 28/28/28
f 170/170/170 127/127/127 152/152/152
f 263/263/263 200/200/200 240/240/240
f 320/320/320 303/303/303 279/279/279
f 679/679/679 596/596/596 551/551/551
f 623/623/623 548/548/548 557/557/557
f 626/626/626 557/557/557 566/566/566
f 551/551/551 597/597/597 560/560/560
f 560/560/560 599/599/599 569/569/569
f 627/627/627 566/566/566 575/575/575
f 569/569/569 602/602/602 578/578/578
f 630/630/630 575/575/575 584/584/584
f 578/578/578 603/603/603 587/587/587
f 631/631/631 584/584/584 593/593/593
f 633/633/633 593/593/593 613/613/613
f 587/587/587 605/605/605 607/607/607
f 607/607/607 606/606/606 616/616/616
f 634/634/634 613/613/613 622/622/622
f 616/616/616 604/604/604 636/636/636
f 632/632/632 622/622/622 642/642/642
f 636/636/636 601/601/601 646/646/646
f 629/629/629 642/642/642 658/658/658
f 645/645/645 600/600/600 661/661/661
f 628/628/628 657/657/657 667/667/667
f 661/661/661 598/598/598 670/670/670
f 625/625/625 667/667/667 676/676/676
f 670/670/670 595/595/595 679/679/679
f 624/624/624 676/676/676 548/548/548
f 768/768/768 696/696/696 680/680/680
f 722/722/722 682/682/682 659/659/659
f 724/724/724 659/659/659 586/586/586
f 680/680/680 697/697/697 644/644/644
f 644/644/644 699/699/699 585/585/585
f 725/725/725 586/586/586 558/558/558
f 585/585/585 702/702/702 550/550/550
f 728/728/728 558/558/558 687/687/687
f 550/550/550 703/703/703 688/688/688
f 729/729/729 687/687/687 694/694/694
f 731/731/731 694/694/694 713/713/713
f 688/688/688 705/705/705 707/707/707
f 707/707/707 706/706/706 714/714/714
f 732/732/732 713/713/713 720/720/720
f 714/714/714 704/704/704 733/733/733
f 730/730/730 720/720/720 739/739/739
f 733/733/733 701/701/701 741/741/741
f 727/727/727 739/739/739 753/753/753
f 740/740/740 700/700/700 754/754/754
f 726/726/726 752/752/752 760/760/760
f 754/754/754 698/698/698 761/761/761
f 723/723/723 760/760/760 767/767/767
f 761/761/761 695/695/695 768/768/768
f 721/721/721 767/767/767 682/682/682
f 883/883/883 811/811/811 797/797/797
f 837/837/837 798/798/798 791/791/791
f 838/838/838 791/791/791 784/784/784
f 797/797/797 812/812/812 790/790/790
f 790/790/790 814/814/814 783/783/783
f 840/840/840 784/784/784 777/777/777
f 783/783/783 817/817/817 776/776/776
f 843/843/843 777/777/777 802/802/802
f 776/776/776 818/818/818 803/803/803
f 844/844/844 802/802/802 809/809/809
f 846/846/846 809/809/809 828/828/828
f 803/803/803 820/820/820 822/822/822
f 822/822/822 821/821/821 829/829/829
f 847/847/847 828/828/828 835/835/835
f 829/829/829 819/819/819 848/848/848
f 845/845/845 835/835/835 854/854/854
f 848/848/848 816/816/816 856/856/856
f 842/842/842 854/854/854 868/868/868
f 855/855/855 815/815/815 869/869/869
f 841/841/841 867/867/867 875/875/875
f 869/869/869 813/813/813 876/876/876
f 839/839/839 875/875/875 882/882/882
f 876/876/876 810/810/810 883/883/883
f 836/836/836 882/882/882 798/798/798
f 998/998/998 926/926/926 912/912/912
f 952/952/952 913/913/913 906/906/906
f 954/954/954 906/906/906 899/899/899
f 912/912/912 928/928/928 905/905/905
f 905/905/905 929/929/929 898/898/898
f 955/955/955 899/899/899 892/892/892
f 898/898/898 932/932/932 891/891/891
f 958/958/958 892/892/892 917/917/917
f 891/891/891 933/933/933 918/918/918
f 959/959/959 917/917/917 924/924/924
f 961/961/961 924/924/924 943/943/943
f 918/918/918 935/935/935 937/937/937
f 937/937/937 936/936/936 944/944/944
f 962/962/962 943/943/943 950/950/950
f 944/944/944 934/934/934 963/963/963
f 960/960/960 950/950/950 969/969/969
f 963/963/963 931/931/931 971/971/971
f 957/957/957 969/969/969 983/983/983
f 970/970/970 930/930/930 984/984/984
f 956/956/956 982/982/982 990/990/990
f 984/984/984 927/927/927 991/991/991
f 953/953/953 990/990/990 997/997/997
f 991/991/991 925/925/925 998/998/998
f 951/951/951 997/997/997 913/913/913
f 1113/1113/1113 1041/1041/1041 1027/1027/1027
f 1067/1067/1067 1028/1028/1028 1021/1021/1021
f 1068/1068/1068 1021/1021/1021 1014/1014/1014
f 1027/1027/1027 1042/1042/1042 1020/1020/1020
f 1020/1020/1020 1045/1045/1045 1013/1013/1013
f 1070/1070/1070 1014/1014/1014 1007/1007/1007
f 1013/1013/1013 1046/1046/1046 1006/1006/1006
f 1073/1073/1073 1007/1007/1007 1032/1032/1032
f 1006/1006/1006 1048/1048/1048 1033/1033/1033
f 1074/1074/1074 1032/1032/1032 1039/1039/1039
f 1076/1076/1076 1039/1039/1039 1058/1058/1058
f 1033/1033/1033 1050/1050/1050 1052/1052/1052
f 1052/1052/1052 1051/1051/1051 1059/1059/1059
f 1077/1077/1077 1058/1058/1058 1065/1065/1065
f 1059/1059/1059 1049/1049/1049 1078/1078/1078
f 1075/1075/1075 1065/1065/1065 1084/1084/1084
f 1078/1078/1078 1047/1047/1047 1086/1086/1086
f 1072/1072/1072 1084/1084/1084 1098/1098/1098
f 1085/1085/1085 1044/1044/1044 1099/1099/1099
f 1071/1071/1071 1097/1097/1097 1105/1105/1105
f 1099/1099/1099 1043/1043/1043 1106/1106/1106
f 1069/1069/1069 1105/1105/1105 1112/1112/1112
f 1106/1106/1106 1040/1040/1040 1113/1113/1113
f 1066/1066/1066 1112/1112/1112 1028/1028/1028
f 1228/1228/1228 1155/1155/1155 1142/1142/1142
f 1181/1181/1181 1143/1143/1143 1136/1136/1136
f 1183/1183/1183 1136/1136/1136 1129/1129/1129
f 1142/1142/1142 1157/1157/1157 1135/1135/1135
f 1135/1135/1135 1159/1159/1159 1128/1128/1128
f 1185/1185/1185 1129/1129/1129 1122/1122/1122
f 1128/1128/1128 1161/1161/1161 1121/1121/1121
f 1188/1188/1188 1122/1122/1122 1147/1147/1147
f 1121/1121/1121 1163/1163/1163 1148/1148/1148
f 1189/1189/1189 1147/1147/1147 1154/1154/1154
f 1191/1191/1191 1154/1154/1154 1173/1173/1173
f 1148/1148/1148 1165/1165/1165 1167/1167/1167
f 1167/1167/1167 1166/1166/1166 1174/1174/1174
f 1192/1192/1192 1173/1173/1173 1180/1180/1180
f 1174/1174/1174 1164/1164/1164 1193/1193/1193
f 1190/1190/1190 1180/1180/1180 1199/1199/1199
f 1193/1193/1193 1162/1162/1162 1201/1201/1201
f 1187/1187/1187 1199/1199/1199 1213/1213/1213
f 1200/1200/1200 1160/1160/1160 1214/1214/1214
f 1186/1186/1186 1212/1212/1212 1220/1220/1220
f 1214/1214/1214 1158/1158/1158 1221/1221/1221
f 1184/1184/1184 1220/1220/1220 1227/1227/1227
f 1221/1221/1221 1156/1156/1156 1228/1228/1228
f 1182/1182/1182 1227/1227/1227 1143/1143/1143
f 1322/1322/1322 1340/1340/1340 1272/1272/1272
f 1337/1337/1337 1292/1292/1292 1269/1269/1269
f 1323/1323/1323 1272/1272/1272 1278/1278/1278
f 1269/1269/1269 1294/1294/1294 1275/1275/1275
f 1326/1326/1326 1278/1278/1278 1284/1284/1284
f 1275/1275/1275 1297/1297/1297 1281/1281/1281
f 1328/1328/1328 1284/1284/1284 1290/1290/1290
f 1281/1281/1281 1299/1299/1299 1287/1287/1287
f 1329/1329/1329 1290/1290/1290 1304/1304/1304
f 1287/1287/1287 1300/1300/1300 1301/1301/1301
f 1327/1327/1327 1304/1304/1304 1314/1314/1314
f 1301/1301/1301 1298/1298/1298 1308/1308/1308
f 1325/1325/1325 1313/1313/1313 1320/1320/1320
f 1307/1307/1307 1296/1296/1296 1317/1317/1317
f 1324/1324/1324 1320/1320/1320 1334/1334/1334
f 1317/1317/1317 1295/1295/1295 1331/1331/1331
f 1321/1321/1321 1334/1334/1334 1340/1340/1340
f 1331/1331/1331 1293/1293/1293 1337/1337/1337
f 1352/1352/1352 1368/1368/1368 1330/1330/1330
f 1365/1365/1365 1259/1259/1259 1341/1341/1341
f 1354/1354/1354 1330/1330/1330 1305/1305/1305
f 1341/1341/1341 1262/1262/1262 1316/1316/1316
f 1357/1357/1357 1305/1305/1305 1280/1280/1280
f 1316/1316/1316 1264/1264/1264 1291/1291/1291
f 1359/1359/1359 1280/1280/1280 1268/1268/1268
f 1291/1291/1291 1265/1265/1265 1279/1279/1279
f 1360/1360/1360 1268/1268/1268 1255/1255/1255
f 1279/1279/1279 1267/1267/1267 1258/1258/1258
f 1358/1358/1358 1255/1255/1255 1347/1347/1347
f 1258/1258/1258 1266/1266/1266 1254/1254/1254
f 1356/1356/1356 1346/1346/1346 1351/1351/1351
f 1253/1253/1253 1263/1263/1263 1348/1348/1348
f 1355/1355/1355 1351/1351/1351 1364/1364/1364
f 1348/1348/1348 1261/1261/1261 1361/1361/1361
f 1353/1353/1353 1364/1364/1364 1368/1368/1368
f 1361/1361/1361 1260/1260/1260 1365/1365/1365
f 1410/1410/1410 1426/1426/1426 1396/1396/1396
f 1423/1423/1423 1375/1375/1375 1399/1399/1399
f 1412/1412/1412 1396/1396/1396 1392/1392/1392
f 1399/1399/1399 1377/1377/1377 1395/1395/1395
f 1415/1415/1415 1392/1392/1392 1388/1388/1388
f 1395/1395/1395 1380/1380/1380 1391/1391/1391
f 1417/1417/1417 1388/1388/1388 1384/1384/1384
f 1391/1391/1391 1382/1382/1382 1387/1387/1387
f 1418/1418/1418 1384/1384/1384 1371/1371/1371
f 1387/1387/1387 1383/1383/1383 1374/1374/1374
f 1416/1416/1416 1371/1371/1371 1405/1405/1405
f 1374/1374/1374 1381/1381/1381 1370/1370/1370
f 1414/1414/1414 1404/1404/1404 1409/1409/1409
f 1369/1369/1369 1379/1379/1379 1406/1406/1406
f 1413/1413/1413 1409/1409/1409 1422/1422/1422
f 1406/1406/1406 1378/1378/1378 1419/1419/1419
f 1411/1411/1411 1422/1422/1422 1426/1426/1426
f 1419/1419/1419 1376/1376/1376 1423/1423/1423
f 1468/1468/1468 1484/1484/1484 1454/1454/1454
f 1481/1481/1481 1433/1433/1433 1457/1457/1457
f 1470/1470/1470 1454/1454/1454 1450/1450/1450
f 1457/1457/1457 1435/1435/1435 1453/1453/1453
f 1473/1473/1473 1450/1450/1450 1446/1446/1446
f 1453/1453/1453 1438/1438/1438 1449/1449/1449
f 1475/1475/1475 1446/1446/1446 1442/1442/1442
f 1449/1449/1449 1439/1439/1439 1445/1445/1445
f 1476/1476/1476 1442/1442/1442 1429/1429/1429
f 1445/1445/1445 1441/1441/1441 1432/1432/1432
f 1474/1474/1474 1429/1429/1429 1463/1463/1463
f 1432/1432/1432 1440/1440/1440 1428/1428/1428
f 1472/1472/1472 1462/1462/1462 1467/1467/1467
f 1427/1427/1427 1437/1437/1437 1464/1464/1464
f 1471/1471/1471 1467/1467/1467 1480/1480/1480
f 1464/1464/1464 1436/1436/1436 1477/1477/1477
f 1469/1469/1469 1480/1480/1480 1484/1484/1484
f 1477/1477/1477 1434/1434/1434 1481/1481/1481
f 1526/1526/1526 1542/1542/1542 1512/1512/1512
f 1539/1539/1539 1491/1491/1491 1515/1515/1515
f 1528/1528/1528 1512/1512/1512 1508/1508/1508
f 1515/1515/1515 1493/1493/1493 1511/1511/1511
f 1531/1531/1531 1508/1508/1508 1504/1504/1504
f 1511/1511/1511 1496/1496/1496 1507/1507/1507
f 1533/1533/1533 1504/1504/1504 1500/1500/1500
f 1507/1507/1507 1498/1498/1498 1503/1503/1503
f 1534/1534/1534 1500/1500/1500 1487/1487/1487
f 1503/1503/1503 1499/1499/1499 1490/1490/1490
f 1532/1532/1532 1487/1487/1487 1521/1521/1521
f 1490/1490/1490 1497/1497/1497 1486/1486/1486
f 1530/1530/1530 1520/1520/1520 1525/1525/1525
f 1485/1485/1485 1495/1495/1495 1522/1522/1522
f 1529/1529/1529 1525/1525/1525 1538/1538/1538
f 1522/1522/1522 1494/1494/1494 1535/1535/1535
f 1527/1527/1527 1538/1538/1538 1542/1542/1542
f 1535/1535/1535 1492/1492/1492 1539/1539/1539
f 1585/1585/1585 1600/1600/1600 1570/1570/1570
f 1597/1597/1597 1549/1549/1549 1573/1573/1573
f 1586/1586/1586 1570/1570/1570 1566/1566/1566
f 1573/1573/1573 1551/1551/1551 1569/1569/1569
f 1589/1589/1589 1566/1566/1566 1562/1562/1562
f 1569/1569/1569 1554/1554/1554 1565/1565/1565
f 1591/1591/1591 1562/1562/1562 1558/1558/1558
f 1565/1565/1565 1556/1556/1556 1561/1561/1561
f 1592/1592/1592 1558/1558/1558 1545/1545/1545
f 1561/1561/1561 1557/1557/1557 1548/1548/1548
f 1590/1590/1590 1545/1545/1545 1579/1579/1579
f 1548/1548/1548 1555/1555/1555 1544/1544/1544
f 1588/1588/1588 1578/1578/1578 1583/1583/1583
f 1543/1543/1543 1553/1553/1553 1580/1580/1580
f 1587/1587/1587 1583/1583/1583 1596/1596/1596
f 1580/1580/1580 1552/1552/1552 1593/1593/1593
f 1584/1584/1584 1596/1596/1596 1600/1600/1600
f 1593/1593/1593 1550/1550/1550 1597/1597/1597
f 1642/1642/1642 1658/1658/1658 1628/1628/1628
f 1655/1655/1655 1607/1607/1607 1631/1631/1631
f 1644/1644/1644 1628/1628/1628 1624/1624/1624
f 1631/1631/1631 1609/1609/1609 1627/1627/1627
f 1647/1647/1647 1624/1624/1624 1620/1620/1620
f 1627/1627/1627 1612/1612/1612 1623/1623/1623
f 1649/1649/1649 1620/1620/1620 1616/1616/1616
f 1623/1623/1623 1614/1614/1614 1619/1619/1619
f 1650/1650/1650 1616/1616/1616 1603/1603/1603
f 1619/1619/1619 1615/1615/1615 1606/1606/1606
f 1648/1648/1648 1603/1603/1603 1637/1637/1637
f 1606/1606/1606 1613/1613/1613 1602/1602/1602
f 1646/1646/1646 1636/1636/1636 1641/1641/1641
f 1601/1601/1601 1611/1611/1611 1638/1638/1638
f 1645/1645/1645 1641/1641/1641 1654/1654/1654
f 1638/1638/1638 1610/1610/1610 1651/1651/1651
f 1643/1643/1643 1654/1654/1654 1658/1658/1658
f 1651/1651/1651 1608/1608/1608 1655/1655/1655
f 1700/1700/1700 1716/1716/1716 1686/1686/1686
f 1713/1713/1713 1665/1665/1665 1689/1689/1689
f 1702/1702/1702 1686/1686/1686 1682/1682/1682
f 1689/1689/1689 1668/1668/1668 1685/1685/1685
f 1704/1704/1704 1682/1682/1682 1678/1678/1678
f 1685/1685/1685 1669/1669/1669 1681/1681/1681
f 1707/1707/1707 1678/1678/1678 1674/1674/1674
f 1681/1681/1681 1672/1672/1672 1677/1677/1677
f 1708/1708/1708 1674/1674/1674 1661/1661/1661
f 1677/1677/1677 1673/1673/1673 1664/1664/1664
f 1706/1706/1706 1661/1661/1661 1695/1695/1695
f 1664/1664/1664 1671/1671/1671 1660/1660/1660
f 1705/1705/1705 1694/1694/1694 1699/1699/1699
f 1659/1659/1659 1670/1670/1670 1696/1696/1696
f 1703/1703/1703 1699/1699/1699 1712/1712/1712
f 1696/1696/1696 1667/1667/1667 1709/1709/1709
f 1701/1701/1701 1712/1712/1712 1716/1716/1716
f 1709/1709/1709 1666/1666/1666 1713/1713/1713
f 1759/1759/1759 1774/1774/1774 1744/1744/1744
f 1771/1771/1771 1723/1723/1723 1747/1747/1747
f 1760/1760/1760 1744/1744/1744 1740/1740/1740
f 1747/1747/1747 1725/1725/1725 1743/1743/1743
f 1763/1763/1763 1740/1740/1740 1736/1736/1736
f 1743/1743/1743 1728/1728/1728 1739/1739/1739
f 1765/1765/1765 1736/1736/1736 1732/1732/1732
f 1739/1739/1739 1730/1730/1730 1735/1735/1735
f 1766/1766/1766 1732/1732/1732 1719/1719/1719
f 1735/1735/1735 1731/1731/1731 1722/1722/1722
f 1764/1764/1764 1719/1719/1719 1753/1753/1753
f 1722/1722/1722 1729/1729/1729 1718/1718/1718
f 1762/1762/1762 1752/1752/1752 1757/1757/1757
f 1717/1717/1717 1727/1727/1727 1754/1754/1754
f 1761/1761/1761 1757/1757/1757 1770/1770/1770
f 1754/1754/1754 1726/1726/1726 1767/1767/1767
f 1758/1758/1758 1770/1770/1770 1774/1774/1774
f 1767/1767/1767 1724/1724/1724 1771/1771/1771
f 1817/1817/1817 1832/1832/1832 1802/1802/1802
f 1829/1829/1829 1781/1781/1781 1805/1805/1805
f 1818/1818/1818 1802/1802/1802 1798/1798/1798
f 1805/1805/1805 1783/1783/1783 1801/1801/1801
f 1821/1821/1821 1798/1798/1798 1794/1794/1794
f 1801/1801/1801 1786/1786/1786 1797/1797/1797
f 1823/1823/1823 1794/1794/1794 1790/1790/1790
f 1797/1797/1797 1788/1788/1788 1793/1793/1793
f 1824/1824/1824 1790/1790/1790 1777/1777/1777
f 1793/1793/1793 1789/1789/1789 1780/1780/1780
f 1822/1822/1822 1777/1777/1777 1811/1811/1811
f 1780/1780/1780 1787/1787/1787 1776/1776/1776
f 1820/1820/1820 1810/1810/1810 1815/1815/1815
f 1775/1775/1775 1785/1785/1785 1812/1812/1812
f 1819/1819/1819 1815/1815/1815 1828/1828/1828
f 1812/1812/1812 1784/1784/1784 1825/1825/1825
f 1816/1816/1816 1828/1828/1828 1832/1832/1832
f 1825/1825/1825 1782/1782/1782 1829/1829/1829
f 1874/1874/1874 1890/1890/1890 1860/1860/1860
f 1887/1887/1887 1839/1839/1839 1863/1863/1863
f 1876/1876/1876 1860/1860/1860 1856/1856/1856
f 1863/1863/1863 1841/1841/1841 1859/1859/1859
f 1879/1879/1879 1856/1856/1856 1852/1852/1852
f 1859/1859/1859 1844/1844/1844 1855/1855/1855
f 1881/1881/1881 1852/1852/1852 1848/1848/1848
f 1855/1855/1855 1846/1846/1846 1851/1851/1851
f 1882/1882/1882 1848/1848/1848 1835/1835/1835
f 1851/1851/1851 1847/1847/1847 1838/1838/1838
f 1880/1880/1880 1835/1835/1835 1869/1869/1869
f 1838/1838/1838 1845/1845/1845 1834/1834/1834
f 1878/1878/1878 1868/1868/1868 1873/1873/1873
f 1833/1833/1833 1843/1843/1843 1870/1870/1870
f 1877/1877/1877 1873/1873/1873 1886/1886/1886
f 1870/1870/1870 1842/1842/1842 1883/1883/1883
f 1875/1875/1875 1886/1886/1886 1890/1890/1890
f 1883/1883/1883 1840/1840/1840 1887/1887/1887
f 1932/1932/1932 1948/1948/1948 1918/1918/1918
f 1945/1945/1945 1897/1897/1897 1921/1921/1921
f 1934/1934/1934 1918/1918/1918 1914/1914/1914
f 1921/1921/1921 1899/1899/1899 1917/1917/1917
f 1937/1937/1937 1914/1914/1914 1910/1910/1910
f 1917/1917/1917 1902/1902/1902 1913/1913/1913
f 1939/1939/1939 1910/1910/1910 1906/1906/1906
f 1913/1913/1913 1904/1904/1904 1909/1909/1909
f 1940/1940/1940 1906/1906/1906 1893/1893/1893
f 1909/1909/1909 1905/1905/1905 1896/1896/1896
f 1938/1938/1938 1893/1893/1893 1927/1927/1927
f 1896/1896/1896 1903/1903/1903 1892/1892/1892
f 1936/1936/1936 1926/1926/1926 1931/1931/1931
f 1891/1891/1891 1901/1901/1901 1928/1928/1928
f 1935/1935/1935 1931/1931/1931 1944/1944/1944
f 1928/1928/1928 1900/1900/1900 1941/1941/1941
f 1933/1933/1933 1944/1944/1944 1948/1948/1948
f 1941/1941/1941 1898/1898/1898 1945/1945/1945
f 1990/1990/1990 2006/2006/2006 1976/1976/1976
f 2003/2003/2003 1955/1955/1955 1979/1979/1979
f 1992/1992/1992 1976/1976/1976 1972/1972/1972
f 1979/1979/1979 1957/1957/1957 1975/1975/1975
f 1995/1995/1995 1972/1972/1972 1968/1968/1968
f 1975/1975/1975 1960/1960/1960 1971/1971/1971
f 1997/1997/1997 1968/1968/1968 1964/1964/1964
f 1971/1971/1971 1962/1962/1962 1967/1967/1967
f 1998/1998/1998 1964/1964/1964 1951/1951/1951
f 1967/1967/1967 1963/1963/1963 1954/1954/1954
f 1996/1996/1996 1951/1951/1951 1985/1985/1985
f 1954/1954/1954 1961/1961/1961 1950/1950/1950
f 1994/1994/1994 1984/1984/1984 1989/1989/1989
f 1949/1949/1949 1959/1959/1959 1986/1986/1986
f 1993/1993/1993 1989/1989/1989 2002/2002/2002
f 1986/1986/1986 1958/1958/1958 1999/1999/1999
f 1991/1991/1991 2002/2002/2002 2006/2006/2006
f 1999/1999/1999 1956/1956/1956 2003/2003/2003
f 2048/2048/2048 2064/2064/2064 2034/2034/2034
f 2061/2061/2061 2013/2013/2013 2037/2037/2037
f 2050/2050/2050 2034/2034/2034 2030/2030/2030
f 2037/2037/2037 2015/2015/2015 2033/2033/2033
f 2053/2053/2053 2030/2030/2030 2026/2026/2026
f 2033/2033/2033 2018/2018/2018 2029/2029/2029
f 2055/2055/2055 2026/2026/2026 2022/2022/2022
f 2029/2029/2029 2020/2020/2020 2025/2025/2025
f 2056/2056/2056 2022/2022/2022 2009/2009/2009
f 2025/2025/2025 2021/2021/2021 2012/2012/2012
f 2054/2054/2054 2009/2009/2009 2043/2043/2043
f 2012/2012/2012 2019/2019/2019 2008/2008/2008
f 2052/2052/2052 2042/2042/2042 2047/2047/2047
f 2007/2007/2007 2017/2017/2017 2044/2044/2044
f 2051/2051/2051 2047/2047/2047 2060/2060/2060
f 2044/2044/2044 2016/2016/2016 2057/2057/2057
f 2049/2049/2049 2060/2060/2060 2064/2064/2064
f 2057/2057/2057 2014/2014/2014 2061/2061/2061
f 2120/2120/2120 2140/2140/2140 2102/2102/2102
f 2137/2137/2137 2075/2075/2075 2105/2105/2105
f 2122/2122/2122 2102/2102/2102 2096/2096/2096
f 2107/2107/2107 2077/2077/2077 2099/2099/2099
f 2125/2125/2125 2096/2096/2096 2090/2090/2090
f 2101/2101/2101 2080/2080/2080 2093/2093/2093
f 2127/2127/2127 2090/2090/2090 2084/2084/2084
f 2095/2095/2095 2082/2082/2082 2087/2087/2087
f 2128/2128/2128 2084/2084/2084 2069/2069/2069
f 2089/2089/2089 2083/2083/2083 2074/2074/2074
f 2126/2126/2126 2069/2069/2069 2113/2113/2113
f 2072/2072/2072 2081/2081/2081 2067/2067/2067
f 2124/2124/2124 2112/2112/2112 2119/2119/2119
f 2065/2065/2065 2079/2079/2079 2116/2116/2116
f 2123/2123/2123 2119/2119/2119 2134/2134/2134
f 2114/2114/2114 2078/2078/2078 2131/2131/2131
f 2121/2121/2121 2134/2134/2134 2140/2140/2140
f 2129/2129/2129 2076/2076/2076 2136/2136/2136
f 2196/2196/2196 2216/2216/2216 2178/2178/2178
f 2213/2213/2213 2151/2151/2151 2181/2181/2181
f 2198/2198/2198 2178/2178/2178 2172/2172/2172
f 2183/2183/2183 2153/2153/2153 2175/2175/2175
f 2201/2201/2201 2172/2172/2172 2166/2166/2166
f 2177/2177/2177 2156/2156/2156 2169/2169/2169
f 2203/2203/2203 2166/2166/2166 2160/2160/2160
f 2171/2171/2171 2158/2158/2158 2163/2163/2163
f 2204/2204/2204 2160/2160/2160 2145/2145/2145
f 2165/2165/2165 2159/2159/2159 2150/2150/2150
f 2202/2202/2202 2145/2145/2145 2189/2189/2189
f 2148/2148/2148 2157/2157/2157 2144/2144/2144
f 2200/2200/2200 2188/2188/2188 2195/2195/2195
f 2141/2141/2141 2155/2155/2155 2192/2192/2192
f 2199/2199/2199 2195/2195/2195 2210/2210/2210
f 2190/2190/2190 2154/2154/2154 2207/2207/2207
f 2197/2197/2197 2210/2210/2210 2216/2216/2216
f 2205/2205/2205 2152/2152/2152 2212/2212/2212
f 2273/2273/2273 2292/2292/2292 2254/2254/2254
f 2288/2288/2288 2227/2227/2227 2257/2257/2257
f 2274/2274/2274 2254/2254/2254 2248/2248/2248
f 2259/2259/2259 2229/2229/2229 2251/2251/2251
f 2277/2277/2277 2248/2248/2248 2242/2242/2242
f 2253/2253/2253 2232/2232/2232 2245/2245/2245
f 2279/2279/2279 2242/2242/2242 2236/2236/2236
f 2247/2247/2247 2234/2234/2234 2239/2239/2239
f 2280/2280/2280 2236/2236/2236 2221/2221/2221
f 2241/2241/2241 2235/2235/2235 2226/2226/2226
f 2278/2278/2278 2221/2221/2221 2265/2265/2265
f 2224/2224/2224 2233/2233/2233 2219/2219/2219
f 2276/2276/2276 2264/2264/2264 2271/2271/2271
f 2217/2217/2217 2231/2231/2231 2268/2268/2268
f 2275/2275/2275 2271/2271/2271 2286/2286/2286
f 2266/2266/2266 2230/2230/2230 2283/2283/2283
f 2272/2272/2272 2286/2286/2286 2292/2292/2292
f 2281/2281/2281 2228/2228/2228 2289/2289/2289
f 2348/2348/2348 2368/2368/2368 2330/2330/2330
f 2365/2365/2365 2303/2303/2303 2333/2333/2333
f 2350/2350/2350 2330/2330/2330 2324/2324/2324
f 2335/2335/2335 2305/2305/2305 2327/2327/2327
f 2353/2353/2353 2324/2324/2324 2318/2318/2318
f 2329/2329/2329 2308/2308/2308 2321/2321/2321
f 2355/2355/2355 2318/2318/2318 2312/2312/2312
f 2323/2323/2323 2310/2310/2310 2315/2315/2315
f 2356/2356/2356 2312/2312/2312 2297/2297/2297
f 2317/2317/2317 2311/2311/2311 2302/2302/2302
f 2354/2354/2354 2297/2297/2297 2341/2341/2341
f 2300/2300/2300 2309/2309/2309 2296/2296/2296
f 2352/2352/2352 2340/2340/2340 2347/2347/2347
f 2293/2293/2293 2307/2307/2307 2344/2344/2344
f 2351/2351/2351 2347/2347/2347 2362/2362/2362
f 2342/2342/2342 2306/2306/2306 2359/2359/2359
f 2349/2349/2349 2362/2362/2362 2368/2368/2368
f 2357/2357/2357 2304/2304/2304 2364/2364/2364
f 2410/2410/2410 2426/2426/2426 2396/2396/2396
f 2423/2423/2423 2375/2375/2375 2399/2399/2399
f 2412/2412/2412 2396/2396/2396 2392/2392/2392
f 2399/2399/2399 2377/2377/2377 2395/2395/2395
f 2415/2415/2415 2392/2392/2392 2388/2388/2388
f 2395/2395/2395 2380/2380/2380 2391/2391/2391
f 2417/2417/2417 2388/2388/2388 2384/2384/2384
f 2391/2391/2391 2382/2382/2382 2387/2387/2387
f 2418/2418/2418 2384/2384/2384 2371/2371/2371
f 2387/2387/2387 2383/2383/2383 2374/2374/2374
f 2416/2416/2416 2371/2371/2371 2405/2405/2405
f 2374/2374/2374 2381/2381/2381 2370/2370/2370
f 2414/2414/2414 2404/2404/2404 2409/2409/2409
f 2369/2369/2369 2379/2379/2379 2406/2406/2406
f 2413/2413/2413 2409/2409/2409 2422/2422/2422
f 2406/2406/2406 2378/2378/2378 2419/2419/2419
f 2411/2411/2411 2422/2422/2422 2426/2426/2426
f 2419/2419/2419 2376/2376/2376 2423/2423/2423
f 2468/2468/2468 2484/2484/2484 2454/2454/2454
f 2481/2481/2481 2433/2433/2433 2457/2457/2457
f 2470/2470/2470 2454/2454/2454 2450/2450/2450
f 2457/2457/2457 2435/2435/2435 2453/2453/2453
f 2473/2473/2473 2450/2450/2450 2446/2446/2446
f 2453/2453/2453 2438/2438/2438 2449/2449/2449
f 2475/2475/2475 2446/2446/2446 2442/2442/2442
f 2449/2449/2449 2440/2440/2440 2445/2445/2445
f 2476/2476/2476 2442/2442/2442 2429/2429/2429
f 2445/2445/2445 2441/2441/2441 2432/2432/2432
f 2474/2474/2474 2429/2429/2429 2463/2463/2463
f 2432/2432/2432 2439/2439/2439 2428/2428/2428
f 2472/2472/2472 2462/2462/2462 2467/2467/2467
f 2427/2427/2427 2437/2437/2437 2464/2464/2464
f 2471/2471/2471 2467/2467/2467 2480/2480/2480
f 2464/2464/2464 2436/2436/2436 2477/2477/2477
f 2469/2469/2469 2480/2480/2480 2484/2484/2484
f 2477/2477/2477 2434/2434/2434 2481/2481/2481
f 2560/2560/2560 2499/2499/2499 2605/2605/2605
f 2600/2600/2600 2494/2494/2494 2543/2543/2543
f 2558/2558/2558 2507/2507/2507 2499/2499/2499
f 2494/2494/2494 2502/2502/2502 2541/2541/2541
f 2556/2556/2556 2515/2515/2515 2507/2507/2507
f 2502/2502/2502 2510/2510/2510 2539/2539/2539
f 2553/2553/2553 2523/2523/2523 2515/2515/2515
f 2510/2510/2510 2518/2518/2518 2536/2536/2536
f 2552/2552/2552 2531/2531/2531 2523/2523/2523
f 2518/2518/2518 2526/2526/2526 2535/2535/2535
f 2526/2526/2526 2544/2544/2544 2533/2533/2533
f 2550/2550/2550 2549/2549/2549 2531/2531/2531
f 2551/2551/2551 2567/2567/2567 2549/2549/2549
f 2544/2544/2544 2562/2562/2562 2534/2534/2534
f 2554/2554/2554 2580/2580/2580 2567/2567/2567
f 2562/2562/2562 2570/2570/2570 2537/2537/2537
f 2555/2555/2555 2589/2589/2589 2581/2581/2581
f 2571/2571/2571 2584/2584/2584 2538/2538/2538
f 2557/2557/2557 2597/2597/2597 2589/2589/2589
f 2584/2584/2584 2592/2592/2592 2540/2540/2540
f 2592/2592/2592 2600/2600/2600 2542/2542/2542
f 2559/2559/2559 2605/2605/2605 2597/2597/2597
f 2636/2636/2636 2672/2672/2672 2583/2583/2583
f 2667/2667/2667 2619/2619/2619 2606/2606/2606
f 2634/2634/2634 2583/2583/2583 2525/2525/2525
f 2606/2606/2606 2617/2617/2617 2582/2582/2582
f 2632/2632/2632 2525/2525/2525 2501/2501/2501
f 2582/2582/2582 2615/2615/2615 2524/2524/2524
f 2629/2629/2629 2501/2501/2501 2489/2489/2489
f 2524/2524/2524 2612/2612/2612 2500/2500/2500
f 2628/2628/2628 2489/2489/2489 2608/2608/2608
f 2500/2500/2500 2611/2611/2611 2488/2488/2488
f 2488/2488/2488 2609/2609/2609 2620/2620/2620
f 2626/2626/2626 2608/2608/2608 2625/2625/2625
f 2627/2627/2627 2625/2625/2625 2642/2642/2642
f 2620/2620/2620 2610/2610/2610 2637/2637/2637
f 2630/2630/2630 2642/2642/2642 2653/2653/2653
f 2637/2637/2637 2613/2613/2613 2643/2643/2643
f 2631/2631/2631 2654/2654/2654 2660/2660/2660
f 2644/2644/2644 2614/2614/2614 2655/2655/2655
f 2633/2633/2633 2660/2660/2660 2666/2666/2666
f 2655/2655/2655 2616/2616/2616 2661/2661/2661
f 2661/2661/2661 2618/2618/2618 2667/2667/2667
f 2635/2635/2635 2666/2666/2666 2672/2672/2672
f 2730/2730/2730 2766/2766/2766 2695/2695/2695
f 2761/2761/2761 2713/2713/2713 2700/2700/2700
f 2728/2728/2728 2695/2695/2695 2689/2689/2689
f 2700/2700/2700 2711/2711/2711 2694/2694/2694
f 2726/2726/2726 2689/2689/2689 2683/2683/2683
f 2694/2694/2694 2709/2709/2709 2688/2688/2688
f 2723/2723/2723 2683/2683/2683 2677/2677/2677
f 2688/2688/2688 2706/2706/2706 2682/2682/2682
f 2722/2722/2722 2677/2677/2677 2702/2702/2702
f 2682/2682/2682 2705/2705/2705 2676/2676/2676
f 2676/2676/2676 2703/2703/2703 2714/2714/2714
f 2720/2720/2720 2702/2702/2702 2719/2719/2719
f 2721/2721/2721 2719/2719/2719 2736/2736/2736
f 2714/2714/2714 2704/2704/2704 2731/2731/2731
f 2724/2724/2724 2736/2736/2736 2747/2747/2747
f 2731/2731/2731 2707/2707/2707 2737/2737/2737
f 2725/2725/2725 2748/2748/2748 2754/2754/2754
f 2738/2738/2738 2708/2708/2708 2749/2749/2749
f 2727/2727/2727 2754/2754/2754 2760/2760/2760
f 2749/2749/2749 2710/2710/2710 2755/2755/2755
f 2755/2755/2755 2712/2712/2712 2761/2761/2761
f 2729/2729/2729 2760/2760/2760 2766/2766/2766
f 2824/2824/2824 2860/2860/2860 2789/2789/2789
f 2855/2855/2855 2807/2807/2807 2794/2794/2794
f 2822/2822/2822 2789/2789/2789 2783/2783/2783
f 2794/2794/2794 2804/2804/2804 2788/2788/2788
f 2820/2820/2820 2783/2783/2783 2777/2777/2777
f 2788/2788/2788 2803/2803/2803 2782/2782/2782
f 2817/2817/2817 2777/2777/2777 2771/2771/2771
f 2782/2782/2782 2800/2800/2800 2776/2776/2776
f 2816/2816/2816 2771/2771/2771 2796/2796/2796
f 2776/2776/2776 2799/2799/2799 2770/2770/2770
f 2770/2770/2770 2797/2797/2797 2808/2808/2808
f 2814/2814/2814 2796/2796/2796 2813/2813/2813
f 2815/2815/2815 2813/2813/2813 2830/2830/2830
f 2808/2808/2808 2798/2798/2798 2825/2825/2825
f 2818/2818/2818 2830/2830/2830 2841/2841/2841
f 2825/2825/2825 2801/2801/2801 2831/2831/2831
f 2819/2819/2819 2842/2842/2842 2848/2848/2848
f 2832/2832/2832 2802/2802/2802 2843/2843/2843
f 2821/2821/2821 2848/2848/2848 2854/2854/2854
f 2843/2843/2843 2805/2805/2805 2849/2849/2849
f 2849/2849/2849 2806/2806/2806 2855/2855/2855
f 2823/2823/2823 2854/2854/2854 2860/2860/2860
f 2918/2918/2918 2954/2954/2954 2883/2883/2883
f 2949/2949/2949 2901/2901/2901 2888/2888/2888
f 2916/2916/2916 2883/2883/2883 2877/2877/2877
f 2888/2888/2888 2898/2898/2898 2882/2882/2882
f 2914/2914/2914 2877/2877/2877 2871/2871/2871
f 2882/2882/2882 2897/2897/2897 2876/2876/2876
f 2911/2911/2911 2871/2871/2871 2865/2865/2865
f 2876/2876/2876 2894/2894/2894 2870/2870/2870
f 2910/2910/2910 2865/2865/2865 2890/2890/2890
f 2870/2870/2870 2893/2893/2893 2864/2864/2864
f 2864/2864/2864 2891/2891/2891 2902/2902/2902
f 2908/2908/2908 2890/2890/2890 2907/2907/2907
f 2909/2909/2909 2907/2907/2907 2924/2924/2924
f 2902/2902/2902 2892/2892/2892 2919/2919/2919
f 2912/2912/2912 2924/2924/2924 2935/2935/2935
f 2919/2919/2919 2895/2895/2895 2925/2925/2925
f 2913/2913/2913 2936/2936/2936 2942/2942/2942
f 2926/2926/2926 2896/2896/2896 2937/2937/2937
f 2915/2915/2915 2942/2942/2942 2948/2948/2948
f 2937/2937/2937 2899/2899/2899 2943/2943/2943
f 2943/2943/2943 2900/2900/2900 2949/2949/2949
f 2917/2917/2917 2948/2948/2948 2954/2954/2954
f 3012/3012/3012 3048/3048/3048 2977/2977/2977
f 3043/3043/3043 2995/2995/2995 2982/2982/2982
f 3010/3010/3010 2977/2977/2977 2971/2971/2971
f 2982/2982/2982 2992/2992/2992 2976/2976/2976
f 3008/3008/3008 2971/2971/2971 2965/2965/2965
f 2976/2976/2976 2991/2991/2991 2970/2970/2970
f 3005/3005/3005 2965/2965/2965 2959/2959/2959
f 2970/2970/2970 2988/2988/2988 2964/2964/2964
f 3003/3003/3003 2959/2959/2959 2984/2984/2984
f 2964/2964/2964 2987/2987/2987 2958/2958/2958
f 2958/2958/2958 2985/2985/2985 2996/2996/2996
f 3002/3002/3002 2984/2984/2984 3001/3001/3001
f 3004/3004/3004 3001/3001/3001 3018/3018/3018
f 2996/2996/2996 2986/2986/2986 3013/3013/3013
f 3006/3006/3006 3018/3018/3018 3029/3029/3029
f 3013/3013/3013 2989/2989/2989 3019/3019/3019
f 3007/3007/3007 3030/3030/3030 3036/3036/3036
f 3020/3020/3020 2990/2990/2990 3031/3031/3031
f 3009/3009/3009 3036/3036/3036 3042/3042/3042
f 3031/3031/3031 2993/2993/2993 3037/3037/3037
f 3037/3037/3037 2994/2994/2994 3043/3043/3043
f 3011/3011/3011 3042/3042/3042 3048/3048/3048
f 3106/3106/3106 3142/3142/3142 3071/3071/3071
f 3137/3137/3137 3089/3089/3089 3076/3076/3076
f 3104/3104/3104 3071/3071/3071 3065/3065/3065
f 3076/3076/3076 3086/3086/3086 3070/3070/3070
f 3102/3102/3102 3065/3065/3065 3059/3059/3059
f 3070/3070/3070 3085/3085/3085 3064/3064/3064
f 3099/3099/3099 3059/3059/3059 3053/3053/3053
f 3064/3064/3064 3082/3082/3082 3058/3058/3058
f 3098/3098/3098 3053/3053/3053 3078/3078/3078
f 3058/3058/3058 3081/3081/3081 3052/3052/3052
f 3052/3052/3052 3079/3079/3079 3090/3090/3090
f 3096/3096/3096 3078/3078/3078 3095/3095/3095
f 3097/3097/3097 3095/3095/3095 3112/3112/3112
f 3090/3090/3090 3080/3080/3080 3107/3107/3107
f 3100/3100/3100 3112/3112/3112 3123/3123/3123
f 3107/3107/3107 3083/3083/3083 3113/3113/3113
f 3101/3101/3101 3124/3124/3124 3130/3130/3130
f 3114/3114/3114 3084/3084/3084 3125/3125/3125
f 3103/3103/3103 3130/3130/3130 3136/3136/3136
f 3125/3125/3125 3087/3087/3087 3131/3131/3131
f 3131/3131/3131 3088/3088/3088 3137/3137/3137
f 3105/3105/3105 3136/3136/3136 3142/3142/3142
f 3200/3200/3200 3236/3236/3236 3165/3165/3165
f 3231/3231/3231 3183/3183/3183 3170/3170/3170
f 3198/3198/3198 3165/3165/3165 3159/3159/3159
f 3170/3170/3170 3180/3180/3180 3164/3164/3164
f 3196/3196/3196 3159/3159/3159 3153/3153/3153
f 3164/3164/3164 3179/3179/3179 3158/3158/3158
f 3193/3193/3193 3153/3153/3153 3147/3147/3147
f 3158/3158/3158 3176/3176/3176 3152/3152/3152
f 3192/3192/3192 3147/3147/3147 3172/3172/3172
f 3152/3152/3152 3175/3175/3175 3146/3146/3146
f 3146/3146/3146 3173/3173/3173 3184/3184/3184
f 3190/3190/3190 3172/3172/3172 3189/3189/3189
f 3191/3191/3191 3189/3189/3189 3206/3206/3206
f 3184/3184/3184 3174/3174/3174 3201/3201/3201
f 3194/3194/3194 3206/3206/3206 3217/3217/3217
f 3201/3201/3201 3177/3177/3177 3207/3207/3207
f 3195/3195/3195 3218/3218/3218 3224/3224/3224
f 3208/3208/3208 3178/3178/3178 3219/3219/3219
f 3197/3197/3197 3224/3224/3224 3230/3230/3230
f 3219/3219/3219 3181/3181/3181 3225/3225/3225
f 3225/3225/3225 3182/3182/3182 3231/3231/3231
f 3199/3199/3199 3230/3230/3230 3236/3236/3236
f 3294/3294/3294 3330/3330/3330 3259/3259/3259
f 3325/3325/3325 3277/3277/3277 3264/3264/3264
f 3292/3292/3292 3259/3259/3259 3253/3253/3253
f 3264/3264/3264 3274/3274/3274 3258/3258/3258
f 3290/3290/3290 3253/3253/3253 3247/3247/3247
f 3258/3258/3258 3273/3273/3273 3252/3252/3252
f 3287/3287/3287 3247/3247/3247 3241/3241/3241
f 3252/3252/3252 3270/3270/3270 3246/3246/3246
f 3286/3286/3286 3241/3241/3241 3266/3266/3266
f 3246/3246/3246 3269/3269/3269 3240/3240/3240
f 3240/3240/3240 3267/3267/3267 3278/3278/3278
f 3284/3284/3284 3266/3266/3266 3283/3283/3283
f 3285/3285/3285 3283/3283/3283 3300/3300/3300
f 3278/3278/3278 3268/3268/3268 3295/3295/3295
f 3288/3288/3288 3300/3300/3300 3311/3311/3311
f 3295/3295/3295 3271/3271/3271 3301/3301/3301
f 3289/3289/3289 3312/3312/3312 3318/3318/3318
f 3302/3302/3302 3272/3272/3272 3313/3313/3313
f 3291/3291/3291 3318/3318/3318 3324/3324/3324
f 3313/3313/3313 3275/3275/3275 3319/3319/3319
f 3319/3319/3319 3276/3276/3276 3325/3325/3325
f 3293/3293/3293 3324/3324/3324 3330/3330/3330
f 3388/3388/3388 3424/3424/3424 3353/3353/3353
f 3419/3419/3419 3371/3371/3371 3358/3358/3358
f 3386/3386/3386 3353/3353/3353 3347/3347/3347
f 3358/3358/3358 3368/3368/3368 3352/3352/3352
f 3384/3384/3384 3347/3347/3347 3341/3341/3341
f 3352/3352/3352 3367/3367/3367 3346/3346/3346
f 3381/3381/3381 3341/3341/3341 3335/3335/3335
f 3346/3346/3346 3364/3364/3364 3340/3340/3340
f 3380/3380/3380 3335/3335/3335 3360/3360/3360
f 3340/3340/3340 3363/3363/3363 3334/3334/3334
f 3334/3334/3334 3361/3361/3361 3372/3372/3372
f 3378/3378/3378 3360/3360/3360 3377/3377/3377
f 3379/3379/3379 3377/3377/3377 3394/3394/3394
f 3372/3372/3372 3362/3362/3362 3389/3389/3389
f 3382/3382/3382 3394/3394/3394 3405/3405/3405
f 3389/3389/3389 3365/3365/3365 3395/3395/3395
f 3383/3383/3383 3406/3406/3406 3412/3412/3412
f 3396/3396/3396 3366/3366/3366 3407/3407/3407
f 3385/3385/3385 3412/3412/3412 3418/3418/3418
f 3407/3407/3407 3369/3369/3369 3413/3413/3413
f 3413/3413/3413 3370/3370/3370 3419/3419/3419
f 3387/3387/3387 3418/3418/3418 3424/3424/3424
f 3482/3482/3482 3518/3518/3518 3447/3447/3447
f 3513/3513/3513 3465/3465/3465 3452/3452/3452
f 3480/3480/3480 3447/3447/3447 3441/3441/3441
f 3452/3452/3452 3462/3462/3462 3446/3446/3446
f 3478/3478/3478 3441/3441/3441 3435/3435/3435
f 3446/3446/3446 3461/3461/3461 3440/3440/3440
f 3475/3475/3475 3435/3435/3435 3429/3429/3429
f 3440/3440/3440 3458/3458/3458 3434/3434/3434
f 3474/3474/3474 3429/3429/3429 3454/3454/3454
f 3434/3434/3434 3457/3457/3457 3428/3428/3428
f 3428/3428/3428 3455/3455/3455 3466/3466/3466
f 3472/3472/3472 3454/3454/3454 3471/3471/3471
f 3473/3473/3473 3471/3471/3471 3488/3488/3488
f 3466/3466/3466 3456/3456/3456 3483/3483/3483
f 3476/3476/3476 3488/3488/3488 3499/3499/3499
f 3483/3483/3483 3459/3459/3459 3489/3489/3489
f 3477/3477/3477 3500/3500/3500 3506/3506/3506
f 3490/3490/3490 3460/3460/3460 3501/3501/3501
f 3479/3479/3479 3506/3506/3506 3512/3512/3512
f 3501/3501/3501 3463/3463/3463 3507/3507/3507
f 3507/3507/3507 3464/3464/3464 3513/3513/3513
f 3481/3481/3481 3512/3512/3512 3518/3518/3518
f 3576/3576/3576 3612/3612/3612 3541/3541/3541
f 3607/3607/3607 3559/3559/3559 3546/3546/3546
f 3574/3574/3574 3541/3541/3541 3535/3535/3535
f 3546/3546/3546 3556/3556/3556 3540/3540/3540
f 3572/3572/3572 3535/3535/3535 3529/3529/3529
f 3540/3540/3540 3555/3555/3555 3534/3534/3534
f 3569/3569/3569 3529/3529/3529 3523/3523/3523
f 3534/3534/3534 3552/3552/3552 3528/3528/3528
f 3568/3568/3568 3523/3523/3523 3548/3548/3548
f 3528/3528/3528 3551/3551/3551 3522/3522/3522
f 3522/3522/3522 3549/3549/3549 3560/3560/3560
f 3566/3566/3566 3548/3548/3548 3565/3565/3565
f 3567/3567/3567 3565/3565/3565 3582/3582/3582
f 3560/3560/3560 3550/3550/3550 3577/3577/3577
f 3570/3570/3570 3582/3582/3582 3593/3593/3593
f 3577/3577/3577 3553/3553/3553 3583/3583/3583
f 3571/3571/3571 3594/3594/3594 3600/3600/3600
f 3584/3584/3584 3554/3554/3554 3595/3595/3595
f 3573/3573/3573 3600/3600/3600 3606/3606/3606
f 3595/3595/3595 3557/3557/3557 3601/3601/3601
f 3601/3601/3601 3558/3558/3558 3607/3607/3607
f 3575/3575/3575 3606/3606/3606 3612/3612/3612
f 3670/3670/3670 3706/3706/3706 3635/3635/3635
f 3701/3701/3701 3653/3653/3653 3640/3640/3640
f 3668/3668/3668 3635/3635/3635 3629/3629/3629
f 3640/3640/3640 3650/3650/3650 3634/3634/3634
f 3666/3666/3666 3629/3629/3629 3623/3623/3623
f 3634/3634/3634 3649/3649/3649 3628/3628/3628
f 3663/3663/3663 3623/3623/3623 3617/3617/3617
f 3628/3628/3628 3646/3646/3646 3622/3622/3622
f 3662/3662/3662 3617/3617/3617 3642/3642/3642
f 3622/3622/3622 3645/3645/3645 3616/3616/3616
f 3616/3616/3616 3643/3643/3643 3654/3654/3654
f 3660/3660/3660 3642/3642/3642 3659/3659/3659
f 3661/3661/3661 3659/3659/3659 3676/3676/3676
f 3654/3654/3654 3644/3644/3644 3671/3671/3671
f 3664/3664/3664 3676/3676/3676 3687/3687/3687
f 3671/3671/3671 3647/3647/3647 3677/3677/3677
f 3665/3665/3665 3688/3688/3688 3694/3694/3694
f 3678/3678/3678 3648/3648/3648 3689/3689/3689
f 3667/3667/3667 3694/3694/3694 3700/3700/3700
f 3689/3689/3689 3651/3651/3651 3695/3695/3695
f 3695/3695/3695 3652/3652/3652 3701/3701/3701
f 3669/3669/3669 3700/3700/3700 3706/3706/3706
f 3764/3764/3764 3800/3800/3800 3729/3729/3729
f 3795/3795/3795 3747/3747/3747 3734/3734/3734
f 3762/3762/3762 3729/3729/3729 3723/3723/3723
f 3734/3734/3734 3744/3744/3744 3728/3728/3728
f 3760/3760/3760 3723/3723/3723 3717/3717/3717
f 3728/3728/3728 3743/3743/3743 3722/3722/3722
f 3757/3757/3757 3717/3717/3717 3711/3711/3711
f 3722/3722/3722 3740/3740/3740 3716/3716/3716
f 3756/3756/3756 3711/3711/3711 3736/3736/3736
f 3716/3716/3716 3738/3738/3738 3710/3710/3710
f 3710/3710/3710 3737/3737/3737 3748/3748/3748
f 3754/3754/3754 3736/3736/3736 3753/3753/3753
f 3755/3755/3755 3753/3753/3753 3770/3770/3770
f 3748/3748/3748 3739/3739/3739 3765/3765/3765
f 3758/3758/3758 3770/3770/3770 3781/3781/3781
f 3765/3765/3765 3741/3741/3741 3771/3771/3771
f 3759/3759/3759 3782/3782/3782 3788/3788/3788
f 3772/3772/3772 3742/3742/3742 3783/3783/3783
f 3761/3761/3761 3788/3788/3788 3794/3794/3794
f 3783/3783/3783 3745/3745/3745 3789/3789/3789
f 3789/3789/3789 3746/3746/3746 3795/3795/3795
f 3763/3763/3763 3794/3794/3794 3800/3800/3800
f 3858/3858/3858 3894/3894/3894 3823/3823/3823
f 3889/3889/3889 3841/3841/3841 3828/3828/3828
f 3856/3856/3856 3823/3823/3823 3817/3817/3817
f 3828/3828/3828 3838/3838/3838 3822/3822/3822
f 3854/3854/3854 3817/3817/3817 3811/3811/3811
f 3822/3822/3822 3837/3837/3837 3816/3816/3816
f 3851/3851/3851 3811/3811/3811 3805/3805/3805
f 3816/3816/3816 3834/3834/3834 3810/3810/3810
f 3850/3850/3850 3805/3805/3805 3830/3830/3830
f 3810/3810/3810 3833/3833/3833 3804/3804/3804
f 3804/3804/3804 3831/3831/3831 3842/3842/3842
f 3848/3848/3848 3830/3830/3830 3847/3847/3847
f 3849/3849/3849 3847/3847/3847 3864/3864/3864
f 3842/3842/3842 3832/3832/3832 3859/3859/3859
f 3852/3852/3852 3864/3864/3864 3875/3875/3875
f 3859/3859/3859 3835/3835/3835 3865/3865/3865
f 3853/3853/3853 3876/3876/3876 3882/3882/3882
f 3866/3866/3866 3836/3836/3836 3877/3877/3877
f 3855/3855/3855 3882/3882/3882 3888/3888/3888
f 3877/3877/3877 3839/3839/3839 3883/3883/3883
f 3883/3883/3883 3840/3840/3840 3889/3889/3889
f 3857/3857/3857 3888/3888/3888 3894/3894/3894
f 1/1/1 3/3/3 4/4/4
f 1/1/1 4/4/4 6/6/6
f 7/7/7 1/1/1 6/6/6
f 7/7/7 6/6/6 8/8/8
f 9/9/9 7/7/7 8/8/8
f 9/9/9 8/8/8 10/10/10
f 11/11/11 9/9/9 10/10/10
f 11/11/11 10/10/10 12/12/12
f 13/13/13 11/11/11 12/12/12
f 13/13/13 12/12/12 14/14/14
f 15/15/15 16/16/16 17/17/17
f 15/15/15 17/17/17 18/18/18
f 21/21/21 23/23/23 25/25/25
f 21/21/21 25/25/25 26/26/26
f 26/26/26 25/25/25 11/11/11
f 26/26/26 11/11/11 13/13/13
f 27/27/27 28/28/28 29/29/29
f 27/27/27 29/29/29 32/32/32
f 33/33/33 27/27/27 32/32/32
f 33/33/33 32/32/32 34/34/34
f 16/16/16 36/36/36 37/37/37
f 16/16/16 37/37/37 17/17/17
f 23/23/23 39/39/39 41/41/41
f 23/23/23 41/41/41 25/25/25
f 25/25/25 41/41/41 9/9/9
f 25/25/25 9/9/9 11/11/11
f 42/42/42 33/33/33 34/34/34
f 42/42/42 34/34/34 43/43/43
f 36/36/36 45/45/45 46/46/46
f 36/36/36 46/46/46 37/37/37
f 39/39/39 48/48/48 50/50/50
f 39/39/39 50/50/50 41/41/41
f 41/41/41 50/50/50 7/7/7
f 41/41/41 7/7/7 9/9/9
f 45/45/45 42/42/42 51/51/51
f 45/45/45 51/51/51 46/46/46
f 48/48/48 53/53/53 55/55/55
f 48/48/48 55/55/55 50/50/50
f 50/50/50 55/55/55 1/1/1
f 50/50/50 1/1/1 7/7/7
f 42/42/42 43/43/43 56/56/56
f 42/42/42 56/56/56 51/51/51
f 53/53/53 61/61/61 64/64/64
f 53/53/53 64/64/64 55/55/55
f 55/55/55 64/64/64 3/3/3
f 55/55/55 3/3/3 1/1/1
f 8/8/8 6/6/6 66/66/66
f 8/8/8 66/66/66 67/67/67
f 10/10/10 8/8/8 67/67/67
f 10/10/10 67/67/67 68/68/68
f 12/12/12 10/10/10 68/68/68
f 12/12/12 68/68/68 69/69/69
f 14/14/14 12/12/12 69/69/69
f 14/14/14 69/69/69 70/70/70
f 6/6/6 4/4/4 72/72/72
f 6/6/6 72/72/72 66/66/66
f 73/73/73 74/74/74 75/75/75
f 73/73/73 75/75/75 77/77/77
f 332/332/332 337/337/337 80/80/80
f 332/332/332 80/80/80 81/81/81
f 338/338/338 332/332/332 81/81/81
f 338/338/338 81/81/81 82/82/82
f 321/321/321 338/338/338 82/82/82
f 321/321/321 82/82/82 83/83/83
f 28/28/28 73/73/73 77/77/77
f 28/28/28 77/77/77 29/29/29
f 325/325/325 321/321/321 83/83/83
f 325/325/325 83/83/83 84/84/84
f 74/74/74 85/85/85 86/86/86
f 74/74/74 86/86/86 75/75/75
f 333/333/333 325/325/325 84/84/84
f 333/333/333 84/84/84 88/88/88
f 45/45/45 36/36/36 89/89/89
f 45/45/45 89/89/89 90/90/90
f 36/36/36 16/16/16 91/91/91
f 36/36/36 91/91/91 89/89/89
f 42/42/42 45/45/45 90/90/90
f 42/42/42 90/90/90 33/33/33
f 90/90/90 89/89/89 92/92/92
f 90/90/90 92/92/92 93/93/93
f 89/89/89 91/91/91 94/94/94
f 89/89/89 94/94/94 92/92/92
f 33/33/33 90/90/90 93/93/93
f 33/33/33 93/93/93 27/27/27
f 92/92/92 94/94/94 95/95/95
f 92/92/92 95/95/95 96/96/96
f 27/27/27 93/93/93 97/97/97
f 27/27/27 97/97/97 28/28/28
f 93/93/93 92/92/92 96/96/96
f 93/93/93 96/96/96 97/97/97
f 96/96/96 95/95/95 85/85/85
f 96/96/96 85/85/85 74/74/74
f 97/97/97 96/96/96 74/74/74
f 97/97/97 74/74/74 73/73/73
f 95/95/95 98/98/98 99/99/99
f 95/95/95 99/99/99 85/85/85
f 94/94/94 100/100/100 98/98/98
f 94/94/94 98/98/98 95/95/95
f 91/91/91 101/101/101 100/100/100
f 91/91/91 100/100/100 94/94/94
f 16/16/16 15/15/15 101/101/101
f 16/16/16 101/101/101 91/91/91
f 85/85/85 99/99/99 103/103/103
f 85/85/85 103/103/103 86/86/86
f 104/104/104 105/105/105 5/5/5
f 104/104/104 5/5/5 2/2/2
f 106/106/106 107/107/107 105/105/105
f 106/106/106 105/105/105 104/104/104
f 108/108/108 109/109/109 107/107/107
f 108/108/108 107/107/107 106/106/106
f 110/110/110 111/111/111 109/109/109
f 110/110/110 109/109/109 108/108/108
f 112/112/112 113/113/113 111/111/111
f 112/112/112 111/111/111 110/110/110
f 114/114/114 115/115/115 116/116/116
f 114/114/114 116/116/116 117/117/117
f 118/118/118 121/121/121 122/122/122
f 118/118/118 122/122/122 124/124/124
f 121/121/121 112/112/112 110/110/110
f 121/121/121 110/110/110 122/122/122
f 126/126/126 31/31/31 30/30/30
f 126/126/126 30/30/30 127/127/127
f 128/128/128 35/35/35 31/31/31
f 128/128/128 31/31/31 126/126/126
f 117/117/117 116/116/116 129/129/129
f 117/117/117 129/129/129 130/130/130
f 124/124/124 122/122/122 131/131/131
f 124/124/124 131/131/131 133/133/133
f 122/122/122 110/110/110 108/108/108
f 122/122/122 108/108/108 131/131/131
f 135/135/135 44/44/44 35/35/35
f 135/135/135 35/35/35 128/128/128
f 130/130/130 129/129/129 136/136/136
f 130/130/130 136/136/136 137/137/137
f 133/133/133 131/131/131 138/138/138
f 133/133/133 138/138/138 140/140/140
f 131/131/131 108/108/108 106/106/106
f 131/131/131 106/106/106 138/138/138
f 137/137/137 136/136/136 142/142/142
f 137/137/137 142/142/142 135/135/135
f 140/140/140 138/138/138 143/143/143
f 140/140/140 143/143/143 145/145/145
f 138/138/138 106/106/106 104/104/104
f 138/138/138 104/104/104 143/143/143
f 135/135/135 142/142/142 57/57/57
f 135/135/135 57/57/57 44/44/44
f 145/145/145 143/143/143 65/65/65
f 145/145/145 65/65/65 60/60/60
f 143/143/143 104/104/104 2/2/2
f 143/143/143 2/2/2 65/65/65
f 107/107/107 147/147/147 148/148/148
f 107/107/107 148/148/148 105/105/105
f 109/109/109 149/149/149 147/147/147
f 109/109/109 147/147/147 107/107/107
f 111/111/111 150/150/150 149/149/149
f 111/111/111 149/149/149 109/109/109
f 113/113/113 151/151/151 150/150/150
f 113/113/113 150/150/150 111/111/111
f 105/105/105 148/148/148 71/71/71
f 105/105/105 71/71/71 5/5/5
f 152/152/152 78/78/78 76/76/76
f 152/152/152 76/76/76 153/153/153
f 322/322/322 154/154/154 79/79/79
f 322/322/322 79/79/79 336/336/336
f 339/339/339 155/155/155 154/154/154
f 339/339/339 154/154/154 322/322/322
f 327/327/327 156/156/156 155/155/155
f 327/327/327 155/155/155 339/339/339
f 127/127/127 30/30/30 78/78/78
f 127/127/127 78/78/78 152/152/152
f 334/334/334 157/157/157 156/156/156
f 334/334/334 156/156/156 327/327/327
f 153/153/153 76/76/76 87/87/87
f 153/153/153 87/87/87 158/158/158
f 340/340/340 159/159/159 157/157/157
f 340/340/340 157/157/157 334/334/334
f 137/137/137 160/160/160 161/161/161
f 137/137/137 161/161/161 130/130/130
f 130/130/130 161/161/161 162/162/162
f 130/130/130 162/162/162 117/117/117
f 135/135/135 128/128/128 160/160/160
f 135/135/135 160/160/160 137/137/137
f 160/160/160 164/164/164 165/165/165
f 160/160/160 165/165/165 161/161/161
f 161/161/161 165/165/165 166/166/166
f 161/161/161 166/166/166 162/162/162
f 128/128/128 126/126/126 164/164/164
f 128/128/128 164/164/164 160/160/160
f 165/165/165 168/168/168 169/169/169
f 165/165/165 169/169/169 166/166/166
f 126/126/126 127/127/127 170/170/170
f 126/126/126 170/170/170 164/164/164
f 164/164/164 170/170/170 168/168/168
f 164/164/164 168/168/168 165/165/165
f 168/168/168 153/153/153 158/158/158
f 168/168/168 158/158/158 169/169/169
f 170/170/170 152/152/152 153/153/153
f 170/170/170 153/153/153 168/168/168
f 169/169/169 158/158/158 171/171/171
f 169/169/169 171/171/171 172/172/172
f 166/166/166 169/169/169 172/172/172
f 166/166/166 172/172/172 173/173/173
f 163/163/163 167/167/167 3897/3897/3897
f 163/163/163 3897/3897/3897 3899/3899/3899
f 117/117/117 162/162/162 175/175/175
f 117/117/117 175/175/175 114/114/114
f 158/158/158 87/87/87 102/102/102
f 158/158/158 102/102/102 171/171/171
f 177/177/177 178/178/178 180/180/180
f 177/177/177 180/180/180 181/181/181
f 183/183/183 184/184/184 178/178/178
f 183/183/183 178/178/178 177/177/177
f 185/185/185 186/186/186 184/184/184
f 185/185/185 184/184/184 183/183/183
f 187/187/187 188/188/188 186/186/186
f 187/187/187 186/186/186 185/185/185
f 13/13/13 14/14/14 188/188/188
f 13/13/13 188/188/188 187/187/187
f 15/15/15 18/18/18 189/189/189
f 15/15/15 189/189/189 190/190/190
f 21/21/21 26/26/26 191/191/191
f 21/21/21 191/191/191 193/193/193
f 26/26/26 13/13/13 187/187/187
f 26/26/26 187/187/187 191/191/191
f 195/195/195 197/197/197 199/199/199
f 195/195/195 199/199/199 200/200/200
f 201/201/201 203/203/203 197/197/197
f 201/201/201 197/197/197 195/195/195
f 190/190/190 189/189/189 204/204/204
f 190/190/190 204/204/204 205/205/205
f 193/193/193 191/191/191 206/206/206
f 193/193/193 206/206/206 208/208/208
f 191/191/191 187/187/187 185/185/185
f 191/191/191 185/185/185 206/206/206
f 210/210/210 212/212/212 203/203/203
f 210/210/210 203/203/203 201/201/201
f 205/205/205 204/204/204 213/213/213
f 205/205/205 213/213/213 214/214/214
f 208/208/208 206/206/206 215/215/215
f 208/208/208 215/215/215 217/217/217
f 206/206/206 185/185/185 183/183/183
f 206/206/206 183/183/183 215/215/215
f 214/214/214 213/213/213 219/219/219
f 214/214/214 219/219/219 210/210/210
f 217/217/217 215/215/215 220/220/220
f 217/217/217 220/220/220 222/222/222
f 215/215/215 183/183/183 177/177/177
f 215/215/215 177/177/177 220/220/220
f 210/210/210 219/219/219 224/224/224
f 210/210/210 224/224/224 212/212/212
f 222/222/222 220/220/220 227/227/227
f 222/222/222 227/227/227 231/231/231
f 220/220/220 177/177/177 181/181/181
f 220/220/220 181/181/181 227/227/227
f 184/184/184 234/234/234 235/235/235
f 184/184/184 235/235/235 178/178/178
f 186/186/186 236/236/236 234/234/234
f 186/186/186 234/234/234 184/184/184
f 188/188/188 237/237/237 236/236/236
f 188/188/188 236/236/236 186/186/186
f 14/14/14 70/70/70 237/237/237
f 14/14/14 237/237/237 188/188/188
f 178/178/178 235/235/235 238/238/238
f 178/178/178 238/238/238 180/180/180
f 240/240/240 241/241/241 244/244/244
f 240/240/240 244/244/244 245/245/245
f 335/335/335 246/246/246 247/247/247
f 335/335/335 247/247/247 328/328/328
f 330/330/330 249/249/249 246/246/246
f 330/330/330 246/246/246 335/335/335
f 341/341/341 250/250/250 249/249/249
f 341/341/341 249/249/249 330/330/330
f 200/200/200 199/199/199 241/241/241
f 200/200/200 241/241/241 240/240/240
f 323/323/323 251/251/251 250/250/250
f 323/323/323 250/250/250 341/341/341
f 245/245/245 244/244/244 253/253/253
f 245/245/245 253/253/253 254/254/254
f 333/333/333 88/88/88 251/251/251
f 333/333/333 251/251/251 323/323/323
f 214/214/214 255/255/255 256/256/256
f 214/214/214 256/256/256 205/205/205
f 205/205/205 256/256/256 257/257/257
f 205/205/205 257/257/257 190/190/190
f 210/210/210 201/201/201 255/255/255
f 210/210/210 255/255/255 214/214/214
f 255/255/255 258/258/258 259/259/259
f 255/255/255 259/259/259 256/256/256
f 256/256/256 259/259/259 260/260/260
f 256/256/256 260/260/260 257/257/257
f 201/201/201 195/195/195 258/258/258
f 201/201/201 258/258/258 255/255/255
f 259/259/259 261/261/261 262/262/262
f 259/259/259 262/262/262 260/260/260
f 195/195/195 200/200/200 263/263/263
f 195/195/195 263/263/263 258/258/258
f 258/258/258 263/263/263 261/261/261
f 258/258/258 261/261/261 259/259/259
f 261/261/261 245/245/245 254/254/254
f 261/261/261 254/254/254 262/262/262
f 263/263/263 240/240/240 245/245/245
f 263/263/263 245/245/245 261/261/261
f 262/262/262 254/254/254 99/99/99
f 262/262/262 99/99/99 98/98/98
f 260/260/260 262/262/262 98/98/98
f 260/260/260 98/98/98 100/100/100
f 257/257/257 260/260/260 100/100/100
f 257/257/257 100/100/100 101/101/101
f 190/190/190 257/257/257 101/101/101
f 190/190/190 101/101/101 15/15/15
f 254/254/254 253/253/253 103/103/103
f 254/254/254 103/103/103 99/99/99
f 264/264/264 182/182/182 179/179/179
f 264/264/264 179/179/179 265/265/265
f 266/266/266 264/264/264 265/265/265
f 266/266/266 265/265/265 267/267/267
f 268/268/268 266/266/266 267/267/267
f 268/268/268 267/267/267 269/269/269
f 270/270/270 268/268/268 269/269/269
f 270/270/270 269/269/269 271/271/271
f 112/112/112 270/270/270 271/271/271
f 112/112/112 271/271/271 113/113/113
f 114/114/114 272/272/272 273/273/273
f 114/114/114 273/273/273 115/115/115
f 118/118/118 275/275/275 277/277/277
f 118/118/118 277/277/277 121/121/121
f 121/121/121 277/277/277 270/270/270
f 121/121/121 270/270/270 112/112/112
f 278/278/278 279/279/279 198/198/198
f 278/278/278 198/198/198 196/196/196
f 280/280/280 278/278/278 196/196/196
f 280/280/280 196/196/196 202/202/202
f 272/272/272 281/281/281 282/282/282
f 272/272/272 282/282/282 273/273/273
f 275/275/275 284/284/284 286/286/286
f 275/275/275 286/286/286 277/277/277
f 277/277/277 286/286/286 268/268/268
f 277/277/277 268/268/268 270/270/270
f 287/287/287 280/280/280 202/202/202
f 287/287/287 202/202/202 211/211/211
f 281/281/281 288/288/288 289/289/289
f 281/281/281 289/289/289 282/282/282
f 284/284/284 291/291/291 293/293/293
f 284/284/284 293/293/293 286/286/286
f 286/286/286 293/293/293 266/266/266
f 286/286/286 266/266/266 268/268/268
f 288/288/288 287/287/287 294/294/294
f 288/288/288 294/294/294 289/289/289
f 291/291/291 296/296/296 298/298/298
f 291/291/291 298/298/298 293/293/293
f 293/293/293 298/298/298 264/264/264
f 293/293/293 264/264/264 266/266/266
f 287/287/287 211/211/211 225/225/225
f 287/287/287 225/225/225 294/294/294
f 296/296/296 230/230/230 226/226/226
f 296/296/296 226/226/226 298/298/298
f 298/298/298 226/226/226 182/182/182
f 298/298/298 182/182/182 264/264/264
f 267/267/267 265/265/265 299/299/299
f 267/267/267 299/299/299 300/300/300
f 269/269/269 267/267/267 300/300/300
f 269/269/269 300/300/300 301/301/301
f 271/271/271 269/269/269 301/301/301
f 271/271/271 301/301/301 302/302/302
f 113/113/113 271/271/271 302/302/302
f 113/113/113 302/302/302 151/151/151
f 265/265/265 179/179/179 239/239/239
f 265/265/265 239/239/239 299/299/299
f 303/303/303 304/304/304 243/243/243
f 303/303/303 243/243/243 242/242/242
f 331/331/331 329/329/329 248/248/248
f 331/331/331 248/248/248 305/305/305
f 326/326/326 331/331/331 305/305/305
f 326/326/326 305/305/305 306/306/306
f 342/342/342 326/326/326 306/306/306
f 342/342/342 306/306/306 307/307/307
f 279/279/279 303/303/303 242/242/242
f 279/279/279 242/242/242 198/198/198
f 324/324/324 342/342/342 307/307/307
f 324/324/324 307/307/307 308/308/308
f 304/304/304 309/309/309 252/252/252
f 304/304/304 252/252/252 243/243/243
f 340/340/340 324/324/324 308/308/308
f 340/340/340 308/308/308 159/159/159
f 288/288/288 281/281/281 310/310/310
f 288/288/288 310/310/310 311/311/311
f 281/281/281 272/272/272 312/312/312
f 281/281/281 312/312/312 310/310/310
f 287/287/287 288/288/288 311/311/311
f 287/287/287 311/311/311 280/280/280
f 311/311/311 310/310/310 314/314/314
f 311/311/311 314/314/314 315/315/315
f 310/310/310 312/312/312 316/316/316
f 310/310/310 316/316/316 314/314/314
f 280/280/280 311/311/311 315/315/315
f 280/280/280 315/315/315 278/278/278
f 314/314/314 316/316/316 318/318/318
f 314/314/314 318/318/318 319/319/319
f 278/278/278 315/315/315 320/320/320
f 278/278/278 320/320/320 279/279/279
f 315/315/315 314/314/314 319/319/319
f 315/315/315 319/319/319 320/320/320
f 319/319/319 318/318/318 309/309/309
f 319/319/319 309/309/309 304/304/304
f 320/320/320 319/319/319 304/304/304
f 320/320/320 304/304/304 303/303/303
f 318/318/318 172/172/172 171/171/171
f 318/318/318 171/171/171 309/309/309
f 316/316/316 173/173/173 172/172/172
f 316/316/316 172/172/172 318/318/318
f 174/174/174 317/317/317 3900/3900/3900
f 174/174/174 3900/3900/3900 3898/3898/3898
f 272/272/272 114/114/114 175/175/175
f 272/272/272 175/175/175 312/312/312
f 309/309/309 171/171/171 102/102/102
f 309/309/309 102/102/102 252/252/252
f 294/294/294 225/225/225 228/228/228
f 294/294/294 228/228/228 295/295/295
f 289/289/289 294/294/294 295/295/295
f 289/289/289 295/295/295 290/290/290
f 282/282/282 289/289/289 290/290/290
f 282/282/282 290/290/290 283/283/283
f 273/273/273 282/282/282 283/283/283
f 273/273/273 283/283/283 274/274/274
f 115/115/115 273/273/273 274/274/274
f 115/115/115 274/274/274 119/119/119
f 219/219/219 221/221/221 229/229/229
f 219/219/219 229/229/229 224/224/224
f 213/213/213 216/216/216 221/221/221
f 213/213/213 221/221/221 219/219/219
f 204/204/204 207/207/207 216/216/216
f 204/204/204 216/216/216 213/213/213
f 189/189/189 192/192/192 207/207/207
f 189/189/189 207/207/207 204/204/204
f 18/18/18 20/20/20 192/192/192
f 18/18/18 192/192/192 189/189/189
f 142/142/142 146/146/146 63/63/63
f 142/142/142 63/63/63 57/57/57
f 136/136/136 141/141/141 146/146/146
f 136/136/136 146/146/146 142/142/142
f 129/129/129 134/134/134 141/141/141
f 129/129/129 141/141/141 136/136/136
f 116/116/116 125/125/125 134/134/134
f 116/116/116 134/134/134 129/129/129
f 115/115/115 119/119/119 125/125/125
f 115/115/115 125/125/125 116/116/116
f 51/51/51 56/56/56 62/62/62
f 51/51/51 62/62/62 54/54/54
f 46/46/46 51/51/51 54/54/54
f 46/46/46 54/54/54 49/49/49
f 37/37/37 46/46/46 49/49/49
f 37/37/37 49/49/49 40/40/40
f 17/17/17 37/37/37 40/40/40
f 17/17/17 40/40/40 24/24/24
f 18/18/18 17/17/17 24/24/24
f 18/18/18 24/24/24 20/20/20
f 151/151/151 302/302/302 324/324/324
f 151/151/151 324/324/324 340/340/340
f 302/302/302 301/301/301 342/342/342
f 302/302/302 342/342/342 324/324/324
f 301/301/301 300/300/300 326/326/326
f 301/301/301 326/326/326 342/342/342
f 300/300/300 299/299/299 331/331/331
f 300/300/300 331/331/331 326/326/326
f 299/299/299 239/239/239 329/329/329
f 299/299/299 329/329/329 331/331/331
f 70/70/70 333/333/333 323/323/323
f 70/70/70 323/323/323 237/237/237
f 237/237/237 323/323/323 341/341/341
f 237/237/237 341/341/341 236/236/236
f 236/236/236 341/341/341 330/330/330
f 236/236/236 330/330/330 234/234/234
f 234/234/234 330/330/330 335/335/335
f 234/234/234 335/335/335 235/235/235
f 235/235/235 335/335/335 328/328/328
f 235/235/235 328/328/328 238/238/238
f 151/151/151 340/340/340 334/334/334
f 151/151/151 334/334/334 150/150/150
f 150/150/150 334/334/334 327/327/327
f 150/150/150 327/327/327 149/149/149
f 149/149/149 327/327/327 339/339/339
f 149/149/149 339/339/339 147/147/147
f 147/147/147 339/339/339 322/322/322
f 147/147/147 322/322/322 148/148/148
f 148/148/148 322/322/322 336/336/336
f 148/148/148 336/336/336 71/71/71
f 70/70/70 69/69/69 325/325/325
f 70/70/70 325/325/325 333/333/333
f 69/69/69 68/68/68 321/321/321
f 69/69/69 321/321/321 325/325/325
f 68/68/68 67/67/67 338/338/338
f 68/68/68 338/338/338 321/321/321
f 67/67/67 66/66/66 332/332/332
f 67/67/67 332/332/332 338/338/338
f 66/66/66 72/72/72 337/337/337
f 66/66/66 337/337/337 332/332/332
f 343/343/343 345/345/345 347/347/347
f 343/343/343 347/347/347 348/348/348
f 349/349/349 343/343/343 348/348/348
f 349/349/349 348/348/348 350/350/350
f 351/351/351 349/349/349 350/350/350
f 351/351/351 350/350/350 352/352/352
f 353/353/353 351/351/351 352/352/352
f 353/353/353 352/352/352 354/354/354
f 355/355/355 353/353/353 354/354/354
f 355/355/355 354/354/354 356/356/356
f 361/361/361 362/362/362 363/363/363
f 361/361/361 363/363/363 364/364/364
f 364/364/364 363/363/363 353/353/353
f 364/364/364 353/353/353 355/355/355
f 362/362/362 367/367/367 368/368/368
f 362/362/362 368/368/368 363/363/363
f 363/363/363 368/368/368 351/351/351
f 363/363/363 351/351/351 353/353/353
f 367/367/367 371/371/371 372/372/372
f 367/367/367 372/372/372 368/368/368
f 368/368/368 372/372/372 349/349/349
f 368/368/368 349/349/349 351/351/351
f 371/371/371 377/377/377 378/378/378
f 371/371/371 378/378/378 372/372/372
f 372/372/372 378/378/378 343/343/343
f 372/372/372 343/343/343 349/349/349
f 377/377/377 382/382/382 384/384/384
f 377/377/377 384/384/384 378/378/378
f 378/378/378 384/384/384 345/345/345
f 378/378/378 345/345/345 343/343/343
f 350/350/350 348/348/348 386/386/386
f 350/350/350 386/386/386 388/388/388
f 352/352/352 350/350/350 388/388/388
f 352/352/352 388/388/388 390/390/390
f 354/354/354 352/352/352 390/390/390
f 354/354/354 390/390/390 392/392/392
f 356/356/356 354/354/354 392/392/392
f 356/356/356 392/392/392 394/394/394
f 348/348/348 347/347/347 398/398/398
f 348/348/348 398/398/398 386/386/386
f 399/399/399 400/400/400 346/346/346
f 399/399/399 346/346/346 344/344/344
f 401/401/401 402/402/402 400/400/400
f 401/401/401 400/400/400 399/399/399
f 403/403/403 404/404/404 402/402/402
f 403/403/403 402/402/402 401/401/401
f 405/405/405 406/406/406 404/404/404
f 405/405/405 404/404/404 403/403/403
f 407/407/407 408/408/408 406/406/406
f 407/407/407 406/406/406 405/405/405
f 413/413/413 414/414/414 415/415/415
f 413/413/413 415/415/415 416/416/416
f 414/414/414 407/407/407 405/405/405
f 414/414/414 405/405/405 415/415/415
f 416/416/416 415/415/415 419/419/419
f 416/416/416 419/419/419 420/420/420
f 415/415/415 405/405/405 403/403/403
f 415/415/415 403/403/403 419/419/419
f 420/420/420 419/419/419 423/423/423
f 420/420/420 423/423/423 424/424/424
f 419/419/419 403/403/403 401/401/401
f 419/419/419 401/401/401 423/423/423
f 424/424/424 423/423/423 427/427/427
f 424/424/424 427/427/427 428/428/428
f 423/423/423 401/401/401 399/399/399
f 423/423/423 399/399/399 427/427/427
f 428/428/428 427/427/427 383/383/383
f 428/428/428 383/383/383 381/381/381
f 427/427/427 399/399/399 344/344/344
f 427/427/427 344/344/344 383/383/383
f 402/402/402 429/429/429 431/431/431
f 402/402/402 431/431/431 400/400/400
f 404/404/404 433/433/433 429/429/429
f 404/404/404 429/429/429 402/402/402
f 406/406/406 435/435/435 433/433/433
f 406/406/406 433/433/433 404/404/404
f 408/408/408 437/437/437 435/435/435
f 408/408/408 435/435/435 406/406/406
f 400/400/400 431/431/431 395/395/395
f 400/400/400 395/395/395 346/346/346
f 439/439/439 440/440/440 442/442/442
f 439/439/439 442/442/442 444/444/444
f 445/445/445 446/446/446 440/440/440
f 445/445/445 440/440/440 439/439/439
f 447/447/447 448/448/448 446/446/446
f 447/447/447 446/446/446 445/445/445
f 449/449/449 450/450/450 448/448/448
f 449/449/449 448/448/448 447/447/447
f 355/355/355 356/356/356 450/450/450
f 355/355/355 450/450/450 449/449/449
f 361/361/361 364/364/364 453/453/453
f 361/361/361 453/453/453 454/454/454
f 364/364/364 355/355/355 449/449/449
f 364/364/364 449/449/449 453/453/453
f 454/454/454 453/453/453 457/457/457
f 454/454/454 457/457/457 458/458/458
f 453/453/453 449/449/449 447/447/447
f 453/453/453 447/447/447 457/457/457
f 458/458/458 457/457/457 461/461/461
f 458/458/458 461/461/461 462/462/462
f 457/457/457 447/447/447 445/445/445
f 457/457/457 445/445/445 461/461/461
f 462/462/462 461/461/461 467/467/467
f 462/462/462 467/467/467 468/468/468
f 461/461/461 445/445/445 439/439/439
f 461/461/461 439/439/439 467/467/467
f 468/468/468 467/467/467 472/472/472
f 468/468/468 472/472/472 474/474/474
f 467/467/467 439/439/439 444/444/444
f 467/467/467 444/444/444 472/472/472
f 446/446/446 476/476/476 478/478/478
f 446/446/446 478/478/478 440/440/440
f 448/448/448 480/480/480 476/476/476
f 448/448/448 476/476/476 446/446/446
f 450/450/450 482/482/482 480/480/480
f 450/450/450 480/480/480 448/448/448
f 356/356/356 394/394/394 482/482/482
f 356/356/356 482/482/482 450/450/450
f 440/440/440 478/478/478 486/486/486
f 440/440/440 486/486/486 442/442/442
f 487/487/487 443/443/443 441/441/441
f 487/487/487 441/441/441 488/488/488
f 489/489/489 487/487/487 488/488/488
f 489/489/489 488/488/488 490/490/490
f 491/491/491 489/489/489 490/490/490
f 491/491/491 490/490/490 492/492/492
f 493/493/493 491/491/491 492/492/492
f 493/493/493 492/492/492 494/494/494
f 407/407/407 493/493/493 494/494/494
f 407/407/407 494/494/494 408/408/408
f 413/413/413 497/497/497 498/498/498
f 413/413/413 498/498/498 414/414/414
f 414/414/414 498/498/498 493/493/493
f 414/414/414 493/493/493 407/407/407
f 497/497/497 501/501/501 502/502/502
f 497/497/497 502/502/502 498/498/498
f 498/498/498 502/502/502 491/491/491
f 498/498/498 491/491/491 493/493/493
f 501/501/501 505/505/505 506/506/506
f 501/501/501 506/506/506 502/502/502
f 502/502/502 506/506/506 489/489/489
f 502/502/502 489/489/489 491/491/491
f 505/505/505 509/509/509 510/510/510
f 505/505/505 510/510/510 506/506/506
f 506/506/506 510/510/510 487/487/487
f 506/506/506 487/487/487 489/489/489
f 509/509/509 473/473/473 471/471/471
f 509/509/509 471/471/471 510/510/510
f 510/510/510 471/471/471 443/443/443
f 510/510/510 443/443/443 487/487/487
f 490/490/490 488/488/488 511/511/511
f 490/490/490 511/511/511 513/513/513
f 492/492/492 490/490/490 513/513/513
f 492/492/492 513/513/513 515/515/515
f 494/494/494 492/492/492 515/515/515
f 494/494/494 515/515/515 517/517/517
f 408/408/408 494/494/494 517/517/517
f 408/408/408 517/517/517 437/437/437
f 488/488/488 441/441/441 483/483/483
f 488/488/488 483/483/483 511/511/511
f 276/276/276 285/285/285 365/365/365
f 276/276/276 365/365/365 369/369/369
f 218/218/218 209/209/209 411/411/411
f 218/218/218 411/411/411 409/409/409
f 19/19/19 22/22/22 503/503/503
f 19/19/19 503/503/503 507/507/507
f 132/132/132 123/123/123 455/455/455
f 132/132/132 455/455/455 451/451/451
f 22/22/22 38/38/38 499/499/499
f 22/22/22 499/499/499 503/503/503
f 233/233/233 223/223/223 379/379/379
f 233/233/233 379/379/379 374/374/374
f 285/285/285 292/292/292 359/359/359
f 285/285/285 359/359/359 365/365/365
f 52/52/52 59/59/59 464/464/464
f 52/52/52 464/464/464 469/469/469
f 223/223/223 218/218/218 409/409/409
f 223/223/223 409/409/409 379/379/379
f 120/120/120 276/276/276 369/369/369
f 120/120/120 369/369/369 459/459/459
f 139/139/139 132/132/132 451/451/451
f 139/139/139 451/451/451 425/425/425
f 144/144/144 139/139/139 425/425/425
f 144/144/144 425/425/425 421/421/421
f 292/292/292 297/297/297 357/357/357
f 292/292/292 357/357/357 359/359/359
f 47/47/47 52/52/52 469/469/469
f 47/47/47 469/469/469 495/495/495
f 209/209/209 194/194/194 417/417/417
f 209/209/209 417/417/417 411/411/411
f 194/194/194 19/19/19 507/507/507
f 194/194/194 507/507/507 417/417/417
f 58/58/58 144/144/144 421/421/421
f 58/58/58 421/421/421 463/463/463
f 38/38/38 47/47/47 495/495/495
f 38/38/38 495/495/495 499/499/499
f 297/297/297 232/232/232 373/373/373
f 297/297/297 373/373/373 357/357/357
f 123/123/123 120/120/120 459/459/459
f 123/123/123 459/459/459 455/455/455
f 438/438/438 518/518/518 522/522/522
f 438/438/438 522/522/522 538/538/538
f 518/518/518 516/516/516 540/540/540
f 518/518/518 540/540/540 522/522/522
f 516/516/516 514/514/514 524/524/524
f 516/516/516 524/524/524 540/540/540
f 514/514/514 512/512/512 529/529/529
f 514/514/514 529/529/529 524/524/524
f 512/512/512 485/485/485 527/527/527
f 512/512/512 527/527/527 529/529/529
f 393/393/393 531/531/531 521/521/521
f 393/393/393 521/521/521 481/481/481
f 481/481/481 521/521/521 539/539/539
f 481/481/481 539/539/539 479/479/479
f 479/479/479 539/539/539 528/528/528
f 479/479/479 528/528/528 475/475/475
f 475/475/475 528/528/528 533/533/533
f 475/475/475 533/533/533 477/477/477
f 477/477/477 533/533/533 526/526/526
f 477/477/477 526/526/526 484/484/484
f 438/438/438 538/538/538 532/532/532
f 438/438/438 532/532/532 436/436/436
f 436/436/436 532/532/532 525/525/525
f 436/436/436 525/525/525 434/434/434
f 434/434/434 525/525/525 537/537/537
f 434/434/434 537/537/537 430/430/430
f 430/430/430 537/537/537 520/520/520
f 430/430/430 520/520/520 432/432/432
f 432/432/432 520/520/520 534/534/534
f 432/432/432 534/534/534 396/396/396
f 393/393/393 391/391/391 523/523/523
f 393/393/393 523/523/523 531/531/531
f 391/391/391 389/389/389 519/519/519
f 391/391/391 519/519/519 523/523/523
f 389/389/389 387/387/387 536/536/536
f 389/389/389 536/536/536 519/519/519
f 387/387/387 385/385/385 530/530/530
f 387/387/387 530/530/530 536/536/536
f 385/385/385 397/397/397 535/535/535
f 385/385/385 535/535/535 530/530/530
f 548/548/548 547/547/547 556/556/556
f 548/548/548 556/556/556 557/557/557
f 683/683/683 545/545/545 554/554/554
f 683/683/683 554/554/554 555/555/555
f 681/681/681 543/543/543 552/552/552
f 681/681/681 552/552/552 553/553/553
f 547/547/547 683/683/683 555/555/555
f 547/547/547 555/555/555 556/556/556
f 545/545/545 681/681/681 553/553/553
f 545/545/545 553/553/553 554/554/554
f 543/543/543 679/679/679 551/551/551
f 543/543/543 551/551/551 552/552/552
f 556/556/556 555/555/555 564/564/564
f 556/556/556 564/564/564 565/565/565
f 554/554/554 553/553/553 562/562/562
f 554/554/554 562/562/562 563/563/563
f 552/552/552 551/551/551 560/560/560
f 552/552/552 560/560/560 561/561/561
f 557/557/557 556/556/556 565/565/565
f 557/557/557 565/565/565 566/566/566
f 555/555/555 554/554/554 563/563/563
f 555/555/555 563/563/563 564/564/564
f 553/553/553 552/552/552 561/561/561
f 553/553/553 561/561/561 562/562/562
f 563/563/563 562/562/562 571/571/571
f 563/563/563 571/571/571 572/572/572
f 561/561/561 560/560/560 569/569/569
f 561/561/561 569/569/569 570/570/570
f 566/566/566 565/565/565 574/574/574
f 566/566/566 574/574/574 575/575/575
f 564/564/564 563/563/563 572/572/572
f 564/564/564 572/572/572 573/573/573
f 562/562/562 561/561/561 570/570/570
f 562/562/562 570/570/570 571/571/571
f 565/565/565 564/564/564 573/573/573
f 565/565/565 573/573/573 574/574/574
f 575/575/575 574/574/574 583/583/583
f 575/575/575 583/583/583 584/584/584
f 573/573/573 572/572/572 581/581/581
f 573/573/573 581/581/581 582/582/582
f 571/571/571 570/570/570 579/579/579
f 571/571/571 579/579/579 580/580/580
f 574/574/574 573/573/573 582/582/582
f 574/574/574 582/582/582 583/583/583
f 572/572/572 571/571/571 580/580/580
f 572/572/572 580/580/580 581/581/581
f 570/570/570 569/569/569 578/578/578
f 570/570/570 578/578/578 579/579/579
f 580/580/580 579/579/579 588/588/588
f 580/580/580 588/588/588 589/589/589
f 583/583/583 582/582/582 591/591/591
f 583/583/583 591/591/591 592/592/592
f 581/581/581 580/580/580 589/589/589
f 581/581/581 589/589/589 590/590/590
f 579/579/579 578/578/578 587/587/587
f 579/579/579 587/587/587 588/588/588
f 584/584/584 583/583/583 592/592/592
f 584/584/584 592/592/592 593/593/593
f 582/582/582 581/581/581 590/590/590
f 582/582/582 590/590/590 591/591/591
f 592/592/592 591/591/591 611/611/611
f 592/592/592 611/611/611 612/612/612
f 590/590/590 589/589/589 609/609/609
f 590/590/590 609/609/609 610/610/610
f 588/588/588 587/587/587 607/607/607
f 588/588/588 607/607/607 608/608/608
f 593/593/593 592/592/592 612/612/612
f 593/593/593 612/612/612 613/613/613
f 591/591/591 590/590/590 610/610/610
f 591/591/591 610/610/610 611/611/611
f 589/589/589 588/588/588 608/608/608
f 589/589/589 608/608/608 609/609/609
f 608/608/608 607/607/607 616/616/616
f 608/608/608 616/616/616 617/617/617
f 613/613/613 612/612/612 621/621/621
f 613/613/613 621/621/621 622/622/622
f 611/611/611 610/610/610 619/619/619
f 611/611/611 619/619/619 620/620/620
f 609/609/609 608/608/608 617/617/617
f 609/609/609 617/617/617 618/618/618
f 612/612/612 611/611/611 620/620/620
f 612/612/612 620/620/620 621/621/621
f 610/610/610 609/609/609 618/618/618
f 610/610/610 618/618/618 619/619/619
f 622/622/622 621/621/621 641/641/641
f 622/622/622 641/641/641 642/642/642
f 620/620/620 619/619/619 639/639/639
f 620/620/620 639/639/639 640/640/640
f 618/618/618 617/617/617 637/637/637
f 618/618/618 637/637/637 638/638/638
f 621/621/621 620/620/620 640/640/640
f 621/621/621 640/640/640 641/641/641
f 619/619/619 618/618/618 638/638/638
f 619/619/619 638/638/638 639/639/639
f 617/617/617 616/616/616 636/636/636
f 617/617/617 636/636/636 637/637/637
f 641/641/641 640/640/640 654/654/654
f 641/641/641 654/654/654 656/656/656
f 639/639/639 638/638/638 650/650/650
f 639/639/639 650/650/650 651/651/651
f 637/637/637 636/636/636 646/646/646
f 637/637/637 646/646/646 648/648/648
f 642/642/642 641/641/641 656/656/656
f 642/642/642 656/656/656 658/658/658
f 640/640/640 639/639/639 651/651/651
f 640/640/640 651/651/651 654/654/654
f 638/638/638 637/637/637 648/648/648
f 638/638/638 648/648/648 650/650/650
f 655/655/655 653/653/653 665/665/665
f 655/655/655 665/665/665 666/666/666
f 652/652/652 649/649/649 663/663/663
f 652/652/652 663/663/663 664/664/664
f 647/647/647 645/645/645 661/661/661
f 647/647/647 661/661/661 662/662/662
f 657/657/657 655/655/655 666/666/666
f 657/657/657 666/666/666 667/667/667
f 653/653/653 652/652/652 664/664/664
f 653/653/653 664/664/664 665/665/665
f 649/649/649 647/647/647 662/662/662
f 649/649/649 662/662/662 663/663/663
f 667/667/667 666/666/666 675/675/675
f 667/667/667 675/675/675 676/676/676
f 665/665/665 664/664/664 673/673/673
f 665/665/665 673/673/673 674/674/674
f 663/663/663 662/662/662 671/671/671
f 663/663/663 671/671/671 672/672/672
f 666/666/666 665/665/665 674/674/674
f 666/666/666 674/674/674 675/675/675
f 664/664/664 663/663/663 672/672/672
f 664/664/664 672/672/672 673/673/673
f 662/662/662 661/661/661 670/670/670
f 662/662/662 670/670/670 671/671/671
f 674/674/674 673/673/673 545/545/545
f 674/674/674 545/545/545 683/683/683
f 672/672/672 671/671/671 543/543/543
f 672/672/672 543/543/543 681/681/681
f 675/675/675 674/674/674 683/683/683
f 675/675/675 683/683/683 547/547/547
f 673/673/673 672/672/672 681/681/681
f 673/673/673 681/681/681 545/545/545
f 671/671/671 670/670/670 679/679/679
f 671/671/671 679/679/679 543/543/543
f 676/676/676 675/675/675 547/547/547
f 676/676/676 547/547/547 548/548/548
f 682/682/682 684/684/684 660/660/660
f 682/682/682 660/660/660 659/659/659
f 770/770/770 685/685/685 669/669/669
f 770/770/770 669/669/669 668/668/668
f 769/769/769 686/686/686 678/678/678
f 769/769/769 678/678/678 677/677/677
f 684/684/684 770/770/770 668/668/668
f 684/684/684 668/668/668 660/660/660
f 685/685/685 769/769/769 677/677/677
f 685/685/685 677/677/677 669/669/669
f 686/686/686 768/768/768 680/680/680
f 686/686/686 680/680/680 678/678/678
f 660/660/660 668/668/668 614/614/614
f 660/660/660 614/614/614 594/594/594
f 669/669/669 677/677/677 635/635/635
f 669/669/669 635/635/635 615/615/615
f 678/678/678 680/680/680 644/644/644
f 678/678/678 644/644/644 643/643/643
f 659/659/659 660/660/660 594/594/594
f 659/659/659 594/594/594 586/586/586
f 668/668/668 669/669/669 615/615/615
f 668/668/668 615/615/615 614/614/614
f 677/677/677 678/678/678 643/643/643
f 677/677/677 643/643/643 635/635/635
f 615/615/615 635/635/635 576/576/576
f 615/615/615 576/576/576 568/568/568
f 643/643/643 644/644/644 585/585/585
f 643/643/643 585/585/585 577/577/577
f 586/586/586 594/594/594 559/559/559
f 586/586/586 559/559/559 558/558/558
f 614/614/614 615/615/615 568/568/568
f 614/614/614 568/568/568 567/567/567
f 635/635/635 643/643/643 577/577/577
f 635/635/635 577/577/577 576/576/576
f 594/594/594 614/614/614 567/567/567
f 594/594/594 567/567/567 559/559/559
f 558/558/558 559/559/559 541/541/541
f 558/558/558 541/541/541 687/687/687
f 567/567/567 568/568/568 544/544/544
f 567/567/567 544/544/544 542/542/542
f 576/576/576 577/577/577 549/549/549
f 576/576/576 549/549/549 546/546/546
f 559/559/559 567/567/567 542/542/542
f 559/559/559 542/542/542 541/541/541
f 568/568/568 576/576/576 546/546/546
f 568/568/568 546/546/546 544/544/544
f 577/577/577 585/585/585 550/550/550
f 577/577/577 550/550/550 549/549/549
f 546/546/546 549/549/549 689/689/689
f 546/546/546 689/689/689 690/690/690
f 541/541/541 542/542/542 692/692/692
f 541/541/541 692/692/692 693/693/693
f 544/544/544 546/546/546 690/690/690
f 544/544/544 690/690/690 691/691/691
f 549/549/549 550/550/550 688/688/688
f 549/549/549 688/688/688 689/689/689
f 687/687/687 541/541/541 693/693/693
f 687/687/687 693/693/693 694/694/694
f 542/542/542 544/544/544 691/691/691
f 542/542/542 691/691/691 692/692/692
f 693/693/693 692/692/692 711/711/711
f 693/693/693 711/711/711 712/712/712
f 691/691/691 690/690/690 709/709/709
f 691/691/691 709/709/709 710/710/710
f 689/689/689 688/688/688 707/707/707
f 689/689/689 707/707/707 708/708/708
f 694/694/694 693/693/693 712/712/712
f 694/694/694 712/712/712 713/713/713
f 692/692/692 691/691/691 710/710/710
f 692/692/692 710/710/710 711/711/711
f 690/690/690 689/689/689 708/708/708
f 690/690/690 708/708/708 709/709/709
f 708/708/708 707/707/707 714/714/714
f 708/708/708 714/714/714 715/715/715
f 713/713/713 712/712/712 719/719/719
f 713/713/713 719/719/719 720/720/720
f 711/711/711 710/710/710 717/717/717
f 711/711/711 717/717/717 718/718/718
f 709/709/709 708/708/708 715/715/715
f 709/709/709 715/715/715 716/716/716
f 712/712/712 711/711/711 718/718/718
f 712/712/712 718/718/718 719/719/719
f 710/710/710 709/709/709 716/716/716
f 710/710/710 716/716/716 717/717/717
f 720/720/720 719/719/719 738/738/738
f 720/720/720 738/738/738 739/739/739
f 718/718/718 717/717/717 736/736/736
f 718/718/718 736/736/736 737/737/737
f 716/716/716 715/715/715 734/734/734
f 716/716/716 734/734/734 735/735/735
f 719/719/719 718/718/718 737/737/737
f 719/719/719 737/737/737 738/738/738
f 717/717/717 716/716/716 735/735/735
f 717/717/717 735/735/735 736/736/736
f 715/715/715 714/714/714 733/733/733
f 715/715/715 733/733/733 734/734/734
f 738/738/738 737/737/737 749/749/749
f 738/738/738 749/749/749 751/751/751
f 736/736/736 735/735/735 745/745/745
f 736/736/736 745/745/745 746/746/746
f 734/734/734 733/733/733 741/741/741
f 734/734/734 741/741/741 743/743/743
f 739/739/739 738/738/738 751/751/751
f 739/739/739 751/751/751 753/753/753
f 737/737/737 736/736/736 746/746/746
f 737/737/737 746/746/746 749/749/749
f 735/735/735 734/734/734 743/743/743
f 735/735/735 743/743/743 745/745/745
f 750/750/750 748/748/748 758/758/758
f 750/750/750 758/758/758 759/759/759
f 747/747/747 744/744/744 756/756/756
f 747/747/747 756/756/756 757/757/757
f 742/742/742 740/740/740 754/754/754
f 742/742/742 754/754/754 755/755/755
f 752/752/752 750/750/750 759/759/759
f 752/752/752 759/759/759 760/760/760
f 748/748/748 747/747/747 757/757/757
f 748/748/748 757/757/757 758/758/758
f 744/744/744 742/742/742 755/755/755
f 744/744/744 755/755/755 756/756/756
f 760/760/760 759/759/759 766/766/766
f 760/760/760 766/766/766 767/767/767
f 758/758/758 757/757/757 764/764/764
f 758/758/758 764/764/764 765/765/765
f 756/756/756 755/755/755 762/762/762
f 756/756/756 762/762/762 763/763/763
f 759/759/759 758/758/758 765/765/765
f 759/759/759 765/765/765 766/766/766
f 757/757/757 756/756/756 763/763/763
f 757/757/757 763/763/763 764/764/764
f 755/755/755 754/754/754 761/761/761
f 755/755/755 761/761/761 762/762/762
f 765/765/765 764/764/764 685/685/685
f 765/765/765 685/685/685 770/770/770
f 763/763/763 762/762/762 686/686/686
f 763/763/763 686/686/686 769/769/769
f 766/766/766 765/765/765 770/770/770
f 766/766/766 770/770/770 684/684/684
f 764/764/764 763/763/763 769/769/769
f 764/764/764 769/769/769 685/685/685
f 762/762/762 761/761/761 768/768/768
f 762/762/762 768/768/768 686/686/686
f 767/767/767 766/766/766 684/684/684
f 767/767/767 684/684/684 682/682/682
f 798/798/798 799/799/799 792/792/792
f 798/798/798 792/792/792 791/791/791
f 885/885/885 800/800/800 794/794/794
f 885/885/885 794/794/794 793/793/793
f 884/884/884 801/801/801 796/796/796
f 884/884/884 796/796/796 795/795/795
f 799/799/799 885/885/885 793/793/793
f 799/799/799 793/793/793 792/792/792
f 800/800/800 884/884/884 795/795/795
f 800/800/800 795/795/795 794/794/794
f 801/801/801 883/883/883 797/797/797
f 801/801/801 797/797/797 796/796/796
f 792/792/792 793/793/793 786/786/786
f 792/792/792 786/786/786 785/785/785
f 794/794/794 795/795/795 788/788/788
f 794/794/794 788/788/788 787/787/787
f 796/796/796 797/797/797 790/790/790
f 796/796/796 790/790/790 789/789/789
f 791/791/791 792/792/792 785/785/785
f 791/791/791 785/785/785 784/784/784
f 793/793/793 794/794/794 787/787/787
f 793/793/793 787/787/787 786/786/786
f 795/795/795 796/796/796 789/789/789
f 795/795/795 789/789/789 788/788/788
f 787/787/787 788/788/788 781/781/781
f 787/787/787 781/781/781 780/780/780
f 789/789/789 790/790/790 783/783/783
f 789/789/789 783/783/783 782/782/782
f 784/784/784 785/785/785 778/778/778
f 784/784/784 778/778/778 777/777/777
f 786/786/786 787/787/787 780/780/780
f 786/786/786 780/780/780 779/779/779
f 788/788/788 789/789/789 782/782/782
f 788/788/788 782/782/782 781/781/781
f 785/785/785 786/786/786 779/779/779
f 785/785/785 779/779/779 778/778/778
f 777/777/777 778/778/778 771/771/771
f 777/777/777 771/771/771 802/802/802
f 779/779/779 780/780/780 773/773/773
f 779/779/779 773/773/773 772/772/772
f 781/781/781 782/782/782 775/775/775
f 781/781/781 775/775/775 774/774/774
f 778/778/778 779/779/779 772/772/772
f 778/778/778 772/772/772 771/771/771
f 780/780/780 781/781/781 774/774/774
f 780/780/780 774/774/774 773/773/773
f 782/782/782 783/783/783 776/776/776
f 782/782/782 776/776/776 775/775/775
f 774/774/774 775/775/775 804/804/804
f 774/774/774 804/804/804 805/805/805
f 771/771/771 772/772/772 807/807/807
f 771/771/771 807/807/807 808/808/808
f 773/773/773 774/774/774 805/805/805
f 773/773/773 805/805/805 806/806/806
f 775/775/775 776/776/776 803/803/803
f 775/775/775 803/803/803 804/804/804
f 802/802/802 771/771/771 808/808/808
f 802/802/802 808/808/808 809/809/809
f 772/772/772 773/773/773 806/806/806
f 772/772/772 806/806/806 807/807/807
f 808/808/808 807/807/807 826/826/826
f 808/808/808 826/826/826 827/827/827
f 806/806/806 805/805/805 824/824/824
f 806/806/806 824/824/824 825/825/825
f 804/804/804 803/803/803 822/822/822
f 804/804/804 822/822/822 823/823/823
f 809/809/809 808/808/808 827/827/827
f 809/809/809 827/827/827 828/828/828
f 807/807/807 806/806/806 825/825/825
f 807/807/807 825/825/825 826/826/826
f 805/805/805 804/804/804 823/823/823
f 805/805/805 823/823/823 824/824/824
f 823/823/823 822/822/822 829/829/829
f 823/823/823 829/829/829 830/830/830
f 828/828/828 827/827/827 834/834/834
f 828/828/828 834/834/834 835/835/835
f 826/826/826 825/825/825 832/832/832
f 826/826/826 832/832/832 833/833/833
f 824/824/824 823/823/823 830/830/830
f 824/824/824 830/830/830 831/831/831
f 827/827/827 826/826/826 833/833/833
f 827/827/827 833/833/833 834/834/834
f 825/825/825 824/824/824 831/831/831
f 825/825/825 831/831/831 832/832/832
f 835/835/835 834/834/834 853/853/853
f 835/835/835 853/853/853 854/854/854
f 833/833/833 832/832/832 851/851/851
f 833/833/833 851/851/851 852/852/852
f 831/831/831 830/830/830 849/849/849
f 831/831/831 849/849/849 850/850/850
f 834/834/834 833/833/833 852/852/852
f 834/834/834 852/852/852 853/853/853
f 832/832/832 831/831/831 850/850/850
f 832/832/832 850/850/850 851/851/851
f 830/830/830 829/829/829 848/848/848
f 830/830/830 848/848/848 849/849/849
f 853/853/853 852/852/852 864/864/864
f 853/853/853 864/864/864 866/866/866
f 851/851/851 850/850/850 860/860/860
f 851/851/851 860/860/860 861/861/861
f 849/849/849 848/848/848 856/856/856
f 849/849/849 856/856/856 858/858/858
f 854/854/854 853/853/853 866/866/866
f 854/854/854 866/866/866 868/868/868
f 852/852/852 851/851/851 861/861/861
f 852/852/852 861/861/861 864/864/864
f 850/850/850 849/849/849 858/858/858
f 850/850/850 858/858/858 860/860/860
f 865/865/865 863/863/863 873/873/873
f 865/865/865 873/873/873 874/874/874
f 862/862/862 859/859/859 871/871/871
f 862/862/862 871/871/871 872/872/872
f 857/857/857 855/855/855 869/869/869
f 857/857/857 869/869/869 870/870/870
f 867/867/867 865/865/865 874/874/874
f 867/867/867 874/874/874 875/875/875
f 863/863/863 862/862/862 872/872/872
f 863/863/863 872/872/872 873/873/873
f 859/859/859 857/857/857 870/870/870
f 859/859/859 870/870/870 871/871/871
f 875/875/875 874/874/874 881/881/881
f 875/875/875 881/881/881 882/882/882
f 873/873/873 872/872/872 879/879/879
f 873/873/873 879/879/879 880/880/880
f 871/871/871 870/870/870 877/877/877
f 871/871/871 877/877/877 878/878/878
f 874/874/874 873/873/873 880/880/880
f 874/874/874 880/880/880 881/881/881
f 872/872/872 871/871/871 878/878/878
f 872/872/872 878/878/878 879/879/879
f 870/870/870 869/869/869 876/876/876
f 870/870/870 876/876/876 877/877/877
f 880/880/880 879/879/879 800/800/800
f 880/880/880 800/800/800 885/885/885
f 878/878/878 877/877/877 801/801/801
f 878/878/878 801/801/801 884/884/884
f 881/881/881 880/880/880 885/885/885
f 881/881/881 885/885/885 799/799/799
f 879/879/879 878/878/878 884/884/884
f 879/879/879 884/884/884 800/800/800
f 877/877/877 876/876/876 883/883/883
f 877/877/877 883/883/883 801/801/801
f 882/882/882 881/881/881 799/799/799
f 882/882/882 799/799/799 798/798/798
f 913/913/913 914/914/914 907/907/907
f 913/913/913 907/907/907 906/906/906
f 1000/1000/1000 915/915/915 909/909/909
f 1000/1000/1000 909/909/909 908/908/908
f 999/999/999 916/916/916 911/911/911
f 999/999/999 911/911/911 910/910/910
f 914/914/914 1000/1000/1000 908/908/908
f 914/914/914 908/908/908 907/907/907
f 915/915/915 999/999/999 910/910/910
f 915/915/915 910/910/910 909/909/909
f 916/916/916 998/998/998 912/912/912
f 916/916/916 912/912/912 911/911/911
f 907/907/907 908/908/908 901/901/901
f 907/907/907 901/901/901 900/900/900
f 909/909/909 910/910/910 903/903/903
f 909/909/909 903/903/903 902/902/902
f 911/911/911 912/912/912 905/905/905
f 911/911/911 905/905/905 904/904/904
f 906/906/906 907/907/907 900/900/900
f 906/906/906 900/900/900 899/899/899
f 908/908/908 909/909/909 902/902/902
f 908/908/908 902/902/902 901/901/901
f 910/910/910 911/911/911 904/904/904
f 910/910/910 904/904/904 903/903/903
f 902/902/902 903/903/903 896/896/896
f 902/902/902 896/896/896 895/895/895
f 904/904/904 905/905/905 898/898/898
f 904/904/904 898/898/898 897/897/897
f 899/899/899 900/900/900 893/893/893
f 899/899/899 893/893/893 892/892/892
f 901/901/901 902/902/902 895/895/895
f 901/901/901 895/895/895 894/894/894
f 903/903/903 904/904/904 897/897/897
f 903/903/903 897/897/897 896/896/896
f 900/900/900 901/901/901 894/894/894
f 900/900/900 894/894/894 893/893/893
f 892/892/892 893/893/893 886/886/886
f 892/892/892 886/886/886 917/917/917
f 894/894/894 895/895/895 888/888/888
f 894/894/894 888/888/888 887/887/887
f 896/896/896 897/897/897 890/890/890
f 896/896/896 890/890/890 889/889/889
f 893/893/893 894/894/894 887/887/887
f 893/893/893 887/887/887 886/886/886
f 895/895/895 896/896/896 889/889/889
f 895/895/895 889/889/889 888/888/888
f 897/897/897 898/898/898 891/891/891
f 897/897/897 891/891/891 890/890/890
f 889/889/889 890/890/890 919/919/919
f 889/889/889 919/919/919 920/920/920
f 886/886/886 887/887/887 922/922/922
f 886/886/886 922/922/922 923/923/923
f 888/888/888 889/889/889 920/920/920
f 888/888/888 920/920/920 921/921/921
f 890/890/890 891/891/891 918/918/918
f 890/890/890 918/918/918 919/919/919
f 917/917/917 886/886/886 923/923/923
f 917/917/917 923/923/923 924/924/924
f 887/887/887 888/888/888 921/921/921
f 887/887/887 921/921/921 922/922/922
f 923/923/923 922/922/922 941/941/941
f 923/923/923 941/941/941 942/942/942
f 921/921/921 920/920/920 939/939/939
f 921/921/921 939/939/939 940/940/940
f 919/919/919 918/918/918 937/937/937
f 919/919/919 937/937/937 938/938/938
f 924/924/924 923/923/923 942/942/942
f 924/924/924 942/942/942 943/943/943
f 922/922/922 921/921/921 940/940/940
f 922/922/922 940/940/940 941/941/941
f 920/920/920 919/919/919 938/938/938
f 920/920/920 938/938/938 939/939/939
f 938/938/938 937/937/937 944/944/944
f 938/938/938 944/944/944 945/945/945
f 943/943/943 942/942/942 949/949/949
f 943/943/943 949/949/949 950/950/950
f 941/941/941 940/940/940 947/947/947
f 941/941/941 947/947/947 948/948/948
f 939/939/939 938/938/938 945/945/945
f 939/939/939 945/945/945 946/946/946
f 942/942/942 941/941/941 948/948/948
f 942/942/942 948/948/948 949/949/949
f 940/940/940 939/939/939 946/946/946
f 940/940/940 946/946/946 947/947/947
f 950/950/950 949/949/949 968/968/968
f 950/950/950 968/968/968 969/969/969
f 948/948/948 947/947/947 966/966/966
f 948/948/948 966/966/966 967/967/967
f 946/946/946 945/945/945 964/964/964
f 946/946/946 964/964/964 965/965/965
f 949/949/949 948/948/948 967/967/967
f 949/949/949 967/967/967 968/968/968
f 947/947/947 946/946/946 965/965/965
f 947/947/947 965/965/965 966/966/966
f 945/945/945 944/944/944 963/963/963
f 945/945/945 963/963/963 964/964/964
f 968/968/968 967/967/967 979/979/979
f 968/968/968 979/979/979 981/981/981
f 966/966/966 965/965/965 975/975/975
f 966/966/966 975/975/975 976/976/976
f 964/964/964 963/963/963 971/971/971
f 964/964/964 971/971/971 973/973/973
f 969/969/969 968/968/968 981/981/981
f 969/969/969 981/981/981 983/983/983
f 967/967/967 966/966/966 976/976/976
f 967/967/967 976/976/976 979/979/979
f 965/965/965 964/964/964 973/973/973
f 965/965/965 973/973/973 975/975/975
f 980/980/980 978/978/978 988/988/988
f 980/980/980 988/988/988 989/989/989
f 977/977/977 974/974/974 986/986/986
f 977/977/977 986/986/986 987/987/987
f 972/972/972 970/970/970 984/984/984
f 972/972/972 984/984/984 985/985/985
f 982/982/982 980/980/980 989/989/989
f 982/982/982 989/989/989 990/990/990
f 978/978/978 977/977/977 987/987/987
f 978/978/978 987/987/987 988/988/988
f 974/974/974 972/972/972 985/985/985
f 974/974/974 985/985/985 986/986/986
f 990/990/990 989/989/989 996/996/996
f 990/990/990 996/996/996 997/997/997
f 988/988/988 987/987/987 994/994/994
f 988/988/988 994/994/994 995/995/995
f 986/986/986 985/985/985 992/992/992
f 986/986/986 992/992/992 993/993/993
f 989/989/989 988/988/988 995/995/995
f 989/989/989 995/995/995 996/996/996
f 987/987/987 986/986/986 993/993/993
f 987/987/987 993/993/993 994/994/994
f 985/985/985 984/984/984 991/991/991
f 985/985/985 991/991/991 992/992/992
f 995/995/995 994/994/994 915/915/915
f 995/995/995 915/915/915 1000/1000/1000
f 993/993/993 992/992/992 916/916/916
f 993/993/993 916/916/916 999/999/999
f 996/996/996 995/995/995 1000/1000/1000
f 996/996/996 1000/1000/1000 914/914/914
f 994/994/994 993/993/993 999/999/999
f 994/994/994 999/999/999 915/915/915
f 992/992/992 991/991/991 998/998/998
f 992/992/992 998/998/998 916/916/916
f 997/997/997 996/996/996 914/914/914
f 997/997/997 914/914/914 913/913/913
f 1028/1028/1028 1029/1029/1029 1022/1022/1022
f 1028/1028/1028 1022/1022/1022 1021/1021/1021
f 1115/1115/1115 1030/1030/1030 1024/1024/1024
f 1115/1115/1115 1024/1024/1024 1023/1023/1023
f 1114/1114/1114 1031/1031/1031 1026/1026/1026
f 1114/1114/1114 1026/1026/1026 1025/1025/1025
f 1029/1029/1029 1115/1115/1115 1023/1023/1023
f 1029/1029/1029 1023/1023/1023 1022/1022/1022
f 1030/1030/1030 1114/1114/1114 1025/1025/1025
f 1030/1030/1030 1025/1025/1025 1024/1024/1024
f 1031/1031/1031 1113/1113/1113 1027/1027/1027
f 1031/1031/1031 1027/1027/1027 1026/1026/1026
f 1022/1022/1022 1023/1023/1023 1016/1016/1016
f 1022/1022/1022 1016/1016/1016 1015/1015/1015
f 1024/1024/1024 1025/1025/1025 1018/1018/1018
f 1024/1024/1024 1018/1018/1018 1017/1017/1017
f 1026/1026/1026 1027/1027/1027 1020/1020/1020
f 1026/1026/1026 1020/1020/1020 1019/1019/1019
f 1021/1021/1021 1022/1022/1022 1015/1015/1015
f 1021/1021/1021 1015/1015/1015 1014/1014/1014
f 1023/1023/1023 1024/1024/1024 1017/1017/1017
f 1023/1023/1023 1017/1017/1017 1016/1016/1016
f 1025/1025/1025 1026/1026/1026 1019/1019/1019
f 1025/1025/1025 1019/1019/1019 1018/1018/1018
f 1017/1017/1017 1018/1018/1018 1011/1011/1011
f 1017/1017/1017 1011/1011/1011 1010/1010/1010
f 1019/1019/1019 1020/1020/1020 1013/1013/1013
f 1019/1019/1019 1013/1013/1013 1012/1012/1012
f 1014/1014/1014 1015/1015/1015 1008/1008/1008
f 1014/1014/1014 1008/1008/1008 1007/1007/1007
f 1016/1016/1016 1017/1017/1017 1010/1010/1010
f 1016/1016/1016 1010/1010/1010 1009/1009/1009
f 1018/1018/1018 1019/1019/1019 1012/1012/1012
f 1018/1018/1018 1012/1012/1012 1011/1011/1011
f 1015/1015/1015 1016/1016/1016 1009/1009/1009
f 1015/1015/1015 1009/1009/1009 1008/1008/1008
f 1007/1007/1007 1008/1008/1008 1001/1001/1001
f 1007/1007/1007 1001/1001/1001 1032/1032/1032
f 1009/1009/1009 1010/1010/1010 1003/1003/1003
f 1009/1009/1009 1003/1003/1003 1002/1002/1002
f 1011/1011/1011 1012/1012/1012 1005/1005/1005
f 1011/1011/1011 1005/1005/1005 1004/1004/1004
f 1008/1008/1008 1009/1009/1009 1002/1002/1002
f 1008/1008/1008 1002/1002/1002 1001/1001/1001
f 1010/1010/1010 1011/1011/1011 1004/1004/1004
f 1010/1010/1010 1004/1004/1004 1003/1003/1003
f 1012/1012/1012 1013/1013/1013 1006/1006/1006
f 1012/1012/1012 1006/1006/1006 1005/1005/1005
f 1004/1004/1004 1005/1005/1005 1034/1034/1034
f 1004/1004/1004 1034/1034/1034 1035/1035/1035
f 1001/1001/1001 1002/1002/1002 1037/1037/1037
f 1001/1001/1001 1037/1037/1037 1038/1038/1038
f 1003/1003/1003 1004/1004/1004 1035/1035/1035
f 1003/1003/1003 1035/1035/1035 1036/1036/1036
f 1005/1005/1005 1006/1006/1006 1033/1033/1033
f 1005/1005/1005 1033/1033/1033 1034/1034/1034
f 1032/1032/1032 1001/1001/1001 1038/1038/1038
f 1032/1032/1032 1038/1038/1038 1039/1039/1039
f 1002/1002/1002 1003/1003/1003 1036/1036/1036
f 1002/1002/1002 1036/1036/1036 1037/1037/1037
f 1038/1038/1038 1037/1037/1037 1056/1056/1056
f 1038/1038/1038 1056/1056/1056 1057/1057/1057
f 1036/1036/1036 1035/1035/1035 1054/1054/1054
f 1036/1036/1036 1054/1054/1054 1055/1055/1055
f 1034/1034/1034 1033/1033/1033 1052/1052/1052
f 1034/1034/1034 1052/1052/1052 1053/1053/1053
f 1039/1039/1039 1038/1038/1038 1057/1057/1057
f 1039/1039/1039 1057/1057/1057 1058/1058/1058
f 1037/1037/1037 1036/1036/1036 1055/1055/1055
f 1037/1037/1037 1055/1055/1055 1056/1056/1056
f 1035/1035/1035 1034/1034/1034 1053/1053/1053
f 1035/1035/1035 1053/1053/1053 1054/1054/1054
f 1053/1053/1053 1052/1052/1052 1059/1059/1059
f 1053/1053/1053 1059/1059/1059 1060/1060/1060
f 1058/1058/1058 1057/1057/1057 1064/1064/1064
f 1058/1058/1058 1064/1064/1064 1065/1065/1065
f 1056/1056/1056 1055/1055/1055 1062/1062/1062
f 1056/1056/1056 1062/1062/1062 1063/1063/1063
f 1054/1054/1054 1053/1053/1053 1060/1060/1060
f 1054/1054/1054 1060/1060/1060 1061/1061/1061
f 1057/1057/1057 1056/1056/1056 1063/1063/1063
f 1057/1057/1057 1063/1063/1063 1064/1064/1064
f 1055/1055/1055 1054/1054/1054 1061/1061/1061
f 1055/1055/1055 1061/1061/1061 1062/1062/1062
f 1065/1065/1065 1064/1064/1064 1083/1083/1083
f 1065/1065/1065 1083/1083/1083 1084/1084/1084
f 1063/1063/1063 1062/1062/1062 1081/1081/1081
f 1063/1063/1063 1081/1081/1081 1082/1082/1082
f 1061/1061/1061 1060/1060/1060 1079/1079/1079
f 1061/1061/1061 1079/1079/1079 1080/1080/1080
f 1064/1064/1064 1063/1063/1063 1082/1082/1082
f 1064/1064/1064 1082/1082/1082 1083/1083/1083
f 1062/1062/1062 1061/1061/1061 1080/1080/1080
f 1062/1062/1062 1080/1080/1080 1081/1081/1081
f 1060/1060/1060 1059/1059/1059 1078/1078/1078
f 1060/1060/1060 1078/1078/1078 1079/1079/1079
f 1083/1083/1083 1082/1082/1082 1094/1094/1094
f 1083/1083/1083 1094/1094/1094 1096/1096/1096
f 1081/1081/1081 1080/1080/1080 1090/1090/1090
f 1081/1081/1081 1090/1090/1090 1092/1092/1092
f 1079/1079/1079 1078/1078/1078 1086/1086/1086
f 1079/1079/1079 1086/1086/1086 1088/1088/1088
f 1084/1084/1084 1083/1083/1083 1096/1096/1096
f 1084/1084/1084 1096/1096/1096 1098/1098/1098
f 1082/1082/1082 1081/1081/1081 1092/1092/1092
f 1082/1082/1082 1092/1092/1092 1094/1094/1094
f 1080/1080/1080 1079/1079/1079 1088/1088/1088
f 1080/1080/1080 1088/1088/1088 1090/1090/1090
f 1095/1095/1095 1093/1093/1093 1103/1103/1103
f 1095/1095/1095 1103/1103/1103 1104/1104/1104
f 1091/1091/1091 1089/1089/1089 1101/1101/1101
f 1091/1091/1091 1101/1101/1101 1102/1102/1102
f 1087/1087/1087 1085/1085/1085 1099/1099/1099
f 1087/1087/1087 1099/1099/1099 1100/1100/1100
f 1097/1097/1097 1095/1095/1095 1104/1104/1104
f 1097/1097/1097 1104/1104/1104 1105/1105/1105
f 1093/1093/1093 1091/1091/1091 1102/1102/1102
f 1093/1093/1093 1102/1102/1102 1103/1103/1103
f 1089/1089/1089 1087/1087/1087 1100/1100/1100
f 1089/1089/1089 1100/1100/1100 1101/1101/1101
f 1105/1105/1105 1104/1104/1104 1111/1111/1111
f 1105/1105/1105 1111/1111/1111 1112/1112/1112
f 1103/1103/1103 1102/1102/1102 1109/1109/1109
f 1103/1103/1103 1109/1109/1109 1110/1110/1110
f 1101/1101/1101 1100/1100/1100 1107/1107/1107
f 1101/1101/1101 1107/1107/1107 1108/1108/1108
f 1104/1104/1104 1103/1103/1103 1110/1110/1110
f 1104/1104/1104 1110/1110/1110 1111/1111/1111
f 1102/1102/1102 1101/1101/1101 1108/1108/1108
f 1102/1102/1102 1108/1108/1108 1109/1109/1109
f 1100/1100/1100 1099/1099/1099 1106/1106/1106
f 1100/1100/1100 1106/1106/1106 1107/1107/1107
f 1110/1110/1110 1109/1109/1109 1030/1030/1030
f 1110/1110/1110 1030/1030/1030 1115/1115/1115
f 1108/1108/1108 1107/1107/1107 1031/1031/1031
f 1108/1108/1108 1031/1031/1031 1114/1114/1114
f 1111/1111/1111 1110/1110/1110 1115/1115/1115
f 1111/1111/1111 1115/1115/1115 1029/1029/1029
f 1109/1109/1109 1108/1108/1108 1114/1114/1114
f 1109/1109/1109 1114/1114/1114 1030/1030/1030
f 1107/1107/1107 1106/1106/1106 1113/1113/1113
f 1107/1107/1107 1113/1113/1113 1031/1031/1031
f 1112/1112/1112 1111/1111/1111 1029/1029/1029
f 1112/1112/1112 1029/1029/1029 1028/1028/1028
f 1143/1143/1143 1144/1144/1144 1137/1137/1137
f 1143/1143/1143 1137/1137/1137 1136/1136/1136
f 1230/1230/1230 1145/1145/1145 1139/1139/1139
f 1230/1230/1230 1139/1139/1139 1138/1138/1138
f 1229/1229/1229 1146/1146/1146 1141/1141/1141
f 1229/1229/1229 1141/1141/1141 1140/1140/1140
f 1144/1144/1144 1230/1230/1230 1138/1138/1138
f 1144/1144/1144 1138/1138/1138 1137/1137/1137
f 1145/1145/1145 1229/1229/1229 1140/1140/1140
f 1145/1145/1145 1140/1140/1140 1139/1139/1139
f 1146/1146/1146 1228/1228/1228 1142/1142/1142
f 1146/1146/1146 1142/1142/1142 1141/1141/1141
f 1137/1137/1137 1138/1138/1138 1131/1131/1131
f 1137/1137/1137 1131/1131/1131 1130/1130/1130
f 1139/1139/1139 1140/1140/1140 1133/1133/1133
f 1139/1139/1139 1133/1133/1133 1132/1132/1132
f 1141/1141/1141 1142/1142/1142 1135/1135/1135
f 1141/1141/1141 1135/1135/1135 1134/1134/1134
f 1136/1136/1136 1137/1137/1137 1130/1130/1130
f 1136/1136/1136 1130/1130/1130 1129/1129/1129
f 1138/1138/1138 1139/1139/1139 1132/1132/1132
f 1138/1138/1138 1132/1132/1132 1131/1131/1131
f 1140/1140/1140 1141/1141/1141 1134/1134/1134
f 1140/1140/1140 1134/1134/1134 1133/1133/1133
f 1132/1132/1132 1133/1133/1133 1126/1126/1126
f 1132/1132/1132 1126/1126/1126 1125/1125/1125
f 1134/1134/1134 1135/1135/1135 1128/1128/1128
f 1134/1134/1134 1128/1128/1128 1127/1127/1127
f 1129/1129/1129 1130/1130/1130 1123/1123/1123
f 1129/1129/1129 1123/1123/1123 1122/1122/1122
f 1131/1131/1131 1132/1132/1132 1125/1125/1125
f 1131/1131/1131 1125/1125/1125 1124/1124/1124
f 1133/1133/1133 1134/1134/1134 1127/1127/1127
f 1133/1133/1133 1127/1127/1127 1126/1126/1126
f 1130/1130/1130 1131/1131/1131 1124/1124/1124
f 1130/1130/1130 1124/1124/1124 1123/1123/1123
f 1122/1122/1122 1123/1123/1123 1116/1116/1116
f 1122/1122/1122 1116/1116/1116 1147/1147/1147
f 1124/1124/1124 1125/1125/1125 1118/1118/1118
f 1124/1124/1124 1118/1118/1118 1117/1117/1117
f 1126/1126/1126 1127/1127/1127 1120/1120/1120
f 1126/1126/1126 1120/1120/1120 1119/1119/1119
f 1123/1123/1123 1124/1124/1124 1117/1117/1117
f 1123/1123/1123 1117/1117/1117 1116/1116/1116
f 1125/1125/1125 1126/1126/1126 1119/1119/1119
f 1125/1125/1125 1119/1119/1119 1118/1118/1118
f 1127/1127/1127 1128/1128/1128 1121/1121/1121
f 1127/1127/1127 1121/1121/1121 1120/1120/1120
f 1119/1119/1119 1120/1120/1120 1149/1149/1149
f 1119/1119/1119 1149/1149/1149 1150/1150/1150
f 1116/1116/1116 1117/1117/1117 1152/1152/1152
f 1116/1116/1116 1152/1152/1152 1153/1153/1153
f 1118/1118/1118 1119/1119/1119 1150/1150/1150
f 1118/1118/1118 1150/1150/1150 1151/1151/1151
f 1120/1120/1120 1121/1121/1121 1148/1148/1148
f 1120/1120/1120 1148/1148/1148 1149/1149/1149
f 1147/1147/1147 1116/1116/1116 1153/1153/1153
f 1147/1147/1147 1153/1153/1153 1154/1154/1154
f 1117/1117/1117 1118/1118/1118 1151/1151/1151
f 1117/1117/1117 1151/1151/1151 1152/1152/1152
f 1153/1153/1153 1152/1152/1152 1171/1171/1171
f 1153/1153/1153 1171/1171/1171 1172/1172/1172
f 1151/1151/1151 1150/1150/1150 1169/1169/1169
f 1151/1151/1151 1169/1169/1169 1170/1170/1170
f 1149/1149/1149 1148/1148/1148 1167/1167/1167
f 1149/1149/1149 1167/1167/1167 1168/1168/1168
f 1154/1154/1154 1153/1153/1153 1172/1172/1172
f 1154/1154/1154 1172/1172/1172 1173/1173/1173
f 1152/1152/1152 1151/1151/1151 1170/1170/1170
f 1152/1152/1152 1170/1170/1170 1171/1171/1171
f 1150/1150/1150 1149/1149/1149 1168/1168/1168
f 1150/1150/1150 1168/1168/1168 1169/1169/1169
f 1168/1168/1168 1167/1167/1167 1174/1174/1174
f 1168/1168/1168 1174/1174/1174 1175/1175/1175
f 1173/1173/1173 1172/1172/1172 1179/1179/1179
f 1173/1173/1173 1179/1179/1179 1180/1180/1180
f 1171/1171/1171 1170/1170/1170 1177/1177/1177
f 1171/1171/1171 1177/1177/1177 1178/1178/1178
f 1169/1169/1169 1168/1168/1168 1175/1175/1175
f 1169/1169/1169 1175/1175/1175 1176/1176/1176
f 1172/1172/1172 1171/1171/1171 1178/1178/1178
f 1172/1172/1172 1178/1178/1178 1179/1179/1179
f 1170/1170/1170 1169/1169/1169 1176/1176/1176
f 1170/1170/1170 1176/1176/1176 1177/1177/1177
f 1180/1180/1180 1179/1179/1179 1198/1198/1198
f 1180/1180/1180 1198/1198/1198 1199/1199/1199
f 1178/1178/1178 1177/1177/1177 1196/1196/1196
f 1178/1178/1178 1196/1196/1196 1197/1197/1197
f 1176/1176/1176 1175/1175/1175 1194/1194/1194
f 1176/1176/1176 1194/1194/1194 1195/1195/1195
f 1179/1179/1179 1178/1178/1178 1197/1197/1197
f 1179/1179/1179 1197/1197/1197 1198/1198/1198
f 1177/1177/1177 1176/1176/1176 1195/1195/1195
f 1177/1177/1177 1195/1195/1195 1196/1196/1196
f 1175/1175/1175 1174/1174/1174 1193/1193/1193
f 1175/1175/1175 1193/1193/1193 1194/1194/1194
f 1198/1198/1198 1197/1197/1197 1209/1209/1209
f 1198/1198/1198 1209/1209/1209 1211/1211/1211
f 1196/1196/1196 1195/1195/1195 1205/1205/1205
f 1196/1196/1196 1205/1205/1205 1207/1207/1207
f 1194/1194/1194 1193/1193/1193 1201/1201/1201
f 1194/1194/1194 1201/1201/1201 1203/1203/1203
f 1199/1199/1199 1198/1198/1198 1211/1211/1211
f 1199/1199/1199 1211/1211/1211 1213/1213/1213
f 1197/1197/1197 1196/1196/1196 1207/1207/1207
f 1197/1197/1197 1207/1207/1207 1209/1209/1209
f 1195/1195/1195 1194/1194/1194 1203/1203/1203
f 1195/1195/1195 1203/1203/1203 1205/1205/1205
f 1210/1210/1210 1208/1208/1208 1218/1218/1218
f 1210/1210/1210 1218/1218/1218 1219/1219/1219
f 1206/1206/1206 1204/1204/1204 1216/1216/1216
f 1206/1206/1206 1216/1216/1216 1217/1217/1217
f 1202/1202/1202 1200/1200/1200 1214/1214/1214
f 1202/1202/1202 1214/1214/1214 1215/1215/1215
f 1212/1212/1212 1210/1210/1210 1219/1219/1219
f 1212/1212/1212 1219/1219/1219 1220/1220/1220
f 1208/1208/1208 1206/1206/1206 1217/1217/1217
f 1208/1208/1208 1217/1217/1217 1218/1218/1218
f 1204/1204/1204 1202/1202/1202 1215/1215/1215
f 1204/1204/1204 1215/1215/1215 1216/1216/1216
f 1220/1220/1220 1219/1219/1219 1226/1226/1226
f 1220/1220/1220 1226/1226/1226 1227/1227/1227
f 1218/1218/1218 1217/1217/1217 1224/1224/1224
f 1218/1218/1218 1224/1224/1224 1225/1225/1225
f 1216/1216/1216 1215/1215/1215 1222/1222/1222
f 1216/1216/1216 1222/1222/1222 1223/1223/1223
f 1219/1219/1219 1218/1218/1218 1225/1225/1225
f 1219/1219/1219 1225/1225/1225 1226/1226/1226
f 1217/1217/1217 1216/1216/1216 1223/1223/1223
f 1217/1217/1217 1223/1223/1223 1224/1224/1224
f 1215/1215/1215 1214/1214/1214 1221/1221/1221
f 1215/1215/1215 1221/1221/1221 1222/1222/1222
f 1225/1225/1225 1224/1224/1224 1145/1145/1145
f 1225/1225/1225 1145/1145/1145 1230/1230/1230
f 1223/1223/1223 1222/1222/1222 1146/1146/1146
f 1223/1223/1223 1146/1146/1146 1229/1229/1229
f 1226/1226/1226 1225/1225/1225 1230/1230/1230
f 1226/1226/1226 1230/1230/1230 1144/1144/1144
f 1224/1224/1224 1223/1223/1223 1229/1229/1229
f 1224/1224/1224 1229/1229/1229 1145/1145/1145
f 1222/1222/1222 1221/1221/1221 1228/1228/1228
f 1222/1222/1222 1228/1228/1228 1146/1146/1146
f 1227/1227/1227 1226/1226/1226 1144/1144/1144
f 1227/1227/1227 1144/1144/1144 1143/1143/1143
f 418/418/418 508/508/508 1252/1252/1252
f 418/418/418 1252/1252/1252 1240/1240/1240
f 452/452/452 456/456/456 1244/1244/1244
f 452/452/452 1244/1244/1244 1243/1243/1243
f 360/360/360 358/358/358 1231/1231/1231
f 360/360/360 1231/1231/1231 1232/1232/1232
f 470/470/470 465/465/465 1246/1246/1246
f 470/470/470 1246/1246/1246 1248/1248/1248
f 456/456/456 460/460/460 1245/1245/1245
f 456/456/456 1245/1245/1245 1244/1244/1244
f 412/412/412 418/418/418 1240/1240/1240
f 412/412/412 1240/1240/1240 1239/1239/1239
f 358/358/358 376/376/376 1236/1236/1236
f 358/358/358 1236/1236/1236 1231/1231/1231
f 426/426/426 452/452/452 1243/1243/1243
f 426/426/426 1243/1243/1243 1242/1242/1242
f 500/500/500 496/496/496 1249/1249/1249
f 500/500/500 1249/1249/1249 1250/1250/1250
f 496/496/496 470/470/470 1248/1248/1248
f 496/496/496 1248/1248/1248 1249/1249/1249
f 370/370/370 366/366/366 1233/1233/1233
f 370/370/370 1233/1233/1233 1234/1234/1234
f 366/366/366 360/360/360 1232/1232/1232
f 366/366/366 1232/1232/1232 1233/1233/1233
f 460/460/460 370/370/370 1234/1234/1234
f 460/460/460 1234/1234/1234 1245/1245/1245
f 380/380/380 410/410/410 1238/1238/1238
f 380/380/380 1238/1238/1238 1237/1237/1237
f 508/508/508 504/504/504 1251/1251/1251
f 508/508/508 1251/1251/1251 1252/1252/1252
f 504/504/504 500/500/500 1250/1250/1250
f 504/504/504 1250/1250/1250 1251/1251/1251
f 375/375/375 380/380/380 1237/1237/1237
f 375/375/375 1237/1237/1237 1235/1235/1235
f 410/410/410 412/412/412 1239/1239/1239
f 410/410/410 1239/1239/1239 1238/1238/1238
f 422/422/422 426/426/426 1242/1242/1242
f 422/422/422 1242/1242/1242 1241/1241/1241
f 466/466/466 422/422/422 1241/1241/1241
f 466/466/466 1241/1241/1241 1247/1247/1247
f 1339/1339/1339 1338/1338/1338 1270/1270/1270
f 1339/1339/1339 1270/1270/1270 1271/1271/1271
f 1340/1340/1340 1339/1339/1339 1271/1271/1271
f 1340/1340/1340 1271/1271/1271 1272/1272/1272
f 1338/1338/1338 1337/1337/1337 1269/1269/1269
f 1338/1338/1338 1269/1269/1269 1270/1270/1270
f 1272/1272/1272 1271/1271/1271 1277/1277/1277
f 1272/1272/1272 1277/1277/1277 1278/1278/1278
f 1270/1270/1270 1269/1269/1269 1275/1275/1275
f 1270/1270/1270 1275/1275/1275 1276/1276/1276
f 1271/1271/1271 1270/1270/1270 1276/1276/1276
f 1271/1271/1271 1276/1276/1276 1277/1277/1277
f 1278/1278/1278 1277/1277/1277 1283/1283/1283
f 1278/1278/1278 1283/1283/1283 1284/1284/1284
f 1276/1276/1276 1275/1275/1275 1281/1281/1281
f 1276/1276/1276 1281/1281/1281 1282/1282/1282
f 1277/1277/1277 1276/1276/1276 1282/1282/1282
f 1277/1277/1277 1282/1282/1282 1283/1283/1283
f 1284/1284/1284 1283/1283/1283 1289/1289/1289
f 1284/1284/1284 1289/1289/1289 1290/1290/1290
f 1282/1282/1282 1281/1281/1281 1287/1287/1287
f 1282/1282/1282 1287/1287/1287 1288/1288/1288
f 1283/1283/1283 1282/1282/1282 1288/1288/1288
f 1283/1283/1283 1288/1288/1288 1289/1289/1289
f 1290/1290/1290 1289/1289/1289 1303/1303/1303
f 1290/1290/1290 1303/1303/1303 1304/1304/1304
f 1288/1288/1288 1287/1287/1287 1301/1301/1301
f 1288/1288/1288 1301/1301/1301 1302/1302/1302
f 1289/1289/1289 1288/1288/1288 1302/1302/1302
f 1289/1289/1289 1302/1302/1302 1303/1303/1303
f 1304/1304/1304 1303/1303/1303 1312/1312/1312
f 1304/1304/1304 1312/1312/1312 1314/1314/1314
f 1302/1302/1302 1301/1301/1301 1308/1308/1308
f 1302/1302/1302 1308/1308/1308 1310/1310/1310
f 1303/1303/1303 1302/1302/1302 1310/1310/1310
f 1303/1303/1303 1310/1310/1310 1312/1312/1312
f 1313/1313/1313 1311/1311/1311 1319/1319/1319
f 1313/1313/1313 1319/1319/1319 1320/1320/1320
f 1309/1309/1309 1307/1307/1307 1317/1317/1317
f 1309/1309/1309 1317/1317/1317 1318/1318/1318
f 1311/1311/1311 1309/1309/1309 1318/1318/1318
f 1311/1311/1311 1318/1318/1318 1319/1319/1319
f 1320/1320/1320 1319/1319/1319 1333/1333/1333
f 1320/1320/1320 1333/1333/1333 1334/1334/1334
f 1318/1318/1318 1317/1317/1317 1331/1331/1331
f 1318/1318/1318 1331/1331/1331 1332/1332/1332
f 1319/1319/1319 1318/1318/1318 1332/1332/1332
f 1319/1319/1319 1332/1332/1332 1333/1333/1333
f 1334/1334/1334 1333/1333/1333 1339/1339/1339
f 1334/1334/1334 1339/1339/1339 1340/1340/1340
f 1332/1332/1332 1331/1331/1331 1337/1337/1337
f 1332/1332/1332 1337/1337/1337 1338/1338/1338
f 1333/1333/1333 1332/1332/1332 1338/1338/1338
f 1333/1333/1333 1338/1338/1338 1339/1339/1339
f 1367/1367/1367 1366/1366/1366 1336/1336/1336
f 1367/1367/1367 1336/1336/1336 1335/1335/1335
f 1368/1368/1368 1367/1367/1367 1335/1335/1335
f 1368/1368/1368 1335/1335/1335 1330/1330/1330
f 1366/1366/1366 1365/1365/1365 1341/1341/1341
f 1366/1366/1366 1341/1341/1341 1336/1336/1336
f 1330/1330/1330 1335/1335/1335 1306/1306/1306
f 1330/1330/1330 1306/1306/1306 1305/1305/1305
f 1336/1336/1336 1341/1341/1341 1316/1316/1316
f 1336/1336/1336 1316/1316/1316 1315/1315/1315
f 1335/1335/1335 1336/1336/1336 1315/1315/1315
f 1335/1335/1335 1315/1315/1315 1306/1306/1306
f 1305/1305/1305 1306/1306/1306 1285/1285/1285
f 1305/1305/1305 1285/1285/1285 1280/1280/1280
f 1315/1315/1315 1316/1316/1316 1291/1291/1291
f 1315/1315/1315 1291/1291/1291 1286/1286/1286
f 1306/1306/1306 1315/1315/1315 1286/1286/1286
f 1306/1306/1306 1286/1286/1286 1285/1285/1285
f 1280/1280/1280 1285/1285/1285 1273/1273/1273
f 1280/1280/1280 1273/1273/1273 1268/1268/1268
f 1286/1286/1286 1291/1291/1291 1279/1279/1279
f 1286/1286/1286 1279/1279/1279 1274/1274/1274
f 1285/1285/1285 1286/1286/1286 1274/1274/1274
f 1285/1285/1285 1274/1274/1274 1273/1273/1273
f 1268/1268/1268 1273/1273/1273 1256/1256/1256
f 1268/1268/1268 1256/1256/1256 1255/1255/1255
f 1274/1274/1274 1279/1279/1279 1258/1258/1258
f 1274/1274/1274 1258/1258/1258 1257/1257/1257
f 1273/1273/1273 1274/1274/1274 1257/1257/1257
f 1273/1273/1273 1257/1257/1257 1256/1256/1256
f 1255/1255/1255 1256/1256/1256 1345/1345/1345
f 1255/1255/1255 1345/1345/1345 1347/1347/1347
f 1257/1257/1257 1258/1258/1258 1254/1254/1254
f 1257/1257/1257 1254/1254/1254 1343/1343/1343
f 1256/1256/1256 1257/1257/1257 1343/1343/1343
f 1256/1256/1256 1343/1343/1343 1345/1345/1345
f 1346/1346/1346 1344/1344/1344 1350/1350/1350
f 1346/1346/1346 1350/1350/1350 1351/1351/1351
f 1342/1342/1342 1253/1253/1253 1348/1348/1348
f 1342/1342/1342 1348/1348/1348 1349/1349/1349
f 1344/1344/1344 1342/1342/1342 1349/1349/1349
f 1344/1344/1344 1349/1349/1349 1350/1350/1350
f 1351/1351/1351 1350/1350/1350 1363/1363/1363
f 1351/1351/1351 1363/1363/1363 1364/1364/1364
f 1349/1349/1349 1348/1348/1348 1361/1361/1361
f 1349/1349/1349 1361/1361/1361 1362/1362/1362
f 1350/1350/1350 1349/1349/1349 1362/1362/1362
f 1350/1350/1350 1362/1362/1362 1363/1363/1363
f 1364/1364/1364 1363/1363/1363 1367/1367/1367
f 1364/1364/1364 1367/1367/1367 1368/1368/1368
f 1362/1362/1362 1361/1361/1361 1365/1365/1365
f 1362/1362/1362 1365/1365/1365 1366/1366/1366
f 1363/1363/1363 1362/1362/1362 1366/1366/1366
f 1363/1363/1363 1366/1366/1366 1367/1367/1367
f 1425/1425/1425 1424/1424/1424 1398/1398/1398
f 1425/1425/1425 1398/1398/1398 1397/1397/1397
f 1426/1426/1426 1425/1425/1425 1397/1397/1397
f 1426/1426/1426 1397/1397/1397 1396/1396/1396
f 1424/1424/1424 1423/1423/1423 1399/1399/1399
f 1424/1424/1424 1399/1399/1399 1398/1398/1398
f 1396/1396/1396 1397/1397/1397 1393/1393/1393
f 1396/1396/1396 1393/1393/1393 1392/1392/1392
f 1398/1398/1398 1399/1399/1399 1395/1395/1395
f 1398/1398/1398 1395/1395/1395 1394/1394/1394
f 1397/1397/1397 1398/1398/1398 1394/1394/1394
f 1397/1397/1397 1394/1394/1394 1393/1393/1393
f 1392/1392/1392 1393/1393/1393 1389/1389/1389
f 1392/1392/1392 1389/1389/1389 1388/1388/1388
f 1394/1394/1394 1395/1395/1395 1391/1391/1391
f 1394/1394/1394 1391/1391/1391 1390/1390/1390
f 1393/1393/1393 1394/1394/1394 1390/1390/1390
f 1393/1393/1393 1390/1390/1390 1389/1389/1389
f 1388/1388/1388 1389/1389/1389 1385/1385/1385
f 1388/1388/1388 1385/1385/1385 1384/1384/1384
f 1390/1390/1390 1391/1391/1391 1387/1387/1387
f 1390/1390/1390 1387/1387/1387 1386/1386/1386
f 1389/1389/1389 1390/1390/1390 1386/1386/1386
f 1389/1389/1389 1386/1386/1386 1385/1385/1385
f 1384/1384/1384 1385/1385/1385 1372/1372/1372
f 1384/1384/1384 1372/1372/1372 1371/1371/1371
f 1386/1386/1386 1387/1387/1387 1374/1374/1374
f 1386/1386/1386 1374/1374/1374 1373/1373/1373
f 1385/1385/1385 1386/1386/1386 1373/1373/1373
f 1385/1385/1385 1373/1373/1373 1372/1372/1372
f 1371/1371/1371 1372/1372/1372 1403/1403/1403
f 1371/1371/1371 1403/1403/1403 1405/1405/1405
f 1373/1373/1373 1374/1374/1374 1370/1370/1370
f 1373/1373/1373 1370/1370/1370 1401/1401/1401
f 1372/1372/1372 1373/1373/1373 1401/1401/1401
f 1372/1372/1372 1401/1401/1401 1403/1403/1403
f 1404/1404/1404 1402/1402/1402 1408/1408/1408
f 1404/1404/1404 1408/1408/1408 1409/1409/1409
f 1400/1400/1400 1369/1369/1369 1406/1406/1406
f 1400/1400/1400 1406/1406/1406 1407/1407/1407
f 1402/1402/1402 1400/1400/1400 1407/1407/1407
f 1402/1402/1402 1407/1407/1407 1408/1408/1408
f 1409/1409/1409 1408/1408/1408 1421/1421/1421
f 1409/1409/1409 1421/1421/1421 1422/1422/1422
f 1407/1407/1407 1406/1406/1406 1419/1419/1419
f 1407/1407/1407 1419/1419/1419 1420/1420/1420
f 1408/1408/1408 1407/1407/1407 1420/1420/1420
f 1408/1408/1408 1420/1420/1420 1421/1421/1421
f 1422/1422/1422 1421/1421/1421 1425/1425/1425
f 1422/1422/1422 1425/1425/1425 1426/1426/1426
f 1420/1420/1420 1419/1419/1419 1423/1423/1423
f 1420/1420/1420 1423/1423/1423 1424/1424/1424
f 1421/1421/1421 1420/1420/1420 1424/1424/1424
f 1421/1421/1421 1424/1424/1424 1425/1425/1425
f 1483/1483/1483 1482/1482/1482 1456/1456/1456
f 1483/1483/1483 1456/1456/1456 1455/1455/1455
f 1484/1484/1484 1483/1483/1483 1455/1455/1455
f 1484/1484/1484 1455/1455/1455 1454/1454/1454
f 1482/1482/1482 1481/1481/1481 1457/1457/1457
f 1482/1482/1482 1457/1457/1457 1456/1456/1456
f 1454/1454/1454 1455/1455/1455 1451/1451/1451
f 1454/1454/1454 1451/1451/1451 1450/1450/1450
f 1456/1456/1456 1457/1457/1457 1453/1453/1453
f 1456/1456/1456 1453/1453/1453 1452/1452/1452
f 1455/1455/1455 1456/1456/1456 1452/1452/1452
f 1455/1455/1455 1452/1452/1452 1451/1451/1451
f 1450/1450/1450 1451/1451/1451 1447/1447/1447
f 1450/1450/1450 1447/1447/1447 1446/1446/1446
f 1452/1452/1452 1453/1453/1453 1449/1449/1449
f 1452/1452/1452 1449/1449/1449 1448/1448/1448
f 1451/1451/1451 1452/1452/1452 1448/1448/1448
f 1451/1451/1451 1448/1448/1448 1447/1447/1447
f 1446/1446/1446 1447/1447/1447 1443/1443/1443
f 1446/1446/1446 1443/1443/1443 1442/1442/1442
f 1448/1448/1448 1449/1449/1449 1445/1445/1445
f 1448/1448/1448 1445/1445/1445 1444/1444/1444
f 1447/1447/1447 1448/1448/1448 1444/1444/1444
f 1447/1447/1447 1444/1444/1444 1443/1443/1443
f 1442/1442/1442 1443/1443/1443 1430/1430/1430
f 1442/1442/1442 1430/1430/1430 1429/1429/1429
f 1444/1444/1444 1445/1445/1445 1432/1432/1432
f 1444/1444/1444 1432/1432/1432 1431/1431/1431
f 1443/1443/1443 1444/1444/1444 1431/1431/1431
f 1443/1443/1443 1431/1431/1431 1430/1430/1430
f 1429/1429/1429 1430/1430/1430 1461/1461/1461
f 1429/1429/1429 1461/1461/1461 1463/1463/1463
f 1431/1431/1431 1432/1432/1432 1428/1428/1428
f 1431/1431/1431 1428/1428/1428 1459/1459/1459
f 1430/1430/1430 1431/1431/1431 1459/1459/1459
f 1430/1430/1430 1459/1459/1459 1461/1461/1461
f 1462/1462/1462 1460/1460/1460 1466/1466/1466
f 1462/1462/1462 1466/1466/1466 1467/1467/1467
f 1458/1458/1458 1427/1427/1427 1464/1464/1464
f 1458/1458/1458 1464/1464/1464 1465/1465/1465
f 1460/1460/1460 1458/1458/1458 1465/1465/1465
f 1460/1460/1460 1465/1465/1465 1466/1466/1466
f 1467/1467/1467 1466/1466/1466 1479/1479/1479
f 1467/1467/1467 1479/1479/1479 1480/1480/1480
f 1465/1465/1465 1464/1464/1464 1477/1477/1477
f 1465/1465/1465 1477/1477/1477 1478/1478/1478
f 1466/1466/1466 1465/1465/1465 1478/1478/1478
f 1466/1466/1466 1478/1478/1478 1479/1479/1479
f 1480/1480/1480 1479/1479/1479 1483/1483/1483
f 1480/1480/1480 1483/1483/1483 1484/1484/1484
f 1478/1478/1478 1477/1477/1477 1481/1481/1481
f 1478/1478/1478 1481/1481/1481 1482/1482/1482
f 1479/1479/1479 1478/1478/1478 1482/1482/1482
f 1479/1479/1479 1482/1482/1482 1483/1483/1483
f 1541/1541/1541 1540/1540/1540 1514/1514/1514
f 1541/1541/1541 1514/1514/1514 1513/1513/1513
f 1542/1542/1542 1541/1541/1541 1513/1513/1513
f 1542/1542/1542 1513/1513/1513 1512/1512/1512
f 1540/1540/1540 1539/1539/1539 1515/1515/1515
f 1540/1540/1540 1515/1515/1515 1514/1514/1514
f 1512/1512/1512 1513/1513/1513 1509/1509/1509
f 1512/1512/1512 1509/1509/1509 1508/1508/1508
f 1514/1514/1514 1515/1515/1515 1511/1511/1511
f 1514/1514/1514 1511/1511/1511 1510/1510/1510
f 1513/1513/1513 1514/1514/1514 1510/1510/1510
f 1513/1513/1513 1510/1510/1510 1509/1509/1509
f 1508/1508/1508 1509/1509/1509 1505/1505/1505
f 1508/1508/1508 1505/1505/1505 1504/1504/1504
f 1510/1510/1510 1511/1511/1511 1507/1507/1507
f 1510/1510/1510 1507/1507/1507 1506/1506/1506
f 1509/1509/1509 1510/1510/1510 1506/1506/1506
f 1509/1509/1509 1506/1506/1506 1505/1505/1505
f 1504/1504/1504 1505/1505/1505 1501/1501/1501
f 1504/1504/1504 1501/1501/1501 1500/1500/1500
f 1506/1506/1506 1507/1507/1507 1503/1503/1503
f 1506/1506/1506 1503/1503/1503 1502/1502/1502
f 1505/1505/1505 1506/1506/1506 1502/1502/1502
f 1505/1505/1505 1502/1502/1502 1501/1501/1501
f 1500/1500/1500 1501/1501/1501 1488/1488/1488
f 1500/1500/1500 1488/1488/1488 1487/1487/1487
f 1502/1502/1502 1503/1503/1503 1490/1490/1490
f 1502/1502/1502 1490/1490/1490 1489/1489/1489
f 1501/1501/1501 1502/1502/1502 1489/1489/1489
f 1501/1501/1501 1489/1489/1489 1488/1488/1488
f 1487/1487/1487 1488/1488/1488 1519/1519/1519
f 1487/1487/1487 1519/1519/1519 1521/1521/1521
f 1489/1489/1489 1490/1490/1490 1486/1486/1486
f 1489/1489/1489 1486/1486/1486 1517/1517/1517
f 1488/1488/1488 1489/1489/1489 1517/1517/1517
f 1488/1488/1488 1517/1517/1517 1519/1519/1519
f 1520/1520/1520 1518/1518/1518 1524/1524/1524
f 1520/1520/1520 1524/1524/1524 1525/1525/1525
f 1516/1516/1516 1485/1485/1485 1522/1522/1522
f 1516/1516/1516 1522/1522/1522 1523/1523/1523
f 1518/1518/1518 1516/1516/1516 1523/1523/1523
f 1518/1518/1518 1523/1523/1523 1524/1524/1524
f 1525/1525/1525 1524/1524/1524 1537/1537/1537
f 1525/1525/1525 1537/1537/1537 1538/1538/1538
f 1523/1523/1523 1522/1522/1522 1535/1535/1535
f 1523/1523/1523 1535/1535/1535 1536/1536/1536
f 1524/1524/1524 1523/1523/1523 1536/1536/1536
f 1524/1524/1524 1536/1536/1536 1537/1537/1537
f 1538/1538/1538 1537/1537/1537 1541/1541/1541
f 1538/1538/1538 1541/1541/1541 1542/1542/1542
f 1536/1536/1536 1535/1535/1535 1539/1539/1539
f 1536/1536/1536 1539/1539/1539 1540/1540/1540
f 1537/1537/1537 1536/1536/1536 1540/1540/1540
f 1537/1537/1537 1540/1540/1540 1541/1541/1541
f 1599/1599/1599 1598/1598/1598 1572/1572/1572
f 1599/1599/1599 1572/1572/1572 1571/1571/1571
f 1600/1600/1600 1599/1599/1599 1571/1571/1571
f 1600/1600/1600 1571/1571/1571 1570/1570/1570
f 1598/1598/1598 1597/1597/1597 1573/1573/1573
f 1598/1598/1598 1573/1573/1573 1572/1572/1572
f 1570/1570/1570 1571/1571/1571 1567/1567/1567
f 1570/1570/1570 1567/1567/1567 1566/1566/1566
f 1572/1572/1572 1573/1573/1573 1569/1569/1569
f 1572/1572/1572 1569/1569/1569 1568/1568/1568
f 1571/1571/1571 1572/1572/1572 1568/1568/1568
f 1571/1571/1571 1568/1568/1568 1567/1567/1567
f 1566/1566/1566 1567/1567/1567 1563/1563/1563
f 1566/1566/1566 1563/1563/1563 1562/1562/1562
f 1568/1568/1568 1569/1569/1569 1565/1565/1565
f 1568/1568/1568 1565/1565/1565 1564/1564/1564
f 1567/1567/1567 1568/1568/1568 1564/1564/1564
f 1567/1567/1567 1564/1564/1564 1563/1563/1563
f 1562/1562/1562 1563/1563/1563 1559/1559/1559
f 1562/1562/1562 1559/1559/1559 1558/1558/1558
f 1564/1564/1564 1565/1565/1565 1561/1561/1561
f 1564/1564/1564 1561/1561/1561 1560/1560/1560
f 1563/1563/1563 1564/1564/1564 1560/1560/1560
f 1563/1563/1563 1560/1560/1560 1559/1559/1559
f 1558/1558/1558 1559/1559/1559 1546/1546/1546
f 1558/1558/1558 1546/1546/1546 1545/1545/1545
f 1560/1560/1560 1561/1561/1561 1548/1548/1548
f 1560/1560/1560 1548/1548/1548 1547/1547/1547
f 1559/1559/1559 1560/1560/1560 1547/1547/1547
f 1559/1559/1559 1547/1547/1547 1546/1546/1546
f 1545/1545/1545 1546/1546/1546 1577/1577/1577
f 1545/1545/1545 1577/1577/1577 1579/1579/1579
f 1547/1547/1547 1548/1548/1548 1544/1544/1544
f 1547/1547/1547 1544/1544/1544 1575/1575/1575
f 1546/1546/1546 1547/1547/1547 1575/1575/1575
f 1546/1546/1546 1575/1575/1575 1577/1577/1577
f 1578/1578/1578 1576/1576/1576 1582/1582/1582
f 1578/1578/1578 1582/1582/1582 1583/1583/1583
f 1574/1574/1574 1543/1543/1543 1580/1580/1580
f 1574/1574/1574 1580/1580/1580 1581/1581/1581
f 1576/1576/1576 1574/1574/1574 1581/1581/1581
f 1576/1576/1576 1581/1581/1581 1582/1582/1582
f 1583/1583/1583 1582/1582/1582 1595/1595/1595
f 1583/1583/1583 1595/1595/1595 1596/1596/1596
f 1581/1581/1581 1580/1580/1580 1593/1593/1593
f 1581/1581/1581 1593/1593/1593 1594/1594/1594
f 1582/1582/1582 1581/1581/1581 1594/1594/1594
f 1582/1582/1582 1594/1594/1594 1595/1595/1595
f 1596/1596/1596 1595/1595/1595 1599/1599/1599
f 1596/1596/1596 1599/1599/1599 1600/1600/1600
f 1594/1594/1594 1593/1593/1593 1597/1597/1597
f 1594/1594/1594 1597/1597/1597 1598/1598/1598
f 1595/1595/1595 1594/1594/1594 1598/1598/1598
f 1595/1595/1595 1598/1598/1598 1599/1599/1599
f 1657/1657/1657 1656/1656/1656 1630/1630/1630
f 1657/1657/1657 1630/1630/1630 1629/1629/1629
f 1658/1658/1658 1657/1657/1657 1629/1629/1629
f 1658/1658/1658 1629/1629/1629 1628/1628/1628
f 1656/1656/1656 1655/1655/1655 1631/1631/1631
f 1656/1656/1656 1631/1631/1631 1630/1630/1630
f 1628/1628/1628 1629/1629/1629 1625/1625/1625
f 1628/1628/1628 1625/1625/1625 1624/1624/1624
f 1630/1630/1630 1631/1631/1631 1627/1627/1627
f 1630/1630/1630 1627/1627/1627 1626/1626/1626
f 1629/1629/1629 1630/1630/1630 1626/1626/1626
f 1629/1629/1629 1626/1626/1626 1625/1625/1625
f 1624/1624/1624 1625/1625/1625 1621/1621/1621
f 1624/1624/1624 1621/1621/1621 1620/1620/1620
f 1626/1626/1626 1627/1627/1627 1623/1623/1623
f 1626/1626/1626 1623/1623/1623 1622/1622/1622
f 1625/1625/1625 1626/1626/1626 1622/1622/1622
f 1625/1625/1625 1622/1622/1622 1621/1621/1621
f 1620/1620/1620 1621/1621/1621 1617/1617/1617
f 1620/1620/1620 1617/1617/1617 1616/1616/1616
f 1622/1622/1622 1623/1623/1623 1619/1619/1619
f 1622/1622/1622 1619/1619/1619 1618/1618/1618
f 1621/1621/1621 1622/1622/1622 1618/1618/1618
f 1621/1621/1621 1618/1618/1618 1617/1617/1617
f 1616/1616/1616 1617/1617/1617 1604/1604/1604
f 1616/1616/1616 1604/1604/1604 1603/1603/1603
f 1618/1618/1618 1619/1619/1619 1606/1606/1606
f 1618/1618/1618 1606/1606/1606 1605/1605/1605
f 1617/1617/1617 1618/1618/1618 1605/1605/1605
f 1617/1617/1617 1605/1605/1605 1604/1604/1604
f 1603/1603/1603 1604/1604/1604 1635/1635/1635
f 1603/1603/1603 1635/1635/1635 1637/1637/1637
f 1605/1605/1605 1606/1606/1606 1602/1602/1602
f 1605/1605/1605 1602/1602/1602 1633/1633/1633
f 1604/1604/1604 1605/1605/1605 1633/1633/1633
f 1604/1604/1604 1633/1633/1633 1635/1635/1635
f 1636/1636/1636 1634/1634/1634 1640/1640/1640
f 1636/1636/1636 1640/1640/1640 1641/1641/1641
f 1632/1632/1632 1601/1601/1601 1638/1638/1638
f 1632/1632/1632 1638/1638/1638 1639/1639/1639
f 1634/1634/1634 1632/1632/1632 1639/1639/1639
f 1634/1634/1634 1639/1639/1639 1640/1640/1640
f 1641/1641/1641 1640/1640/1640 1653/1653/1653
f 1641/1641/1641 1653/1653/1653 1654/1654/1654
f 1639/1639/1639 1638/1638/1638 1651/1651/1651
f 1639/1639/1639 1651/1651/1651 1652/1652/1652
f 1640/1640/1640 1639/1639/1639 1652/1652/1652
f 1640/1640/1640 1652/1652/1652 1653/1653/1653
f 1654/1654/1654 1653/1653/1653 1657/1657/1657
f 1654/1654/1654 1657/1657/1657 1658/1658/1658
f 1652/1652/1652 1651/1651/1651 1655/1655/1655
f 1652/1652/1652 1655/1655/1655 1656/1656/1656
f 1653/1653/1653 1652/1652/1652 1656/1656/1656
f 1653/1653/1653 1656/1656/1656 1657/1657/1657
f 1715/1715/1715 1714/1714/1714 1688/1688/1688
f 1715/1715/1715 1688/1688/1688 1687/1687/1687
f 1716/1716/1716 1715/1715/1715 1687/1687/1687
f 1716/1716/1716 1687/1687/1687 1686/1686/1686
f 1714/1714/1714 1713/1713/1713 1689/1689/1689
f 1714/1714/1714 1689/1689/1689 1688/1688/1688
f 1686/1686/1686 1687/1687/1687 1683/1683/1683
f 1686/1686/1686 1683/1683/1683 1682/1682/1682
f 1688/1688/1688 1689/1689/1689 1685/1685/1685
f 1688/1688/1688 1685/1685/1685 1684/1684/1684
f 1687/1687/1687 1688/1688/1688 1684/1684/1684
f 1687/1687/1687 1684/1684/1684 1683/1683/1683
f 1682/1682/1682 1683/1683/1683 1679/1679/1679
f 1682/1682/1682 1679/1679/1679 1678/1678/1678
f 1684/1684/1684 1685/1685/1685 1681/1681/1681
f 1684/1684/1684 1681/1681/1681 1680/1680/1680
f 1683/1683/1683 1684/1684/1684 1680/1680/1680
f 1683/1683/1683 1680/1680/1680 1679/1679/1679
f 1678/1678/1678 1679/1679/1679 1675/1675/1675
f 1678/1678/1678 1675/1675/1675 1674/1674/1674
f 1680/1680/1680 1681/1681/1681 1677/1677/1677
f 1680/1680/1680 1677/1677/1677 1676/1676/1676
f 1679/1679/1679 1680/1680/1680 1676/1676/1676
f 1679/1679/1679 1676/1676/1676 1675/1675/1675
f 1674/1674/1674 1675/1675/1675 1662/1662/1662
f 1674/1674/1674 1662/1662/1662 1661/1661/1661
f 1676/1676/1676 1677/1677/1677 1664/1664/1664
f 1676/1676/1676 1664/1664/1664 1663/1663/1663
f 1675/1675/1675 1676/1676/1676 1663/1663/1663
f 1675/1675/1675 1663/1663/1663 1662/1662/1662
f 1661/1661/1661 1662/1662/1662 1693/1693/1693
f 1661/1661/1661 1693/1693/1693 1695/1695/1695
f 1663/1663/1663 1664/1664/1664 1660/1660/1660
f 1663/1663/1663 1660/1660/1660 1691/1691/1691
f 1662/1662/1662 1663/1663/1663 1691/1691/1691
f 1662/1662/1662 1691/1691/1691 1693/1693/1693
f 1694/1694/1694 1692/1692/1692 1698/1698/1698
f 1694/1694/1694 1698/1698/1698 1699/1699/1699
f 1690/1690/1690 1659/1659/1659 1696/1696/1696
f 1690/1690/1690 1696/1696/1696 1697/1697/1697
f 1692/1692/1692 1690/1690/1690 1697/1697/1697
f 1692/1692/1692 1697/1697/1697 1698/1698/1698
f 1699/1699/1699 1698/1698/1698 1711/1711/1711
f 1699/1699/1699 1711/1711/1711 1712/1712/1712
f 1697/1697/1697 1696/1696/1696 1709/1709/1709
f 1697/1697/1697 1709/1709/1709 1710/1710/1710
f 1698/1698/1698 1697/1697/1697 1710/1710/1710
f 1698/1698/1698 1710/1710/1710 1711/1711/1711
f 1712/1712/1712 1711/1711/1711 1715/1715/1715
f 1712/1712/1712 1715/1715/1715 1716/1716/1716
f 1710/1710/1710 1709/1709/1709 1713/1713/1713
f 1710/1710/1710 1713/1713/1713 1714/1714/1714
f 1711/1711/1711 1710/1710/1710 1714/1714/1714
f 1711/1711/1711 1714/1714/1714 1715/1715/1715
f 1773/1773/1773 1772/1772/1772 1746/1746/1746
f 1773/1773/1773 1746/1746/1746 1745/1745/1745
f 1774/1774/1774 1773/1773/1773 1745/1745/1745
f 1774/1774/1774 1745/1745/1745 1744/1744/1744
f 1772/1772/1772 1771/1771/1771 1747/1747/1747
f 1772/1772/1772 1747/1747/1747 1746/1746/1746
f 1744/1744/1744 1745/1745/1745 1741/1741/1741
f 1744/1744/1744 1741/1741/1741 1740/1740/1740
f 1746/1746/1746 1747/1747/1747 1743/1743/1743
f 1746/1746/1746 1743/1743/1743 1742/1742/1742
f 1745/1745/1745 1746/1746/1746 1742/1742/1742
f 1745/1745/1745 1742/1742/1742 1741/1741/1741
f 1740/1740/1740 1741/1741/1741 1737/1737/1737
f 1740/1740/1740 1737/1737/1737 1736/1736/1736
f 1742/1742/1742 1743/1743/1743 1739/1739/1739
f 1742/1742/1742 1739/1739/1739 1738/1738/1738
f 1741/1741/1741 1742/1742/1742 1738/1738/1738
f 1741/1741/1741 1738/1738/1738 1737/1737/1737
f 1736/1736/1736 1737/1737/1737 1733/1733/1733
f 1736/1736/1736 1733/1733/1733 1732/1732/1732
f 1738/1738/1738 1739/1739/1739 1735/1735/1735
f 1738/1738/1738 1735/1735/1735 1734/1734/1734
f 1737/1737/1737 1738/1738/1738 1734/1734/1734
f 1737/1737/1737 1734/1734/1734 1733/1733/1733
f 1732/1732/1732 1733/1733/1733 1720/1720/1720
f 1732/1732/1732 1720/1720/1720 1719/1719/1719
f 1734/1734/1734 1735/1735/1735 1722/1722/1722
f 1734/1734/1734 1722/1722/1722 1721/1721/1721
f 1733/1733/1733 1734/1734/1734 1721/1721/1721
f 1733/1733/1733 1721/1721/1721 1720/1720/1720
f 1719/1719/1719 1720/1720/1720 1751/1751/1751
f 1719/1719/1719 1751/1751/1751 1753/1753/1753
f 1721/1721/1721 1722/1722/1722 1718/1718/1718
f 1721/1721/1721 1718/1718/1718 1749/1749/1749
f 1720/1720/1720 1721/1721/1721 1749/1749/1749
f 1720/1720/1720 1749/1749/1749 1751/1751/1751
f 1752/1752/1752 1750/1750/1750 1756/1756/1756
f 1752/1752/1752 1756/1756/1756 1757/1757/1757
f 1748/1748/1748 1717/1717/1717 1754/1754/1754
f 1748/1748/1748 1754/1754/1754 1755/1755/1755
f 1750/1750/1750 1748/1748/1748 1755/1755/1755
f 1750/1750/1750 1755/1755/1755 1756/1756/1756
f 1757/1757/1757 1756/1756/1756 1769/1769/1769
f 1757/1757/1757 1769/1769/1769 1770/1770/1770
f 1755/1755/1755 1754/1754/1754 1767/1767/1767
f 1755/1755/1755 1767/1767/1767 1768/1768/1768
f 1756/1756/1756 1755/1755/1755 1768/1768/1768
f 1756/1756/1756 1768/1768/1768 1769/1769/1769
f 1770/1770/1770 1769/1769/1769 1773/1773/1773
f 1770/1770/1770 1773/1773/1773 1774/1774/1774
f 1768/1768/1768 1767/1767/1767 1771/1771/1771
f 1768/1768/1768 1771/1771/1771 1772/1772/1772
f 1769/1769/1769 1768/1768/1768 1772/1772/1772
f 1769/1769/1769 1772/1772/1772 1773/1773/1773
f 1831/1831/1831 1830/1830/1830 1804/1804/1804
f 1831/1831/1831 1804/1804/1804 1803/1803/1803
f 1832/1832/1832 1831/1831/1831 1803/1803/1803
f 1832/1832/1832 1803/1803/1803 1802/1802/1802
f 1830/1830/1830 1829/1829/1829 1805/1805/1805
f 1830/1830/1830 1805/1805/1805 1804/1804/1804
f 1802/1802/1802 1803/1803/1803 1799/1799/1799
f 1802/1802/1802 1799/1799/1799 1798/1798/1798
f 1804/1804/1804 1805/1805/1805 1801/1801/1801
f 1804/1804/1804 1801/1801/1801 1800/1800/1800
f 1803/1803/1803 1804/1804/1804 1800/1800/1800
f 1803/1803/1803 1800/1800/1800 1799/1799/1799
f 1798/1798/1798 1799/1799/1799 1795/1795/1795
f 1798/1798/1798 1795/1795/1795 1794/1794/1794
f 1800/1800/1800 1801/1801/1801 1797/1797/1797
f 1800/1800/1800 1797/1797/1797 1796/1796/1796
f 1799/1799/1799 1800/1800/1800 1796/1796/1796
f 1799/1799/1799 1796/1796/1796 1795/1795/1795
f 1794/1794/1794 1795/1795/1795 1791/1791/1791
f 1794/1794/1794 1791/1791/1791 1790/1790/1790
f 1796/1796/1796 1797/1797/1797 1793/1793/1793
f 1796/1796/1796 1793/1793/1793 1792/1792/1792
f 1795/1795/1795 1796/1796/1796 1792/1792/1792
f 1795/1795/1795 1792/1792/1792 1791/1791/1791
f 1790/1790/1790 1791/1791/1791 1778/1778/1778
f 1790/1790/1790 1778/1778/1778 1777/1777/1777
f 1792/1792/1792 1793/1793/1793 1780/1780/1780
f 1792/1792/1792 1780/1780/1780 1779/1779/1779
f 1791/1791/1791 1792/1792/1792 1779/1779/1779
f 1791/1791/1791 1779/1779/1779 1778/1778/1778
f 1777/1777/1777 1778/1778/1778 1809/1809/1809
f 1777/1777/1777 1809/1809/1809 1811/1811/1811
f 1779/1779/1779 1780/1780/1780 1776/1776/1776
f 1779/1779/1779 1776/1776/1776 1807/1807/1807
f 1778/1778/1778 1779/1779/1779 1807/1807/1807
f 1778/1778/1778 1807/1807/1807 1809/1809/1809
f 1810/1810/1810 1808/1808/1808 1814/1814/1814
f 1810/1810/1810 1814/1814/1814 1815/1815/1815
f 1806/1806/1806 1775/1775/1775 1812/1812/1812
f 1806/1806/1806 1812/1812/1812 1813/1813/1813
f 1808/1808/1808 1806/1806/1806 1813/1813/1813
f 1808/1808/1808 1813/1813/1813 1814/1814/1814
f 1815/1815/1815 1814/1814/1814 1827/1827/1827
f 1815/1815/1815 1827/1827/1827 1828/1828/1828
f 1813/1813/1813 1812/1812/1812 1825/1825/1825
f 1813/1813/1813 1825/1825/1825 1826/1826/1826
f 1814/1814/1814 1813/1813/1813 1826/1826/1826
f 1814/1814/1814 1826/1826/1826 1827/1827/1827
f 1828/1828/1828 1827/1827/1827 1831/1831/1831
f 1828/1828/1828 1831/1831/1831 1832/1832/1832
f 1826/1826/1826 1825/1825/1825 1829/1829/1829
f 1826/1826/1826 1829/1829/1829 1830/1830/1830
f 1827/1827/1827 1826/1826/1826 1830/1830/1830
f 1827/1827/1827 1830/1830/1830 1831/1831/1831
f 1889/1889/1889 1888/1888/1888 1862/1862/1862
f 1889/1889/1889 1862/1862/1862 1861/1861/1861
f 1890/1890/1890 1889/1889/1889 1861/1861/1861
f 1890/1890/1890 1861/1861/1861 1860/1860/1860
f 1888/1888/1888 1887/1887/1887 1863/1863/1863
f 1888/1888/1888 1863/1863/1863 1862/1862/1862
f 1860/1860/1860 1861/1861/1861 1857/1857/1857
f 1860/1860/1860 1857/1857/1857 1856/1856/1856
f 1862/1862/1862 1863/1863/1863 1859/1859/1859
f 1862/1862/1862 1859/1859/1859 1858/1858/1858
f 1861/1861/1861 1862/1862/1862 1858/1858/1858
f 1861/1861/1861 1858/1858/1858 1857/1857/1857
f 1856/1856/1856 1857/1857/1857 1853/1853/1853
f 1856/1856/1856 1853/1853/1853 1852/1852/1852
f 1858/1858/1858 1859/1859/1859 1855/1855/1855
f 1858/1858/1858 1855/1855/1855 1854/1854/1854
f 1857/1857/1857 1858/1858/1858 1854/1854/1854
f 1857/1857/1857 1854/1854/1854 1853/1853/1853
f 1852/1852/1852 1853/1853/1853 1849/1849/1849
f 1852/1852/1852 1849/1849/1849 1848/1848/1848
f 1854/1854/1854 1855/1855/1855 1851/1851/1851
f 1854/1854/1854 1851/1851/1851 1850/1850/1850
f 1853/1853/1853 1854/1854/1854 1850/1850/1850
f 1853/1853/1853 1850/1850/1850 1849/1849/1849
f 1848/1848/1848 1849/1849/1849 1836/1836/1836
f 1848/1848/1848 1836/1836/1836 1835/1835/1835
f 1850/1850/1850 1851/1851/1851 1838/1838/1838
f 1850/1850/1850 1838/1838/1838 1837/1837/1837
f 1849/1849/1849 1850/1850/1850 1837/1837/1837
f 1849/1849/1849 1837/1837/1837 1836/1836/1836
f 1835/1835/1835 1836/1836/1836 1867/1867/1867
f 1835/1835/1835 1867/1867/1867 1869/1869/1869
f 1837/1837/1837 1838/1838/1838 1834/1834/1834
f 1837/1837/1837 1834/1834/1834 1865/1865/1865
f 1836/1836/1836 1837/1837/1837 1865/1865/1865
f 1836/1836/1836 1865/1865/1865 1867/1867/1867
f 1868/1868/1868 1866/1866/1866 1872/1872/1872
f 1868/1868/1868 1872/1872/1872 1873/1873/1873
f 1864/1864/1864 1833/1833/1833 1870/1870/1870
f 1864/1864/1864 1870/1870/1870 1871/1871/1871
f 1866/1866/1866 1864/1864/1864 1871/1871/1871
f 1866/1866/1866 1871/1871/1871 1872/1872/1872
f 1873/1873/1873 1872/1872/1872 1885/1885/1885
f 1873/1873/1873 1885/1885/1885 1886/1886/1886
f 1871/1871/1871 1870/1870/1870 1883/1883/1883
f 1871/1871/1871 1883/1883/1883 1884/1884/1884
f 1872/1872/1872 1871/1871/1871 1884/1884/1884
f 1872/1872/1872 1884/1884/1884 1885/1885/1885
f 1886/1886/1886 1885/1885/1885 1889/1889/1889
f 1886/1886/1886 1889/1889/1889 1890/1890/1890
f 1884/1884/1884 1883/1883/1883 1887/1887/1887
f 1884/1884/1884 1887/1887/1887 1888/1888/1888
f 1885/1885/1885 1884/1884/1884 1888/1888/1888
f 1885/1885/1885 1888/1888/1888 1889/1889/1889
f 1947/1947/1947 1946/1946/1946 1920/1920/1920
f 1947/1947/1947 1920/1920/1920 1919/1919/1919
f 1948/1948/1948 1947/1947/1947 1919/1919/1919
f 1948/1948/1948 1919/1919/1919 1918/1918/1918
f 1946/1946/1946 1945/1945/1945 1921/1921/1921
f 1946/1946/1946 1921/1921/1921 1920/1920/1920
f 1918/1918/1918 1919/1919/1919 1915/1915/1915
f 1918/1918/1918 1915/1915/1915 1914/1914/1914
f 1920/1920/1920 1921/1921/1921 1917/1917/1917
f 1920/1920/1920 1917/1917/1917 1916/1916/1916
f 1919/1919/1919 1920/1920/1920 1916/1916/1916
f 1919/1919/1919 1916/1916/1916 1915/1915/1915
f 1914/1914/1914 1915/1915/1915 1911/1911/1911
f 1914/1914/1914 1911/1911/1911 1910/1910/1910
f 1916/1916/1916 1917/1917/1917 1913/1913/1913
f 1916/1916/1916 1913/1913/1913 1912/1912/1912
f 1915/1915/1915 1916/1916/1916 1912/1912/1912
f 1915/1915/1915 1912/1912/1912 1911/1911/1911
f 1910/1910/1910 1911/1911/1911 1907/1907/1907
f 1910/1910/1910 1907/1907/1907 1906/1906/1906
f 1912/1912/1912 1913/1913/1913 1909/1909/1909
f 1912/1912/1912 1909/1909/1909 1908/1908/1908
f 1911/1911/1911 1912/1912/1912 1908/1908/1908
f 1911/1911/1911 1908/1908/1908 1907/1907/1907
f 1906/1906/1906 1907/1907/1907 1894/1894/1894
f 1906/1906/1906 1894/1894/1894 1893/1893/1893
f 1908/1908/1908 1909/1909/1909 1896/1896/1896
f 1908/1908/1908 1896/1896/1896 1895/1895/1895
f 1907/1907/1907 1908/1908/1908 1895/1895/1895
f 1907/1907/1907 1895/1895/1895 1894/1894/1894
f 1893/1893/1893 1894/1894/1894 1925/1925/1925
f 1893/1893/1893 1925/1925/1925 1927/1927/1927
f 1895/1895/1895 1896/1896/1896 1892/1892/1892
f 1895/1895/1895 1892/1892/1892 1923/1923/1923
f 1894/1894/1894 1895/1895/1895 1923/1923/1923
f 1894/1894/1894 1923/1923/1923 1925/1925/1925
f 1926/1926/1926 1924/1924/1924 1930/1930/1930
f 1926/1926/1926 1930/1930/1930 1931/1931/1931
f 1922/1922/1922 1891/1891/1891 1928/1928/1928
f 1922/1922/1922 1928/1928/1928 1929/1929/1929
f 1924/1924/1924 1922/1922/1922 1929/1929/1929
f 1924/1924/1924 1929/1929/1929 1930/1930/1930
f 1931/1931/1931 1930/1930/1930 1943/1943/1943
f 1931/1931/1931 1943/1943/1943 1944/1944/1944
f 1929/1929/1929 1928/1928/1928 1941/1941/1941
f 1929/1929/1929 1941/1941/1941 1942/1942/1942
f 1930/1930/1930 1929/1929/1929 1942/1942/1942
f 1930/1930/1930 1942/1942/1942 1943/1943/1943
f 1944/1944/1944 1943/1943/1943 1947/1947/1947
f 1944/1944/1944 1947/1947/1947 1948/1948/1948
f 1942/1942/1942 1941/1941/1941 1945/1945/1945
f 1942/1942/1942 1945/1945/1945 1946/1946/1946
f 1943/1943/1943 1942/1942/1942 1946/1946/1946
f 1943/1943/1943 1946/1946/1946 1947/1947/1947
f 2005/2005/2005 2004/2004/2004 1978/1978/1978
f 2005/2005/2005 1978/1978/1978 1977/1977/1977
f 2006/2006/2006 2005/2005/2005 1977/1977/1977
f 2006/2006/2006 1977/1977/1977 1976/1976/1976
f 2004/2004/2004 2003/2003/2003 1979/1979/1979
f 2004/2004/2004 1979/1979/1979 1978/1978/1978
f 1976/1976/1976 1977/1977/1977 1973/1973/1973
f 1976/1976/1976 1973/1973/1973 1972/1972/1972
f 1978/1978/1978 1979/1979/1979 1975/1975/1975
f 1978/1978/1978 1975/1975/1975 1974/1974/1974
f 1977/1977/1977 1978/1978/1978 1974/1974/1974
f 1977/1977/1977 1974/1974/1974 1973/1973/1973
f 1972/1972/1972 1973/1973/1973 1969/1969/1969
f 1972/1972/1972 1969/1969/1969 1968/1968/1968
f 1974/1974/1974 1975/1975/1975 1971/1971/1971
f 1974/1974/1974 1971/1971/1971 1970/1970/1970
f 1973/1973/1973 1974/1974/1974 1970/1970/1970
f 1973/1973/1973 1970/1970/1970 1969/1969/1969
f 1968/1968/1968 1969/1969/1969 1965/1965/1965
f 1968/1968/1968 1965/1965/1965 1964/1964/1964
f 1970/1970/1970 1971/1971/1971 1967/1967/1967
f 1970/1970/1970 1967/1967/1967 1966/1966/1966
f 1969/1969/1969 1970/1970/1970 1966/1966/1966
f 1969/1969/1969 1966/1966/1966 1965/1965/1965
f 1964/1964/1964 1965/1965/1965 1952/1952/1952
f 1964/1964/1964 1952/1952/1952 1951/1951/1951
f 1966/1966/1966 1967/1967/1967 1954/1954/1954
f 1966/1966/1966 1954/1954/1954 1953/1953/1953
f 1965/1965/1965 1966/1966/1966 1953/1953/1953
f 1965/1965/1965 1953/1953/1953 1952/1952/1952
f 1951/1951/1951 1952/1952/1952 1983/1983/1983
f 1951/1951/1951 1983/1983/1983 1985/1985/1985
f 1953/1953/1953 1954/1954/1954 1950/1950/1950
f 1953/1953/1953 1950/1950/1950 1981/1981/1981
f 1952/1952/1952 1953/1953/1953 1981/1981/1981
f 1952/1952/1952 1981/1981/1981 1983/1983/1983
f 1984/1984/1984 1982/1982/1982 1988/1988/1988
f 1984/1984/1984 1988/1988/1988 1989/1989/1989
f 1980/1980/1980 1949/1949/1949 1986/1986/1986
f 1980/1980/1980 1986/1986/1986 1987/1987/1987
f 1982/1982/1982 1980/1980/1980 1987/1987/1987
f 1982/1982/1982 1987/1987/1987 1988/1988/1988
f 1989/1989/1989 1988/1988/1988 2001/2001/2001
f 1989/1989/1989 2001/2001/2001 2002/2002/2002
f 1987/1987/1987 1986/1986/1986 1999/1999/1999
f 1987/1987/1987 1999/1999/1999 2000/2000/2000
f 1988/1988/1988 1987/1987/1987 2000/2000/2000
f 1988/1988/1988 2000/2000/2000 2001/2001/2001
f 2002/2002/2002 2001/2001/2001 2005/2005/2005
f 2002/2002/2002 2005/2005/2005 2006/2006/2006
f 2000/2000/2000 1999/1999/1999 2003/2003/2003
f 2000/2000/2000 2003/2003/2003 2004/2004/2004
f 2001/2001/2001 2000/2000/2000 2004/2004/2004
f 2001/2001/2001 2004/2004/2004 2005/2005/2005
f 2063/2063/2063 2062/2062/2062 2036/2036/2036
f 2063/2063/2063 2036/2036/2036 2035/2035/2035
f 2064/2064/2064 2063/2063/2063 2035/2035/2035
f 2064/2064/2064 2035/2035/2035 2034/2034/2034
f 2062/2062/2062 2061/2061/2061 2037/2037/2037
f 2062/2062/2062 2037/2037/2037 2036/2036/2036
f 2034/2034/2034 2035/2035/2035 2031/2031/2031
f 2034/2034/2034 2031/2031/2031 2030/2030/2030
f 2036/2036/2036 2037/2037/2037 2033/2033/2033
f 2036/2036/2036 2033/2033/2033 2032/2032/2032
f 2035/2035/2035 2036/2036/2036 2032/2032/2032
f 2035/2035/2035 2032/2032/2032 2031/2031/2031
f 2030/2030/2030 2031/2031/2031 2027/2027/2027
f 2030/2030/2030 2027/2027/2027 2026/2026/2026
f 2032/2032/2032 2033/2033/2033 2029/2029/2029
f 2032/2032/2032 2029/2029/2029 2028/2028/2028
f 2031/2031/2031 2032/2032/2032 2028/2028/2028
f 2031/2031/2031 2028/2028/2028 2027/2027/2027
f 2026/2026/2026 2027/2027/2027 2023/2023/2023
f 2026/2026/2026 2023/2023/2023 2022/2022/2022
f 2028/2028/2028 2029/2029/2029 2025/2025/2025
f 2028/2028/2028 2025/2025/2025 2024/2024/2024
f 2027/2027/2027 2028/2028/2028 2024/2024/2024
f 2027/2027/2027 2024/2024/2024 2023/2023/2023
f 2022/2022/2022 2023/2023/2023 2010/2010/2010
f 2022/2022/2022 2010/2010/2010 2009/2009/2009
f 2024/2024/2024 2025/2025/2025 2012/2012/2012
f 2024/2024/2024 2012/2012/2012 2011/2011/2011
f 2023/2023/2023 2024/2024/2024 2011/2011/2011
f 2023/2023/2023 2011/2011/2011 2010/2010/2010
f 2009/2009/2009 2010/2010/2010 2041/2041/2041
f 2009/2009/2009 2041/2041/2041 2043/2043/2043
f 2011/2011/2011 2012/2012/2012 2008/2008/2008
f 2011/2011/2011 2008/2008/2008 2039/2039/2039
f 2010/2010/2010 2011/2011/2011 2039/2039/2039
f 2010/2010/2010 2039/2039/2039 2041/2041/2041
f 2042/2042/2042 2040/2040/2040 2046/2046/2046
f 2042/2042/2042 2046/2046/2046 2047/2047/2047
f 2038/2038/2038 2007/2007/2007 2044/2044/2044
f 2038/2038/2038 2044/2044/2044 2045/2045/2045
f 2040/2040/2040 2038/2038/2038 2045/2045/2045
f 2040/2040/2040 2045/2045/2045 2046/2046/2046
f 2047/2047/2047 2046/2046/2046 2059/2059/2059
f 2047/2047/2047 2059/2059/2059 2060/2060/2060
f 2045/2045/2045 2044/2044/2044 2057/2057/2057
f 2045/2045/2045 2057/2057/2057 2058/2058/2058
f 2046/2046/2046 2045/2045/2045 2058/2058/2058
f 2046/2046/2046 2058/2058/2058 2059/2059/2059
f 2060/2060/2060 2059/2059/2059 2063/2063/2063
f 2060/2060/2060 2063/2063/2063 2064/2064/2064
f 2058/2058/2058 2057/2057/2057 2061/2061/2061
f 2058/2058/2058 2061/2061/2061 2062/2062/2062
f 2059/2059/2059 2058/2058/2058 2062/2062/2062
f 2059/2059/2059 2062/2062/2062 2063/2063/2063
f 2139/2139/2139 2138/2138/2138 2104/2104/2104
f 2139/2139/2139 2104/2104/2104 2103/2103/2103
f 2140/2140/2140 2139/2139/2139 2103/2103/2103
f 2140/2140/2140 2103/2103/2103 2102/2102/2102
f 2138/2138/2138 2135/2135/2135 2106/2106/2106
f 2138/2138/2138 2106/2106/2106 2104/2104/2104
f 2102/2102/2102 2103/2103/2103 2097/2097/2097
f 2102/2102/2102 2097/2097/2097 2096/2096/2096
f 2104/2104/2104 2106/2106/2106 2100/2100/2100
f 2104/2104/2104 2100/2100/2100 2098/2098/2098
f 2103/2103/2103 2104/2104/2104 2098/2098/2098
f 2103/2103/2103 2098/2098/2098 2097/2097/2097
f 2096/2096/2096 2097/2097/2097 2091/2091/2091
f 2096/2096/2096 2091/2091/2091 2090/2090/2090
f 2098/2098/2098 2100/2100/2100 2094/2094/2094
f 2098/2098/2098 2094/2094/2094 2092/2092/2092
f 2097/2097/2097 2098/2098/2098 2092/2092/2092
f 2097/2097/2097 2092/2092/2092 2091/2091/2091
f 2090/2090/2090 2091/2091/2091 2085/2085/2085
f 2090/2090/2090 2085/2085/2085 2084/2084/2084
f 2092/2092/2092 2094/2094/2094 2088/2088/2088
f 2092/2092/2092 2088/2088/2088 2086/2086/2086
f 2091/2091/2091 2092/2092/2092 2086/2086/2086
f 2091/2091/2091 2086/2086/2086 2085/2085/2085
f 2084/2084/2084 2085/2085/2085 2070/2070/2070
f 2084/2084/2084 2070/2070/2070 2069/2069/2069
f 2086/2086/2086 2088/2088/2088 2073/2073/2073
f 2086/2086/2086 2073/2073/2073 2071/2071/2071
f 2085/2085/2085 2086/2086/2086 2071/2071/2071
f 2085/2085/2085 2071/2071/2071 2070/2070/2070
f 2069/2069/2069 2070/2070/2070 2111/2111/2111
f 2069/2069/2069 2111/2111/2111 2113/2113/2113
f 2071/2071/2071 2073/2073/2073 2068/2068/2068
f 2071/2071/2071 2068/2068/2068 2109/2109/2109
f 2070/2070/2070 2071/2071/2071 2109/2109/2109
f 2070/2070/2070 2109/2109/2109 2111/2111/2111
f 2112/2112/2112 2110/2110/2110 2118/2118/2118
f 2112/2112/2112 2118/2118/2118 2119/2119/2119
f 2108/2108/2108 2066/2066/2066 2115/2115/2115
f 2108/2108/2108 2115/2115/2115 2117/2117/2117
f 2110/2110/2110 2108/2108/2108 2117/2117/2117
f 2110/2110/2110 2117/2117/2117 2118/2118/2118
f 2119/2119/2119 2118/2118/2118 2133/2133/2133
f 2119/2119/2119 2133/2133/2133 2134/2134/2134
f 2117/2117/2117 2115/2115/2115 2130/2130/2130
f 2117/2117/2117 2130/2130/2130 2132/2132/2132
f 2118/2118/2118 2117/2117/2117 2132/2132/2132
f 2118/2118/2118 2132/2132/2132 2133/2133/2133
f 2134/2134/2134 2133/2133/2133 2139/2139/2139
f 2134/2134/2134 2139/2139/2139 2140/2140/2140
f 2132/2132/2132 2130/2130/2130 2135/2135/2135
f 2132/2132/2132 2135/2135/2135 2138/2138/2138
f 2133/2133/2133 2132/2132/2132 2138/2138/2138
f 2133/2133/2133 2138/2138/2138 2139/2139/2139
f 2215/2215/2215 2214/2214/2214 2180/2180/2180
f 2215/2215/2215 2180/2180/2180 2179/2179/2179
f 2216/2216/2216 2215/2215/2215 2179/2179/2179
f 2216/2216/2216 2179/2179/2179 2178/2178/2178
f 2214/2214/2214 2211/2211/2211 2182/2182/2182
f 2214/2214/2214 2182/2182/2182 2180/2180/2180
f 2178/2178/2178 2179/2179/2179 2173/2173/2173
f 2178/2178/2178 2173/2173/2173 2172/2172/2172
f 2180/2180/2180 2182/2182/2182 2176/2176/2176
f 2180/2180/2180 2176/2176/2176 2174/2174/2174
f 2179/2179/2179 2180/2180/2180 2174/2174/2174
f 2179/2179/2179 2174/2174/2174 2173/2173/2173
f 2172/2172/2172 2173/2173/2173 2167/2167/2167
f 2172/2172/2172 2167/2167/2167 2166/2166/2166
f 2174/2174/2174 2176/2176/2176 2170/2170/2170
f 2174/2174/2174 2170/2170/2170 2168/2168/2168
f 2173/2173/2173 2174/2174/2174 2168/2168/2168
f 2173/2173/2173 2168/2168/2168 2167/2167/2167
f 2166/2166/2166 2167/2167/2167 2161/2161/2161
f 2166/2166/2166 2161/2161/2161 2160/2160/2160
f 2168/2168/2168 2170/2170/2170 2164/2164/2164
f 2168/2168/2168 2164/2164/2164 2162/2162/2162
f 2167/2167/2167 2168/2168/2168 2162/2162/2162
f 2167/2167/2167 2162/2162/2162 2161/2161/2161
f 2160/2160/2160 2161/2161/2161 2146/2146/2146
f 2160/2160/2160 2146/2146/2146 2145/2145/2145
f 2162/2162/2162 2164/2164/2164 2149/2149/2149
f 2162/2162/2162 2149/2149/2149 2147/2147/2147
f 2161/2161/2161 2162/2162/2162 2147/2147/2147
f 2161/2161/2161 2147/2147/2147 2146/2146/2146
f 2145/2145/2145 2146/2146/2146 2187/2187/2187
f 2145/2145/2145 2187/2187/2187 2189/2189/2189
f 2147/2147/2147 2149/2149/2149 2143/2143/2143
f 2147/2147/2147 2143/2143/2143 2185/2185/2185
f 2146/2146/2146 2147/2147/2147 2185/2185/2185
f 2146/2146/2146 2185/2185/2185 2187/2187/2187
f 2188/2188/2188 2186/2186/2186 2194/2194/2194
f 2188/2188/2188 2194/2194/2194 2195/2195/2195
f 2184/2184/2184 2142/2142/2142 2191/2191/2191
f 2184/2184/2184 2191/2191/2191 2193/2193/2193
f 2186/2186/2186 2184/2184/2184 2193/2193/2193
f 2186/2186/2186 2193/2193/2193 2194/2194/2194
f 2195/2195/2195 2194/2194/2194 2209/2209/2209
f 2195/2195/2195 2209/2209/2209 2210/2210/2210
f 2193/2193/2193 2191/2191/2191 2206/2206/2206
f 2193/2193/2193 2206/2206/2206 2208/2208/2208
f 2194/2194/2194 2193/2193/2193 2208/2208/2208
f 2194/2194/2194 2208/2208/2208 2209/2209/2209
f 2210/2210/2210 2209/2209/2209 2215/2215/2215
f 2210/2210/2210 2215/2215/2215 2216/2216/2216
f 2208/2208/2208 2206/2206/2206 2211/2211/2211
f 2208/2208/2208 2211/2211/2211 2214/2214/2214
f 2209/2209/2209 2208/2208/2208 2214/2214/2214
f 2209/2209/2209 2214/2214/2214 2215/2215/2215
f 2291/2291/2291 2290/2290/2290 2256/2256/2256
f 2291/2291/2291 2256/2256/2256 2255/2255/2255
f 2292/2292/2292 2291/2291/2291 2255/2255/2255
f 2292/2292/2292 2255/2255/2255 2254/2254/2254
f 2290/2290/2290 2287/2287/2287 2258/2258/2258
f 2290/2290/2290 2258/2258/2258 2256/2256/2256
f 2254/2254/2254 2255/2255/2255 2249/2249/2249
f 2254/2254/2254 2249/2249/2249 2248/2248/2248
f 2256/2256/2256 2258/2258/2258 2252/2252/2252
f 2256/2256/2256 2252/2252/2252 2250/2250/2250
f 2255/2255/2255 2256/2256/2256 2250/2250/2250
f 2255/2255/2255 2250/2250/2250 2249/2249/2249
f 2248/2248/2248 2249/2249/2249 2243/2243/2243
f 2248/2248/2248 2243/2243/2243 2242/2242/2242
f 2250/2250/2250 2252/2252/2252 2246/2246/2246
f 2250/2250/2250 2246/2246/2246 2244/2244/2244
f 2249/2249/2249 2250/2250/2250 2244/2244/2244
f 2249/2249/2249 2244/2244/2244 2243/2243/2243
f 2242/2242/2242 2243/2243/2243 2237/2237/2237
f 2242/2242/2242 2237/2237/2237 2236/2236/2236
f 2244/2244/2244 2246/2246/2246 2240/2240/2240
f 2244/2244/2244 2240/2240/2240 2238/2238/2238
f 2243/2243/2243 2244/2244/2244 2238/2238/2238
f 2243/2243/2243 2238/2238/2238 2237/2237/2237
f 2236/2236/2236 2237/2237/2237 2222/2222/2222
f 2236/2236/2236 2222/2222/2222 2221/2221/2221
f 2238/2238/2238 2240/2240/2240 2225/2225/2225
f 2238/2238/2238 2225/2225/2225 2223/2223/2223
f 2237/2237/2237 2238/2238/2238 2223/2223/2223
f 2237/2237/2237 2223/2223/2223 2222/2222/2222
f 2221/2221/2221 2222/2222/2222 2263/2263/2263
f 2221/2221/2221 2263/2263/2263 2265/2265/2265
f 2223/2223/2223 2225/2225/2225 2220/2220/2220
f 2223/2223/2223 2220/2220/2220 2261/2261/2261
f 2222/2222/2222 2223/2223/2223 2261/2261/2261
f 2222/2222/2222 2261/2261/2261 2263/2263/2263
f 2264/2264/2264 2262/2262/2262 2270/2270/2270
f 2264/2264/2264 2270/2270/2270 2271/2271/2271
f 2260/2260/2260 2218/2218/2218 2267/2267/2267
f 2260/2260/2260 2267/2267/2267 2269/2269/2269
f 2262/2262/2262 2260/2260/2260 2269/2269/2269
f 2262/2262/2262 2269/2269/2269 2270/2270/2270
f 2271/2271/2271 2270/2270/2270 2285/2285/2285
f 2271/2271/2271 2285/2285/2285 2286/2286/2286
f 2269/2269/2269 2267/2267/2267 2282/2282/2282
f 2269/2269/2269 2282/2282/2282 2284/2284/2284
f 2270/2270/2270 2269/2269/2269 2284/2284/2284
f 2270/2270/2270 2284/2284/2284 2285/2285/2285
f 2286/2286/2286 2285/2285/2285 2291/2291/2291
f 2286/2286/2286 2291/2291/2291 2292/2292/2292
f 2284/2284/2284 2282/2282/2282 2287/2287/2287
f 2284/2284/2284 2287/2287/2287 2290/2290/2290
f 2285/2285/2285 2284/2284/2284 2290/2290/2290
f 2285/2285/2285 2290/2290/2290 2291/2291/2291
f 2367/2367/2367 2366/2366/2366 2332/2332/2332
f 2367/2367/2367 2332/2332/2332 2331/2331/2331
f 2368/2368/2368 2367/2367/2367 2331/2331/2331
f 2368/2368/2368 2331/2331/2331 2330/2330/2330
f 2366/2366/2366 2363/2363/2363 2334/2334/2334
f 2366/2366/2366 2334/2334/2334 2332/2332/2332
f 2330/2330/2330 2331/2331/2331 2325/2325/2325
f 2330/2330/2330 2325/2325/2325 2324/2324/2324
f 2332/2332/2332 2334/2334/2334 2328/2328/2328
f 2332/2332/2332 2328/2328/2328 2326/2326/2326
f 2331/2331/2331 2332/2332/2332 2326/2326/2326
f 2331/2331/2331 2326/2326/2326 2325/2325/2325
f 2324/2324/2324 2325/2325/2325 2319/2319/2319
f 2324/2324/2324 2319/2319/2319 2318/2318/2318
f 2326/2326/2326 2328/2328/2328 2322/2322/2322
f 2326/2326/2326 2322/2322/2322 2320/2320/2320
f 2325/2325/2325 2326/2326/2326 2320/2320/2320
f 2325/2325/2325 2320/2320/2320 2319/2319/2319
f 2318/2318/2318 2319/2319/2319 2313/2313/2313
f 2318/2318/2318 2313/2313/2313 2312/2312/2312
f 2320/2320/2320 2322/2322/2322 2316/2316/2316
f 2320/2320/2320 2316/2316/2316 2314/2314/2314
f 2319/2319/2319 2320/2320/2320 2314/2314/2314
f 2319/2319/2319 2314/2314/2314 2313/2313/2313
f 2312/2312/2312 2313/2313/2313 2298/2298/2298
f 2312/2312/2312 2298/2298/2298 2297/2297/2297
f 2314/2314/2314 2316/2316/2316 2301/2301/2301
f 2314/2314/2314 2301/2301/2301 2299/2299/2299
f 2313/2313/2313 2314/2314/2314 2299/2299/2299
f 2313/2313/2313 2299/2299/2299 2298/2298/2298
f 2297/2297/2297 2298/2298/2298 2339/2339/2339
f 2297/2297/2297 2339/2339/2339 2341/2341/2341
f 2299/2299/2299 2301/2301/2301 2295/2295/2295
f 2299/2299/2299 2295/2295/2295 2337/2337/2337
f 2298/2298/2298 2299/2299/2299 2337/2337/2337
f 2298/2298/2298 2337/2337/2337 2339/2339/2339
f 2340/2340/2340 2338/2338/2338 2346/2346/2346
f 2340/2340/2340 2346/2346/2346 2347/2347/2347
f 2336/2336/2336 2294/2294/2294 2343/2343/2343
f 2336/2336/2336 2343/2343/2343 2345/2345/2345
f 2338/2338/2338 2336/2336/2336 2345/2345/2345
f 2338/2338/2338 2345/2345/2345 2346/2346/2346
f 2347/2347/2347 2346/2346/2346 2361/2361/2361
f 2347/2347/2347 2361/2361/2361 2362/2362/2362
f 2345/2345/2345 2343/2343/2343 2358/2358/2358
f 2345/2345/2345 2358/2358/2358 2360/2360/2360
f 2346/2346/2346 2345/2345/2345 2360/2360/2360
f 2346/2346/2346 2360/2360/2360 2361/2361/2361
f 2362/2362/2362 2361/2361/2361 2367/2367/2367
f 2362/2362/2362 2367/2367/2367 2368/2368/2368
f 2360/2360/2360 2358/2358/2358 2363/2363/2363
f 2360/2360/2360 2363/2363/2363 2366/2366/2366
f 2361/2361/2361 2360/2360/2360 2366/2366/2366
f 2361/2361/2361 2366/2366/2366 2367/2367/2367
f 2425/2425/2425 2424/2424/2424 2398/2398/2398
f 2425/2425/2425 2398/2398/2398 2397/2397/2397
f 2426/2426/2426 2425/2425/2425 2397/2397/2397
f 2426/2426/2426 2397/2397/2397 2396/2396/2396
f 2424/2424/2424 2423/2423/2423 2399/2399/2399
f 2424/2424/2424 2399/2399/2399 2398/2398/2398
f 2396/2396/2396 2397/2397/2397 2393/2393/2393
f 2396/2396/2396 2393/2393/2393 2392/2392/2392
f 2398/2398/2398 2399/2399/2399 2395/2395/2395
f 2398/2398/2398 2395/2395/2395 2394/2394/2394
f 2397/2397/2397 2398/2398/2398 2394/2394/2394
f 2397/2397/2397 2394/2394/2394 2393/2393/2393
f 2392/2392/2392 2393/2393/2393 2389/2389/2389
f 2392/2392/2392 2389/2389/2389 2388/2388/2388
f 2394/2394/2394 2395/2395/2395 2391/2391/2391
f 2394/2394/2394 2391/2391/2391 2390/2390/2390
f 2393/2393/2393 2394/2394/2394 2390/2390/2390
f 2393/2393/2393 2390/2390/2390 2389/2389/2389
f 2388/2388/2388 2389/2389/2389 2385/2385/2385
f 2388/2388/2388 2385/2385/2385 2384/2384/2384
f 2390/2390/2390 2391/2391/2391 2387/2387/2387
f 2390/2390/2390 2387/2387/2387 2386/2386/2386
f 2389/2389/2389 2390/2390/2390 2386/2386/2386
f 2389/2389/2389 2386/2386/2386 2385/2385/2385
f 2384/2384/2384 2385/2385/2385 2372/2372/2372
f 2384/2384/2384 2372/2372/2372 2371/2371/2371
f 2386/2386/2386 2387/2387/2387 2374/2374/2374
f 2386/2386/2386 2374/2374/2374 2373/2373/2373
f 2385/2385/2385 2386/2386/2386 2373/2373/2373
f 2385/2385/2385 2373/2373/2373 2372/2372/2372
f 2371/2371/2371 2372/2372/2372 2403/2403/2403
f 2371/2371/2371 2403/2403/2403 2405/2405/2405
f 2373/2373/2373 2374/2374/2374 2370/2370/2370
f 2373/2373/2373 2370/2370/2370 2401/2401/2401
f 2372/2372/2372 2373/2373/2373 2401/2401/2401
f 2372/2372/2372 2401/2401/2401 2403/2403/2403
f 2404/2404/2404 2402/2402/2402 2408/2408/2408
f 2404/2404/2404 2408/2408/2408 2409/2409/2409
f 2400/2400/2400 2369/2369/2369 2406/2406/2406
f 2400/2400/2400 2406/2406/2406 2407/2407/2407
f 2402/2402/2402 2400/2400/2400 2407/2407/2407
f 2402/2402/2402 2407/2407/2407 2408/2408/2408
f 2409/2409/2409 2408/2408/2408 2421/2421/2421
f 2409/2409/2409 2421/2421/2421 2422/2422/2422
f 2407/2407/2407 2406/2406/2406 2419/2419/2419
f 2407/2407/2407 2419/2419/2419 2420/2420/2420
f 2408/2408/2408 2407/2407/2407 2420/2420/2420
f 2408/2408/2408 2420/2420/2420 2421/2421/2421
f 2422/2422/2422 2421/2421/2421 2425/2425/2425
f 2422/2422/2422 2425/2425/2425 2426/2426/2426
f 2420/2420/2420 2419/2419/2419 2423/2423/2423
f 2420/2420/2420 2423/2423/2423 2424/2424/2424
f 2421/2421/2421 2420/2420/2420 2424/2424/2424
f 2421/2421/2421 2424/2424/2424 2425/2425/2425
f 2483/2483/2483 2482/2482/2482 2456/2456/2456
f 2483/2483/2483 2456/2456/2456 2455/2455/2455
f 2484/2484/2484 2483/2483/2483 2455/2455/2455
f 2484/2484/2484 2455/2455/2455 2454/2454/2454
f 2482/2482/2482 2481/2481/2481 2457/2457/2457
f 2482/2482/2482 2457/2457/2457 2456/2456/2456
f 2454/2454/2454 2455/2455/2455 2451/2451/2451
f 2454/2454/2454 2451/2451/2451 2450/2450/2450
f 2456/2456/2456 2457/2457/2457 2453/2453/2453
f 2456/2456/2456 2453/2453/2453 2452/2452/2452
f 2455/2455/2455 2456/2456/2456 2452/2452/2452
f 2455/2455/2455 2452/2452/2452 2451/2451/2451
f 2450/2450/2450 2451/2451/2451 2447/2447/2447
f 2450/2450/2450 2447/2447/2447 2446/2446/2446
f 2452/2452/2452 2453/2453/2453 2449/2449/2449
f 2452/2452/2452 2449/2449/2449 2448/2448/2448
f 2451/2451/2451 2452/2452/2452 2448/2448/2448
f 2451/2451/2451 2448/2448/2448 2447/2447/2447
f 2446/2446/2446 2447/2447/2447 2443/2443/2443
f 2446/2446/2446 2443/2443/2443 2442/2442/2442
f 2448/2448/2448 2449/2449/2449 2445/2445/2445
f 2448/2448/2448 2445/2445/2445 2444/2444/2444
f 2447/2447/2447 2448/2448/2448 2444/2444/2444
f 2447/2447/2447 2444/2444/2444 2443/2443/2443
f 2442/2442/2442 2443/2443/2443 2430/2430/2430
f 2442/2442/2442 2430/2430/2430 2429/2429/2429
f 2444/2444/2444 2445/2445/2445 2432/2432/2432
f 2444/2444/2444 2432/2432/2432 2431/2431/2431
f 2443/2443/2443 2444/2444/2444 2431/2431/2431
f 2443/2443/2443 2431/2431/2431 2430/2430/2430
f 2429/2429/2429 2430/2430/2430 2461/2461/2461
f 2429/2429/2429 2461/2461/2461 2463/2463/2463
f 2431/2431/2431 2432/2432/2432 2428/2428/2428
f 2431/2431/2431 2428/2428/2428 2459/2459/2459
f 2430/2430/2430 2431/2431/2431 2459/2459/2459
f 2430/2430/2430 2459/2459/2459 2461/2461/2461
f 2462/2462/2462 2460/2460/2460 2466/2466/2466
f 2462/2462/2462 2466/2466/2466 2467/2467/2467
f 2458/2458/2458 2427/2427/2427 2464/2464/2464
f 2458/2458/2458 2464/2464/2464 2465/2465/2465
f 2460/2460/2460 2458/2458/2458 2465/2465/2465
f 2460/2460/2460 2465/2465/2465 2466/2466/2466
f 2467/2467/2467 2466/2466/2466 2479/2479/2479
f 2467/2467/2467 2479/2479/2479 2480/2480/2480
f 2465/2465/2465 2464/2464/2464 2477/2477/2477
f 2465/2465/2465 2477/2477/2477 2478/2478/2478
f 2466/2466/2466 2465/2465/2465 2478/2478/2478
f 2466/2466/2466 2478/2478/2478 2479/2479/2479
f 2480/2480/2480 2479/2479/2479 2483/2483/2483
f 2480/2480/2480 2483/2483/2483 2484/2484/2484
f 2478/2478/2478 2477/2477/2477 2481/2481/2481
f 2478/2478/2478 2481/2481/2481 2482/2482/2482
f 2479/2479/2479 2478/2478/2478 2482/2482/2482
f 2479/2479/2479 2482/2482/2482 2483/2483/2483
f 2603/2603/2603 2497/2497/2497 2496/2496/2496
f 2603/2603/2603 2496/2496/2496 2602/2602/2602
f 2601/2601/2601 2495/2495/2495 2494/2494/2494
f 2601/2601/2601 2494/2494/2494 2600/2600/2600
f 2604/2604/2604 2498/2498/2498 2497/2497/2497
f 2604/2604/2604 2497/2497/2497 2603/2603/2603
f 2602/2602/2602 2496/2496/2496 2495/2495/2495
f 2602/2602/2602 2495/2495/2495 2601/2601/2601
f 2605/2605/2605 2499/2499/2499 2498/2498/2498
f 2605/2605/2605 2498/2498/2498 2604/2604/2604
f 2499/2499/2499 2507/2507/2507 2506/2506/2506
f 2499/2499/2499 2506/2506/2506 2498/2498/2498
f 2497/2497/2497 2505/2505/2505 2504/2504/2504
f 2497/2497/2497 2504/2504/2504 2496/2496/2496
f 2495/2495/2495 2503/2503/2503 2502/2502/2502
f 2495/2495/2495 2502/2502/2502 2494/2494/2494
f 2498/2498/2498 2506/2506/2506 2505/2505/2505
f 2498/2498/2498 2505/2505/2505 2497/2497/2497
f 2496/2496/2496 2504/2504/2504 2503/2503/2503
f 2496/2496/2496 2503/2503/2503 2495/2495/2495
f 2505/2505/2505 2513/2513/2513 2512/2512/2512
f 2505/2505/2505 2512/2512/2512 2504/2504/2504
f 2503/2503/2503 2511/2511/2511 2510/2510/2510
f 2503/2503/2503 2510/2510/2510 2502/2502/2502
f 2506/2506/2506 2514/2514/2514 2513/2513/2513
f 2506/2506/2506 2513/2513/2513 2505/2505/2505
f 2504/2504/2504 2512/2512/2512 2511/2511/2511
f 2504/2504/2504 2511/2511/2511 2503/2503/2503
f 2507/2507/2507 2515/2515/2515 2514/2514/2514
f 2507/2507/2507 2514/2514/2514 2506/2506/2506
f 2514/2514/2514 2522/2522/2522 2521/2521/2521
f 2514/2514/2514 2521/2521/2521 2513/2513/2513
f 2512/2512/2512 2520/2520/2520 2519/2519/2519
f 2512/2512/2512 2519/2519/2519 2511/2511/2511
f 2515/2515/2515 2523/2523/2523 2522/2522/2522
f 2515/2515/2515 2522/2522/2522 2514/2514/2514
f 2513/2513/2513 2521/2521/2521 2520/2520/2520
f 2513/2513/2513 2520/2520/2520 2512/2512/2512
f 2511/2511/2511 2519/2519/2519 2518/2518/2518
f 2511/2511/2511 2518/2518/2518 2510/2510/2510
f 2522/2522/2522 2530/2530/2530 2529/2529/2529
f 2522/2522/2522 2529/2529/2529 2521/2521/2521
f 2520/2520/2520 2528/2528/2528 2527/2527/2527
f 2520/2520/2520 2527/2527/2527 2519/2519/2519
f 2523/2523/2523 2531/2531/2531 2530/2530/2530
f 2523/2523/2523 2530/2530/2530 2522/2522/2522
f 2521/2521/2521 2529/2529/2529 2528/2528/2528
f 2521/2521/2521 2528/2528/2528 2520/2520/2520
f 2519/2519/2519 2527/2527/2527 2526/2526/2526
f 2519/2519/2519 2526/2526/2526 2518/2518/2518
f 2528/2528/2528 2546/2546/2546 2545/2545/2545
f 2528/2528/2528 2545/2545/2545 2527/2527/2527
f 2531/2531/2531 2549/2549/2549 2548/2548/2548
f 2531/2531/2531 2548/2548/2548 2530/2530/2530
f 2529/2529/2529 2547/2547/2547 2546/2546/2546
f 2529/2529/2529 2546/2546/2546 2528/2528/2528
f 2527/2527/2527 2545/2545/2545 2544/2544/2544
f 2527/2527/2527 2544/2544/2544 2526/2526/2526
f 2530/2530/2530 2548/2548/2548 2547/2547/2547
f 2530/2530/2530 2547/2547/2547 2529/2529/2529
f 2549/2549/2549 2567/2567/2567 2566/2566/2566
f 2549/2549/2549 2566/2566/2566 2548/2548/2548
f 2547/2547/2547 2565/2565/2565 2564/2564/2564
f 2547/2547/2547 2564/2564/2564 2546/2546/2546
f 2545/2545/2545 2563/2563/2563 2562/2562/2562
f 2545/2545/2545 2562/2562/2562 2544/2544/2544
f 2548/2548/2548 2566/2566/2566 2565/2565/2565
f 2548/2548/2548 2565/2565/2565 2547/2547/2547
f 2546/2546/2546 2564/2564/2564 2563/2563/2563
f 2546/2546/2546 2563/2563/2563 2545/2545/2545
f 2567/2567/2567 2580/2580/2580 2578/2578/2578
f 2567/2567/2567 2578/2578/2578 2566/2566/2566
f 2565/2565/2565 2576/2576/2576 2574/2574/2574
f 2565/2565/2565 2574/2574/2574 2564/2564/2564
f 2563/2563/2563 2572/2572/2572 2570/2570/2570
f 2563/2563/2563 2570/2570/2570 2562/2562/2562
f 2566/2566/2566 2578/2578/2578 2576/2576/2576
f 2566/2566/2566 2576/2576/2576 2565/2565/2565
f 2564/2564/2564 2574/2574/2574 2572/2572/2572
f 2564/2564/2564 2572/2572/2572 2563/2563/2563
f 2573/2573/2573 2585/2585/2585 2584/2584/2584
f 2573/2573/2573 2584/2584/2584 2571/2571/2571
f 2579/2579/2579 2588/2588/2588 2587/2587/2587
f 2579/2579/2579 2587/2587/2587 2577/2577/2577
f 2575/2575/2575 2586/2586/2586 2585/2585/2585
f 2575/2575/2575 2585/2585/2585 2573/2573/2573
f 2581/2581/2581 2589/2589/2589 2588/2588/2588
f 2581/2581/2581 2588/2588/2588 2579/2579/2579
f 2577/2577/2577 2587/2587/2587 2586/2586/2586
f 2577/2577/2577 2586/2586/2586 2575/2575/2575
f 2588/2588/2588 2596/2596/2596 2595/2595/2595
f 2588/2588/2588 2595/2595/2595 2587/2587/2587
f 2586/2586/2586 2594/2594/2594 2593/2593/2593
f 2586/2586/2586 2593/2593/2593 2585/2585/2585
f 2589/2589/2589 2597/2597/2597 2596/2596/2596
f 2589/2589/2589 2596/2596/2596 2588/2588/2588
f 2587/2587/2587 2595/2595/2595 2594/2594/2594
f 2587/2587/2587 2594/2594/2594 2586/2586/2586
f 2585/2585/2585 2593/2593/2593 2592/2592/2592
f 2585/2585/2585 2592/2592/2592 2584/2584/2584
f 2596/2596/2596 2604/2604/2604 2603/2603/2603
f 2596/2596/2596 2603/2603/2603 2595/2595/2595
f 2594/2594/2594 2602/2602/2602 2601/2601/2601
f 2594/2594/2594 2601/2601/2601 2593/2593/2593
f 2597/2597/2597 2605/2605/2605 2604/2604/2604
f 2597/2597/2597 2604/2604/2604 2596/2596/2596
f 2595/2595/2595 2603/2603/2603 2602/2602/2602
f 2595/2595/2595 2602/2602/2602 2594/2594/2594
f 2593/2593/2593 2601/2601/2601 2600/2600/2600
f 2593/2593/2593 2600/2600/2600 2592/2592/2592
f 2670/2670/2670 2669/2669/2669 2598/2598/2598
f 2670/2670/2670 2598/2598/2598 2591/2591/2591
f 2668/2668/2668 2667/2667/2667 2606/2606/2606
f 2668/2668/2668 2606/2606/2606 2599/2599/2599
f 2671/2671/2671 2670/2670/2670 2591/2591/2591
f 2671/2671/2671 2591/2591/2591 2590/2590/2590
f 2669/2669/2669 2668/2668/2668 2599/2599/2599
f 2669/2669/2669 2599/2599/2599 2598/2598/2598
f 2672/2672/2672 2671/2671/2671 2590/2590/2590
f 2672/2672/2672 2590/2590/2590 2583/2583/2583
f 2583/2583/2583 2590/2590/2590 2532/2532/2532
f 2583/2583/2583 2532/2532/2532 2525/2525/2525
f 2591/2591/2591 2598/2598/2598 2568/2568/2568
f 2591/2591/2591 2568/2568/2568 2561/2561/2561
f 2599/2599/2599 2606/2606/2606 2582/2582/2582
f 2599/2599/2599 2582/2582/2582 2569/2569/2569
f 2590/2590/2590 2591/2591/2591 2561/2561/2561
f 2590/2590/2590 2561/2561/2561 2532/2532/2532
f 2598/2598/2598 2599/2599/2599 2569/2569/2569
f 2598/2598/2598 2569/2569/2569 2568/2568/2568
f 2561/2561/2561 2568/2568/2568 2516/2516/2516
f 2561/2561/2561 2516/2516/2516 2509/2509/2509
f 2569/2569/2569 2582/2582/2582 2524/2524/2524
f 2569/2569/2569 2524/2524/2524 2517/2517/2517
f 2532/2532/2532 2561/2561/2561 2509/2509/2509
f 2532/2532/2532 2509/2509/2509 2508/2508/2508
f 2568/2568/2568 2569/2569/2569 2517/2517/2517
f 2568/2568/2568 2517/2517/2517 2516/2516/2516
f 2525/2525/2525 2532/2532/2532 2508/2508/2508
f 2525/2525/2525 2508/2508/2508 2501/2501/2501
f 2508/2508/2508 2509/2509/2509 2491/2491/2491
f 2508/2508/2508 2491/2491/2491 2490/2490/2490
f 2516/2516/2516 2517/2517/2517 2493/2493/2493
f 2516/2516/2516 2493/2493/2493 2492/2492/2492
f 2501/2501/2501 2508/2508/2508 2490/2490/2490
f 2501/2501/2501 2490/2490/2490 2489/2489/2489
f 2509/2509/2509 2516/2516/2516 2492/2492/2492
f 2509/2509/2509 2492/2492/2492 2491/2491/2491
f 2517/2517/2517 2524/2524/2524 2500/2500/2500
f 2517/2517/2517 2500/2500/2500 2493/2493/2493
f 2490/2490/2490 2491/2491/2491 2485/2485/2485
f 2490/2490/2490 2485/2485/2485 2607/2607/2607
f 2492/2492/2492 2493/2493/2493 2487/2487/2487
f 2492/2492/2492 2487/2487/2487 2486/2486/2486
f 2489/2489/2489 2490/2490/2490 2607/2607/2607
f 2489/2489/2489 2607/2607/2607 2608/2608/2608
f 2491/2491/2491 2492/2492/2492 2486/2486/2486
f 2491/2491/2491 2486/2486/2486 2485/2485/2485
f 2493/2493/2493 2500/2500/2500 2488/2488/2488
f 2493/2493/2493 2488/2488/2488 2487/2487/2487
f 2486/2486/2486 2487/2487/2487 2621/2621/2621
f 2486/2486/2486 2621/2621/2621 2622/2622/2622
f 2608/2608/2608 2607/2607/2607 2624/2624/2624
f 2608/2608/2608 2624/2624/2624 2625/2625/2625
f 2485/2485/2485 2486/2486/2486 2622/2622/2622
f 2485/2485/2485 2622/2622/2622 2623/2623/2623
f 2487/2487/2487 2488/2488/2488 2620/2620/2620
f 2487/2487/2487 2620/2620/2620 2621/2621/2621
f 2607/2607/2607 2485/2485/2485 2623/2623/2623
f 2607/2607/2607 2623/2623/2623 2624/2624/2624
f 2625/2625/2625 2624/2624/2624 2641/2641/2641
f 2625/2625/2625 2641/2641/2641 2642/2642/2642
f 2623/2623/2623 2622/2622/2622 2639/2639/2639
f 2623/2623/2623 2639/2639/2639 2640/2640/2640
f 2621/2621/2621 2620/2620/2620 2637/2637/2637
f 2621/2621/2621 2637/2637/2637 2638/2638/2638
f 2624/2624/2624 2623/2623/2623 2640/2640/2640
f 2624/2624/2624 2640/2640/2640 2641/2641/2641
f 2622/2622/2622 2621/2621/2621 2638/2638/2638
f 2622/2622/2622 2638/2638/2638 2639/2639/2639
f 2642/2642/2642 2641/2641/2641 2651/2651/2651
f 2642/2642/2642 2651/2651/2651 2653/2653/2653
f 2640/2640/2640 2639/2639/2639 2647/2647/2647
f 2640/2640/2640 2647/2647/2647 2649/2649/2649
f 2638/2638/2638 2637/2637/2637 2643/2643/2643
f 2638/2638/2638 2643/2643/2643 2645/2645/2645
f 2641/2641/2641 2640/2640/2640 2649/2649/2649
f 2641/2641/2641 2649/2649/2649 2651/2651/2651
f 2639/2639/2639 2638/2638/2638 2645/2645/2645
f 2639/2639/2639 2645/2645/2645 2647/2647/2647
f 2646/2646/2646 2644/2644/2644 2655/2655/2655
f 2646/2646/2646 2655/2655/2655 2656/2656/2656
f 2652/2652/2652 2650/2650/2650 2658/2658/2658
f 2652/2652/2652 2658/2658/2658 2659/2659/2659
f 2648/2648/2648 2646/2646/2646 2656/2656/2656
f 2648/2648/2648 2656/2656/2656 2657/2657/2657
f 2654/2654/2654 2652/2652/2652 2659/2659/2659
f 2654/2654/2654 2659/2659/2659 2660/2660/2660
f 2650/2650/2650 2648/2648/2648 2657/2657/2657
f 2650/2650/2650 2657/2657/2657 2658/2658/2658
f 2659/2659/2659 2658/2658/2658 2664/2664/2664
f 2659/2659/2659 2664/2664/2664 2665/2665/2665
f 2657/2657/2657 2656/2656/2656 2662/2662/2662
f 2657/2657/2657 2662/2662/2662 2663/2663/2663
f 2660/2660/2660 2659/2659/2659 2665/2665/2665
f 2660/2660/2660 2665/2665/2665 2666/2666/2666
f 2658/2658/2658 2657/2657/2657 2663/2663/2663
f 2658/2658/2658 2663/2663/2663 2664/2664/2664
f 2656/2656/2656 2655/2655/2655 2661/2661/2661
f 2656/2656/2656 2661/2661/2661 2662/2662/2662
f 2665/2665/2665 2664/2664/2664 2670/2670/2670
f 2665/2665/2665 2670/2670/2670 2671/2671/2671
f 2663/2663/2663 2662/2662/2662 2668/2668/2668
f 2663/2663/2663 2668/2668/2668 2669/2669/2669
f 2666/2666/2666 2665/2665/2665 2671/2671/2671
f 2666/2666/2666 2671/2671/2671 2672/2672/2672
f 2664/2664/2664 2663/2663/2663 2669/2669/2669
f 2664/2664/2664 2669/2669/2669 2670/2670/2670
f 2662/2662/2662 2661/2661/2661 2667/2667/2667
f 2662/2662/2662 2667/2667/2667 2668/2668/2668
f 2764/2764/2764 2763/2763/2763 2698/2698/2698
f 2764/2764/2764 2698/2698/2698 2697/2697/2697
f 2762/2762/2762 2761/2761/2761 2700/2700/2700
f 2762/2762/2762 2700/2700/2700 2699/2699/2699
f 2765/2765/2765 2764/2764/2764 2697/2697/2697
f 2765/2765/2765 2697/2697/2697 2696/2696/2696
f 2763/2763/2763 2762/2762/2762 2699/2699/2699
f 2763/2763/2763 2699/2699/2699 2698/2698/2698
f 2766/2766/2766 2765/2765/2765 2696/2696/2696
f 2766/2766/2766 2696/2696/2696 2695/2695/2695
f 2695/2695/2695 2696/2696/2696 2690/2690/2690
f 2695/2695/2695 2690/2690/2690 2689/2689/2689
f 2697/2697/2697 2698/2698/2698 2692/2692/2692
f 2697/2697/2697 2692/2692/2692 2691/2691/2691
f 2699/2699/2699 2700/2700/2700 2694/2694/2694
f 2699/2699/2699 2694/2694/2694 2693/2693/2693
f 2696/2696/2696 2697/2697/2697 2691/2691/2691
f 2696/2696/2696 2691/2691/2691 2690/2690/2690
f 2698/2698/2698 2699/2699/2699 2693/2693/2693
f 2698/2698/2698 2693/2693/2693 2692/2692/2692
f 2691/2691/2691 2692/2692/2692 2686/2686/2686
f 2691/2691/2691 2686/2686/2686 2685/2685/2685
f 2693/2693/2693 2694/2694/2694 2688/2688/2688
f 2693/2693/2693 2688/2688/2688 2687/2687/2687
f 2690/2690/2690 2691/2691/2691 2685/2685/2685
f 2690/2690/2690 2685/2685/2685 2684/2684/2684
f 2692/2692/2692 2693/2693/2693 2687/2687/2687
f 2692/2692/2692 2687/2687/2687 2686/2686/2686
f 2689/2689/2689 2690/2690/2690 2684/2684/2684
f 2689/2689/2689 2684/2684/2684 2683/2683/2683
f 2684/2684/2684 2685/2685/2685 2679/2679/2679
f 2684/2684/2684 2679/2679/2679 2678/2678/2678
f 2686/2686/2686 2687/2687/2687 2681/2681/2681
f 2686/2686/2686 2681/2681/2681 2680/2680/2680
f 2683/2683/2683 2684/2684/2684 2678/2678/2678
f 2683/2683/2683 2678/2678/2678 2677/2677/2677
f 2685/2685/2685 2686/2686/2686 2680/2680/2680
f 2685/2685/2685 2680/2680/2680 2679/2679/2679
f 2687/2687/2687 2688/2688/2688 2682/2682/2682
f 2687/2687/2687 2682/2682/2682 2681/2681/2681
f 2678/2678/2678 2679/2679/2679 2673/2673/2673
f 2678/2678/2678 2673/2673/2673 2701/2701/2701
f 2680/2680/2680 2681/2681/2681 2675/2675/2675
f 2680/2680/2680 2675/2675/2675 2674/2674/2674
f 2677/2677/2677 2678/2678/2678 2701/2701/2701
f 2677/2677/2677 2701/2701/2701 2702/2702/2702
f 2679/2679/2679 2680/2680/2680 2674/2674/2674
f 2679/2679/2679 2674/2674/2674 2673/2673/2673
f 2681/2681/2681 2682/2682/2682 2676/2676/2676
f 2681/2681/2681 2676/2676/2676 2675/2675/2675
f 2674/2674/2674 2675/2675/2675 2715/2715/2715
f 2674/2674/2674 2715/2715/2715 2716/2716/2716
f 2702/2702/2702 2701/2701/2701 2718/2718/2718
f 2702/2702/2702 2718/2718/2718 2719/2719/2719
f 2673/2673/2673 2674/2674/2674 2716/2716/2716
f 2673/2673/2673 2716/2716/2716 2717/2717/2717
f 2675/2675/2675 2676/2676/2676 2714/2714/2714
f 2675/2675/2675 2714/2714/2714 2715/2715/2715
f 2701/2701/2701 2673/2673/2673 2717/2717/2717
f 2701/2701/2701 2717/2717/2717 2718/2718/2718
f 2719/2719/2719 2718/2718/2718 2735/2735/2735
f 2719/2719/2719 2735/2735/2735 2736/2736/2736
f 2717/2717/2717 2716/2716/2716 2733/2733/2733
f 2717/2717/2717 2733/2733/2733 2734/2734/2734
f 2715/2715/2715 2714/2714/2714 2731/2731/2731
f 2715/2715/2715 2731/2731/2731 2732/2732/2732
f 2718/2718/2718 2717/2717/2717 2734/2734/2734
f 2718/2718/2718 2734/2734/2734 2735/2735/2735
f 2716/2716/2716 2715/2715/2715 2732/2732/2732
f 2716/2716/2716 2732/2732/2732 2733/2733/2733
f 2736/2736/2736 2735/2735/2735 2745/2745/2745
f 2736/2736/2736 2745/2745/2745 2747/2747/2747
f 2734/2734/2734 2733/2733/2733 2741/2741/2741
f 2734/2734/2734 2741/2741/2741 2743/2743/2743
f 2732/2732/2732 2731/2731/2731 2737/2737/2737
f 2732/2732/2732 2737/2737/2737 2739/2739/2739
f 2735/2735/2735 2734/2734/2734 2743/2743/2743
f 2735/2735/2735 2743/2743/2743 2745/2745/2745
f 2733/2733/2733 2732/2732/2732 2739/2739/2739
f 2733/2733/2733 2739/2739/2739 2741/2741/2741
f 2740/2740/2740 2738/2738/2738 2749/2749/2749
f 2740/2740/2740 2749/2749/2749 2750/2750/2750
f 2746/2746/2746 2744/2744/2744 2752/2752/2752
f 2746/2746/2746 2752/2752/2752 2753/2753/2753
f 2742/2742/2742 2740/2740/2740 2750/2750/2750
f 2742/2742/2742 2750/2750/2750 2751/2751/2751
f 2748/2748/2748 2746/2746/2746 2753/2753/2753
f 2748/2748/2748 2753/2753/2753 2754/2754/2754
f 2744/2744/2744 2742/2742/2742 2751/2751/2751
f 2744/2744/2744 2751/2751/2751 2752/2752/2752
f 2753/2753/2753 2752/2752/2752 2758/2758/2758
f 2753/2753/2753 2758/2758/2758 2759/2759/2759
f 2751/2751/2751 2750/2750/2750 2756/2756/2756
f 2751/2751/2751 2756/2756/2756 2757/2757/2757
f 2754/2754/2754 2753/2753/2753 2759/2759/2759
f 2754/2754/2754 2759/2759/2759 2760/2760/2760
f 2752/2752/2752 2751/2751/2751 2757/2757/2757
f 2752/2752/2752 2757/2757/2757 2758/2758/2758
f 2750/2750/2750 2749/2749/2749 2755/2755/2755
f 2750/2750/2750 2755/2755/2755 2756/2756/2756
f 2759/2759/2759 2758/2758/2758 2764/2764/2764
f 2759/2759/2759 2764/2764/2764 2765/2765/2765
f 2757/2757/2757 2756/2756/2756 2762/2762/2762
f 2757/2757/2757 2762/2762/2762 2763/2763/2763
f 2760/2760/2760 2759/2759/2759 2765/2765/2765
f 2760/2760/2760 2765/2765/2765 2766/2766/2766
f 2758/2758/2758 2757/2757/2757 2763/2763/2763
f 2758/2758/2758 2763/2763/2763 2764/2764/2764
f 2756/2756/2756 2755/2755/2755 2761/2761/2761
f 2756/2756/2756 2761/2761/2761 2762/2762/2762
f 2858/2858/2858 2857/2857/2857 2792/2792/2792
f 2858/2858/2858 2792/2792/2792 2791/2791/2791
f 2856/2856/2856 2855/2855/2855 2794/2794/2794
f 2856/2856/2856 2794/2794/2794 2793/2793/2793
f 2859/2859/2859 2858/2858/2858 2791/2791/2791
f 2859/2859/2859 2791/2791/2791 2790/2790/2790
f 2857/2857/2857 2856/2856/2856 2793/2793/2793
f 2857/2857/2857 2793/2793/2793 2792/2792/2792
f 2860/2860/2860 2859/2859/2859 2790/2790/2790
f 2860/2860/2860 2790/2790/2790 2789/2789/2789
f 2789/2789/2789 2790/2790/2790 2784/2784/2784
f 2789/2789/2789 2784/2784/2784 2783/2783/2783
f 2791/2791/2791 2792/2792/2792 2786/2786/2786
f 2791/2791/2791 2786/2786/2786 2785/2785/2785
f 2793/2793/2793 2794/2794/2794 2788/2788/2788
f 2793/2793/2793 2788/2788/2788 2787/2787/2787
f 2790/2790/2790 2791/2791/2791 2785/2785/2785
f 2790/2790/2790 2785/2785/2785 2784/2784/2784
f 2792/2792/2792 2793/2793/2793 2787/2787/2787
f 2792/2792/2792 2787/2787/2787 2786/2786/2786
f 2785/2785/2785 2786/2786/2786 2780/2780/2780
f 2785/2785/2785 2780/2780/2780 2779/2779/2779
f 2787/2787/2787 2788/2788/2788 2782/2782/2782
f 2787/2787/2787 2782/2782/2782 2781/2781/2781
f 2784/2784/2784 2785/2785/2785 2779/2779/2779
f 2784/2784/2784 2779/2779/2779 2778/2778/2778
f 2786/2786/2786 2787/2787/2787 2781/2781/2781
f 2786/2786/2786 2781/2781/2781 2780/2780/2780
f 2783/2783/2783 2784/2784/2784 2778/2778/2778
f 2783/2783/2783 2778/2778/2778 2777/2777/2777
f 2778/2778/2778 2779/2779/2779 2773/2773/2773
f 2778/2778/2778 2773/2773/2773 2772/2772/2772
f 2780/2780/2780 2781/2781/2781 2775/2775/2775
f 2780/2780/2780 2775/2775/2775 2774/2774/2774
f 2777/2777/2777 2778/2778/2778 2772/2772/2772
f 2777/2777/2777 2772/2772/2772 2771/2771/2771
f 2779/2779/2779 2780/2780/2780 2774/2774/2774
f 2779/2779/2779 2774/2774/2774 2773/2773/2773
f 2781/2781/2781 2782/2782/2782 2776/2776/2776
f 2781/2781/2781 2776/2776/2776 2775/2775/2775
f 2772/2772/2772 2773/2773/2773 2767/2767/2767
f 2772/2772/2772 2767/2767/2767 2795/2795/2795
f 2774/2774/2774 2775/2775/2775 2769/2769/2769
f 2774/2774/2774 2769/2769/2769 2768/2768/2768
f 2771/2771/2771 2772/2772/2772 2795/2795/2795
f 2771/2771/2771 2795/2795/2795 2796/2796/2796
f 2773/2773/2773 2774/2774/2774 2768/2768/2768
f 2773/2773/2773 2768/2768/2768 2767/2767/2767
f 2775/2775/2775 2776/2776/2776 2770/2770/2770
f 2775/2775/2775 2770/2770/2770 2769/2769/2769
f 2768/2768/2768 2769/2769/2769 2809/2809/2809
f 2768/2768/2768 2809/2809/2809 2810/2810/2810
f 2796/2796/2796 2795/2795/2795 2812/2812/2812
f 2796/2796/2796 2812/2812/2812 2813/2813/2813
f 2767/2767/2767 2768/2768/2768 2810/2810/2810
f 2767/2767/2767 2810/2810/2810 2811/2811/2811
f 2769/2769/2769 2770/2770/2770 2808/2808/2808
f 2769/2769/2769 2808/2808/2808 2809/2809/2809
f 2795/2795/2795 2767/2767/2767 2811/2811/2811
f 2795/2795/2795 2811/2811/2811 2812/2812/2812
f 2813/2813/2813 2812/2812/2812 2829/2829/2829
f 2813/2813/2813 2829/2829/2829 2830/2830/2830
f 2811/2811/2811 2810/2810/2810 2827/2827/2827
f 2811/2811/2811 2827/2827/2827 2828/2828/2828
f 2809/2809/2809 2808/2808/2808 2825/2825/2825
f 2809/2809/2809 2825/2825/2825 2826/2826/2826
f 2812/2812/2812 2811/2811/2811 2828/2828/2828
f 2812/2812/2812 2828/2828/2828 2829/2829/2829
f 2810/2810/2810 2809/2809/2809 2826/2826/2826
f 2810/2810/2810 2826/2826/2826 2827/2827/2827
f 2830/2830/2830 2829/2829/2829 2839/2839/2839
f 2830/2830/2830 2839/2839/2839 2841/2841/2841
f 2828/2828/2828 2827/2827/2827 2835/2835/2835
f 2828/2828/2828 2835/2835/2835 2837/2837/2837
f 2826/2826/2826 2825/2825/2825 2831/2831/2831
f 2826/2826/2826 2831/2831/2831 2833/2833/2833
f 2829/2829/2829 2828/2828/2828 2837/2837/2837
f 2829/2829/2829 2837/2837/2837 2839/2839/2839
f 2827/2827/2827 2826/2826/2826 2833/2833/2833
f 2827/2827/2827 2833/2833/2833 2835/2835/2835
f 2834/2834/2834 2832/2832/2832 2843/2843/2843
f 2834/2834/2834 2843/2843/2843 2844/2844/2844
f 2840/2840/2840 2838/2838/2838 2846/2846/2846
f 2840/2840/2840 2846/2846/2846 2847/2847/2847
f 2836/2836/2836 2834/2834/2834 2844/2844/2844
f 2836/2836/2836 2844/2844/2844 2845/2845/2845
f 2842/2842/2842 2840/2840/2840 2847/2847/2847
f 2842/2842/2842 2847/2847/2847 2848/2848/2848
f 2838/2838/2838 2836/2836/2836 2845/2845/2845
f 2838/2838/2838 2845/2845/2845 2846/2846/2846
f 2847/2847/2847 2846/2846/2846 2852/2852/2852
f 2847/2847/2847 2852/2852/2852 2853/2853/2853
f 2845/2845/2845 2844/2844/2844 2850/2850/2850
f 2845/2845/2845 2850/2850/2850 2851/2851/2851
f 2848/2848/2848 2847/2847/2847 2853/2853/2853
f 2848/2848/2848 2853/2853/2853 2854/2854/2854
f 2846/2846/2846 2845/2845/2845 2851/2851/2851
f 2846/2846/2846 2851/2851/2851 2852/2852/2852
f 2844/2844/2844 2843/2843/2843 2849/2849/2849
f 2844/2844/2844 2849/2849/2849 2850/2850/2850
f 2853/2853/2853 2852/2852/2852 2858/2858/2858
f 2853/2853/2853 2858/2858/2858 2859/2859/2859
f 2851/2851/2851 2850/2850/2850 2856/2856/2856
f 2851/2851/2851 2856/2856/2856 2857/2857/2857
f 2854/2854/2854 2853/2853/2853 2859/2859/2859
f 2854/2854/2854 2859/2859/2859 2860/2860/2860
f 2852/2852/2852 2851/2851/2851 2857/2857/2857
f 2852/2852/2852 2857/2857/2857 2858/2858/2858
f 2850/2850/2850 2849/2849/2849 2855/2855/2855
f 2850/2850/2850 2855/2855/2855 2856/2856/2856
f 2952/2952/2952 2951/2951/2951 2886/2886/2886
f 2952/2952/2952 2886/2886/2886 2885/2885/2885
f 2950/2950/2950 2949/2949/2949 2888/2888/2888
f 2950/2950/2950 2888/2888/2888 2887/2887/2887
f 2953/2953/2953 2952/2952/2952 2885/2885/2885
f 2953/2953/2953 2885/2885/2885 2884/2884/2884
f 2951/2951/2951 2950/2950/2950 2887/2887/2887
f 2951/2951/2951 2887/2887/2887 2886/2886/2886
f 2954/2954/2954 2953/2953/2953 2884/2884/2884
f 2954/2954/2954 2884/2884/2884 2883/2883/2883
f 2883/2883/2883 2884/2884/2884 2878/2878/2878
f 2883/2883/2883 2878/2878/2878 2877/2877/2877
f 2885/2885/2885 2886/2886/2886 2880/2880/2880
f 2885/2885/2885 2880/2880/2880 2879/2879/2879
f 2887/2887/2887 2888/2888/2888 2882/2882/2882
f 2887/2887/2887 2882/2882/2882 2881/2881/2881
f 2884/2884/2884 2885/2885/2885 2879/2879/2879
f 2884/2884/2884 2879/2879/2879 2878/2878/2878
f 2886/2886/2886 2887/2887/2887 2881/2881/2881
f 2886/2886/2886 2881/2881/2881 2880/2880/2880
f 2879/2879/2879 2880/2880/2880 2874/2874/2874
f 2879/2879/2879 2874/2874/2874 2873/2873/2873
f 2881/2881/2881 2882/2882/2882 2876/2876/2876
f 2881/2881/2881 2876/2876/2876 2875/2875/2875
f 2878/2878/2878 2879/2879/2879 2873/2873/2873
f 2878/2878/2878 2873/2873/2873 2872/2872/2872
f 2880/2880/2880 2881/2881/2881 2875/2875/2875
f 2880/2880/2880 2875/2875/2875 2874/2874/2874
f 2877/2877/2877 2878/2878/2878 2872/2872/2872
f 2877/2877/2877 2872/2872/2872 2871/2871/2871
f 2872/2872/2872 2873/2873/2873 2867/2867/2867
f 2872/2872/2872 2867/2867/2867 2866/2866/2866
f 2874/2874/2874 2875/2875/2875 2869/2869/2869
f 2874/2874/2874 2869/2869/2869 2868/2868/2868
f 2871/2871/2871 2872/2872/2872 2866/2866/2866
f 2871/2871/2871 2866/2866/2866 2865/2865/2865
f 2873/2873/2873 2874/2874/2874 2868/2868/2868
f 2873/2873/2873 2868/2868/2868 2867/2867/2867
f 2875/2875/2875 2876/2876/2876 2870/2870/2870
f 2875/2875/2875 2870/2870/2870 2869/2869/2869
f 2866/2866/2866 2867/2867/2867 2861/2861/2861
f 2866/2866/2866 2861/2861/2861 2889/2889/2889
f 2868/2868/2868 2869/2869/2869 2863/2863/2863
f 2868/2868/2868 2863/2863/2863 2862/2862/2862
f 2865/2865/2865 2866/2866/2866 2889/2889/2889
f 2865/2865/2865 2889/2889/2889 2890/2890/2890
f 2867/2867/2867 2868/2868/2868 2862/2862/2862
f 2867/2867/2867 2862/2862/2862 2861/2861/2861
f 2869/2869/2869 2870/2870/2870 2864/2864/2864
f 2869/2869/2869 2864/2864/2864 2863/2863/2863
f 2862/2862/2862 2863/2863/2863 2903/2903/2903
f 2862/2862/2862 2903/2903/2903 2904/2904/2904
f 2890/2890/2890 2889/2889/2889 2906/2906/2906
f 2890/2890/2890 2906/2906/2906 2907/2907/2907
f 2861/2861/2861 2862/2862/2862 2904/2904/2904
f 2861/2861/2861 2904/2904/2904 2905/2905/2905
f 2863/2863/2863 2864/2864/2864 2902/2902/2902
f 2863/2863/2863 2902/2902/2902 2903/2903/2903
f 2889/2889/2889 2861/2861/2861 2905/2905/2905
f 2889/2889/2889 2905/2905/2905 2906/2906/2906
f 2907/2907/2907 2906/2906/2906 2923/2923/2923
f 2907/2907/2907 2923/2923/2923 2924/2924/2924
f 2905/2905/2905 2904/2904/2904 2921/2921/2921
f 2905/2905/2905 2921/2921/2921 2922/2922/2922
f 2903/2903/2903 2902/2902/2902 2919/2919/2919
f 2903/2903/2903 2919/2919/2919 2920/2920/2920
f 2906/2906/2906 2905/2905/2905 2922/2922/2922
f 2906/2906/2906 2922/2922/2922 2923/2923/2923
f 2904/2904/2904 2903/2903/2903 2920/2920/2920
f 2904/2904/2904 2920/2920/2920 2921/2921/2921
f 2924/2924/2924 2923/2923/2923 2933/2933/2933
f 2924/2924/2924 2933/2933/2933 2935/2935/2935
f 2922/2922/2922 2921/2921/2921 2929/2929/2929
f 2922/2922/2922 2929/2929/2929 2931/2931/2931
f 2920/2920/2920 2919/2919/2919 2925/2925/2925
f 2920/2920/2920 2925/2925/2925 2927/2927/2927
f 2923/2923/2923 2922/2922/2922 2931/2931/2931
f 2923/2923/2923 2931/2931/2931 2933/2933/2933
f 2921/2921/2921 2920/2920/2920 2927/2927/2927
f 2921/2921/2921 2927/2927/2927 2929/2929/2929
f 2928/2928/2928 2926/2926/2926 2937/2937/2937
f 2928/2928/2928 2937/2937/2937 2938/2938/2938
f 2934/2934/2934 2932/2932/2932 2940/2940/2940
f 2934/2934/2934 2940/2940/2940 2941/2941/2941
f 2930/2930/2930 2928/2928/2928 2938/2938/2938
f 2930/2930/2930 2938/2938/2938 2939/2939/2939
f 2936/2936/2936 2934/2934/2934 2941/2941/2941
f 2936/2936/2936 2941/2941/2941 2942/2942/2942
f 2932/2932/2932 2930/2930/2930 2939/2939/2939
f 2932/2932/2932 2939/2939/2939 2940/2940/2940
f 2941/2941/2941 2940/2940/2940 2946/2946/2946
f 2941/2941/2941 2946/2946/2946 2947/2947/2947
f 2939/2939/2939 2938/2938/2938 2944/2944/2944
f 2939/2939/2939 2944/2944/2944 2945/2945/2945
f 2942/2942/2942 2941/2941/2941 2947/2947/2947
f 2942/2942/2942 2947/2947/2947 2948/2948/2948
f 2940/2940/2940 2939/2939/2939 2945/2945/2945
f 2940/2940/2940 2945/2945/2945 2946/2946/2946
f 2938/2938/2938 2937/2937/2937 2943/2943/2943
f 2938/2938/2938 2943/2943/2943 2944/2944/2944
f 2947/2947/2947 2946/2946/2946 2952/2952/2952
f 2947/2947/2947 2952/2952/2952 2953/2953/2953
f 2945/2945/2945 2944/2944/2944 2950/2950/2950
f 2945/2945/2945 2950/2950/2950 2951/2951/2951
f 2948/2948/2948 2947/2947/2947 2953/2953/2953
f 2948/2948/2948 2953/2953/2953 2954/2954/2954
f 2946/2946/2946 2945/2945/2945 2951/2951/2951
f 2946/2946/2946 2951/2951/2951 2952/2952/2952
f 2944/2944/2944 2943/2943/2943 2949/2949/2949
f 2944/2944/2944 2949/2949/2949 2950/2950/2950
f 3046/3046/3046 3045/3045/3045 2980/2980/2980
f 3046/3046/3046 2980/2980/2980 2979/2979/2979
f 3044/3044/3044 3043/3043/3043 2982/2982/2982
f 3044/3044/3044 2982/2982/2982 2981/2981/2981
f 3047/3047/3047 3046/3046/3046 2979/2979/2979
f 3047/3047/3047 2979/2979/2979 2978/2978/2978
f 3045/3045/3045 3044/3044/3044 2981/2981/2981
f 3045/3045/3045 2981/2981/2981 2980/2980/2980
f 3048/3048/3048 3047/3047/3047 2978/2978/2978
f 3048/3048/3048 2978/2978/2978 2977/2977/2977
f 2977/2977/2977 2978/2978/2978 2972/2972/2972
f 2977/2977/2977 2972/2972/2972 2971/2971/2971
f 2979/2979/2979 2980/2980/2980 2974/2974/2974
f 2979/2979/2979 2974/2974/2974 2973/2973/2973
f 2981/2981/2981 2982/2982/2982 2976/2976/2976
f 2981/2981/2981 2976/2976/2976 2975/2975/2975
f 2978/2978/2978 2979/2979/2979 2973/2973/2973
f 2978/2978/2978 2973/2973/2973 2972/2972/2972
f 2980/2980/2980 2981/2981/2981 2975/2975/2975
f 2980/2980/2980 2975/2975/2975 2974/2974/2974
f 2973/2973/2973 2974/2974/2974 2968/2968/2968
f 2973/2973/2973 2968/2968/2968 2967/2967/2967
f 2975/2975/2975 2976/2976/2976 2970/2970/2970
f 2975/2975/2975 2970/2970/2970 2969/2969/2969
f 2972/2972/2972 2973/2973/2973 2967/2967/2967
f 2972/2972/2972 2967/2967/2967 2966/2966/2966
f 2974/2974/2974 2975/2975/2975 2969/2969/2969
f 2974/2974/2974 2969/2969/2969 2968/2968/2968
f 2971/2971/2971 2972/2972/2972 2966/2966/2966
f 2971/2971/2971 2966/2966/2966 2965/2965/2965
f 2966/2966/2966 2967/2967/2967 2961/2961/2961
f 2966/2966/2966 2961/2961/2961 2960/2960/2960
f 2968/2968/2968 2969/2969/2969 2963/2963/2963
f 2968/2968/2968 2963/2963/2963 2962/2962/2962
f 2965/2965/2965 2966/2966/2966 2960/2960/2960
f 2965/2965/2965 2960/2960/2960 2959/2959/2959
f 2967/2967/2967 2968/2968/2968 2962/2962/2962
f 2967/2967/2967 2962/2962/2962 2961/2961/2961
f 2969/2969/2969 2970/2970/2970 2964/2964/2964
f 2969/2969/2969 2964/2964/2964 2963/2963/2963
f 2960/2960/2960 2961/2961/2961 2955/2955/2955
f 2960/2960/2960 2955/2955/2955 2983/2983/2983
f 2962/2962/2962 2963/2963/2963 2957/2957/2957
f 2962/2962/2962 2957/2957/2957 2956/2956/2956
f 2959/2959/2959 2960/2960/2960 2983/2983/2983
f 2959/2959/2959 2983/2983/2983 2984/2984/2984
f 2961/2961/2961 2962/2962/2962 2956/2956/2956
f 2961/2961/2961 2956/2956/2956 2955/2955/2955
f 2963/2963/2963 2964/2964/2964 2958/2958/2958
f 2963/2963/2963 2958/2958/2958 2957/2957/2957
f 2956/2956/2956 2957/2957/2957 2997/2997/2997
f 2956/2956/2956 2997/2997/2997 2998/2998/2998
f 2984/2984/2984 2983/2983/2983 3000/3000/3000
f 2984/2984/2984 3000/3000/3000 3001/3001/3001
f 2955/2955/2955 2956/2956/2956 2998/2998/2998
f 2955/2955/2955 2998/2998/2998 2999/2999/2999
f 2957/2957/2957 2958/2958/2958 2996/2996/2996
f 2957/2957/2957 2996/2996/2996 2997/2997/2997
f 2983/2983/2983 2955/2955/2955 2999/2999/2999
f 2983/2983/2983 2999/2999/2999 3000/3000/3000
f 3001/3001/3001 3000/3000/3000 3017/3017/3017
f 3001/3001/3001 3017/3017/3017 3018/3018/3018
f 2999/2999/2999 2998/2998/2998 3015/3015/3015
f 2999/2999/2999 3015/3015/3015 3016/3016/3016
f 2997/2997/2997 2996/2996/2996 3013/3013/3013
f 2997/2997/2997 3013/3013/3013 3014/3014/3014
f 3000/3000/3000 2999/2999/2999 3016/3016/3016
f 3000/3000/3000 3016/3016/3016 3017/3017/3017
f 2998/2998/2998 2997/2997/2997 3014/3014/3014
f 2998/2998/2998 3014/3014/3014 3015/3015/3015
f 3018/3018/3018 3017/3017/3017 3027/3027/3027
f 3018/3018/3018 3027/3027/3027 3029/3029/3029
f 3016/3016/3016 3015/3015/3015 3023/3023/3023
f 3016/3016/3016 3023/3023/3023 3025/3025/3025
f 3014/3014/3014 3013/3013/3013 3019/3019/3019
f 3014/3014/3014 3019/3019/3019 3021/3021/3021
f 3017/3017/3017 3016/3016/3016 3025/3025/3025
f 3017/3017/3017 3025/3025/3025 3027/3027/3027
f 3015/3015/3015 3014/3014/3014 3021/3021/3021
f 3015/3015/3015 3021/3021/3021 3023/3023/3023
f 3022/3022/3022 3020/3020/3020 3031/3031/3031
f 3022/3022/3022 3031/3031/3031 3032/3032/3032
f 3028/3028/3028 3026/3026/3026 3034/3034/3034
f 3028/3028/3028 3034/3034/3034 3035/3035/3035
f 3024/3024/3024 3022/3022/3022 3032/3032/3032
f 3024/3024/3024 3032/3032/3032 3033/3033/3033
f 3030/3030/3030 3028/3028/3028 3035/3035/3035
f 3030/3030/3030 3035/3035/3035 3036/3036/3036
f 3026/3026/3026 3024/3024/3024 3033/3033/3033
f 3026/3026/3026 3033/3033/3033 3034/3034/3034
f 3035/3035/3035 3034/3034/3034 3040/3040/3040
f 3035/3035/3035 3040/3040/3040 3041/3041/3041
f 3033/3033/3033 3032/3032/3032 3038/3038/3038
f 3033/3033/3033 3038/3038/3038 3039/3039/3039
f 3036/3036/3036 3035/3035/3035 3041/3041/3041
f 3036/3036/3036 3041/3041/3041 3042/3042/3042
f 3034/3034/3034 3033/3033/3033 3039/3039/3039
f 3034/3034/3034 3039/3039/3039 3040/3040/3040
f 3032/3032/3032 3031/3031/3031 3037/3037/3037
f 3032/3032/3032 3037/3037/3037 3038/3038/3038
f 3041/3041/3041 3040/3040/3040 3046/3046/3046
f 3041/3041/3041 3046/3046/3046 3047/3047/3047
f 3039/3039/3039 3038/3038/3038 3044/3044/3044
f 3039/3039/3039 3044/3044/3044 3045/3045/3045
f 3042/3042/3042 3041/3041/3041 3047/3047/3047
f 3042/3042/3042 3047/3047/3047 3048/3048/3048
f 3040/3040/3040 3039/3039/3039 3045/3045/3045
f 3040/3040/3040 3045/3045/3045 3046/3046/3046
f 3038/3038/3038 3037/3037/3037 3043/3043/3043
f 3038/3038/3038 3043/3043/3043 3044/3044/3044
f 3140/3140/3140 3139/3139/3139 3074/3074/3074
f 3140/3140/3140 3074/3074/3074 3073/3073/3073
f 3138/3138/3138 3137/3137/3137 3076/3076/3076
f 3138/3138/3138 3076/3076/3076 3075/3075/3075
f 3141/3141/3141 3140/3140/3140 3073/3073/3073
f 3141/3141/3141 3073/3073/3073 3072/3072/3072
f 3139/3139/3139 3138/3138/3138 3075/3075/3075
f 3139/3139/3139 3075/3075/3075 3074/3074/3074
f 3142/3142/3142 3141/3141/3141 3072/3072/3072
f 3142/3142/3142 3072/3072/3072 3071/3071/3071
f 3071/3071/3071 3072/3072/3072 3066/3066/3066
f 3071/3071/3071 3066/3066/3066 3065/3065/3065
f 3073/3073/3073 3074/3074/3074 3068/3068/3068
f 3073/3073/3073 3068/3068/3068 3067/3067/3067
f 3075/3075/3075 3076/3076/3076 3070/3070/3070
f 3075/3075/3075 3070/3070/3070 3069/3069/3069
f 3072/3072/3072 3073/3073/3073 3067/3067/3067
f 3072/3072/3072 3067/3067/3067 3066/3066/3066
f 3074/3074/3074 3075/3075/3075 3069/3069/3069
f 3074/3074/3074 3069/3069/3069 3068/3068/3068
f 3067/3067/3067 3068/3068/3068 3062/3062/3062
f 3067/3067/3067 3062/3062/3062 3061/3061/3061
f 3069/3069/3069 3070/3070/3070 3064/3064/3064
f 3069/3069/3069 3064/3064/3064 3063/3063/3063
f 3066/3066/3066 3067/3067/3067 3061/3061/3061
f 3066/3066/3066 3061/3061/3061 3060/3060/3060
f 3068/3068/3068 3069/3069/3069 3063/3063/3063
f 3068/3068/3068 3063/3063/3063 3062/3062/3062
f 3065/3065/3065 3066/3066/3066 3060/3060/3060
f 3065/3065/3065 3060/3060/3060 3059/3059/3059
f 3060/3060/3060 3061/3061/3061 3055/3055/3055
f 3060/3060/3060 3055/3055/3055 3054/3054/3054
f 3062/3062/3062 3063/3063/3063 3057/3057/3057
f 3062/3062/3062 3057/3057/3057 3056/3056/3056
f 3059/3059/3059 3060/3060/3060 3054/3054/3054
f 3059/3059/3059 3054/3054/3054 3053/3053/3053
f 3061/3061/3061 3062/3062/3062 3056/3056/3056
f 3061/3061/3061 3056/3056/3056 3055/3055/3055
f 3063/3063/3063 3064/3064/3064 3058/3058/3058
f 3063/3063/3063 3058/3058/3058 3057/3057/3057
f 3054/3054/3054 3055/3055/3055 3049/3049/3049
f 3054/3054/3054 3049/3049/3049 3077/3077/3077
f 3056/3056/3056 3057/3057/3057 3051/3051/3051
f 3056/3056/3056 3051/3051/3051 3050/3050/3050
f 3053/3053/3053 3054/3054/3054 3077/3077/3077
f 3053/3053/3053 3077/3077/3077 3078/3078/3078
f 3055/3055/3055 3056/3056/3056 3050/3050/3050
f 3055/3055/3055 3050/3050/3050 3049/3049/3049
f 3057/3057/3057 3058/3058/3058 3052/3052/3052
f 3057/3057/3057 3052/3052/3052 3051/3051/3051
f 3050/3050/3050 3051/3051/3051 3091/3091/3091
f 3050/3050/3050 3091/3091/3091 3092/3092/3092
f 3078/3078/3078 3077/3077/3077 3094/3094/3094
f 3078/3078/3078 3094/3094/3094 3095/3095/3095
f 3049/3049/3049 3050/3050/3050 3092/3092/3092
f 3049/3049/3049 3092/3092/3092 3093/3093/3093
f 3051/3051/3051 3052/3052/3052 3090/3090/3090
f 3051/3051/3051 3090/3090/3090 3091/3091/3091
f 3077/3077/3077 3049/3049/3049 3093/3093/3093
f 3077/3077/3077 3093/3093/3093 3094/3094/3094
f 3095/3095/3095 3094/3094/3094 3111/3111/3111
f 3095/3095/3095 3111/3111/3111 3112/3112/3112
f 3093/3093/3093 3092/3092/3092 3109/3109/3109
f 3093/3093/3093 3109/3109/3109 3110/3110/3110
f 3091/3091/3091 3090/3090/3090 3107/3107/3107
f 3091/3091/3091 3107/3107/3107 3108/3108/3108
f 3094/3094/3094 3093/3093/3093 3110/3110/3110
f 3094/3094/3094 3110/3110/3110 3111/3111/3111
f 3092/3092/3092 3091/3091/3091 3108/3108/3108
f 3092/3092/3092 3108/3108/3108 3109/3109/3109
f 3112/3112/3112 3111/3111/3111 3121/3121/3121
f 3112/3112/3112 3121/3121/3121 3123/3123/3123
f 3110/3110/3110 3109/3109/3109 3117/3117/3117
f 3110/3110/3110 3117/3117/3117 3119/3119/3119
f 3108/3108/3108 3107/3107/3107 3113/3113/3113
f 3108/3108/3108 3113/3113/3113 3115/3115/3115
f 3111/3111/3111 3110/3110/3110 3119/3119/3119
f 3111/3111/3111 3119/3119/3119 3121/3121/3121
f 3109/3109/3109 3108/3108/3108 3115/3115/3115
f 3109/3109/3109 3115/3115/3115 3117/3117/3117
f 3116/3116/3116 3114/3114/3114 3125/3125/3125
f 3116/3116/3116 3125/3125/3125 3126/3126/3126
f 3122/3122/3122 3120/3120/3120 3128/3128/3128
f 3122/3122/3122 3128/3128/3128 3129/3129/3129
f 3118/3118/3118 3116/3116/3116 3126/3126/3126
f 3118/3118/3118 3126/3126/3126 3127/3127/3127
f 3124/3124/3124 3122/3122/3122 3129/3129/3129
f 3124/3124/3124 3129/3129/3129 3130/3130/3130
f 3120/3120/3120 3118/3118/3118 3127/3127/3127
f 3120/3120/3120 3127/3127/3127 3128/3128/3128
f 3129/3129/3129 3128/3128/3128 3134/3134/3134
f 3129/3129/3129 3134/3134/3134 3135/3135/3135
f 3127/3127/3127 3126/3126/3126 3132/3132/3132
f 3127/3127/3127 3132/3132/3132 3133/3133/3133
f 3130/3130/3130 3129/3129/3129 3135/3135/3135
f 3130/3130/3130 3135/3135/3135 3136/3136/3136
f 3128/3128/3128 3127/3127/3127 3133/3133/3133
f 3128/3128/3128 3133/3133/3133 3134/3134/3134
f 3126/3126/3126 3125/3125/3125 3131/3131/3131
f 3126/3126/3126 3131/3131/3131 3132/3132/3132
f 3135/3135/3135 3134/3134/3134 3140/3140/3140
f 3135/3135/3135 3140/3140/3140 3141/3141/3141
f 3133/3133/3133 3132/3132/3132 3138/3138/3138
f 3133/3133/3133 3138/3138/3138 3139/3139/3139
f 3136/3136/3136 3135/3135/3135 3141/3141/3141
f 3136/3136/3136 3141/3141/3141 3142/3142/3142
f 3134/3134/3134 3133/3133/3133 3139/3139/3139
f 3134/3134/3134 3139/3139/3139 3140/3140/3140
f 3132/3132/3132 3131/3131/3131 3137/3137/3137
f 3132/3132/3132 3137/3137/3137 3138/3138/3138
f 3234/3234/3234 3233/3233/3233 3168/3168/3168
f 3234/3234/3234 3168/3168/3168 3167/3167/3167
f 3232/3232/3232 3231/3231/3231 3170/3170/3170
f 3232/3232/3232 3170/3170/3170 3169/3169/3169
f 3235/3235/3235 3234/3234/3234 3167/3167/3167
f 3235/3235/3235 3167/3167/3167 3166/3166/3166
f 3233/3233/3233 3232/3232/3232 3169/3169/3169
f 3233/3233/3233 3169/3169/3169 3168/3168/3168
f 3236/3236/3236 3235/3235/3235 3166/3166/3166
f 3236/3236/3236 3166/3166/3166 3165/3165/3165
f 3165/3165/3165 3166/3166/3166 3160/3160/3160
f 3165/3165/3165 3160/3160/3160 3159/3159/3159
f 3167/3167/3167 3168/3168/3168 3162/3162/3162
f 3167/3167/3167 3162/3162/3162 3161/3161/3161
f 3169/3169/3169 3170/3170/3170 3164/3164/3164
f 3169/3169/3169 3164/3164/3164 3163/3163/3163
f 3166/3166/3166 3167/3167/3167 3161/3161/3161
f 3166/3166/3166 3161/3161/3161 3160/3160/3160
f 3168/3168/3168 3169/3169/3169 3163/3163/3163
f 3168/3168/3168 3163/3163/3163 3162/3162/3162
f 3161/3161/3161 3162/3162/3162 3156/3156/3156
f 3161/3161/3161 3156/3156/3156 3155/3155/3155
f 3163/3163/3163 3164/3164/3164 3158/3158/3158
f 3163/3163/3163 3158/3158/3158 3157/3157/3157
f 3160/3160/3160 3161/3161/3161 3155/3155/3155
f 3160/3160/3160 3155/3155/3155 3154/3154/3154
f 3162/3162/3162 3163/3163/3163 3157/3157/3157
f 3162/3162/3162 3157/3157/3157 3156/3156/3156
f 3159/3159/3159 3160/3160/3160 3154/3154/3154
f 3159/3159/3159 3154/3154/3154 3153/3153/3153
f 3154/3154/3154 3155/3155/3155 3149/3149/3149
f 3154/3154/3154 3149/3149/3149 3148/3148/3148
f 3156/3156/3156 3157/3157/3157 3151/3151/3151
f 3156/3156/3156 3151/3151/3151 3150/3150/3150
f 3153/3153/3153 3154/3154/3154 3148/3148/3148
f 3153/3153/3153 3148/3148/3148 3147/3147/3147
f 3155/3155/3155 3156/3156/3156 3150/3150/3150
f 3155/3155/3155 3150/3150/3150 3149/3149/3149
f 3157/3157/3157 3158/3158/3158 3152/3152/3152
f 3157/3157/3157 3152/3152/3152 3151/3151/3151
f 3148/3148/3148 3149/3149/3149 3143/3143/3143
f 3148/3148/3148 3143/3143/3143 3171/3171/3171
f 3150/3150/3150 3151/3151/3151 3145/3145/3145
f 3150/3150/3150 3145/3145/3145 3144/3144/3144
f 3147/3147/3147 3148/3148/3148 3171/3171/3171
f 3147/3147/3147 3171/3171/3171 3172/3172/3172
f 3149/3149/3149 3150/3150/3150 3144/3144/3144
f 3149/3149/3149 3144/3144/3144 3143/3143/3143
f 3151/3151/3151 3152/3152/3152 3146/3146/3146
f 3151/3151/3151 3146/3146/3146 3145/3145/3145
f 3144/3144/3144 3145/3145/3145 3185/3185/3185
f 3144/3144/3144 3185/3185/3185 3186/3186/3186
f 3172/3172/3172 3171/3171/3171 3188/3188/3188
f 3172/3172/3172 3188/3188/3188 3189/3189/3189
f 3143/3143/3143 3144/3144/3144 3186/3186/3186
f 3143/3143/3143 3186/3186/3186 3187/3187/3187
f 3145/3145/3145 3146/3146/3146 3184/3184/3184
f 3145/3145/3145 3184/3184/3184 3185/3185/3185
f 3171/3171/3171 3143/3143/3143 3187/3187/3187
f 3171/3171/3171 3187/3187/3187 3188/3188/3188
f 3189/3189/3189 3188/3188/3188 3205/3205/3205
f 3189/3189/3189 3205/3205/3205 3206/3206/3206
f 3187/3187/3187 3186/3186/3186 3203/3203/3203
f 3187/3187/3187 3203/3203/3203 3204/3204/3204
f 3185/3185/3185 3184/3184/3184 3201/3201/3201
f 3185/3185/3185 3201/3201/3201 3202/3202/3202
f 3188/3188/3188 3187/3187/3187 3204/3204/3204
f 3188/3188/3188 3204/3204/3204 3205/3205/3205
f 3186/3186/3186 3185/3185/3185 3202/3202/3202
f 3186/3186/3186 3202/3202/3202 3203/3203/3203
f 3206/3206/3206 3205/3205/3205 3215/3215/3215
f 3206/3206/3206 3215/3215/3215 3217/3217/3217
f 3204/3204/3204 3203/3203/3203 3211/3211/3211
f 3204/3204/3204 3211/3211/3211 3213/3213/3213
f 3202/3202/3202 3201/3201/3201 3207/3207/3207
f 3202/3202/3202 3207/3207/3207 3209/3209/3209
f 3205/3205/3205 3204/3204/3204 3213/3213/3213
f 3205/3205/3205 3213/3213/3213 3215/3215/3215
f 3203/3203/3203 3202/3202/3202 3209/3209/3209
f 3203/3203/3203 3209/3209/3209 3211/3211/3211
f 3210/3210/3210 3208/3208/3208 3219/3219/3219
f 3210/3210/3210 3219/3219/3219 3220/3220/3220
f 3216/3216/3216 3214/3214/3214 3222/3222/3222
f 3216/3216/3216 3222/3222/3222 3223/3223/3223
f 3212/3212/3212 3210/3210/3210 3220/3220/3220
f 3212/3212/3212 3220/3220/3220 3221/3221/3221
f 3218/3218/3218 3216/3216/3216 3223/3223/3223
f 3218/3218/3218 3223/3223/3223 3224/3224/3224
f 3214/3214/3214 3212/3212/3212 3221/3221/3221
f 3214/3214/3214 3221/3221/3221 3222/3222/3222
f 3223/3223/3223 3222/3222/3222 3228/3228/3228
f 3223/3223/3223 3228/3228/3228 3229/3229/3229
f 3221/3221/3221 3220/3220/3220 3226/3226/3226
f 3221/3221/3221 3226/3226/3226 3227/3227/3227
f 3224/3224/3224 3223/3223/3223 3229/3229/3229
f 3224/3224/3224 3229/3229/3229 3230/3230/3230
f 3222/3222/3222 3221/3221/3221 3227/3227/3227
f 3222/3222/3222 3227/3227/3227 3228/3228/3228
f 3220/3220/3220 3219/3219/3219 3225/3225/3225
f 3220/3220/3220 3225/3225/3225 3226/3226/3226
f 3229/3229/3229 3228/3228/3228 3234/3234/3234
f 3229/3229/3229 3234/3234/3234 3235/3235/3235
f 3227/3227/3227 3226/3226/3226 3232/3232/3232
f 3227/3227/3227 3232/3232/3232 3233/3233/3233
f 3230/3230/3230 3229/3229/3229 3235/3235/3235
f 3230/3230/3230 3235/3235/3235 3236/3236/3236
f 3228/3228/3228 3227/3227/3227 3233/3233/3233
f 3228/3228/3228 3233/3233/3233 3234/3234/3234
f 3226/3226/3226 3225/3225/3225 3231/3231/3231
f 3226/3226/3226 3231/3231/3231 3232/3232/3232
f 3328/3328/3328 3327/3327/3327 3262/3262/3262
f 3328/3328/3328 3262/3262/3262 3261/3261/3261
f 3326/3326/3326 3325/3325/3325 3264/3264/3264
f 3326/3326/3326 3264/3264/3264 3263/3263/3263
f 3329/3329/3329 3328/3328/3328 3261/3261/3261
f 3329/3329/3329 3261/3261/3261 3260/3260/3260
f 3327/3327/3327 3326/3326/3326 3263/3263/3263
f 3327/3327/3327 3263/3263/3263 3262/3262/3262
f 3330/3330/3330 3329/3329/3329 3260/3260/3260
f 3330/3330/3330 3260/3260/3260 3259/3259/3259
f 3259/3259/3259 3260/3260/3260 3254/3254/3254
f 3259/3259/3259 3254/3254/3254 3253/3253/3253
f 3261/3261/3261 3262/3262/3262 3256/3256/3256
f 3261/3261/3261 3256/3256/3256 3255/3255/3255
f 3263/3263/3263 3264/3264/3264 3258/3258/3258
f 3263/3263/3263 3258/3258/3258 3257/3257/3257
f 3260/3260/3260 3261/3261/3261 3255/3255/3255
f 3260/3260/3260 3255/3255/3255 3254/3254/3254
f 3262/3262/3262 3263/3263/3263 3257/3257/3257
f 3262/3262/3262 3257/3257/3257 3256/3256/3256
f 3255/3255/3255 3256/3256/3256 3250/3250/3250
f 3255/3255/3255 3250/3250/3250 3249/3249/3249
f 3257/3257/3257 3258/3258/3258 3252/3252/3252
f 3257/3257/3257 3252/3252/3252 3251/3251/3251
f 3254/3254/3254 3255/3255/3255 3249/3249/3249
f 3254/3254/3254 3249/3249/3249 3248/3248/3248
f 3256/3256/3256 3257/3257/3257 3251/3251/3251
f 3256/3256/3256 3251/3251/3251 3250/3250/3250
f 3253/3253/3253 3254/3254/3254 3248/3248/3248
f 3253/3253/3253 3248/3248/3248 3247/3247/3247
f 3248/3248/3248 3249/3249/3249 3243/3243/3243
f 3248/3248/3248 3243/3243/3243 3242/3242/3242
f 3250/3250/3250 3251/3251/3251 3245/3245/3245
f 3250/3250/3250 3245/3245/3245 3244/3244/3244
f 3247/3247/3247 3248/3248/3248 3242/3242/3242
f 3247/3247/3247 3242/3242/3242 3241/3241/3241
f 3249/3249/3249 3250/3250/3250 3244/3244/3244
f 3249/3249/3249 3244/3244/3244 3243/3243/3243
f 3251/3251/3251 3252/3252/3252 3246/3246/3246
f 3251/3251/3251 3246/3246/3246 3245/3245/3245
f 3242/3242/3242 3243/3243/3243 3237/3237/3237
f 3242/3242/3242 3237/3237/3237 3265/3265/3265
f 3244/3244/3244 3245/3245/3245 3239/3239/3239
f 3244/3244/3244 3239/3239/3239 3238/3238/3238
f 3241/3241/3241 3242/3242/3242 3265/3265/3265
f 3241/3241/3241 3265/3265/3265 3266/3266/3266
f 3243/3243/3243 3244/3244/3244 3238/3238/3238
f 3243/3243/3243 3238/3238/3238 3237/3237/3237
f 3245/3245/3245 3246/3246/3246 3240/3240/3240
f 3245/3245/3245 3240/3240/3240 3239/3239/3239
f 3238/3238/3238 3239/3239/3239 3279/3279/3279
f 3238/3238/3238 3279/3279/3279 3280/3280/3280
f 3266/3266/3266 3265/3265/3265 3282/3282/3282
f 3266/3266/3266 3282/3282/3282 3283/3283/3283
f 3237/3237/3237 3238/3238/3238 3280/3280/3280
f 3237/3237/3237 3280/3280/3280 3281/3281/3281
f 3239/3239/3239 3240/3240/3240 3278/3278/3278
f 3239/3239/3239 3278/3278/3278 3279/3279/3279
f 3265/3265/3265 3237/3237/3237 3281/3281/3281
f 3265/3265/3265 3281/3281/3281 3282/3282/3282
f 3283/3283/3283 3282/3282/3282 3299/3299/3299
f 3283/3283/3283 3299/3299/3299 3300/3300/3300
f 3281/3281/3281 3280/3280/3280 3297/3297/3297
f 3281/3281/3281 3297/3297/3297 3298/3298/3298
f 3279/3279/3279 3278/3278/3278 3295/3295/3295
f 3279/3279/3279 3295/3295/3295 3296/3296/3296
f 3282/3282/3282 3281/3281/3281 3298/3298/3298
f 3282/3282/3282 3298/3298/3298 3299/3299/3299
f 3280/3280/3280 3279/3279/3279 3296/3296/3296
f 3280/3280/3280 3296/3296/3296 3297/3297/3297
f 3300/3300/3300 3299/3299/3299 3309/3309/3309
f 3300/3300/3300 3309/3309/3309 3311/3311/3311
f 3298/3298/3298 3297/3297/3297 3305/3305/3305
f 3298/3298/3298 3305/3305/3305 3307/3307/3307
f 3296/3296/3296 3295/3295/3295 3301/3301/3301
f 3296/3296/3296 3301/3301/3301 3303/3303/3303
f 3299/3299/3299 3298/3298/3298 3307/3307/3307
f 3299/3299/3299 3307/3307/3307 3309/3309/3309
f 3297/3297/3297 3296/3296/3296 3303/3303/3303
f 3297/3297/3297 3303/3303/3303 3305/3305/3305
f 3304/3304/3304 3302/3302/3302 3313/3313/3313
f 3304/3304/3304 3313/3313/3313 3314/3314/3314
f 3310/3310/3310 3308/3308/3308 3316/3316/3316
f 3310/3310/3310 3316/3316/3316 3317/3317/3317
f 3306/3306/3306 3304/3304/3304 3314/3314/3314
f 3306/3306/3306 3314/3314/3314 3315/3315/3315
f 3312/3312/3312 3310/3310/3310 3317/3317/3317
f 3312/3312/3312 3317/3317/3317 3318/3318/3318
f 3308/3308/3308 3306/3306/3306 3315/3315/3315
f 3308/3308/3308 3315/3315/3315 3316/3316/3316
f 3317/3317/3317 3316/3316/3316 3322/3322/3322
f 3317/3317/3317 3322/3322/3322 3323/3323/3323
f 3315/3315/3315 3314/3314/3314 3320/3320/3320
f 3315/3315/3315 3320/3320/3320 3321/3321/3321
f 3318/3318/3318 3317/3317/3317 3323/3323/3323
f 3318/3318/3318 3323/3323/3323 3324/3324/3324
f 3316/3316/3316 3315/3315/3315 3321/3321/3321
f 3316/3316/3316 3321/3321/3321 3322/3322/3322
f 3314/3314/3314 3313/3313/3313 3319/3319/3319
f 3314/3314/3314 3319/3319/3319 3320/3320/3320
f 3323/3323/3323 3322/3322/3322 3328/3328/3328
f 3323/3323/3323 3328/3328/3328 3329/3329/3329
f 3321/3321/3321 3320/3320/3320 3326/3326/3326
f 3321/3321/3321 3326/3326/3326 3327/3327/3327
f 3324/3324/3324 3323/3323/3323 3329/3329/3329
f 3324/3324/3324 3329/3329/3329 3330/3330/3330
f 3322/3322/3322 3321/3321/3321 3327/3327/3327
f 3322/3322/3322 3327/3327/3327 3328/3328/3328
f 3320/3320/3320 3319/3319/3319 3325/3325/3325
f 3320/3320/3320 3325/3325/3325 3326/3326/3326
f 3422/3422/3422 3421/3421/3421 3356/3356/3356
f 3422/3422/3422 3356/3356/3356 3355/3355/3355
f 3420/3420/3420 3419/3419/3419 3358/3358/3358
f 3420/3420/3420 3358/3358/3358 3357/3357/3357
f 3423/3423/3423 3422/3422/3422 3355/3355/3355
f 3423/3423/3423 3355/3355/3355 3354/3354/3354
f 3421/3421/3421 3420/3420/3420 3357/3357/3357
f 3421/3421/3421 3357/3357/3357 3356/3356/3356
f 3424/3424/3424 3423/3423/3423 3354/3354/3354
f 3424/3424/3424 3354/3354/3354 3353/3353/3353
f 3353/3353/3353 3354/3354/3354 3348/3348/3348
f 3353/3353/3353 3348/3348/3348 3347/3347/3347
f 3355/3355/3355 3356/3356/3356 3350/3350/3350
f 3355/3355/3355 3350/3350/3350 3349/3349/3349
f 3357/3357/3357 3358/3358/3358 3352/3352/3352
f 3357/3357/3357 3352/3352/3352 3351/3351/3351
f 3354/3354/3354 3355/3355/3355 3349/3349/3349
f 3354/3354/3354 3349/3349/3349 3348/3348/3348
f 3356/3356/3356 3357/3357/3357 3351/3351/3351
f 3356/3356/3356 3351/3351/3351 3350/3350/3350
f 3349/3349/3349 3350/3350/3350 3344/3344/3344
f 3349/3349/3349 3344/3344/3344 3343/3343/3343
f 3351/3351/3351 3352/3352/3352 3346/3346/3346
f 3351/3351/3351 3346/3346/3346 3345/3345/3345
f 3348/3348/3348 3349/3349/3349 3343/3343/3343
f 3348/3348/3348 3343/3343/3343 3342/3342/3342
f 3350/3350/3350 3351/3351/3351 3345/3345/3345
f 3350/3350/3350 3345/3345/3345 3344/3344/3344
f 3347/3347/3347 3348/3348/3348 3342/3342/3342
f 3347/3347/3347 3342/3342/3342 3341/3341/3341
f 3342/3342/3342 3343/3343/3343 3337/3337/3337
f 3342/3342/3342 3337/3337/3337 3336/3336/3336
f 3344/3344/3344 3345/3345/3345 3339/3339/3339
f 3344/3344/3344 3339/3339/3339 3338/3338/3338
f 3341/3341/3341 3342/3342/3342 3336/3336/3336
f 3341/3341/3341 3336/3336/3336 3335/3335/3335
f 3343/3343/3343 3344/3344/3344 3338/3338/3338
f 3343/3343/3343 3338/3338/3338 3337/3337/3337
f 3345/3345/3345 3346/3346/3346 3340/3340/3340
f 3345/3345/3345 3340/3340/3340 3339/3339/3339
f 3336/3336/3336 3337/3337/3337 3331/3331/3331
f 3336/3336/3336 3331/3331/3331 3359/3359/3359
f 3338/3338/3338 3339/3339/3339 3333/3333/3333
f 3338/3338/3338 3333/3333/3333 3332/3332/3332
f 3335/3335/3335 3336/3336/3336 3359/3359/3359
f 3335/3335/3335 3359/3359/3359 3360/3360/3360
f 3337/3337/3337 3338/3338/3338 3332/3332/3332
f 3337/3337/3337 3332/3332/3332 3331/3331/3331
f 3339/3339/3339 3340/3340/3340 3334/3334/3334
f 3339/3339/3339 3334/3334/3334 3333/3333/3333
f 3332/3332/3332 3333/3333/3333 3373/3373/3373
f 3332/3332/3332 3373/3373/3373 3374/3374/3374
f 3360/3360/3360 3359/3359/3359 3376/3376/3376
f 3360/3360/3360 3376/3376/3376 3377/3377/3377
f 3331/3331/3331 3332/3332/3332 3374/3374/3374
f 3331/3331/3331 3374/3374/3374 3375/3375/3375
f 3333/3333/3333 3334/3334/3334 3372/3372/3372
f 3333/3333/3333 3372/3372/3372 3373/3373/3373
f 3359/3359/3359 3331/3331/3331 3375/3375/3375
f 3359/3359/3359 3375/3375/3375 3376/3376/3376
f 3377/3377/3377 3376/3376/3376 3393/3393/3393
f 3377/3377/3377 3393/3393/3393 3394/3394/3394
f 3375/3375/3375 3374/3374/3374 3391/3391/3391
f 3375/3375/3375 3391/3391/3391 3392/3392/3392
f 3373/3373/3373 3372/3372/3372 3389/3389/3389
f 3373/3373/3373 3389/3389/3389 3390/3390/3390
f 3376/3376/3376 3375/3375/3375 3392/3392/3392
f 3376/3376/3376 3392/3392/3392 3393/3393/3393
f 3374/3374/3374 3373/3373/3373 3390/3390/3390
f 3374/3374/3374 3390/3390/3390 3391/3391/3391
f 3394/3394/3394 3393/3393/3393 3403/3403/3403
f 3394/3394/3394 3403/3403/3403 3405/3405/3405
f 3392/3392/3392 3391/3391/3391 3399/3399/3399
f 3392/3392/3392 3399/3399/3399 3401/3401/3401
f 3390/3390/3390 3389/3389/3389 3395/3395/3395
f 3390/3390/3390 3395/3395/3395 3397/3397/3397
f 3393/3393/3393 3392/3392/3392 3401/3401/3401
f 3393/3393/3393 3401/3401/3401 3403/3403/3403
f 3391/3391/3391 3390/3390/3390 3397/3397/3397
f 3391/3391/3391 3397/3397/3397 3399/3399/3399
f 3398/3398/3398 3396/3396/3396 3407/3407/3407
f 3398/3398/3398 3407/3407/3407 3408/3408/3408
f 3404/3404/3404 3402/3402/3402 3410/3410/3410
f 3404/3404/3404 3410/3410/3410 3411/3411/3411
f 3400/3400/3400 3398/3398/3398 3408/3408/3408
f 3400/3400/3400 3408/3408/3408 3409/3409/3409
f 3406/3406/3406 3404/3404/3404 3411/3411/3411
f 3406/3406/3406 3411/3411/3411 3412/3412/3412
f 3402/3402/3402 3400/3400/3400 3409/3409/3409
f 3402/3402/3402 3409/3409/3409 3410/3410/3410
f 3411/3411/3411 3410/3410/3410 3416/3416/3416
f 3411/3411/3411 3416/3416/3416 3417/3417/3417
f 3409/3409/3409 3408/3408/3408 3414/3414/3414
f 3409/3409/3409 3414/3414/3414 3415/3415/3415
f 3412/3412/3412 3411/3411/3411 3417/3417/3417
f 3412/3412/3412 3417/3417/3417 3418/3418/3418
f 3410/3410/3410 3409/3409/3409 3415/3415/3415
f 3410/3410/3410 3415/3415/3415 3416/3416/3416
f 3408/3408/3408 3407/3407/3407 3413/3413/3413
f 3408/3408/3408 3413/3413/3413 3414/3414/3414
f 3417/3417/3417 3416/3416/3416 3422/3422/3422
f 3417/3417/3417 3422/3422/3422 3423/3423/3423
f 3415/3415/3415 3414/3414/3414 3420/3420/3420
f 3415/3415/3415 3420/3420/3420 3421/3421/3421
f 3418/3418/3418 3417/3417/3417 3423/3423/3423
f 3418/3418/3418 3423/3423/3423 3424/3424/3424
f 3416/3416/3416 3415/3415/3415 3421/3421/3421
f 3416/3416/3416 3421/3421/3421 3422/3422/3422
f 3414/3414/3414 3413/3413/3413 3419/3419/3419
f 3414/3414/3414 3419/3419/3419 3420/3420/3420
f 3516/3516/3516 3515/3515/3515 3450/3450/3450
f 3516/3516/3516 3450/3450/3450 3449/3449/3449
f 3514/3514/3514 3513/3513/3513 3452/3452/3452
f 3514/3514/3514 3452/3452/3452 3451/3451/3451
f 3517/3517/3517 3516/3516/3516 3449/3449/3449
f 3517/3517/3517 3449/3449/3449 3448/3448/3448
f 3515/3515/3515 3514/3514/3514 3451/3451/3451
f 3515/3515/3515 3451/3451/3451 3450/3450/3450
f 3518/3518/3518 3517/3517/3517 3448/3448/3448
f 3518/3518/3518 3448/3448/3448 3447/3447/3447
f 3447/3447/3447 3448/3448/3448 3442/3442/3442
f 3447/3447/3447 3442/3442/3442 3441/3441/3441
f 3449/3449/3449 3450/3450/3450 3444/3444/3444
f 3449/3449/3449 3444/3444/3444 3443/3443/3443
f 3451/3451/3451 3452/3452/3452 3446/3446/3446
f 3451/3451/3451 3446/3446/3446 3445/3445/3445
f 3448/3448/3448 3449/3449/3449 3443/3443/3443
f 3448/3448/3448 3443/3443/3443 3442/3442/3442
f 3450/3450/3450 3451/3451/3451 3445/3445/3445
f 3450/3450/3450 3445/3445/3445 3444/3444/3444
f 3443/3443/3443 3444/3444/3444 3438/3438/3438
f 3443/3443/3443 3438/3438/3438 3437/3437/3437
f 3445/3445/3445 3446/3446/3446 3440/3440/3440
f 3445/3445/3445 3440/3440/3440 3439/3439/3439
f 3442/3442/3442 3443/3443/3443 3437/3437/3437
f 3442/3442/3442 3437/3437/3437 3436/3436/3436
f 3444/3444/3444 3445/3445/3445 3439/3439/3439
f 3444/3444/3444 3439/3439/3439 3438/3438/3438
f 3441/3441/3441 3442/3442/3442 3436/3436/3436
f 3441/3441/3441 3436/3436/3436 3435/3435/3435
f 3436/3436/3436 3437/3437/3437 3431/3431/3431
f 3436/3436/3436 3431/3431/3431 3430/3430/3430
f 3438/3438/3438 3439/3439/3439 3433/3433/3433
f 3438/3438/3438 3433/3433/3433 3432/3432/3432
f 3435/3435/3435 3436/3436/3436 3430/3430/3430
f 3435/3435/3435 3430/3430/3430 3429/3429/3429
f 3437/3437/3437 3438/3438/3438 3432/3432/3432
f 3437/3437/3437 3432/3432/3432 3431/3431/3431
f 3439/3439/3439 3440/3440/3440 3434/3434/3434
f 3439/3439/3439 3434/3434/3434 3433/3433/3433
f 3430/3430/3430 3431/3431/3431 3425/3425/3425
f 3430/3430/3430 3425/3425/3425 3453/3453/3453
f 3432/3432/3432 3433/3433/3433 3427/3427/3427
f 3432/3432/3432 3427/3427/3427 3426/3426/3426
f 3429/3429/3429 3430/3430/3430 3453/3453/3453
f 3429/3429/3429 3453/3453/3453 3454/3454/3454
f 3431/3431/3431 3432/3432/3432 3426/3426/3426
f 3431/3431/3431 3426/3426/3426 3425/3425/3425
f 3433/3433/3433 3434/3434/3434 3428/3428/3428
f 3433/3433/3433 3428/3428/3428 3427/3427/3427
f 3426/3426/3426 3427/3427/3427 3467/3467/3467
f 3426/3426/3426 3467/3467/3467 3468/3468/3468
f 3454/3454/3454 3453/3453/3453 3470/3470/3470
f 3454/3454/3454 3470/3470/3470 3471/3471/3471
f 3425/3425/3425 3426/3426/3426 3468/3468/3468
f 3425/3425/3425 3468/3468/3468 3469/3469/3469
f 3427/3427/3427 3428/3428/3428 3466/3466/3466
f 3427/3427/3427 3466/3466/3466 3467/3467/3467
f 3453/3453/3453 3425/3425/3425 3469/3469/3469
f 3453/3453/3453 3469/3469/3469 3470/3470/3470
f 3471/3471/3471 3470/3470/3470 3487/3487/3487
f 3471/3471/3471 3487/3487/3487 3488/3488/3488
f 3469/3469/3469 3468/3468/3468 3485/3485/3485
f 3469/3469/3469 3485/3485/3485 3486/3486/3486
f 3467/3467/3467 3466/3466/3466 3483/3483/3483
f 3467/3467/3467 3483/3483/3483 3484/3484/3484
f 3470/3470/3470 3469/3469/3469 3486/3486/3486
f 3470/3470/3470 3486/3486/3486 3487/3487/3487
f 3468/3468/3468 3467/3467/3467 3484/3484/3484
f 3468/3468/3468 3484/3484/3484 3485/3485/3485
f 3488/3488/3488 3487/3487/3487 3497/3497/3497
f 3488/3488/3488 3497/3497/3497 3499/3499/3499
f 3486/3486/3486 3485/3485/3485 3493/3493/3493
f 3486/3486/3486 3493/3493/3493 3495/3495/3495
f 3484/3484/3484 3483/3483/3483 3489/3489/3489
f 3484/3484/3484 3489/3489/3489 3491/3491/3491
f 3487/3487/3487 3486/3486/3486 3495/3495/3495
f 3487/3487/3487 3495/3495/3495 3497/3497/3497
f 3485/3485/3485 3484/3484/3484 3491/3491/3491
f 3485/3485/3485 3491/3491/3491 3493/3493/3493
f 3492/3492/3492 3490/3490/3490 3501/3501/3501
f 3492/3492/3492 3501/3501/3501 3502/3502/3502
f 3498/3498/3498 3496/3496/3496 3504/3504/3504
f 3498/3498/3498 3504/3504/3504 3505/3505/3505
f 3494/3494/3494 3492/3492/3492 3502/3502/3502
f 3494/3494/3494 3502/3502/3502 3503/3503/3503
f 3500/3500/3500 3498/3498/3498 3505/3505/3505
f 3500/3500/3500 3505/3505/3505 3506/3506/3506
f 3496/3496/3496 3494/3494/3494 3503/3503/3503
f 3496/3496/3496 3503/3503/3503 3504/3504/3504
f 3505/3505/3505 3504/3504/3504 3510/3510/3510
f 3505/3505/3505 3510/3510/3510 3511/3511/3511
f 3503/3503/3503 3502/3502/3502 3508/3508/3508
f 3503/3503/3503 3508/3508/3508 3509/3509/3509
f 3506/3506/3506 3505/3505/3505 3511/3511/3511
f 3506/3506/3506 3511/3511/3511 3512/3512/3512
f 3504/3504/3504 3503/3503/3503 3509/3509/3509
f 3504/3504/3504 3509/3509/3509 3510/3510/3510
f 3502/3502/3502 3501/3501/3501 3507/3507/3507
f 3502/3502/3502 3507/3507/3507 3508/3508/3508
f 3511/3511/3511 3510/3510/3510 3516/3516/3516
f 3511/3511/3511 3516/3516/3516 3517/3517/3517
f 3509/3509/3509 3508/3508/3508 3514/3514/3514
f 3509/3509/3509 3514/3514/3514 3515/3515/3515
f 3512/3512/3512 3511/3511/3511 3517/3517/3517
f 3512/3512/3512 3517/3517/3517 3518/3518/3518
f 3510/3510/3510 3509/3509/3509 3515/3515/3515
f 3510/3510/3510 3515/3515/3515 3516/3516/3516
f 3508/3508/3508 3507/3507/3507 3513/3513/3513
f 3508/3508/3508 3513/3513/3513 3514/3514/3514
f 3610/3610/3610 3609/3609/3609 3544/3544/3544
f 3610/3610/3610 3544/3544/3544 3543/3543/3543
f 3608/3608/3608 3607/3607/3607 3546/3546/3546
f 3608/3608/3608 3546/3546/3546 3545/3545/3545
f 3611/3611/3611 3610/3610/3610 3543/3543/3543
f 3611/3611/3611 3543/3543/3543 3542/3542/3542
f 3609/3609/3609 3608/3608/3608 3545/3545/3545
f 3609/3609/3609 3545/3545/3545 3544/3544/3544
f 3612/3612/3612 3611/3611/3611 3542/3542/3542
f 3612/3612/3612 3542/3542/3542 3541/3541/3541
f 3541/3541/3541 3542/3542/3542 3536/3536/3536
f 3541/3541/3541 3536/3536/3536 3535/3535/3535
f 3543/3543/3543 3544/3544/3544 3538/3538/3538
f 3543/3543/3543 3538/3538/3538 3537/3537/3537
f 3545/3545/3545 3546/3546/3546 3540/3540/3540
f 3545/3545/3545 3540/3540/3540 3539/3539/3539
f 3542/3542/3542 3543/3543/3543 3537/3537/3537
f 3542/3542/3542 3537/3537/3537 3536/3536/3536
f 3544/3544/3544 3545/3545/3545 3539/3539/3539
f 3544/3544/3544 3539/3539/3539 3538/3538/3538
f 3537/3537/3537 3538/3538/3538 3532/3532/3532
f 3537/3537/3537 3532/3532/3532 3531/3531/3531
f 3539/3539/3539 3540/3540/3540 3534/3534/3534
f 3539/3539/3539 3534/3534/3534 3533/3533/3533
f 3536/3536/3536 3537/3537/3537 3531/3531/3531
f 3536/3536/3536 3531/3531/3531 3530/3530/3530
f 3538/3538/3538 3539/3539/3539 3533/3533/3533
f 3538/3538/3538 3533/3533/3533 3532/3532/3532
f 3535/3535/3535 3536/3536/3536 3530/3530/3530
f 3535/3535/3535 3530/3530/3530 3529/3529/3529
f 3530/3530/3530 3531/3531/3531 3525/3525/3525
f 3530/3530/3530 3525/3525/3525 3524/3524/3524
f 3532/3532/3532 3533/3533/3533 3527/3527/3527
f 3532/3532/3532 3527/3527/3527 3526/3526/3526
f 3529/3529/3529 3530/3530/3530 3524/3524/3524
f 3529/3529/3529 3524/3524/3524 3523/3523/3523
f 3531/3531/3531 3532/3532/3532 3526/3526/3526
f 3531/3531/3531 3526/3526/3526 3525/3525/3525
f 3533/3533/3533 3534/3534/3534 3528/3528/3528
f 3533/3533/3533 3528/3528/3528 3527/3527/3527
f 3524/3524/3524 3525/3525/3525 3519/3519/3519
f 3524/3524/3524 3519/3519/3519 3547/3547/3547
f 3526/3526/3526 3527/3527/3527 3521/3521/3521
f 3526/3526/3526 3521/3521/3521 3520/3520/3520
f 3523/3523/3523 3524/3524/3524 3547/3547/3547
f 3523/3523/3523 3547/3547/3547 3548/3548/3548
f 3525/3525/3525 3526/3526/3526 3520/3520/3520
f 3525/3525/3525 3520/3520/3520 3519/3519/3519
f 3527/3527/3527 3528/3528/3528 3522/3522/3522
f 3527/3527/3527 3522/3522/3522 3521/3521/3521
f 3520/3520/3520 3521/3521/3521 3561/3561/3561
f 3520/3520/3520 3561/3561/3561 3562/3562/3562
f 3548/3548/3548 3547/3547/3547 3564/3564/3564
f 3548/3548/3548 3564/3564/3564 3565/3565/3565
f 3519/3519/3519 3520/3520/3520 3562/3562/3562
f 3519/3519/3519 3562/3562/3562 3563/3563/3563
f 3521/3521/3521 3522/3522/3522 3560/3560/3560
f 3521/3521/3521 3560/3560/3560 3561/3561/3561
f 3547/3547/3547 3519/3519/3519 3563/3563/3563
f 3547/3547/3547 3563/3563/3563 3564/3564/3564
f 3565/3565/3565 3564/3564/3564 3581/3581/3581
f 3565/3565/3565 3581/3581/3581 3582/3582/3582
f 3563/3563/3563 3562/3562/3562 3579/3579/3579
f 3563/3563/3563 3579/3579/3579 3580/3580/3580
f 3561/3561/3561 3560/3560/3560 3577/3577/3577
f 3561/3561/3561 3577/3577/3577 3578/3578/3578
f 3564/3564/3564 3563/3563/3563 3580/3580/3580
f 3564/3564/3564 3580/3580/3580 3581/3581/3581
f 3562/3562/3562 3561/3561/3561 3578/3578/3578
f 3562/3562/3562 3578/3578/3578 3579/3579/3579
f 3582/3582/3582 3581/3581/3581 3591/3591/3591
f 3582/3582/3582 3591/3591/3591 3593/3593/3593
f 3580/3580/3580 3579/3579/3579 3587/3587/3587
f 3580/3580/3580 3587/3587/3587 3589/3589/3589
f 3578/3578/3578 3577/3577/3577 3583/3583/3583
f 3578/3578/3578 3583/3583/3583 3585/3585/3585
f 3581/3581/3581 3580/3580/3580 3589/3589/3589
f 3581/3581/3581 3589/3589/3589 3591/3591/3591
f 3579/3579/3579 3578/3578/3578 3585/3585/3585
f 3579/3579/3579 3585/3585/3585 3587/3587/3587
f 3586/3586/3586 3584/3584/3584 3595/3595/3595
f 3586/3586/3586 3595/3595/3595 3596/3596/3596
f 3592/3592/3592 3590/3590/3590 3598/3598/3598
f 3592/3592/3592 3598/3598/3598 3599/3599/3599
f 3588/3588/3588 3586/3586/3586 3596/3596/3596
f 3588/3588/3588 3596/3596/3596 3597/3597/3597
f 3594/3594/3594 3592/3592/3592 3599/3599/3599
f 3594/3594/3594 3599/3599/3599 3600/3600/3600
f 3590/3590/3590 3588/3588/3588 3597/3597/3597
f 3590/3590/3590 3597/3597/3597 3598/3598/3598
f 3599/3599/3599 3598/3598/3598 3604/3604/3604
f 3599/3599/3599 3604/3604/3604 3605/3605/3605
f 3597/3597/3597 3596/3596/3596 3602/3602/3602
f 3597/3597/3597 3602/3602/3602 3603/3603/3603
f 3600/3600/3600 3599/3599/3599 3605/3605/3605
f 3600/3600/3600 3605/3605/3605 3606/3606/3606
f 3598/3598/3598 3597/3597/3597 3603/3603/3603
f 3598/3598/3598 3603/3603/3603 3604/3604/3604
f 3596/3596/3596 3595/3595/3595 3601/3601/3601
f 3596/3596/3596 3601/3601/3601 3602/3602/3602
f 3605/3605/3605 3604/3604/3604 3610/3610/3610
f 3605/3605/3605 3610/3610/3610 3611/3611/3611
f 3603/3603/3603 3602/3602/3602 3608/3608/3608
f 3603/3603/3603 3608/3608/3608 3609/3609/3609
f 3606/3606/3606 3605/3605/3605 3611/3611/3611
f 3606/3606/3606 3611/3611/3611 3612/3612/3612
f 3604/3604/3604 3603/3603/3603 3609/3609/3609
f 3604/3604/3604 3609/3609/3609 3610/3610/3610
f 3602/3602/3602 3601/3601/3601 3607/3607/3607
f 3602/3602/3602 3607/3607/3607 3608/3608/3608
f 3704/3704/3704 3703/3703/3703 3638/3638/3638
f 3704/3704/3704 3638/3638/3638 3637/3637/3637
f 3702/3702/3702 3701/3701/3701 3640/3640/3640
f 3702/3702/3702 3640/3640/3640 3639/3639/3639
f 3705/3705/3705 3704/3704/3704 3637/3637/3637
f 3705/3705/3705 3637/3637/3637 3636/3636/3636
f 3703/3703/3703 3702/3702/3702 3639/3639/3639
f 3703/3703/3703 3639/3639/3639 3638/3638/3638
f 3706/3706/3706 3705/3705/3705 3636/3636/3636
f 3706/3706/3706 3636/3636/3636 3635/3635/3635
f 3635/3635/3635 3636/3636/3636 3630/3630/3630
f 3635/3635/3635 3630/3630/3630 3629/3629/3629
f 3637/3637/3637 3638/3638/3638 3632/3632/3632
f 3637/3637/3637 3632/3632/3632 3631/3631/3631
f 3639/3639/3639 3640/3640/3640 3634/3634/3634
f 3639/3639/3639 3634/3634/3634 3633/3633/3633
f 3636/3636/3636 3637/3637/3637 3631/3631/3631
f 3636/3636/3636 3631/3631/3631 3630/3630/3630
f 3638/3638/3638 3639/3639/3639 3633/3633/3633
f 3638/3638/3638 3633/3633/3633 3632/3632/3632
f 3631/3631/3631 3632/3632/3632 3626/3626/3626
f 3631/3631/3631 3626/3626/3626 3625/3625/3625
f 3633/3633/3633 3634/3634/3634 3628/3628/3628
f 3633/3633/3633 3628/3628/3628 3627/3627/3627
f 3630/3630/3630 3631/3631/3631 3625/3625/3625
f 3630/3630/3630 3625/3625/3625 3624/3624/3624
f 3632/3632/3632 3633/3633/3633 3627/3627/3627
f 3632/3632/3632 3627/3627/3627 3626/3626/3626
f 3629/3629/3629 3630/3630/3630 3624/3624/3624
f 3629/3629/3629 3624/3624/3624 3623/3623/3623
f 3624/3624/3624 3625/3625/3625 3619/3619/3619
f 3624/3624/3624 3619/3619/3619 3618/3618/3618
f 3626/3626/3626 3627/3627/3627 3621/3621/3621
f 3626/3626/3626 3621/3621/3621 3620/3620/3620
f 3623/3623/3623 3624/3624/3624 3618/3618/3618
f 3623/3623/3623 3618/3618/3618 3617/3617/3617
f 3625/3625/3625 3626/3626/3626 3620/3620/3620
f 3625/3625/3625 3620/3620/3620 3619/3619/3619
f 3627/3627/3627 3628/3628/3628 3622/3622/3622
f 3627/3627/3627 3622/3622/3622 3621/3621/3621
f 3618/3618/3618 3619/3619/3619 3613/3613/3613
f 3618/3618/3618 3613/3613/3613 3641/3641/3641
f 3620/3620/3620 3621/3621/3621 3615/3615/3615
f 3620/3620/3620 3615/3615/3615 3614/3614/3614
f 3617/3617/3617 3618/3618/3618 3641/3641/3641
f 3617/3617/3617 3641/3641/3641 3642/3642/3642
f 3619/3619/3619 3620/3620/3620 3614/3614/3614
f 3619/3619/3619 3614/3614/3614 3613/3613/3613
f 3621/3621/3621 3622/3622/3622 3616/3616/3616
f 3621/3621/3621 3616/3616/3616 3615/3615/3615
f 3614/3614/3614 3615/3615/3615 3655/3655/3655
f 3614/3614/3614 3655/3655/3655 3656/3656/3656
f 3642/3642/3642 3641/3641/3641 3658/3658/3658
f 3642/3642/3642 3658/3658/3658 3659/3659/3659
f 3613/3613/3613 3614/3614/3614 3656/3656/3656
f 3613/3613/3613 3656/3656/3656 3657/3657/3657
f 3615/3615/3615 3616/3616/3616 3654/3654/3654
f 3615/3615/3615 3654/3654/3654 3655/3655/3655
f 3641/3641/3641 3613/3613/3613 3657/3657/3657
f 3641/3641/3641 3657/3657/3657 3658/3658/3658
f 3659/3659/3659 3658/3658/3658 3675/3675/3675
f 3659/3659/3659 3675/3675/3675 3676/3676/3676
f 3657/3657/3657 3656/3656/3656 3673/3673/3673
f 3657/3657/3657 3673/3673/3673 3674/3674/3674
f 3655/3655/3655 3654/3654/3654 3671/3671/3671
f 3655/3655/3655 3671/3671/3671 3672/3672/3672
f 3658/3658/3658 3657/3657/3657 3674/3674/3674
f 3658/3658/3658 3674/3674/3674 3675/3675/3675
f 3656/3656/3656 3655/3655/3655 3672/3672/3672
f 3656/3656/3656 3672/3672/3672 3673/3673/3673
f 3676/3676/3676 3675/3675/3675 3685/3685/3685
f 3676/3676/3676 3685/3685/3685 3687/3687/3687
f 3674/3674/3674 3673/3673/3673 3681/3681/3681
f 3674/3674/3674 3681/3681/3681 3683/3683/3683
f 3672/3672/3672 3671/3671/3671 3677/3677/3677
f 3672/3672/3672 3677/3677/3677 3679/3679/3679
f 3675/3675/3675 3674/3674/3674 3683/3683/3683
f 3675/3675/3675 3683/3683/3683 3685/3685/3685
f 3673/3673/3673 3672/3672/3672 3679/3679/3679
f 3673/3673/3673 3679/3679/3679 3681/3681/3681
f 3680/3680/3680 3678/3678/3678 3689/3689/3689
f 3680/3680/3680 3689/3689/3689 3690/3690/3690
f 3686/3686/3686 3684/3684/3684 3692/3692/3692
f 3686/3686/3686 3692/3692/3692 3693/3693/3693
f 3682/3682/3682 3680/3680/3680 3690/3690/3690
f 3682/3682/3682 3690/3690/3690 3691/3691/3691
f 3688/3688/3688 3686/3686/3686 3693/3693/3693
f 3688/3688/3688 3693/3693/3693 3694/3694/3694
f 3684/3684/3684 3682/3682/3682 3691/3691/3691
f 3684/3684/3684 3691/3691/3691 3692/3692/3692
f 3693/3693/3693 3692/3692/3692 3698/3698/3698
f 3693/3693/3693 3698/3698/3698 3699/3699/3699
f 3691/3691/3691 3690/3690/3690 3696/3696/3696
f 3691/3691/3691 3696/3696/3696 3697/3697/3697
f 3694/3694/3694 3693/3693/3693 3699/3699/3699
f 3694/3694/3694 3699/3699/3699 3700/3700/3700
f 3692/3692/3692 3691/3691/3691 3697/3697/3697
f 3692/3692/3692 3697/3697/3697 3698/3698/3698
f 3690/3690/3690 3689/3689/3689 3695/3695/3695
f 3690/3690/3690 3695/3695/3695 3696/3696/3696
f 3699/3699/3699 3698/3698/3698 3704/3704/3704
f 3699/3699/3699 3704/3704/3704 3705/3705/3705
f 3697/3697/3697 3696/3696/3696 3702/3702/3702
f 3697/3697/3697 3702/3702/3702 3703/3703/3703
f 3700/3700/3700 3699/3699/3699 3705/3705/3705
f 3700/3700/3700 3705/3705/3705 3706/3706/3706
f 3698/3698/3698 3697/3697/3697 3703/3703/3703
f 3698/3698/3698 3703/3703/3703 3704/3704/3704
f 3696/3696/3696 3695/3695/3695 3701/3701/3701
f 3696/3696/3696 3701/3701/3701 3702/3702/3702
f 3798/3798/3798 3797/3797/3797 3732/3732/3732
f 3798/3798/3798 3732/3732/3732 3731/3731/3731
f 3796/3796/3796 3795/3795/3795 3734/3734/3734
f 3796/3796/3796 3734/3734/3734 3733/3733/3733
f 3799/3799/3799 3798/3798/3798 3731/3731/3731
f 3799/3799/3799 3731/3731/3731 3730/3730/3730
f 3797/3797/3797 3796/3796/3796 3733/3733/3733
f 3797/3797/3797 3733/3733/3733 3732/3732/3732
f 3800/3800/3800 3799/3799/3799 3730/3730/3730
f 3800/3800/3800 3730/3730/3730 3729/3729/3729
f 3729/3729/3729 3730/3730/3730 3724/3724/3724
f 3729/3729/3729 3724/3724/3724 3723/3723/3723
f 3731/3731/3731 3732/3732/3732 3726/3726/3726
f 3731/3731/3731 3726/3726/3726 3725/3725/3725
f 3733/3733/3733 3734/3734/3734 3728/3728/3728
f 3733/3733/3733 3728/3728/3728 3727/3727/3727
f 3730/3730/3730 3731/3731/3731 3725/3725/3725
f 3730/3730/3730 3725/3725/3725 3724/3724/3724
f 3732/3732/3732 3733/3733/3733 3727/3727/3727
f 3732/3732/3732 3727/3727/3727 3726/3726/3726
f 3725/3725/3725 3726/3726/3726 3720/3720/3720
f 3725/3725/3725 3720/3720/3720 3719/3719/3719
f 3727/3727/3727 3728/3728/3728 3722/3722/3722
f 3727/3727/3727 3722/3722/3722 3721/3721/3721
f 3724/3724/3724 3725/3725/3725 3719/3719/3719
f 3724/3724/3724 3719/3719/3719 3718/3718/3718
f 3726/3726/3726 3727/3727/3727 3721/3721/3721
f 3726/3726/3726 3721/3721/3721 3720/3720/3720
f 3723/3723/3723 3724/3724/3724 3718/3718/3718
f 3723/3723/3723 3718/3718/3718 3717/3717/3717
f 3718/3718/3718 3719/3719/3719 3713/3713/3713
f 3718/3718/3718 3713/3713/3713 3712/3712/3712
f 3720/3720/3720 3721/3721/3721 3715/3715/3715
f 3720/3720/3720 3715/3715/3715 3714/3714/3714
f 3717/3717/3717 3718/3718/3718 3712/3712/3712
f 3717/3717/3717 3712/3712/3712 3711/3711/3711
f 3719/3719/3719 3720/3720/3720 3714/3714/3714
f 3719/3719/3719 3714/3714/3714 3713/3713/3713
f 3721/3721/3721 3722/3722/3722 3716/3716/3716
f 3721/3721/3721 3716/3716/3716 3715/3715/3715
f 3712/3712/3712 3713/3713/3713 3707/3707/3707
f 3712/3712/3712 3707/3707/3707 3735/3735/3735
f 3714/3714/3714 3715/3715/3715 3709/3709/3709
f 3714/3714/3714 3709/3709/3709 3708/3708/3708
f 3711/3711/3711 3712/3712/3712 3735/3735/3735
f 3711/3711/3711 3735/3735/3735 3736/3736/3736
f 3713/3713/3713 3714/3714/3714 3708/3708/3708
f 3713/3713/3713 3708/3708/3708 3707/3707/3707
f 3715/3715/3715 3716/3716/3716 3710/3710/3710
f 3715/3715/3715 3710/3710/3710 3709/3709/3709
f 3708/3708/3708 3709/3709/3709 3749/3749/3749
f 3708/3708/3708 3749/3749/3749 3750/3750/3750
f 3736/3736/3736 3735/3735/3735 3752/3752/3752
f 3736/3736/3736 3752/3752/3752 3753/3753/3753
f 3707/3707/3707 3708/3708/3708 3750/3750/3750
f 3707/3707/3707 3750/3750/3750 3751/3751/3751
f 3709/3709/3709 3710/3710/3710 3748/3748/3748
f 3709/3709/3709 3748/3748/3748 3749/3749/3749
f 3735/3735/3735 3707/3707/3707 3751/3751/3751
f 3735/3735/3735 3751/3751/3751 3752/3752/3752
f 3753/3753/3753 3752/3752/3752 3769/3769/3769
f 3753/3753/3753 3769/3769/3769 3770/3770/3770
f 3751/3751/3751 3750/3750/3750 3767/3767/3767
f 3751/3751/3751 3767/3767/3767 3768/3768/3768
f 3749/3749/3749 3748/3748/3748 3765/3765/3765
f 3749/3749/3749 3765/3765/3765 3766/3766/3766
f 3752/3752/3752 3751/3751/3751 3768/3768/3768
f 3752/3752/3752 3768/3768/3768 3769/3769/3769
f 3750/3750/3750 3749/3749/3749 3766/3766/3766
f 3750/3750/3750 3766/3766/3766 3767/3767/3767
f 3770/3770/3770 3769/3769/3769 3779/3779/3779
f 3770/3770/3770 3779/3779/3779 3781/3781/3781
f 3768/3768/3768 3767/3767/3767 3775/3775/3775
f 3768/3768/3768 3775/3775/3775 3777/3777/3777
f 3766/3766/3766 3765/3765/3765 3771/3771/3771
f 3766/3766/3766 3771/3771/3771 3773/3773/3773
f 3769/3769/3769 3768/3768/3768 3777/3777/3777
f 3769/3769/3769 3777/3777/3777 3779/3779/3779
f 3767/3767/3767 3766/3766/3766 3773/3773/3773
f 3767/3767/3767 3773/3773/3773 3775/3775/3775
f 3774/3774/3774 3772/3772/3772 3783/3783/3783
f 3774/3774/3774 3783/3783/3783 3784/3784/3784
f 3780/3780/3780 3778/3778/3778 3786/3786/3786
f 3780/3780/3780 3786/3786/3786 3787/3787/3787
f 3776/3776/3776 3774/3774/3774 3784/3784/3784
f 3776/3776/3776 3784/3784/3784 3785/3785/3785
f 3782/3782/3782 3780/3780/3780 3787/3787/3787
f 3782/3782/3782 3787/3787/3787 3788/3788/3788
f 3778/3778/3778 3776/3776/3776 3785/3785/3785
f 3778/3778/3778 3785/3785/3785 3786/3786/3786
f 3787/3787/3787 3786/3786/3786 3792/3792/3792
f 3787/3787/3787 3792/3792/3792 3793/3793/3793
f 3785/3785/3785 3784/3784/3784 3790/3790/3790
f 3785/3785/3785 3790/3790/3790 3791/3791/3791
f 3788/3788/3788 3787/3787/3787 3793/3793/3793
f 3788/3788/3788 3793/3793/3793 3794/3794/3794
f 3786/3786/3786 3785/3785/3785 3791/3791/3791
f 3786/3786/3786 3791/3791/3791 3792/3792/3792
f 3784/3784/3784 3783/3783/3783 3789/3789/3789
f 3784/3784/3784 3789/3789/3789 3790/3790/3790
f 3793/3793/3793 3792/3792/3792 3798/3798/3798
f 3793/3793/3793 3798/3798/3798 3799/3799/3799
f 3791/3791/3791 3790/3790/3790 3796/3796/3796
f 3791/3791/3791 3796/3796/3796 3797/3797/3797
f 3794/3794/3794 3793/3793/3793 3799/3799/3799
f 3794/3794/3794 3799/3799/3799 3800/3800/3800
f 3792/3792/3792 3791/3791/3791 3797/3797/3797
f 3792/3792/3792 3797/3797/3797 3798/3798/3798
f 3790/3790/3790 3789/3789/3789 3795/3795/3795
f 3790/3790/3790 3795/3795/3795 3796/3796/3796
f 3892/3892/3892 3891/3891/3891 3826/3826/3826
f 3892/3892/3892 3826/3826/3826 3825/3825/3825
f 3890/3890/3890 3889/3889/3889 3828/3828/3828
f 3890/3890/3890 3828/3828/3828 3827/3827/3827
f 3893/3893/3893 3892/3892/3892 3825/3825/3825
f 3893/3893/3893 3825/3825/3825 3824/3824/3824
f 3891/3891/3891 3890/3890/3890 3827/3827/3827
f 3891/3891/3891 3827/3827/3827 3826/3826/3826
f 3894/3894/3894 3893/3893/3893 3824/3824/3824
f 3894/3894/3894 3824/3824/3824 3823/3823/3823
f 3823/3823/3823 3824/3824/3824 3818/3818/3818
f 3823/3823/3823 3818/3818/3818 3817/3817/3817
f 3825/3825/3825 3826/3826/3826 3820/3820/3820
f 3825/3825/3825 3820/3820/3820 3819/3819/3819
f 3827/3827/3827 3828/3828/3828 3822/3822/3822
f 3827/3827/3827 3822/3822/3822 3821/3821/3821
f 3824/3824/3824 3825/3825/3825 3819/3819/3819
f 3824/3824/3824 3819/3819/3819 3818/3818/3818
f 3826/3826/3826 3827/3827/3827 3821/3821/3821
f 3826/3826/3826 3821/3821/3821 3820/3820/3820
f 3819/3819/3819 3820/3820/3820 3814/3814/3814
f 3819/3819/3819 3814/3814/3814 3813/3813/3813
f 3821/3821/3821 3822/3822/3822 3816/3816/3816
f 3821/3821/3821 3816/3816/3816 3815/3815/3815
f 3818/3818/3818 3819/3819/3819 3813/3813/3813
f 3818/3818/3818 3813/3813/3813 3812/3812/3812
f 3820/3820/3820 3821/3821/3821 3815/3815/3815
f 3820/3820/3820 3815/3815/3815 3814/3814/3814
f 3817/3817/3817 3818/3818/3818 3812/3812/3812
f 3817/3817/3817 3812/3812/3812 3811/3811/3811
f 3812/3812/3812 3813/3813/3813 3807/3807/3807
f 3812/3812/3812 3807/3807/3807 3806/3806/3806
f 3814/3814/3814 3815/3815/3815 3809/3809/3809
f 3814/3814/3814 3809/3809/3809 3808/3808/3808
f 3811/3811/3811 3812/3812/3812 3806/3806/3806
f 3811/3811/3811 3806/3806/3806 3805/3805/3805
f 3813/3813/3813 3814/3814/3814 3808/3808/3808
f 3813/3813/3813 3808/3808/3808 3807/3807/3807
f 3815/3815/3815 3816/3816/3816 3810/3810/3810
f 3815/3815/3815 3810/3810/3810 3809/3809/3809
f 3806/3806/3806 3807/3807/3807 3801/3801/3801
f 3806/3806/3806 3801/3801/3801 3829/3829/3829
f 3808/3808/3808 3809/3809/3809 3803/3803/3803
f 3808/3808/3808 3803/3803/3803 3802/3802/3802
f 3805/3805/3805 3806/3806/3806 3829/3829/3829
f 3805/3805/3805 3829/3829/3829 3830/3830/3830
f 3807/3807/3807 3808/3808/3808 3802/3802/3802
f 3807/3807/3807 3802/3802/3802 3801/3801/3801
f 3809/3809/3809 3810/3810/3810 3804/3804/3804
f 3809/3809/3809 3804/3804/3804 3803/3803/3803
f 3802/3802/3802 3803/3803/3803 3843/3843/3843
f 3802/3802/3802 3843/3843/3843 3844/3844/3844
f 3830/3830/3830 3829/3829/3829 3846/3846/3846
f 3830/3830/3830 3846/3846/3846 3847/3847/3847
f 3801/3801/3801 3802/3802/3802 3844/3844/3844
f 3801/3801/3801 3844/3844/3844 3845/3845/3845
f 3803/3803/3803 3804/3804/3804 3842/3842/3842
f 3803/3803/3803 3842/3842/3842 3843/3843/3843
f 3829/3829/3829 3801/3801/3801 3845/3845/3845
f 3829/3829/3829 3845/3845/3845 3846/3846/3846
f 3847/3847/3847 3846/3846/3846 3863/3863/3863
f 3847/3847/3847 3863/3863/3863 3864/3864/3864
f 3845/3845/3845 3844/3844/3844 3861/3861/3861
f 3845/3845/3845 3861/3861/3861 3862/3862/3862
f 3843/3843/3843 3842/3842/3842 3859/3859/3859
f 3843/3843/3843 3859/3859/3859 3860/3860/3860
f 3846/3846/3846 3845/3845/3845 3862/3862/3862
f 3846/3846/3846 3862/3862/3862 3863/3863/3863
f 3844/3844/3844 3843/3843/3843 3860/3860/3860
f 3844/3844/3844 3860/3860/3860 3861/3861/3861
f 3864/3864/3864 3863/3863/3863 3873/3873/3873
f 3864/3864/3864 3873/3873/3873 3875/3875/3875
f 3862/3862/3862 3861/3861/3861 3869/3869/3869
f 3862/3862/3862 3869/3869/3869 3871/3871/3871
f 3860/3860/3860 3859/3859/3859 3865/3865/3865
f 3860/3860/3860 3865/3865/3865 3867/3867/3867
f 3863/3863/3863 3862/3862/3862 3871/3871/3871
f 3863/3863/3863 3871/3871/3871 3873/3873/3873
f 3861/3861/3861 3860/3860/3860 3867/3867/3867
f 3861/3861/3861 3867/3867/3867 3869/3869/3869
f 3868/3868/3868 3866/3866/3866 3877/3877/3877
f 3868/3868/3868 3877/3877/3877 3878/3878/3878
f 3874/3874/3874 3872/3872/3872 3880/3880/3880
f 3874/3874/3874 3880/3880/3880 3881/3881/3881
f 3870/3870/3870 3868/3868/3868 3878/3878/3878
f 3870/3870/3870 3878/3878/3878 3879/3879/3879
f 3876/3876/3876 3874/3874/3874 3881/3881/3881
f 3876/3876/3876 3881/3881/3881 3882/3882/3882
f 3872/3872/3872 3870/3870/3870 3879/3879/3879
f 3872/3872/3872 3879/3879/3879 3880/3880/3880
f 3881/3881/3881 3880/3880/3880 3886/3886/3886
f 3881/3881/3881 3886/3886/3886 3887/3887/3887
f 3879/3879/3879 3878/3878/3878 3884/3884/3884
f 3879/3879/3879 3884/3884/3884 3885/3885/3885
f 3882/3882/3882 3881/3881/3881 3887/3887/3887
f 3882/3882/3882 3887/3887/3887 3888/3888/3888
f 3880/3880/3880 3879/3879/3879 3885/3885/3885
f 3880/3880/3880 3885/3885/3885 3886/3886/3886
f 3878/3878/3878 3877/3877/3877 3883/3883/3883
f 3878/3878/3878 3883/3883/3883 3884/3884/3884
f 3887/3887/3887 3886/3886/3886 3892/3892/3892
f 3887/3887/3887 3892/3892/3892 3893/3893/3893
f 3885/3885/3885 3884/3884/3884 3890/3890/3890
f 3885/3885/3885 3890/3890/3890 3891/3891/3891
f 3888/3888/3888 3887/3887/3887 3893/3893/3893
f 3888/3888/3888 3893/3893/3893 3894/3894/3894
f 3886/3886/3886 3885/3885/3885 3891/3891/3891
f 3886/3886/3886 3891/3891/3891 3892/3892/3892
f 3884/3884/3884 3883/3883/3883 3889/3889/3889
f 3884/3884/3884 3889/3889/3889 3890/3890/3890
f 3900/3900/3900 3896/3896/3896 3902/3902/3902
f 3900/3900/3900 3902/3902/3902 3906/3906/3906
f 3896/3896/3896 3895/3895/3895 3901/3901/3901
f 3896/3896/3896 3901/3901/3901 3902/3902/3902
f 317/317/317 313/313/313 3896/3896/3896
f 317/317/317 3896/3896/3896 3900/3900/3900
f 313/313/313 176/176/176 3895/3895/3895
f 313/313/313 3895/3895/3895 3896/3896/3896
f 176/176/176 163/163/163 3899/3899/3899
f 176/176/176 3899/3899/3899 3895/3895/3895
f 167/167/167 174/174/174 3898/3898/3898
f 167/167/167 3898/3898/3898 3897/3897/3897
f 3905/3905/3905 3903/3903/3903 3909/3909/3909
f 3905/3905/3905 3909/3909/3909 3911/3911/3911
f 3904/3904/3904 3906/3906/3906 3912/3912/3912
f 3904/3904/3904 3912/3912/3912 3910/3910/3910
f 3895/3895/3895 3899/3899/3899 3905/3905/3905
f 3895/3895/3895 3905/3905/3905 3901/3901/3901
f 3897/3897/3897 3898/3898/3898 3904/3904/3904
f 3897/3897/3897 3904/3904/3904 3903/3903/3903
f 3898/3898/3898 3900/3900/3900 3906/3906/3906
f 3898/3898/3898 3906/3906/3906 3904/3904/3904
f 3899/3899/3899 3897/3897/3897 3903/3903/3903
f 3899/3899/3899 3903/3903/3903 3905/3905/3905
f 3909/3909/3909 3910/3910/3910 3916/3916/3916
f 3909/3909/3909 3916/3916/3916 3915/3915/3915
f 3907/3907/3907 3911/3911/3911 3917/3917/3917
f 3907/3907/3907 3917/3917/3917 3913/3913/3913
f 3902/3902/3902 3901/3901/3901 3907/3907/3907
f 3902/3902/3902 3907/3907/3907 3908/3908/3908
f 3906/3906/3906 3902/3902/3902 3908/3908/3908
f 3906/3906/3906 3908/3908/3908 3912/3912/3912
f 3901/3901/3901 3905/3905/3905 3911/3911/3911
f 3901/3901/3901 3911/3911/3911 3907/3907/3907
f 3903/3903/3903 3904/3904/3904 3910/3910/3910
f 3903/3903/3903 3910/3910/3910 3909/3909/3909
f 3914/3914/3914 3913/3913/3913 3919/3919/3919
f 3914/3914/3914 3919/3919/3919 3920/3920/3920
f 3917/3917/3917 3915/3915/3915 3921/3921/3921
f 3917/3917/3917 3921/3921/3921 3923/3923/3923
f 3910/3910/3910 3912/3912/3912 3918/3918/3918
f 3910/3910/3910 3918/3918/3918 3916/3916/3916
f 3911/3911/3911 3909/3909/3909 3915/3915/3915
f 3911/3911/3911 3915/3915/3915 3917/3917/3917
f 3908/3908/3908 3907/3907/3907 3913/3913/3913
f 3908/3908/3908 3913/3913/3913 3914/3914/3914
f 3912/3912/3912 3908/3908/3908 3914/3914/3914
f 3912/3912/3912 3914/3914/3914 3918/3918/3918
f 3922/3922/3922 3924/3924/3924 3932/3932/3932
f 3922/3922/3922 3932/3932/3932 3930/3930/3930
f 3921/3921/3921 3922/3922/3922 3930/3930/3930
f 3921/3921/3921 3930/3930/3930 3929/3929/3929
f 3918/3918/3918 3914/3914/3914 3920/3920/3920
f 3918/3918/3918 3920/3920/3920 3924/3924/3924
f 3913/3913/3913 3917/3917/3917 3923/3923/3923
f 3913/3913/3913 3923/3923/3923 3919/3919/3919
f 3915/3915/3915 3916/3916/3916 3922/3922/3922
f 3915/3915/3915 3922/3922/3922 3921/3921/3921
f 3916/3916/3916 3918/3918/3918 3924/3924/3924
f 3916/3916/3916 3924/3924/3924 3922/3922/3922
f 3977/3977/3977 3975/3975/3975 3936/3936/3936
f 3977/3977/3977 3936/3936/3936 3940/3940/3940
f 3975/3975/3975 3974/3974/3974 3934/3934/3934
f 3975/3975/3975 3934/3934/3934 3935/3935/3935
f 3923/3923/3923 3921/3921/3921 3929/3929/3929
f 3923/3923/3923 3929/3929/3929 3931/3931/3931
f 3920/3920/3920 3919/3919/3919 3926/3926/3926
f 3920/3920/3920 3926/3926/3926 3928/3928/3928
f 3924/3924/3924 3920/3920/3920 3928/3928/3928
f 3924/3924/3924 3928/3928/3928 3932/3932/3932
f 3919/3919/3919 3923/3923/3923 3931/3931/3931
f 3919/3919/3919 3931/3931/3931 3926/3926/3926
f 3939/3939/3939 3937/3937/3937 3945/3945/3945
f 3939/3939/3939 3945/3945/3945 3949/3949/3949
f 3938/3938/3938 3940/3940/3940 3951/3951/3951
f 3938/3938/3938 3951/3951/3951 3947/3947/3947
f 3971/3971/3971 3979/3979/3979 3939/3939/3939
f 3971/3971/3971 3939/3939/3939 3933/3933/3933
f 3985/3985/3985 3982/3982/3982 3938/3938/3938
f 3985/3985/3985 3938/3938/3938 3937/3937/3937
f 3982/3982/3982 3977/3977/3977 3940/3940/3940
f 3982/3982/3982 3940/3940/3940 3938/3938/3938
f 3981/3981/3981 3985/3985/3985 3937/3937/3937
f 3981/3981/3981 3937/3937/3937 3939/3939/3939
f 3950/3950/3950 3946/3946/3946 3955/3955/3955
f 3950/3950/3950 3955/3955/3955 3957/3957/3957
f 3948/3948/3948 3952/3952/3952 3958/3958/3958
f 3948/3948/3948 3958/3958/3958 3956/3956/3956
f 3935/3935/3935 3934/3934/3934 3941/3941/3941
f 3935/3935/3935 3941/3941/3941 3943/3943/3943
f 3940/3940/3940 3935/3935/3935 3943/3943/3943
f 3940/3940/3940 3943/3943/3943 3951/3951/3951
f 3934/3934/3934 3939/3939/3939 3949/3949/3949
f 3934/3934/3934 3949/3949/3949 3941/3941/3941
f 3937/3937/3937 3938/3938/3938 3947/3947/3947
f 3937/3937/3937 3947/3947/3947 3945/3945/3945
f 3954/3954/3954 3953/3953/3953 3959/3959/3959
f 3954/3954/3954 3959/3959/3959 3960/3960/3960
f 3957/3957/3957 3955/3955/3955 3961/3961/3961
f 3957/3957/3957 3961/3961/3961 3963/3963/3963
f 3944/3944/3944 3942/3942/3942 3953/3953/3953
f 3944/3944/3944 3953/3953/3953 3954/3954/3954
f 3952/3952/3952 3944/3944/3944 3954/3954/3954
f 3952/3952/3952 3954/3954/3954 3958/3958/3958
f 3942/3942/3942 3950/3950/3950 3957/3957/3957
f 3942/3942/3942 3957/3957/3957 3953/3953/3953
f 3946/3946/3946 3948/3948/3948 3956/3956/3956
f 3946/3946/3946 3956/3956/3956 3955/3955/3955
f 3962/3962/3962 3964/3964/3964 3970/3970/3970
f 3962/3962/3962 3970/3970/3970 3968/3968/3968
f 3961/3961/3961 3962/3962/3962 3968/3968/3968
f 3961/3961/3961 3968/3968/3968 3967/3967/3967
f 3958/3958/3958 3954/3954/3954 3960/3960/3960
f 3958/3958/3958 3960/3960/3960 3964/3964/3964
f 3953/3953/3953 3957/3957/3957 3963/3963/3963
f 3953/3953/3953 3963/3963/3963 3959/3959/3959
f 3955/3955/3955 3956/3956/3956 3962/3962/3962
f 3955/3955/3955 3962/3962/3962 3961/3961/3961
f 3956/3956/3956 3958/3958/3958 3964/3964/3964
f 3956/3956/3956 3964/3964/3964 3962/3962/3962
f 3969/3969/3969 3967/3967/3967 3968/3968/3968
f 3969/3969/3969 3968/3968/3968 3965/3965/3965
f 3966/3966/3966 3965/3965/3965 3968/3968/3968
f 3966/3966/3966 3968/3968/3968 3970/3970/3970
f 3963/3963/3963 3961/3961/3961 3967/3967/3967
f 3963/3963/3963 3967/3967/3967 3969/3969/3969
f 3960/3960/3960 3959/3959/3959 3965/3965/3965
f 3960/3960/3960 3965/3965/3965 3966/3966/3966
f 3964/3964/3964 3960/3960/3960 3966/3966/3966
f 3964/3964/3964 3966/3966/3966 3970/3970/3970
f 3959/3959/3959 3963/3963/3963 3969/3969/3969
f 3959/3959/3959 3969/3969/3969 3965/3965/3965
f 3931/3931/3931 3929/3929/3929 3985/3985/3985
f 3931/3931/3931 3985/3985/3985 3980/3980/3980
f 3930/3930/3930 3932/3932/3932 3978/3978/3978
f 3930/3930/3930 3978/3978/3978 3983/3983/3983
f 3929/3929/3929 3930/3930/3930 3984/3984/3984
f 3929/3929/3929 3984/3984/3984 3985/3985/3985
f 3926/3926/3926 3931/3931/3931 3980/3980/3980
f 3926/3926/3926 3980/3980/3980 3973/3973/3973
f 3927/3927/3927 3925/3925/3925 3972/3972/3972
f 3927/3927/3927 3972/3972/3972 3975/3975/3975
f 3932/3932/3932 3927/3927/3927 3976/3976/3976
f 3932/3932/3932 3976/3976/3976 3978/3978/3978

