# https://github.com/mikedh/trimesh
mtllib material.mtl
usemtl null.005
v 0.75833499 -0.04079200 -2.21124601
v 0.75833499 -0.04079200 -2.21124601
v 0.87005103 -0.04107000 -2.37512207
v 0.87005103 -0.04107000 -2.37512207
v 0.86581898 0.12261000 -2.41026592
v 0.86581898 0.12261000 -2.41026592
v 0.75186801 0.16600899 -2.25715399
v 0.75186801 0.16600899 -2.25715399
v 0.60455102 -0.04069000 -2.08661604
v 0.60455102 -0.04069000 -2.08661604
v 0.59551299 0.20161600 -2.14080501
v 0.59551299 0.20161600 -2.14080501
v 0.41692299 -0.04060000 -2.00489092
v 0.41692299 -0.04060000 -2.00489092
v 0.40889201 0.23935799 -2.06308293
v 0.40889201 0.23935799 -2.06308293
v 0.21352100 -0.01600600 -1.95841706
v 0.21352100 -0.01600600 -1.95841706
v 0.20836601 0.29371300 -2.01596308
v 0.20836601 0.29371300 -2.01596308
v 0.00000000 0.00106600 -1.94491994
v 0.00000000 0.00106600 -1.94491994
v 0.00000000 0.32102999 -2.00001192
v 0.00000000 0.32102999 -2.00001192
v 0.99192899 -0.04235800 -2.67731690
v 0.99192899 -0.04235800 -2.67731690
v 1.00899303 -0.04736700 -2.77444196
v 1.00899303 -0.04736700 -2.77444196
v 1.00899303 -0.04736700 -2.77444196
v 0.99187398 0.01416800 -2.68755794
v 0.99187398 0.01416800 -2.68755794
v 0.94220901 -0.04137900 -2.52661490
v 0.94220901 -0.04137900 -2.52661490
v 0.94134802 0.07092800 -2.54810405
v 0.94134802 0.07092800 -2.54810405
v 0.93730098 0.17176700 -2.60480905
v 0.84950000 0.26888400 -2.50680494
v 0.72820199 0.35087800 -2.38403296
v 0.56685799 0.41127801 -2.28712893
v 0.38595301 0.46752900 -2.21815491
v 0.19539200 0.52272099 -2.16651201
v 0.00000000 0.54409498 -2.14816594
v 0.99191898 0.06498500 -2.71561408
v 0.37230900 0.60337400 -2.42223096
v 0.18878500 0.65197903 -2.38566494
v 0.00000000 0.66779500 -2.37292790
v 0.99287301 0.10517600 -2.75675106
v 0.93740201 0.26296899 -2.71506596
v 0.83869100 0.38365301 -2.63912201
v 0.70623600 0.48744100 -2.55195999
v 0.54499900 0.56082398 -2.47828794
v 0.94125003 0.30180600 -2.79625511
v 0.84302998 0.43880299 -2.76232791
v 0.70516002 0.55032599 -2.70391011
v 0.54117799 0.62878799 -2.65519309
v 0.37098899 0.67806500 -2.62051392
v 0.18842800 0.69538802 -2.59882498
v 0.00000000 0.70619297 -2.59141707
v 0.99536097 0.13064000 -2.81001210
v 0.37062299 0.70965302 -2.96013904
v 0.18832999 0.73811197 -2.96071291
v 0.00000000 0.74604398 -2.96071291
v 1.00010896 0.13914999 -2.86997199
v 0.95296502 0.31488401 -2.91376090
v 0.85856301 0.45900801 -2.93596005
v 0.71881300 0.57366300 -2.95590711
v 0.54596502 0.65478998 -2.96096611
v 0.87916398 0.43377900 -3.12237310
v 0.73863900 0.54509801 -3.18851089
v 0.55932403 0.62789702 -3.21896791
v 0.37317100 0.68870097 -3.24473190
v 0.18832999 0.71483302 -3.26364899
v 0.00000000 0.72426498 -3.26973104
v 1.00630999 0.12973300 -2.92986798
v 0.96701598 0.29205400 -3.03382111
v 0.18863100 0.63589698 -3.53656411
v 0.00000000 0.64297700 -3.54849911
v 1.01083505 0.10317000 -2.98453498
v 0.97438997 0.23503700 -3.14174008
v 0.89173502 0.35282600 -3.30598307
v 0.75586498 0.45865199 -3.39276290
v 0.57413000 0.53865802 -3.45621300
v 0.37902600 0.59132898 -3.50348401
v 0.75968701 0.32695699 -3.55838895
v 0.75968701 0.32695699 -3.55838895
v 0.58098602 0.39585000 -3.64784288
v 0.58098602 0.39585000 -3.64784288
v 0.38319799 0.45198300 -3.71265006
v 0.38319799 0.45198300 -3.71265006
v 0.18976900 0.48081300 -3.75509405
v 0.18976900 0.48081300 -3.75509405
v 0.00000000 0.48581401 -3.76973104
v 0.00000000 0.48581401 -3.76973104
v 1.01231301 0.06268600 -3.02812600
v 1.01231301 0.06268600 -3.02812600
v 0.97425401 0.15620901 -3.22745395
v 0.97425401 0.15620901 -3.22745395
v 0.88915402 0.24160901 -3.43356395
v 0.88915402 0.24160901 -3.43356395
v 1.01215100 0.01214800 -3.05603504
v 0.96904099 0.06226400 -3.28333807
v 0.88142800 0.10900800 -3.51744795
v 0.75184202 0.15672100 -3.66695404
v 0.57888299 0.20020799 -3.77359200
v 0.38307300 0.22788900 -3.84609199
v 0.18969899 0.24201500 -3.89439011
v 0.00000000 0.24711700 -3.91177011
v 0.74579197 -0.04260300 -3.70570397
v 0.74579197 -0.04260300 -3.70570397
v 0.57377899 -0.04137200 -3.81706691
v 0.57377899 -0.04137200 -3.81706691
v 0.38069001 -0.04055400 -3.89075994
v 0.38069001 -0.04055400 -3.89075994
v 0.18924899 -0.04014800 -3.94209909
v 0.18924899 -0.04014800 -3.94209909
v 0.00000000 -0.04006900 -3.96071410
v 0.00000000 -0.04006900 -3.96071410
v 1.01183403 -0.04398200 -3.06590104
v 1.01183403 -0.04398200 -3.06590104
v 0.96701300 -0.04437900 -3.30383301
v 0.96701300 -0.04437900 -3.30383301
v 0.87614602 -0.04482000 -3.54793406
v 0.87614602 -0.04482000 -3.54793406
v 1.01212800 -0.10013000 -3.05675602
v 1.01212800 -0.10013000 -3.05675602
v 0.96837097 -0.15558501 -3.28660107
v 0.87867999 -0.20818900 -3.52173901
v 0.74573302 -0.25374001 -3.66890097
v 0.57304698 -0.28651300 -3.77248406
v 0.38154301 -0.30821899 -3.84552097
v 0.18954600 -0.32210699 -3.89428997
v 0.00000000 -0.32725501 -3.91177011
v 0.57252997 -0.50361502 -3.64985609
v 0.37956899 -0.54730701 -3.71275592
v 0.18905701 -0.57605398 -3.75465989
v 0.00000000 -0.58632898 -3.76973104
v 1.01220500 -0.15089799 -3.02917004
v 1.01220500 -0.15089799 -3.02917004
v 0.97265399 -0.25637901 -3.23259306
v 0.88323402 -0.35631901 -3.44061303
v 0.74841201 -0.44180501 -3.56230402
v 1.01056302 -0.19123100 -2.98527288
v 1.01056302 -0.19123100 -2.98527288
v 0.97190499 -0.33631399 -3.14637399
v 0.88343602 -0.47239399 -3.31292295
v 0.74282002 -0.58655798 -3.39831591
v 0.56349999 -0.67233002 -3.45958900
v 0.37495300 -0.73579502 -3.50579691
v 0.18833400 -0.77748603 -3.53720689
v 0.00000000 -0.79193097 -3.54849911
v 0.00000000 -0.79193097 -3.54849911
v 0.55118501 -0.77862400 -3.22214198
v 0.37096599 -0.85664898 -3.24631906
v 0.18832999 -0.90695298 -3.26379299
v 0.00000000 -0.92393601 -3.26973104
v 0.00000000 -0.92393601 -3.26973104
v 1.00594997 -0.21698800 -2.92918611
v 1.00594997 -0.21698800 -2.92918611
v 0.96397603 -0.38716200 -3.03603101
v 0.86968201 -0.54677898 -3.12809610
v 0.72481602 -0.67585599 -3.19212198
v 0.94951499 -0.40410399 -2.91319299
v 0.85060000 -0.56292599 -2.94864702
v 0.70782799 -0.70133698 -2.95313907
v 0.54143101 -0.81352800 -2.96161389
v 0.37062401 -0.89867902 -2.96071291
v 0.18832999 -0.95156503 -2.96071291
v 0.00000000 -0.96942198 -2.96071291
v 0.00000000 -0.96942198 -2.96071291
v 0.99953300 -0.22558200 -2.86730289
v 0.99953300 -0.22558200 -2.86730289
v 0.37062499 -0.85665601 -2.67521906
v 0.18832999 -0.90695298 -2.65763402
v 0.00000000 -0.92393601 -2.65169597
v 0.00000000 -0.92393601 -2.65169597
v 0.99453300 -0.21661501 -2.80653000
v 0.99453300 -0.21661501 -2.80653000
v 0.93659198 -0.38591099 -2.79081988
v 0.83529902 -0.53001797 -2.77379990
v 0.69742000 -0.66783798 -2.74271798
v 0.53878099 -0.77499902 -2.70375609
v 0.82971501 -0.45910001 -2.62633705
v 0.69761503 -0.57424098 -2.54260206
v 0.54067302 -0.66573101 -2.47012591
v 0.37111500 -0.73485500 -2.41675711
v 0.18833400 -0.77748501 -2.38421512
v 0.00000000 -0.79193097 -2.37292790
v 0.00000000 -0.79193097 -2.37292790
v 0.99181801 -0.19057301 -2.75261593
v 0.99181801 -0.19057301 -2.75261593
v 0.93065000 -0.33449799 -2.68304300
v 0.19256499 -0.57715303 -2.16218495
v 0.00000000 -0.58671498 -2.14943409
v 0.00000000 -0.58671498 -2.14943409
v 0.99097002 -0.15001000 -2.71128893
v 0.99097002 -0.15001000 -2.71128893
v 0.93172902 -0.25449100 -2.59959698
v 0.83863598 -0.34929001 -2.50117111
v 0.71572697 -0.43065000 -2.37876701
v 0.55651700 -0.49738601 -2.27834797
v 0.37980601 -0.54699498 -2.20649791
v 0.85761899 -0.20416300 -2.41156411
v 0.85761899 -0.20416300 -2.41156411
v 0.74269599 -0.24689300 -2.25990295
v 0.74269599 -0.24689300 -2.25990295
v 0.58621198 -0.28232300 -2.14213896
v 0.58621198 -0.28232300 -2.14213896
v 0.40145800 -0.30849901 -2.06344199
v 0.40145800 -0.30849901 -2.06344199
v 0.20442200 -0.32379699 -2.01153588
v 0.20442200 -0.32379699 -2.01153588
v 0.00000000 -0.32847500 -1.99789703
v 0.00000000 -0.32847500 -1.99789703
v 0.00000000 -0.32847500 -1.99789703
v 0.99118501 -0.09241000 -2.68014908
v 0.99118501 -0.09241000 -2.68014908
v 0.99118501 -0.09241000 -2.68014908
v 0.99118501 -0.09241000 -2.68014908
v 0.93738198 -0.15359600 -2.54476404
v 0.93738198 -0.15359600 -2.54476404
v -0.75833499 -0.04079200 -2.21124601
v -0.75833499 -0.04079200 -2.21124601
v -0.75186801 0.16600899 -2.25715399
v -0.75186801 0.16600899 -2.25715399
v -0.86581898 0.12261000 -2.41026592
v -0.86581898 0.12261000 -2.41026592
v -0.87005103 -0.04107000 -2.37512207
v -0.87005103 -0.04107000 -2.37512207
v -0.60455102 -0.04069000 -2.08661604
v -0.60455102 -0.04069000 -2.08661604
v -0.59551299 0.20161600 -2.14080501
v -0.59551299 0.20161600 -2.14080501
v -0.41692299 -0.04060000 -2.00489092
v -0.41692299 -0.04060000 -2.00489092
v -0.40889201 0.23935799 -2.06308293
v -0.40889201 0.23935799 -2.06308293
v -0.21352100 -0.01600600 -1.95841706
v -0.21352100 -0.01600600 -1.95841706
v -0.20836601 0.29371300 -2.01596308
v -0.20836601 0.29371300 -2.01596308
v -0.99192899 -0.04235800 -2.67731690
v -0.99192899 -0.04235800 -2.67731690
v -0.99187398 0.01416800 -2.68755794
v -0.99187398 0.01416800 -2.68755794
v -1.00899303 -0.04736700 -2.77444196
v -1.00899303 -0.04736700 -2.77444196
v -1.00899303 -0.04736700 -2.77444196
v -1.00899303 -0.04736700 -2.77444196
v -1.00899303 -0.04736700 -2.77444196
v -0.94220901 -0.04137900 -2.52661490
v -0.94220901 -0.04137900 -2.52661490
v -0.94134802 0.07092800 -2.54810405
v -0.94134802 0.07092800 -2.54810405
v -0.84950000 0.26888400 -2.50680494
v -0.93730098 0.17176700 -2.60480905
v -0.72820199 0.35087800 -2.38403296
v -0.56685799 0.41127801 -2.28712893
v -0.38595301 0.46752900 -2.21815491
v -0.19539200 0.52272099 -2.16651201
v -0.99191898 0.06498500 -2.71561408
v -0.18878500 0.65197903 -2.38566494
v -0.37230900 0.60337400 -2.42223096
v -0.99287301 0.10517600 -2.75675106
v -0.93740201 0.26296899 -2.71506596
v -0.83869100 0.38365301 -2.63912201
v -0.70623600 0.48744100 -2.55195999
v -0.54499900 0.56082398 -2.47828794
v -0.84302998 0.43880299 -2.76232791
v -0.94125003 0.30180600 -2.79625511
v -0.70516002 0.55032599 -2.70391011
v -0.54117799 0.62878799 -2.65519309
v -0.37098899 0.67806500 -2.62051392
v -0.37098899 0.67806500 -2.62051392
v -0.37098899 0.67806500 -2.62051392
v -0.18842800 0.69538802 -2.59882498
v -0.18842800 0.69538802 -2.59882498
v -0.99536097 0.13064000 -2.81001210
v -0.18832999 0.73811197 -2.96071291
v -0.18832999 0.73811197 -2.96071291
v -0.37062299 0.70965302 -2.96013904
v -0.37062299 0.70965302 -2.96013904
v -0.37062299 0.70965302 -2.96013904
v -1.00010896 0.13914999 -2.86997199
v -0.95296502 0.31488401 -2.91376090
v -0.85856301 0.45900801 -2.93596005
v -0.71881300 0.57366300 -2.95590711
v -0.54596502 0.65478998 -2.96096611
v -0.73863900 0.54509801 -3.18851089
v -0.87916398 0.43377900 -3.12237310
v -0.55932403 0.62789702 -3.21896791
v -0.37317100 0.68870097 -3.24473190
v -0.18832999 0.71483302 -3.26364899
v -1.00630999 0.12973300 -2.92986798
v -0.96701598 0.29205400 -3.03382111
v -0.18863100 0.63589698 -3.53656411
v -1.01083505 0.10317000 -2.98453498
v -0.97438997 0.23503700 -3.14174008
v -0.89173502 0.35282600 -3.30598307
v -0.75586498 0.45865199 -3.39276290
v -0.57413000 0.53865802 -3.45621300
v -0.37902600 0.59132898 -3.50348401
v -0.58098602 0.39585000 -3.64784288
v -0.58098602 0.39585000 -3.64784288
v -0.75968701 0.32695699 -3.55838895
v -0.75968701 0.32695699 -3.55838895
v -0.38319799 0.45198300 -3.71265006
v -0.38319799 0.45198300 -3.71265006
v -0.18976900 0.48081300 -3.75509405
v -0.18976900 0.48081300 -3.75509405
v -1.01231301 0.06268600 -3.02812600
v -1.01231301 0.06268600 -3.02812600
v -0.97425401 0.15620901 -3.22745395
v -0.97425401 0.15620901 -3.22745395
v -0.88915402 0.24160901 -3.43356395
v -0.88915402 0.24160901 -3.43356395
v -1.01215100 0.01214800 -3.05603504
v -0.96904099 0.06226400 -3.28333807
v -0.88142800 0.10900800 -3.51744795
v -0.75184202 0.15672100 -3.66695404
v -0.57888299 0.20020799 -3.77359200
v -0.38307300 0.22788900 -3.84609199
v -0.18969899 0.24201500 -3.89439011
v -0.57377899 -0.04137200 -3.81706691
v -0.57377899 -0.04137200 -3.81706691
v -0.74579197 -0.04260300 -3.70570397
v -0.74579197 -0.04260300 -3.70570397
v -0.38069001 -0.04055400 -3.89075994
v -0.38069001 -0.04055400 -3.89075994
v -0.18924899 -0.04014800 -3.94209909
v -0.18924899 -0.04014800 -3.94209909
v -1.01183403 -0.04398200 -3.06590104
v -1.01183403 -0.04398200 -3.06590104
v -0.96701300 -0.04437900 -3.30383301
v -0.96701300 -0.04437900 -3.30383301
v -0.87614602 -0.04482000 -3.54793406
v -0.87614602 -0.04482000 -3.54793406
v -0.96837097 -0.15558501 -3.28660107
v -1.01212800 -0.10013000 -3.05675602
v -0.87867999 -0.20818900 -3.52173901
v -0.74573302 -0.25374001 -3.66890097
v -0.57304698 -0.28651300 -3.77248406
v -0.38154301 -0.30821899 -3.84552097
v -0.18954600 -0.32210699 -3.89428997
v -0.37956899 -0.54730701 -3.71275592
v -0.57252997 -0.50361502 -3.64985609
v -0.18905701 -0.57605398 -3.75465989
v -1.01220500 -0.15089799 -3.02917004
v -0.97265399 -0.25637901 -3.23259306
v -0.88323402 -0.35631901 -3.44061303
v -0.74841201 -0.44180501 -3.56230402
v -0.97190499 -0.33631399 -3.14637399
v -1.01056302 -0.19123100 -2.98527288
v -0.88343602 -0.47239399 -3.31292295
v -0.74282002 -0.58655798 -3.39831591
v -0.56349999 -0.67233002 -3.45958900
v -0.37495300 -0.73579502 -3.50579691
v -0.18833400 -0.77748603 -3.53720689
v -0.37096599 -0.85664898 -3.24631906
v -0.55118501 -0.77862400 -3.22214198
v -0.18832999 -0.90695298 -3.26379299
v -1.00594997 -0.21698800 -2.92918611
v -0.96397603 -0.38716200 -3.03603101
v -0.86968201 -0.54677898 -3.12809610
v -0.72481602 -0.67585599 -3.19212198
v -0.85060000 -0.56292599 -2.94864702
v -0.94951499 -0.40410399 -2.91319299
v -0.70782799 -0.70133698 -2.95313907
v -0.54143101 -0.81352800 -2.96161389
v -0.37062401 -0.89867902 -2.96071291
v -0.18832999 -0.95156503 -2.96071291
v -0.99953300 -0.22558200 -2.86730289
v -0.18832999 -0.90695298 -2.65763402
v -0.37062499 -0.85665601 -2.67521906
v -0.99453300 -0.21661501 -2.80653000
v -0.93659198 -0.38591099 -2.79081988
v -0.83529902 -0.53001797 -2.77379990
v -0.69742000 -0.66783798 -2.74271798
v -0.53878099 -0.77499902 -2.70375609
v -0.69761503 -0.57424098 -2.54260206
v -0.82971501 -0.45910001 -2.62633705
v -0.54067302 -0.66573101 -2.47012591
v -0.37111500 -0.73485500 -2.41675711
v -0.18833400 -0.77748501 -2.38421512
v -0.99181801 -0.19057301 -2.75261593
v -0.93065000 -0.33449799 -2.68304300
v -0.19256499 -0.57715303 -2.16218495
v -0.99097002 -0.15001000 -2.71128893
v -0.93172902 -0.25449100 -2.59959698
v -0.83863598 -0.34929001 -2.50117111
v -0.71572697 -0.43065000 -2.37876701
v -0.55651700 -0.49738601 -2.27834797
v -0.37980601 -0.54699498 -2.20649791
v -0.74269599 -0.24689300 -2.25990295
v -0.74269599 -0.24689300 -2.25990295
v -0.85761899 -0.20416300 -2.41156411
v -0.85761899 -0.20416300 -2.41156411
v -0.58621198 -0.28232300 -2.14213896
v -0.58621198 -0.28232300 -2.14213896
v -0.40145800 -0.30849901 -2.06344199
v -0.40145800 -0.30849901 -2.06344199
v -0.20442200 -0.32379699 -2.01153588
v -0.20442200 -0.32379699 -2.01153588
v -0.99118501 -0.09241000 -2.68014908
v -0.99118501 -0.09241000 -2.68014908
v -0.93738198 -0.15359600 -2.54476404
v -0.93738198 -0.15359600 -2.54476404
v 0.99724698 -0.03551700 -2.47164989
v 0.99724698 -0.03551700 -2.47164989
v 0.94495797 -0.01272700 -2.47137403
v 0.94495797 -0.01272700 -2.47137403
v 0.94127500 -0.04427100 -2.52156997
v 0.98130900 -0.06171900 -2.52178097
v 1.09783399 -0.05395400 -2.84155297
v 1.09783399 -0.05395400 -2.84155297
v 1.12684906 -0.07046700 -2.78547311
v 1.12684906 -0.07046700 -2.78547311
v 1.08053696 -0.08847900 -2.76205611
v 1.05832195 -0.07583500 -2.80499411
v 1.04986298 -0.05635600 -2.50236106
v 1.04986298 -0.05635600 -2.50236106
v 1.02159405 -0.07767500 -2.54529500
v 1.05383301 -0.03268300 -2.87175488
v 1.05383301 -0.03268300 -2.87175488
v 1.02463400 -0.05955000 -2.82811594
v 1.13645995 -0.07970900 -2.71205091
v 1.13645995 -0.07970900 -2.71205091
v 1.12520397 -0.08027300 -2.63246489
v 1.12520397 -0.08027300 -2.63246489
v 1.07927799 -0.09598600 -2.64490700
v 1.08789599 -0.09555500 -2.70584202
v 1.09479594 -0.07207200 -2.55883288
v 1.09479594 -0.07207200 -2.55883288
v 1.05599594 -0.08970800 -2.58853197
v 1.00154400 -0.00989300 -2.87147808
v 1.00154400 -0.00989300 -2.87147808
v 0.98459899 -0.04210100 -2.82790494
v 0.90095699 0.00854400 -2.50157499
v 0.90095699 0.00854400 -2.50157499
v 0.90758598 -0.02798500 -2.54469299
v 1.10473704 -0.03417900 -2.64065695
v 1.08145499 -0.02790000 -2.58428097
v 1.10599601 -0.02667100 -2.75780606
v 1.11335504 -0.03374700 -2.70159101
v 0.96673399 0.01753700 -2.51731896
v 0.93304503 0.03382200 -2.54044199
v 1.01005900 0.01970600 -2.82365394
v 1.05009305 0.00225700 -2.82386494
v 1.04705298 -0.01586700 -2.54104400
v 1.08378196 -0.01402800 -2.80074310
v 1.00676799 0.00008800 -2.51752996
v -0.99724698 -0.03551700 -2.47164989
v -0.99724698 -0.03551700 -2.47164989
v -0.98130900 -0.06171900 -2.52178097
v -0.94127500 -0.04427100 -2.52156997
v -0.94495797 -0.01272700 -2.47137403
v -0.94495797 -0.01272700 -2.47137403
v -1.09783399 -0.05395400 -2.84155297
v -1.09783399 -0.05395400 -2.84155297
v -1.05832195 -0.07583500 -2.80499411
v -1.08053696 -0.08847900 -2.76205611
v -1.12684906 -0.07046700 -2.78547311
v -1.12684906 -0.07046700 -2.78547311
v -1.04986298 -0.05635600 -2.50236106
v -1.04986298 -0.05635600 -2.50236106
v -1.02159405 -0.07767500 -2.54529500
v -1.05383301 -0.03268300 -2.87175488
v -1.05383301 -0.03268300 -2.87175488
v -1.02463400 -0.05955000 -2.82811594
v -1.13645995 -0.07970900 -2.71205091
v -1.13645995 -0.07970900 -2.71205091
v -1.08789599 -0.09555500 -2.70584202
v -1.07927799 -0.09598600 -2.64490700
v -1.12520397 -0.08027300 -2.63246489
v -1.12520397 -0.08027300 -2.63246489
v -1.09479594 -0.07207200 -2.55883288
v -1.09479594 -0.07207200 -2.55883288
v -1.05599594 -0.08970800 -2.58853197
v -1.00154400 -0.00989300 -2.87147808
v -1.00154400 -0.00989300 -2.87147808
v -0.98459899 -0.04210100 -2.82790494
v -0.90758598 -0.02798500 -2.54469299
v -0.90095699 0.00854400 -2.50157499
v -0.90095699 0.00854400 -2.50157499
v -1.10473704 -0.03417900 -2.64065695
v -1.08145499 -0.02790000 -2.58428097
v -1.10599601 -0.02667100 -2.75780606
v -1.11335504 -0.03374700 -2.70159101
v -0.96673399 0.01753700 -2.51731896
v -0.93304503 0.03382200 -2.54044199
v -1.01005900 0.01970600 -2.82365394
v -1.05009305 0.00225700 -2.82386494
v -1.04705298 -0.01586700 -2.54104400
v -1.08378196 -0.01402800 -2.80074310
v -1.00676799 0.00008800 -2.51752996
v 0.60499400 0.63347203 -2.89437008
v 0.60442698 0.63138002 -2.86962295
v 0.63741201 0.61739701 -2.86962295
v 0.63797897 0.61948800 -2.89437008
v 0.37351999 0.70959902 -2.93674588
v 0.37320000 0.70844901 -2.92314506
v 0.42177099 0.69857597 -2.92314506
v 0.42209101 0.69972599 -2.93674588
v 0.20917501 0.73663998 -2.89437008
v 0.20860800 0.73454899 -2.86962295
v 0.24159300 0.73159701 -2.86962295
v 0.24216001 0.73368800 -2.89437008
v 0.27514499 0.72878999 -2.89437008
v 0.27457801 0.72669798 -2.86962295
v 0.30756301 0.72179902 -2.86962295
v 0.30813000 0.72389102 -2.89437008
v 0.34111500 0.71710700 -2.89437008
v 0.34054801 0.71501499 -2.86962295
v 0.37353200 0.70823097 -2.86962295
v 0.37409899 0.71032298 -2.89437008
v 0.40651700 0.69951999 -2.86962295
v 0.43950200 0.69080901 -2.86962295
v 0.44006899 0.69290000 -2.89437008
v 0.47305399 0.68239403 -2.89437008
v 0.47248700 0.68030298 -2.86962295
v 0.50547200 0.66979802 -2.86962295
v 0.50603902 0.67188799 -2.89437008
v 0.53902400 0.65967202 -2.89437008
v 0.53845698 0.65758097 -2.86962295
v 0.57144201 0.64536399 -2.86962295
v 0.57200903 0.64745498 -2.89437008
v 0.22780600 0.73230898 -2.93674588
v 0.22748600 0.73115897 -2.92314506
v 0.27605700 0.72475302 -2.92314506
v 0.27637801 0.72590297 -2.93674588
v 0.32462800 0.71716899 -2.92314506
v 0.32494900 0.71831900 -2.93674588
v 0.22037345 0.73584282 -3.00330329
v 0.21977544 0.73409891 -2.98977542
v 0.26792186 0.72895104 -2.98831534
v 0.26851830 0.73065227 -3.00184894
v 0.31597549 0.72127980 -2.98718953
v 0.31656963 0.72291952 -3.00073075
v 0.37861463 0.70752156 -2.98654056
v 0.37920412 0.70903260 -3.00009918
v 0.44524309 0.68979353 -3.00116754
v 0.44466209 0.68851143 -2.98757863
v 0.50944686 0.66565746 -2.99346781
v 0.50944686 0.66565746 -2.99346781
v 0.50806701 0.66746145 -3.00690818
v 0.50806701 0.66746145 -3.00690818
v 0.55874616 0.64539725 -3.00069118
v 0.55874616 0.64539725 -3.00069118
v 0.55705738 0.64723557 -3.01411390
v 0.55705738 0.64723557 -3.01411390
v 0.60566652 0.62350988 -3.00944972
v 0.60397792 0.62534827 -3.02287340
v 0.39287400 0.69084001 -2.77330804
v 0.21222000 0.72243202 -2.77330804
v 0.21685600 0.71142399 -2.67672396
v 0.39066201 0.68170798 -2.67672396
v 0.38968301 0.67873001 -2.63399792
v 0.22200599 0.70676798 -2.63399792
v 0.23525500 0.69826901 -2.59127212
v 0.38870400 0.67412800 -2.59127212
v 0.38773900 0.66926903 -2.54914904
v 0.26035601 0.68627298 -2.54914904
v 0.27817899 0.67883098 -2.52808690
v 0.38725600 0.66411698 -2.52808690
v 0.38691801 0.65859902 -2.51334310
v 0.29884201 0.67137998 -2.51334310
v 0.33757201 0.65898103 -2.49860001
v 0.38658100 0.65254402 -2.49860001
v 0.38644299 0.64737803 -2.49258208
v 0.24562800 0.69286698 -2.57020998
v 0.38822100 0.67169797 -2.57020998
v 0.39508700 0.69997197 -2.86989188
v 0.21515600 0.73136598 -2.86989188
v 0.30986801 0.71474099 -2.84928989
v 0.29945001 0.71842402 -2.86562800
v 0.28360999 0.72277898 -2.87654400
v 0.26476100 0.72714198 -2.88037705
v 0.24577200 0.73084903 -2.87654400
v 0.22953400 0.73333502 -2.86562800
v 0.21852000 0.73422301 -2.84928989
v 0.21440500 0.73337698 -2.83001900
v 0.21781600 0.73092502 -2.81074905
v 0.22823501 0.72724199 -2.79441190
v 0.24407400 0.72288698 -2.78349495
v 0.26292300 0.71852398 -2.77966309
v 0.28191200 0.71481699 -2.78349495
v 0.29815000 0.71233100 -2.79441190
v 0.30916500 0.71144301 -2.81074905
v 0.31327999 0.71228898 -2.83001900
v -0.60499400 0.63347203 -2.89267874
v -0.63797897 0.61948800 -2.89051247
v -0.63741201 0.61739701 -2.86576533
v -0.60442698 0.63138002 -2.86793160
v -0.37351999 0.70959902 -2.93674588
v -0.42209101 0.69972599 -2.93674588
v -0.42177099 0.69857597 -2.92314506
v -0.37320000 0.70844901 -2.92314506
v -0.20917501 0.73663998 -2.89294338
v -0.24264400 0.73434079 -2.89288330
v -0.24207699 0.73224980 -2.86813617
v -0.20860800 0.73454899 -2.86819625
v -0.27514499 0.72878999 -2.89398146
v -0.30813000 0.72389102 -2.89420938
v -0.30756301 0.72179902 -2.86946225
v -0.27457801 0.72669798 -2.86923432
v -0.34111500 0.71710700 -2.89445877
v -0.37409899 0.71032298 -2.89418530
v -0.37353200 0.70823097 -2.86943817
v -0.34054801 0.71501499 -2.86971164
v -0.44006899 0.69329113 -2.89324546
v -0.43950200 0.69120014 -2.86849833
v -0.40689042 0.70286286 -2.86822319
v -0.47305399 0.68239403 -2.89411378
v -0.50603902 0.67188799 -2.89336133
v -0.50547200 0.66979802 -2.86861420
v -0.47248700 0.68030298 -2.86936665
v -0.53902400 0.65967202 -2.89343882
v -0.57200903 0.64745498 -2.89297438
v -0.57144201 0.64536399 -2.86822724
v -0.53845698 0.65758097 -2.86869168
v -0.22780600 0.73230898 -2.93674588
v -0.27637801 0.72590297 -2.93674588
v -0.27605700 0.72475302 -2.92314506
v -0.22748600 0.73115897 -2.92314506
v -0.32494900 0.71831900 -2.93674588
v -0.32462800 0.71716899 -2.92314506
v -0.21979861 0.73188221 -2.99688053
v -0.26798320 0.72770405 -2.99409223
v -0.26717168 0.72748810 -2.98046494
v -0.21898629 0.73162317 -2.98325419
v -0.31611881 0.72096097 -2.99136019
v -0.31530857 0.72080708 -2.97773170
v -0.37893578 0.70829707 -2.98820066
v -0.37812793 0.70827299 -2.97456932
v -0.44526780 0.69018561 -2.98608732
v -0.50851583 0.66843283 -2.98832870
v -0.50968331 0.66813815 -2.97475100
v -0.44446439 0.69039243 -2.97245097
v -0.55792814 0.64837652 -2.99247980
v -0.55940533 0.64805114 -2.97891092
v -0.60532427 0.62646347 -2.99802542
v -0.60680115 0.62613803 -2.98445559
v -0.39287400 0.69084001 -2.77330804
v -0.39066201 0.68170798 -2.67672396
v -0.21685600 0.71142399 -2.67672396
v -0.21222000 0.72243202 -2.77330804
v -0.38968301 0.67873001 -2.63399792
v -0.38870400 0.67412800 -2.59127212
v -0.23525500 0.69826901 -2.59127212
v -0.22200599 0.70676798 -2.63399792
v -0.38773900 0.66926903 -2.54914904
v -0.38725600 0.66411698 -2.52808690
v -0.27817899 0.67883098 -2.52808690
v -0.26035601 0.68627298 -2.54914904
v -0.38691801 0.65859902 -2.51334310
v -0.38658100 0.65254402 -2.49860001
v -0.33757201 0.65898103 -2.49860001
v -0.29884201 0.67137998 -2.51334310
v -0.38644299 0.64737803 -2.49258208
v -0.38822100 0.67169797 -2.57020998
v -0.24562800 0.69286698 -2.57020998
v -0.39508700 0.69997197 -2.86989188
v -0.21515600 0.73136598 -2.86989188
v -0.56964999 0.64519697 -2.84928989
v -0.57283503 0.64245802 -2.83001900
v -0.56866199 0.64197302 -2.81074905
v -0.55776602 0.64381802 -2.79441190
v -0.54180700 0.64771003 -2.78349495
v -0.52321303 0.65305799 -2.77966309
v -0.50481600 0.65904701 -2.78349495
v -0.48941699 0.66476601 -2.79441190
v -0.47935900 0.66934299 -2.81074905
v -0.47617400 0.67208302 -2.83001900
v -0.48034701 0.67256701 -2.84928989
v -0.49124199 0.67072302 -2.86562800
v -0.50720203 0.66683000 -2.87654400
v -0.52579498 0.66148299 -2.88037705
v -0.54419202 0.65549302 -2.87654400
v -0.55959201 0.64977503 -2.86562800
v 0.15275501 0.61635000 -2.29396605
v 0.14053801 0.61901498 -2.29887795
v 0.12667900 0.61265802 -2.28315401
v 0.13769200 0.60885298 -2.27593493
v -0.16197000 0.62466401 -2.31353092
v -0.15048900 0.62701702 -2.31780696
v -0.16234800 0.62360197 -2.31463790
v -0.16259199 0.62554902 -2.31514001
v 0.10812900 0.60748899 -2.26918602
v 0.11694300 0.60129499 -2.26050305
v 0.13747901 0.60735601 -2.27623200
v 0.12699001 0.61260498 -2.28301096
v 0.16197000 0.62466401 -2.31353092
v 0.15048900 0.62701702 -2.31780696
v -0.15275501 0.61635000 -2.29396605
v -0.14053801 0.61901498 -2.29887795
v 0.08489500 0.60409898 -2.26080894
v 0.09172400 0.59693199 -2.25023985
v 0.16259199 0.62554902 -2.31514001
v 0.16234800 0.62360197 -2.31463790
v -0.13769200 0.60885298 -2.27593493
v -0.12667900 0.61265802 -2.28315401
v 0.05824200 0.60236698 -2.26063514
v 0.06324400 0.59437102 -2.24851513
v -0.11723600 0.60272998 -2.26012993
v -0.10785900 0.60755903 -2.26937199
v 0.02957300 0.60769445 -2.27060318
v 0.03214400 0.60025346 -2.25954509
v -0.09212000 0.59831703 -2.25176144
v -0.08475300 0.60401398 -2.26266336
v 0.00000000 0.62391973 -2.28767133
v 0.00000000 0.61669976 -2.27700233
v -0.06345300 0.59588999 -2.25110435
v -0.05837800 0.60222799 -2.26323843
v -0.02957300 0.60717160 -2.26909685
v -0.03214400 0.59973061 -2.25803876
v -0.03234800 0.60106462 -2.25747776
v -0.02976100 0.60688460 -2.26866293
v -0.05824200 0.60236698 -2.26339936
v -0.06324400 0.59437102 -2.25127935
v 0.00000000 0.61789775 -2.27613544
v 0.00000000 0.62369972 -2.28732848
v -0.08489500 0.60409898 -2.26276851
v -0.09172400 0.59693199 -2.25219941
v 0.03234800 0.60158747 -2.25898409
v 0.02976100 0.60740745 -2.27016926
v -0.10812900 0.60748899 -2.26918602
v -0.11694300 0.60129499 -2.26050305
v 0.06345300 0.59588999 -2.24834013
v 0.05837800 0.60222799 -2.26047421
v -0.12699001 0.61260498 -2.28301096
v -0.13747901 0.60735601 -2.27623200
v 0.09212000 0.59831703 -2.24980187
v 0.08475300 0.60401398 -2.26070380
v -0.14075799 0.61893100 -2.29865289
v -0.15237699 0.61477500 -2.29415011
v 0.15047900 0.62715101 -2.31805205
v 0.16162200 0.62306303 -2.31365800
v 0.11723600 0.60272998 -2.26012993
v 0.10785900 0.60755903 -2.26937199
v -0.15047900 0.62715101 -2.31805205
v -0.16162200 0.62306303 -2.31365800
v 0.14075799 0.61893100 -2.29865289
v 0.15237699 0.61477500 -2.29415011
v 0.38453099 0.04279200 -3.92623305
v 0.38453099 0.04279200 -3.92623305
v 0.29159701 0.13152599 -3.93485498
v 0.44254899 0.36927199 -3.83500695
v 0.59435499 0.16897200 -3.83358192
v 0.59435499 0.16897200 -3.83358192
v 0.15609901 0.20002501 -3.93640494
v 0.23543100 0.48394701 -3.83495808
v 0.00000000 0.20785999 -3.93653703
v 0.00000000 0.52201301 -3.83495903
v -0.15609901 0.20002501 -3.93640494
v -0.23543100 0.48394701 -3.83495808
v -0.29159701 0.13152599 -3.93485498
v -0.44254899 0.36927199 -3.83500695
v -0.38453099 0.04279200 -3.92623305
v -0.59445000 0.16897200 -3.83358192
v 0.58814001 0.50335598 -3.66797400
v 0.79955602 0.25280899 -3.66893506
v 0.79955602 0.25280899 -3.66893506
v 0.31562299 0.64547902 -3.66797209
v 0.00000000 0.69506401 -3.66797209
v -0.31562299 0.64547902 -3.66797209
v -0.58814001 0.50335598 -3.66797400
v -0.79977101 0.25280899 -3.66893506
v 0.71284801 0.58696699 -3.45427990
v 0.96487099 0.31271100 -3.45444798
v 0.96487099 0.31271100 -3.45444798
v 0.36977500 0.75125200 -3.45427895
v 0.00000000 0.80864298 -3.45427990
v -0.36977500 0.75125200 -3.45427895
v -0.71284801 0.58696699 -3.45427990
v -0.96507901 0.31271100 -3.45444798
v 0.76567501 0.62984198 -3.21768188
v 1.03068805 0.34426999 -3.21768188
v 1.03068805 0.34426999 -3.21768188
v 0.39658099 0.80561101 -3.21768188
v -0.19221702 0.86669123 -3.21112275
v -0.39658099 0.80561101 -3.21768188
v -0.76567501 0.62984198 -3.21768188
v -1.03086996 0.34426901 -3.21768188
v 0.77578998 0.64221901 -2.96065402
v 1.03895402 0.35331601 -2.96065402
v 0.40307400 0.82130200 -2.96065402
v 0.09938396 0.86888325 -3.02345514
v -0.47259060 0.81601650 -3.04510999
v -0.77578998 0.64221901 -2.96065402
v -1.03915501 0.35331601 -2.96065402
v 0.78416526 0.63255662 -2.80934572
v 1.00940132 0.41951334 -2.79454947
v 0.46644700 0.81986594 -2.79914284
v 0.29009053 0.84394515 -2.88553476
v -0.64063537 0.76079553 -2.63142657
v -1.01984894 0.35571200 -2.66463494
v 0.33943200 -0.04654500 -3.94490099
v 0.29821500 -0.04654500 -3.95763397
v 0.29821500 -0.04654500 -3.95763397
v 0.42868900 -0.03624200 -3.90733695
v 0.22580600 -0.04654500 -3.96938992
v 0.12194900 -0.04654500 -3.97721505
v 0.00000000 -0.04654500 -3.97989798
v -0.12194400 -0.04654500 -3.97726393
v -0.22579600 -0.04654500 -3.96940899
v -0.29821500 -0.04654500 -3.95763397
v -0.33943200 -0.04654500 -3.94490099
v -0.42868900 -0.03624200 -3.90733695
v -0.64629197 -0.04379800 -3.80443406
v -0.84798700 -0.05415100 -3.67743611
v -1.01881695 -0.06570900 -3.45207310
v -1.08519602 -0.07138800 -3.21768093
v -1.12044597 -0.07253200 -2.96065402
v -1.10118699 -0.07024400 -2.66463399
v -1.03711355 0.06622366 -2.40719056
v -0.65818459 0.70270443 -2.06520772
v -0.65409327 0.77042055 -2.43452382
v -0.34531879 0.82286477 -3.13574266
v 0.67746484 0.78350592 -2.66189623
v 0.83155721 0.64146334 -2.57946420
v 0.99024385 0.37181768 -2.53435779
v 1.08766699 -0.06539612 -2.83620548
v 1.06854188 -0.03469572 -2.79164147
v 1.12161195 -0.07253200 -2.96065402
v 1.08499098 -0.07138800 -3.21768188
v 1.08499098 -0.07138800 -3.21768188
v 1.01819801 -0.06570800 -3.45207310
v 0.84760398 -0.05415100 -3.67743611
v 0.64618802 -0.04379700 -3.80443501
v 0.42226300 -0.08831600 -3.91534805
v 0.59585798 -0.11475500 -3.83292103
v 0.56942397 -0.23389600 -3.83839989
v 0.39901599 -0.12968600 -3.92410302
v 0.50983602 -0.35645500 -3.84033298
v 0.35994700 -0.17242900 -3.93093300
v 0.42462999 -0.45971599 -3.84147406
v 0.30612800 -0.21362901 -3.93546700
v 0.33056301 -0.53688902 -3.84312296
v 0.23966800 -0.24885400 -3.93837094
v 0.22693400 -0.59181601 -3.84495902
v 0.16354901 -0.27526700 -3.94018292
v 0.11546800 -0.62543899 -3.84627008
v 0.08236100 -0.29146999 -3.94119501
v 0.00000000 -0.63683802 -3.84673095
v 0.00000000 -0.29691401 -3.94152188
v -0.11546800 -0.62543899 -3.84627008
v -0.08236100 -0.29146999 -3.94119501
v -0.22693400 -0.59181601 -3.84495902
v -0.16355300 -0.27526999 -3.94020391
v -0.33056301 -0.53688902 -3.84312296
v -0.23966800 -0.24886000 -3.93841004
v -0.42463201 -0.45970300 -3.84144998
v -0.30612800 -0.21362901 -3.93546700
v -0.50982898 -0.35636801 -3.84017706
v -0.35994700 -0.17242900 -3.93093300
v -0.56941903 -0.23362800 -3.83791804
v -0.39900699 -0.12967700 -3.92407203
v -0.59584600 -0.11435400 -3.83220005
v -0.42225400 -0.08830100 -3.91530395
v 0.81185800 -0.15692700 -3.68510795
v 0.77120298 -0.33326399 -3.68642497
v 0.67649299 -0.48930401 -3.68492198
v 0.56967300 -0.60568303 -3.68377709
v 0.44525999 -0.69870800 -3.68341208
v 0.30563501 -0.77227402 -3.68398499
v 0.15551201 -0.81995499 -3.68477702
v 0.00000000 -0.83634901 -3.68507290
v -0.15551201 -0.81995499 -3.68477702
v -0.30563501 -0.77227402 -3.68398499
v -0.44525999 -0.69870800 -3.68341208
v -0.56967300 -0.60568303 -3.68377709
v -0.67646801 -0.48926201 -3.68485093
v -0.77119201 -0.33295700 -3.68585396
v -0.81183898 -0.15622500 -3.68379903
v 0.96550798 -0.19691600 -3.46954799
v 0.90728998 -0.40720201 -3.46950197
v 0.79783201 -0.57143903 -3.46856999
v 0.67415202 -0.69693100 -3.46732712
v 0.52708101 -0.80426902 -3.46586299
v 0.36183900 -0.88997799 -3.46503401
v 0.18410800 -0.94564903 -3.46476007
v 0.00000000 -0.96469098 -3.46469688
v -0.18410800 -0.94564903 -3.46476007
v -0.36183900 -0.88997799 -3.46503401
v -0.52708399 -0.80426902 -3.46588302
v -0.67415398 -0.69693100 -3.46734905
v -0.79783201 -0.57143903 -3.46856999
v -0.90727800 -0.40713301 -3.46937299
v -0.96549797 -0.19667201 -3.46907401
v 1.04892504 -0.22813100 -3.21346593
v 0.97913599 -0.44696301 -3.21268797
v 0.86523098 -0.61397499 -3.21224093
v 0.73128200 -0.74609601 -3.21128607
v 0.57161301 -0.85940599 -3.20947695
v 0.39235300 -0.94970101 -3.20806098
v 0.19962800 -1.00937295 -3.20723605
v 0.00000000 -1.03005195 -3.20696712
v -0.19962800 -1.00937295 -3.20723605
v -0.39235300 -0.94970101 -3.20806098
v -0.57161301 -0.85940599 -3.20950699
v -0.73128301 -0.74609601 -3.21131802
v -0.86523098 -0.61397499 -3.21224093
v -0.97913599 -0.44696301 -3.21268797
v -1.04892504 -0.22813100 -3.21346593
v 1.08518302 -0.24924600 -2.93533802
v 1.00667500 -0.46021399 -2.93412805
v 0.88980299 -0.62832701 -2.93358397
v 0.75126499 -0.76286203 -2.93242311
v 0.58645201 -0.87777501 -2.93010306
v 0.40222201 -0.96948701 -2.92827106
v 0.20461901 -1.03077900 -2.92718291
v 0.00000000 -1.05212700 -2.92682409
v -0.20461901 -1.03077900 -2.92718291
v -0.40222201 -0.96948701 -2.92827106
v -0.58645397 -0.87777501 -2.93014193
v -0.75126499 -0.76286203 -2.93246603
v -0.88980699 -0.62832701 -2.93360806
v -1.00667500 -0.46021399 -2.93412805
v -1.08518302 -0.24924600 -2.93533802
v 1.06213200 -0.24815001 -2.64192390
v 0.97962898 -0.45824799 -2.64020991
v 0.86441898 -0.62611502 -2.63958406
v 0.72973800 -0.76022702 -2.63824606
v 0.56960201 -0.87470102 -2.63547111
v 0.39054799 -0.96584302 -2.63326406
v 0.19861400 -1.02655005 -2.63199806
v 0.00000000 -1.04766297 -2.63157606
v -0.19861400 -1.02655005 -2.63199806
v -0.39055401 -0.96584398 -2.63328600
v -0.56960201 -0.87470400 -2.63551903
v -0.72974098 -0.76022899 -2.63829994
v -0.86441898 -0.62611598 -2.63961291
v -0.97962898 -0.45824799 -2.64020991
v -1.06218302 -0.24813800 -2.64194107
v 0.99132198 -0.24225600 -2.35450912
v 0.91222399 -0.44660899 -2.35272098
v 0.79619098 -0.61146599 -2.35185194
v 0.67220098 -0.74225801 -2.35118890
v 0.52702898 -0.85382497 -2.34895492
v 0.36216000 -0.94216001 -2.34702802
v 0.18417600 -1.00036395 -2.34590292
v 0.00000000 -1.02050900 -2.34552908
v -0.18417600 -1.00036395 -2.34590292
v -0.36215699 -0.94216597 -2.34705400
v -0.52700901 -0.85383600 -2.34900999
v -0.67217499 -0.74226803 -2.35125089
v -0.79617900 -0.61146998 -2.35188699
v -0.91219300 -0.44661000 -2.35273695
v -0.99151301 -0.24220400 -2.35454392
v 0.95301247 -0.23648563 -2.10008287
v 0.88581002 -0.42704329 -2.13741541
v 0.75053126 -0.60841668 -2.12984276
v 0.62347102 -0.72077501 -2.08576202
v 0.33597600 -0.91345400 -2.08232307
v 0.00000000 -0.98795098 -2.08106709
v -0.33591300 -0.91346300 -2.08235097
v -0.48791200 -0.82857698 -2.08393097
v -0.64786023 -0.71001214 -2.13785267
v -0.75929701 -0.59459198 -2.08771992
v -0.87932265 -0.44396365 -2.14951181
v -0.96299052 -0.24613521 -2.16973495
v -0.97105557 -0.11387351 -2.21403646
v 0.33301800 -0.03465400 -3.93734407
v 0.42352599 -0.02493000 -3.90733194
v 0.31407899 -0.03465400 -3.94402695
v 0.29326501 -0.03465400 -3.95112395
v 0.26249599 -0.03465400 -3.95792007
v 0.22274300 -0.03465400 -3.96399903
v 0.17515101 -0.03465400 -3.96902895
v 0.12110800 -0.03465400 -3.97276807
v 0.06242800 -0.03465400 -3.97506499
v 0.00147500 -0.03465400 -3.97583890
v -0.05947000 -0.03465400 -3.97506595
v -0.11815400 -0.03465400 -3.97281909
v -0.17220099 -0.03465400 -3.96912193
v -0.21980700 -0.03465400 -3.96401811
v -0.25955999 -0.03465400 -3.95792007
v -0.29033500 -0.03465400 -3.95112395
v -0.31114799 -0.03465400 -3.94402790
v -0.42351499 -0.02492100 -3.90729403
v -0.33009100 -0.03465400 -3.93734288
v -0.59773099 -0.01774100 -3.82393003
v -0.81250203 -0.01865800 -3.67647505
v -0.98402500 -0.02823900 -3.46230292
v -1.06039405 -0.05074300 -3.21092200
v -1.10182202 -0.07336100 -2.93559408
v -1.08080196 -0.07345100 -2.64307094
v -1.02504897 -0.07389800 -2.35732889
v 0.96177983 -0.11215208 -2.16655135
v 1.02374303 -0.07390200 -2.35724711
v 1.08043897 -0.07345100 -2.64306903
v 1.10182202 -0.07336100 -2.93559408
v 1.06042600 -0.05074700 -3.21093392
v 0.98405498 -0.02843800 -3.46269894
v 0.81251502 -0.01918400 -3.67746305
v 0.59774399 -0.01803400 -3.82445598
v 0.98107600 0.23957600 -3.34991097
v 1.02903497 0.24132399 -3.11174202
v 1.06492400 -0.06322100 -3.11174202
v 1.01696503 -0.06497000 -3.34991097
v 0.83835900 0.46504700 -3.34991097
v 0.88694203 0.46679500 -3.11174202
v -0.98107600 0.23957600 -3.34991097
v -1.01696503 -0.06497000 -3.34991097
v -1.06492400 -0.06322100 -3.11174202
v -1.02903497 0.24132399 -3.11174202
v -0.83835900 0.46504700 -3.34991097
v -0.88694203 0.46679500 -3.11174202
v -1.05724502 -0.06315500 -2.88765407
v -1.03206503 0.24139100 -2.88767099
v -0.87998700 0.46686199 -2.88767910
v 0.36181799 0.61436802 -2.83006001
v 0.33684200 0.61436802 -2.82248306
v 0.31382301 0.61436802 -2.81017995
v 0.29364800 0.61436802 -2.79362202
v 0.27709001 0.61436802 -2.77344608
v 0.26478601 0.61436802 -2.75042796
v 0.25720999 0.61436802 -2.72545099
v 0.25465101 0.61436802 -2.69947696
v 0.25720999 0.61436802 -2.67350197
v 0.26478601 0.61436802 -2.64852595
v 0.27709001 0.61436802 -2.62550712
v 0.29364800 0.61436802 -2.60533190
v 0.31382301 0.61436802 -2.58877397
v 0.33684200 0.61436802 -2.57646990
v 0.36181799 0.61436802 -2.56889391
v 0.38779300 0.61436802 -2.56633592
v 0.41376701 0.61436802 -2.56889391
v 0.43874401 0.61436802 -2.57646990
v 0.46176201 0.61436802 -2.58877397
v 0.48193800 0.61436802 -2.60533190
v 0.49849600 0.61436802 -2.62550712
v 0.51079899 0.61436802 -2.64852595
v 0.51837599 0.61436802 -2.67350197
v 0.52093399 0.61436802 -2.69947696
v 0.51837599 0.61436802 -2.72545099
v 0.51079899 0.61436802 -2.75042796
v 0.49849600 0.61436802 -2.77344608
v 0.48193800 0.61436802 -2.79362202
v 0.46176201 0.61436802 -2.81017995
v 0.43874401 0.61436802 -2.82248306
v 0.41376701 0.61436802 -2.83006001
v 0.38779300 0.61436802 -2.83261800
v -0.36181799 0.61436802 -2.83006001
v -0.38779300 0.61436802 -2.83261800
v -0.41376701 0.61436802 -2.83006001
v -0.43874401 0.61436802 -2.82248306
v -0.46176201 0.61436802 -2.81017995
v -0.48193800 0.61436802 -2.79362202
v -0.49849600 0.61436802 -2.77344608
v -0.51079899 0.61436802 -2.75042796
v -0.51837599 0.61436802 -2.72545099
v -0.52093399 0.61436802 -2.69947696
v -0.51837599 0.61436802 -2.67350197
v -0.51079899 0.61436802 -2.64852595
v -0.49849600 0.61436802 -2.62550712
v -0.48193800 0.61436802 -2.60533190
v -0.46176201 0.61436802 -2.58877397
v -0.43874401 0.61436802 -2.57646990
v -0.41376701 0.61436802 -2.56889391
v -0.38779300 0.61436802 -2.56633592
v -0.36181799 0.61436802 -2.56889391
v -0.33684200 0.61436802 -2.57646990
v -0.31382301 0.61436802 -2.58877397
v -0.29364800 0.61436802 -2.60533190
v -0.27709001 0.61436802 -2.62550712
v -0.26478601 0.61436802 -2.64852595
v -0.25720999 0.61436802 -2.67350197
v -0.25465101 0.61436802 -2.69947696
v -0.25720999 0.61436802 -2.72545099
v -0.26478601 0.61436802 -2.75042796
v -0.27709001 0.61436802 -2.77344608
v -0.29364800 0.61436802 -2.79362202
v -0.31382301 0.61436802 -2.81017995
v -0.33684200 0.61436802 -2.82248306
v 0.17619000 0.73959202 -2.89437008
v 0.17562300 0.73750103 -2.86962295
v -0.17619000 0.73959202 -2.89081407
v -0.17562300 0.73750103 -2.86606693
v -0.40745741 0.70495385 -2.89297032
v 0.57501900 0.64303100 -2.86989188
v 0.57352901 0.63370103 -2.77330804
v 0.56446701 0.62644500 -2.67672396
v 0.55735898 0.62514502 -2.63399792
v 0.53081501 0.62498200 -2.57020998
v 0.51512200 0.62671798 -2.54914904
v 0.54215300 0.62443900 -2.59127212
v 0.49633300 0.62930202 -2.52808690
v 0.47499499 0.63335198 -2.51334310
v 0.43558899 0.64234900 -2.49860001
v -0.57501900 0.64303100 -2.86989188
v -0.57352901 0.63370103 -2.77330804
v -0.56446701 0.62644500 -2.67672396
v -0.55735898 0.62514502 -2.63399792
v -0.53081501 0.62498200 -2.57020998
v -0.51512200 0.62671798 -2.54914904
v -0.54215300 0.62443900 -2.59127212
v -0.49633300 0.62930202 -2.52808690
v -0.47499499 0.63335198 -2.51334310
v -0.43558899 0.64234900 -2.49860001
v 0.40708399 0.70161098 -2.89437008
v -0.56774575 0.77801824 -2.80446124
v -0.05773400 -0.63113850 -3.84650040
v -0.10230950 -1.04145300 -2.92700338
v -0.09930700 -1.03710651 -2.63178706
v -0.09208800 -1.01043653 -2.34571600
v -0.04118050 -0.29419202 -3.94135857
v -0.07775600 -0.82815200 -3.68492508
v -0.09981400 -1.01971245 -3.20710158
v -0.09205400 -0.95517004 -3.46472836
v -0.02899750 -0.03465400 -3.97545242
v 0.13744138 -0.97961909 -2.15036988
v 0.04118050 -0.29419202 -3.94135857
v 0.03195150 -0.03465400 -3.97545195
v 0.10230950 -1.04145300 -2.92700338
v 0.09930700 -1.03710651 -2.63178706
v 0.09208800 -1.01043653 -2.34571600
v 0.05773400 -0.63113850 -3.84650040
v 0.09205400 -0.95517004 -3.46472836
v 0.07775600 -0.82815200 -3.68492508
v 0.09981400 -1.01971245 -3.20710158
v -0.14594638 -0.97668529 -2.14905810
v 0.00000000 -1.00229692 -2.27960062
v 0.44459450 -0.89799249 -2.34799147
v 0.14812951 -0.03465400 -3.97089863
v 0.27874851 -0.56435251 -3.84404087
v 0.44446000 -0.84712350 -3.46544838
v 0.37544751 -0.73549104 -3.68369865
v 0.49433702 -0.92363101 -2.92918706
v 0.48198301 -0.90455353 -3.20876884
v 0.48007500 -0.92027199 -2.63436747
v 0.20160851 -0.26206049 -3.93927693
v 0.19204548 -0.94818479 -2.10979390
v 0.27297351 -0.91781354 -3.46489716
v 0.29599050 -0.97953701 -3.20764852
v 0.09176800 -0.03465400 -3.97391653
v 0.12295500 -0.28336850 -3.94068909
v 0.30342051 -1.00013304 -2.92772698
v 0.27316800 -0.97126198 -2.34646559
v 0.17120101 -0.60862750 -3.84561443
v 0.23057351 -0.79611450 -3.68438101
v 0.29458100 -0.99619651 -2.63263106
v 0.48354825 -0.85914212 -2.12739062
v 0.35233524 -0.92745072 -2.28105211
v 0.51974440 -0.79578960 -2.10880303
v -0.27874851 -0.56435251 -3.84404087
v -0.14517750 -0.03465400 -3.97097063
v -0.48198301 -0.90455353 -3.20878410
v -0.44446149 -0.84712350 -3.46545839
v -0.49433798 -0.92363101 -2.92920637
v -0.20161051 -0.26206499 -3.93930697
v -0.48007801 -0.92027402 -2.63440251
v -0.44458300 -0.89800096 -2.34803200
v -0.37544751 -0.73549104 -3.68369865
v -0.21123378 -0.94916224 -2.15684891
v -0.29458401 -0.99619699 -2.63264203
v -0.12295700 -0.28336999 -3.94069958
v -0.08881200 -0.03465400 -3.97394252
v -0.27297351 -0.91781354 -3.46489716
v -0.23057351 -0.79611450 -3.68438101
v -0.30342051 -1.00013304 -2.92772698
v -0.29599050 -0.97953701 -3.20764852
v -0.17120101 -0.60862750 -3.84561443
v -0.27316648 -0.97126496 -2.34647846
v -0.41671649 -0.86878490 -2.11804438
v -0.35231376 -0.92745721 -2.28107953
v -0.00000000 -1.32203698 -3.05009294
v -0.00000000 -1.32203698 -3.05009294
v -0.00000000 -1.32203698 -3.05009294
v 0.53459197 -1.20184577 -3.10409355
v 0.53459197 -1.20184577 -3.10409355
v 0.53459197 -1.20184577 -3.10409355
v 0.94671541 -0.86880612 -3.25372505
v 0.94671541 -0.86880612 -3.25372505
v 0.94671541 -0.86880612 -3.25372505
v 1.14195776 -0.39921358 -3.46470857
v 1.14195776 -0.39921358 -3.46470857
v 1.14195776 -0.39921358 -3.46470857
v 1.07559133 0.09935385 -3.68871021
v 1.07559133 0.09935385 -3.68871021
v 1.07559133 0.09935385 -3.68871021
v 0.76281983 0.51268029 -3.87441373
v 0.76281983 0.51268029 -3.87441373
v 0.76281983 0.51268029 -3.87441373
v 0.27529562 0.74607790 -3.97927666
v 0.27529562 0.74607790 -3.97927666
v 0.27529562 0.74607790 -3.97927666
v -0.27529553 0.74607790 -3.97927666
v -0.27529553 0.74607790 -3.97927666
v -0.27529553 0.74607790 -3.97927666
v -0.76281983 0.51268041 -3.87441373
v -0.76281983 0.51268041 -3.87441373
v -0.76281983 0.51268041 -3.87441373
v -1.07559121 0.09935400 -3.68871021
v -1.07559121 0.09935400 -3.68871021
v -1.07559121 0.09935400 -3.68871021
v -1.14195776 -0.39921367 -3.46470857
v -1.14195776 -0.39921367 -3.46470857
v -1.14195776 -0.39921367 -3.46470857
v -0.94671547 -0.86880577 -3.25372505
v -0.94671547 -0.86880577 -3.25372505
v -0.94671547 -0.86880577 -3.25372505
v -0.53459209 -1.20184577 -3.10409355
v -0.53459209 -1.20184577 -3.10409355
v -0.53459209 -1.20184577 -3.10409355
v -0.00731074 -1.30835509 -2.79339528
v 0.56496233 -1.17969203 -2.85120225
v 1.00613463 -0.82317805 -3.01138043
v 1.21513867 -0.32048589 -3.23723531
v 1.14409435 0.21322337 -3.47702551
v 0.80927700 0.65568346 -3.67581892
v 0.28738928 0.90553218 -3.78807330
v -0.30201066 0.90553218 -3.78807330
v -0.82389849 0.65568358 -3.67581892
v -1.15871572 0.21322352 -3.47702551
v -1.22976017 -0.32048601 -3.23723531
v -1.02075613 -0.82317758 -3.01138043
v -0.57958394 -1.17969203 -2.85120225
v -0.00731074 -1.25287580 -2.73073268
v 0.55337882 -1.12681687 -2.78736973
v 0.98562121 -0.77751905 -2.94430566
v 1.19039464 -0.28500205 -3.16558862
v 1.12078857 0.23790425 -3.40052557
v 0.79274821 0.67140847 -3.59529495
v 0.28142416 0.91619986 -3.70527697
v -0.29604557 0.91619986 -3.70527697
v -0.80736971 0.67140859 -3.59529495
v -1.13540995 0.23790446 -3.40052557
v -1.20501614 -0.28500214 -3.16558862
v -1.00024283 -0.77751863 -2.94430566
v -0.56800044 -1.12681687 -2.78736973
v -0.00309125 -1.22140765 -2.49737549
v -0.00309125 -1.22140765 -2.49737549
v 0.55375195 -1.09621346 -2.55362368
v 0.55375195 -1.09621346 -2.55362368
v 0.98302919 -0.74931198 -2.70948315
v 0.98302919 -0.74931198 -2.70948315
v 1.18639803 -0.26017359 -2.92924809
v 1.18639803 -0.26017359 -2.92924809
v 1.11726928 0.25914562 -3.16257358
v 1.11726928 0.25914562 -3.16257358
v 0.79147929 0.68967593 -3.35600662
v 0.79147929 0.68967593 -3.35600662
v 0.28366292 0.93278813 -3.46523428
v 0.28366292 0.93278813 -3.46523428
v -0.28984538 0.93278813 -3.46523428
v -0.28984538 0.93278813 -3.46523428
v -0.79766184 0.68967605 -3.35600662
v -0.79766184 0.68967605 -3.35600662
v -1.12345171 0.25914574 -3.16257358
v -1.12345171 0.25914574 -3.16257358
v -1.19258046 -0.26017374 -2.92924809
v -1.19258046 -0.26017374 -2.92924809
v -0.98921186 -0.74931151 -2.70948315
v -0.98921186 -0.74931151 -2.70948315
v -0.55993462 -1.09621346 -2.55362368
v -0.55993462 -1.09621346 -2.55362368
v -0.06751831 -1.44175899 -3.98171639
v 0.31452525 -1.35586476 -4.02030754
v 0.60904723 -1.11785972 -4.12724113
v 0.74857616 -0.78226781 -4.27801943
v 0.70114774 -0.42596900 -4.43810129
v 0.47762716 -0.13058728 -4.57081318
v 0.12922034 0.03620917 -4.64575338
v -0.26425689 0.03620917 -4.64575338
v -0.61266375 -0.13058722 -4.57081318
v -0.83618426 -0.42596889 -4.43810129
v -0.88361275 -0.78226781 -4.27801943
v -0.74408388 -1.11785948 -4.12724113
v -0.44956189 -1.35586476 -4.02030754
v 0.12148052 -1.58419299 -4.17478800
v 0.12148052 -1.58419299 -4.17478800
v 0.12148052 -1.58419299 -4.17478800
v 0.32107347 -1.43505037 -4.16707039
v 0.32107347 -1.43505037 -4.16707039
v 0.32107347 -1.43505037 -4.16707039
v 0.49590907 -1.29840755 -4.27449226
v 0.49590907 -1.29840755 -4.27449226
v 0.49590907 -1.29840755 -4.27449226
v 0.60571766 -1.20572138 -4.47265720
v 0.60571766 -1.20572138 -4.47265720
v 0.60571766 -1.20572138 -4.47265720
v 0.62515450 -1.17837703 -4.71593714
v 0.62515450 -1.17837703 -4.71593714
v 0.62515450 -1.17837703 -4.71593714
v 0.54992908 -1.22253168 -4.94832706
v 0.54992908 -1.22253168 -4.94832706
v 0.54992908 -1.22253168 -4.94832706
v 0.39751485 -1.32788193 -5.11674595
v 0.39751485 -1.32788193 -5.11674595
v 0.39751485 -1.32788193 -5.11674595
v 0.20271616 -1.47036040 -5.18294001
v 0.20271616 -1.47036040 -5.18294001
v 0.20271616 -1.47036040 -5.18294001
v 0.00988950 -1.61753356 -5.13164663
v 0.00988950 -1.61753356 -5.13164663
v 0.00988950 -1.61753356 -5.13164663
v -0.13673213 -1.73565960 -4.97427797
v -0.13673213 -1.73565960 -4.97427797
v -0.13673213 -1.73565960 -4.97427797
v -0.20329133 -1.79747593 -4.74690056
v -0.20329133 -1.79747593 -4.74690056
v -0.20329133 -1.79747593 -4.74690056
v -0.17452222 -1.78878999 -4.50193548
v -0.17452222 -1.78878999 -4.50193548
v -0.17452222 -1.78878999 -4.50193548
v -0.05728269 -1.71178770 -4.29558229
v -0.05728269 -1.71178770 -4.29558229
v -0.05728269 -1.71178770 -4.29558229
v 0.32445666 -1.99263239 -3.96653843
v 0.49792829 -1.86558366 -4.06720686
v 0.65444613 -1.82400393 -4.24081945
v 0.75815260 -1.87741804 -4.44760418
v 0.78529036 -2.01358986 -4.64018869
v 0.72964311 -2.20132399 -4.77445412
v 0.60395813 -2.39761305 -4.81964207
v 0.43702790 -2.55748916 -4.76540041
v 0.26709506 -2.64432645 -4.62415600
v 0.13308957 -2.63823199 -4.42826509
v 0.06570882 -2.54060173 -4.22260475
v 0.08039031 -2.37380195 -4.05428886
v 0.17376962 -2.17604375 -3.96187687
v 0.39842615 -2.46942306 -3.70363855
v 0.53283584 -2.39413428 -3.80416679
v 0.65410781 -2.39729404 -3.94245243
v 0.73446232 -2.47817874 -4.08681774
v 0.75548893 -2.61825752 -4.20418835
v 0.71237266 -2.78544116 -4.26767635
v 0.61498940 -2.94142914 -4.26273823
v 0.48564854 -3.05048633 -4.19050503
v 0.35398218 -3.08762980 -4.06752396
v 0.25015175 -3.04435039 -3.92196941
v 0.19794366 -2.93056226 -3.78718519
v 0.20931934 -2.77233291 -3.69404960
v 0.28167206 -2.60591125 -3.66389799
v 0.47479159 -2.93568492 -3.48263431
v 0.55985004 -2.88803983 -3.54625177
v 0.63659549 -2.89003921 -3.63376451
v 0.68744671 -2.94122577 -3.72512317
v 0.70075291 -3.02987289 -3.79939961
v 0.67346787 -3.13567281 -3.83957744
v 0.61183989 -3.23438764 -3.83645201
v 0.52998894 -3.30340290 -3.79074001
v 0.44666487 -3.32690883 -3.71291375
v 0.38095766 -3.29951978 -3.62080145
v 0.34791839 -3.22751045 -3.53550434
v 0.35511708 -3.12737703 -3.47656488
v 0.40090477 -3.02206016 -3.45748496
v 0.51912344 -3.27951550 -3.34032941
v 0.56434882 -3.25418305 -3.37415457
v 0.60515457 -3.25524616 -3.42068529
v 0.63219208 -3.28246212 -3.46926165
v 0.63926691 -3.32959557 -3.50875354
v 0.62475938 -3.38585019 -3.53011608
v 0.59199226 -3.43833613 -3.52845502
v 0.54847223 -3.47503209 -3.50414920
v 0.50416893 -3.48753023 -3.46276975
v 0.46923116 -3.47296691 -3.41379309
v 0.45166507 -3.43467999 -3.36844134
v 0.45549288 -3.38143945 -3.33710289
v 0.47983718 -3.32544184 -3.32695723
v 0.50912535 -3.58657479 -3.24595642
v 0.53125495 -3.57417917 -3.26250863
v 0.55122370 -3.57469893 -3.28527808
v 0.56445265 -3.58801579 -3.30904794
v 0.56791455 -3.61107993 -3.32837224
v 0.56081617 -3.63860679 -3.33882618
v 0.54478359 -3.66429090 -3.33801389
v 0.52348620 -3.68224788 -3.32611823
v 0.50180823 -3.68836260 -3.30587125
v 0.48471147 -3.68123579 -3.28190494
v 0.47611633 -3.66250134 -3.25971317
v 0.47798961 -3.63644862 -3.24437833
v 0.48990095 -3.60904789 -3.23941350
v 0.00785643 -1.42400002 -2.79258752
v 0.61126822 -1.28833628 -2.85353971
v 1.07644558 -0.91242331 -3.02243376
v 1.29682219 -0.38237861 -3.26057792
v 1.22191226 0.18037106 -3.51341605
v 0.86887658 0.64690638 -3.72302580
v 0.31859174 0.91034997 -3.84138799
v -0.30287880 0.91034997 -3.84138799
v -0.85316366 0.64690650 -3.72302580
v -1.20619905 0.18037121 -3.51341605
v -1.28110921 -0.38237873 -3.26057792
v -1.06073284 -0.91242290 -3.02243376
v -0.59555542 -1.28833628 -2.85353971
v -0.60673589 -1.28564024 -4.46898890
v -0.51998442 -1.44960642 -4.25230122
v 0.70299822 -0.90322596 -4.36364174
v 0.69170779 -0.70554656 -4.58720016
v -0.30152878 -1.52007270 -4.08600092
v 0.49387816 -0.54490131 -4.93723917
v -0.00141449 -1.48089588 -4.00818729
v 0.22683312 -0.52878857 -5.06294918
v -0.08890860 -0.62097842 -5.08834600
v -0.38101530 -0.80035144 -5.00761080
v 0.31160572 -1.34105062 -4.03668451
v -0.58256841 -1.02581537 -4.83923960
v 0.56582224 -1.13257408 -4.16496515
v 0.56518757 -3.76721644 -3.40759730
v 0.56518757 -3.67309046 -2.99520707
v 0.56518757 -3.67309046 -2.99520707
v 0.56518757 -3.67309046 -2.99520707
v 0.56518757 -3.67309046 -2.99520707
v 0.56518757 -3.67309046 -2.99520707
v 0.56518757 -3.67309046 -2.99520707
v 0.56518757 -3.67309046 -2.99520707
v 0.56518757 -3.67309046 -2.99520707
v 0.56518757 -3.67309046 -2.99520707
v 0.56518757 -3.67309046 -2.99520707
v 0.56518757 -3.67309046 -2.99520707
v 0.56518757 -3.67309046 -2.99520707
v 0.56518757 -3.67309046 -2.99520707
v 0.58762115 -3.71583438 -3.42364168
v 0.60892981 -3.75643492 -3.40759730
v 0.62804508 -3.79285622 -3.38175201
v 0.64400846 -3.82327127 -3.34740210
v 0.65601933 -3.84615636 -3.30626917
v 0.66347551 -3.86036277 -3.26041698
v 0.66600323 -3.86517882 -3.21214366
v 0.66347551 -3.86036277 -3.16387105
v 0.65601933 -3.84615636 -3.11801815
v 0.64400846 -3.82327127 -3.07688570
v 0.62804508 -3.79285550 -3.04253531
v 0.60892981 -3.75643444 -3.01669025
v 0.58762115 -3.71583438 -3.00064564
v 0.60491550 -3.70051289 -3.42364168
v 0.64265138 -3.72656012 -3.40759730
v 0.67650276 -3.74992585 -3.38175201
v 0.70477247 -3.76943922 -3.34740210
v 0.72604275 -3.78412104 -3.30626917
v 0.73924696 -3.79323530 -3.26041698
v 0.74372327 -3.79632497 -3.21214366
v 0.73924696 -3.79323530 -3.16387105
v 0.72604275 -3.78412104 -3.11801815
v 0.70477247 -3.76943922 -3.07688570
v 0.67650276 -3.74992585 -3.04253531
v 0.64265138 -3.72656012 -3.01669025
v 0.60491550 -3.70051289 -3.00064564
v 0.61310869 -3.67890930 -3.42364168
v 0.65862674 -3.68443608 -3.40759730
v 0.69945943 -3.68939447 -3.38175201
v 0.73355913 -3.69353485 -3.34740210
v 0.75921613 -3.69665027 -3.30626917
v 0.77514350 -3.69858384 -3.26041698
v 0.78054291 -3.69923973 -3.21214366
v 0.77514350 -3.69858384 -3.16387105
v 0.75921613 -3.69665027 -3.11801815
v 0.73355913 -3.69353485 -3.07688570
v 0.69945943 -3.68939447 -3.04253531
v 0.65862674 -3.68443608 -3.01669025
v 0.61310869 -3.67890930 -3.00064564
v 0.61032361 -3.65597272 -3.42364168
v 0.65319633 -3.63971353 -3.40759730
v 0.69165605 -3.62512779 -3.38175201
v 0.72377408 -3.61294699 -3.34740210
v 0.74793983 -3.60378218 -3.30626917
v 0.76294160 -3.59809279 -3.26041698
v 0.76802731 -3.59616375 -3.21214366
v 0.76294160 -3.59809279 -3.16387105
v 0.74793983 -3.60378218 -3.11801815
v 0.72377408 -3.61294699 -3.07688570
v 0.69165605 -3.62512779 -3.04253531
v 0.65319633 -3.63971353 -3.01669025
v 0.61032361 -3.65597272 -3.00064564
v 0.59719843 -3.63695788 -3.42364168
v 0.62760437 -3.60263705 -3.40759730
v 0.65488029 -3.57184887 -3.38175201
v 0.67765856 -3.54613686 -3.34740210
v 0.69479728 -3.52679157 -3.30626917
v 0.70543665 -3.51478219 -3.26041698
v 0.70904344 -3.51071119 -3.21214366
v 0.70543665 -3.51478219 -3.16387105
v 0.69479728 -3.52679157 -3.11801815
v 0.67765856 -3.54613686 -3.07688570
v 0.65488029 -3.57184839 -3.04253531
v 0.62760437 -3.60263705 -3.01669025
v 0.59719843 -3.63695788 -3.00064564
v 0.57674009 -3.62622023 -3.42364168
v 0.58771330 -3.58170080 -3.40759730
v 0.59755689 -3.54176283 -3.38175201
v 0.60577744 -3.50841093 -3.34740210
v 0.61196268 -3.48331666 -3.30626917
v 0.61580235 -3.46773839 -3.26041698
v 0.61710399 -3.46245718 -3.21214366
v 0.61580235 -3.46773839 -3.16387105
v 0.61196268 -3.48331666 -3.11801815
v 0.60577744 -3.50841093 -3.07688570
v 0.59755689 -3.54176283 -3.04253531
v 0.58771330 -3.58170009 -3.01669025
v 0.57674009 -3.62622023 -3.00064564
v 0.55363506 -3.62622023 -3.42364168
v 0.54266185 -3.58170080 -3.40759730
v 0.53281814 -3.54176283 -3.38175201
v 0.52459770 -3.50841093 -3.34740210
v 0.51841247 -3.48331666 -3.30626917
v 0.51457268 -3.46773839 -3.26041698
v 0.51327103 -3.46245718 -3.21214366
v 0.51457268 -3.46773839 -3.16387105
v 0.51841247 -3.48331666 -3.11801815
v 0.52459770 -3.50841093 -3.07688570
v 0.53281814 -3.54176283 -3.04253531
v 0.54266185 -3.58170009 -3.01669025
v 0.55363506 -3.62622023 -3.00064564
v 0.53317654 -3.63695788 -3.42364168
v 0.50277078 -3.60263705 -3.40759730
v 0.47549486 -3.57184887 -3.38175201
v 0.45271641 -3.54613686 -3.34740210
v 0.43557775 -3.52679157 -3.30626917
v 0.42493838 -3.51478219 -3.26041698
v 0.42133158 -3.51071119 -3.21214366
v 0.42493838 -3.51478219 -3.16387105
v 0.43557775 -3.52679157 -3.11801815
v 0.45271641 -3.54613686 -3.07688570
v 0.47549486 -3.57184839 -3.04253531
v 0.50277078 -3.60263705 -3.01669025
v 0.53317654 -3.63695788 -3.00064564
v 0.52005142 -3.65597272 -3.42364168
v 0.52005142 -3.65597272 -3.42364168
v 0.47717869 -3.63971353 -3.40759730
v 0.47717869 -3.63971353 -3.40759730
v 0.43871897 -3.62512779 -3.38175201
v 0.43871897 -3.62512779 -3.38175201
v 0.40660107 -3.61294699 -3.34740210
v 0.40660107 -3.61294699 -3.34740210
v 0.38243520 -3.60378218 -3.30626917
v 0.38243520 -3.60378218 -3.30626917
v 0.36743340 -3.59809279 -3.26041698
v 0.36743340 -3.59809279 -3.26041698
v 0.36234784 -3.59616375 -3.21214366
v 0.36234784 -3.59616375 -3.21214366
v 0.36743340 -3.59809279 -3.16387105
v 0.36743340 -3.59809279 -3.16387105
v 0.38243520 -3.60378218 -3.11801815
v 0.38243520 -3.60378218 -3.11801815
v 0.40660107 -3.61294699 -3.07688570
v 0.40660107 -3.61294699 -3.07688570
v 0.43871897 -3.62512779 -3.04253531
v 0.43871897 -3.62512779 -3.04253531
v 0.47717869 -3.63971353 -3.01669025
v 0.47717869 -3.63971353 -3.01669025
v 0.52005142 -3.65597272 -3.00064564
v 0.52005142 -3.65597272 -3.00064564
v 0.56518757 -3.67309046 -3.42908096
v 0.56518757 -3.67309046 -3.42908096
v 0.56518757 -3.67309046 -3.42908096
v 0.56518757 -3.67309046 -3.42908096
v 0.56518757 -3.67309046 -3.42908096
v 0.56518757 -3.67309046 -3.42908096
v 0.56518757 -3.67309046 -3.42908096
v 0.56518757 -3.67309046 -3.42908096
v 0.56518757 -3.67309046 -3.42908096
v 0.56518757 -3.67309046 -3.42908096
v 0.56518757 -3.67309046 -3.42908096
v 0.56518757 -3.67309046 -3.42908096
v 0.56518757 -3.67309046 -3.42908096
v 0.51726645 -3.67890930 -3.42364168
v 0.47174829 -3.68443608 -3.40759730
v 0.43091559 -3.68939447 -3.38175201
v 0.39681590 -3.69353485 -3.34740210
v 0.37115905 -3.69665027 -3.30626917
v 0.35523164 -3.69858384 -3.26041698
v 0.34983212 -3.69923973 -3.21214366
v 0.35523164 -3.69858384 -3.16387105
v 0.37115905 -3.69665027 -3.11801815
v 0.39681590 -3.69353485 -3.07688570
v 0.43091559 -3.68939447 -3.04253531
v 0.47174829 -3.68443608 -3.01669025
v 0.51726645 -3.67890930 -3.00064564
v 0.52545953 -3.70051289 -3.42364168
v 0.48772377 -3.72656012 -3.40759730
v 0.45387235 -3.74992585 -3.38175201
v 0.42560270 -3.76943922 -3.34740210
v 0.40433243 -3.78412104 -3.30626917
v 0.39112806 -3.79323530 -3.26041698
v 0.38665175 -3.79632497 -3.21214366
v 0.39112806 -3.79323530 -3.16387105
v 0.40433243 -3.78412104 -3.11801815
v 0.42560270 -3.76943922 -3.07688570
v 0.45387235 -3.74992585 -3.04253531
v 0.48772377 -3.72656012 -3.01669025
v 0.52545953 -3.70051289 -3.00064564
v 0.54275399 -3.71583438 -3.42364168
v 0.52144516 -3.75643492 -3.40759730
v 0.50232995 -3.79285622 -3.38175201
v 0.48636669 -3.82327127 -3.34740210
v 0.47435570 -3.84615636 -3.30626917
v 0.46689945 -3.86036277 -3.26041698
v 0.46437180 -3.86517882 -3.21214366
v 0.46689945 -3.86036277 -3.16387105
v 0.47435570 -3.84615636 -3.11801815
v 0.48636669 -3.82327127 -3.07688570
v 0.50232995 -3.79285550 -3.04253531
v 0.52144516 -3.75643444 -3.01669025
v 0.54275399 -3.71583438 -3.00064564
v 0.56518757 -3.72136378 -3.42364168
v 0.56518757 -3.80834889 -3.38175201
v 0.56518757 -3.84269881 -3.34740210
v 0.56518745 -3.86854410 -3.30626917
v 0.56518757 -3.88458872 -3.26041698
v 0.56518757 -3.89002776 -3.21214366
v 0.56518757 -3.88458872 -3.16387105
v 0.56518745 -3.86854410 -3.11801815
v 0.56518757 -3.84269881 -3.07688570
v 0.56518757 -3.80834889 -3.04253531
v 0.56518757 -3.76721597 -3.01669025
v 0.56518757 -3.72136378 -3.00064564
vn 0.72654223 -0.01837518 0.68687612
vn 0.72654223 -0.01837518 0.68687612
vn 0.85823804 -0.02044854 0.51284456
vn 0.85823804 -0.02044854 0.51284456
vn 0.84198582 0.25406387 0.47593236
vn 0.84198582 0.25406387 0.47593236
vn 0.70644003 0.32434195 0.62908256
vn 0.70644003 0.32434195 0.62908256
vn 0.51917511 -0.01283297 0.85457164
vn 0.51917511 -0.01283297 0.85457164
vn 0.51350611 0.36817837 0.77508467
vn 0.51350611 0.36817837 0.77508467
vn 0.32805008 -0.01318310 0.94456834
vn 0.32805008 -0.01318310 0.94456834
vn 0.36134624 0.37160683 0.85518265
vn 0.36134624 0.37160683 0.85518265
vn 0.16151167 0.00494756 0.98685849
vn 0.16151167 0.00494756 0.98685849
vn 0.21182595 0.37691239 0.90170217
vn 0.21182595 0.37691239 0.90170217
vn 0.00000000 0.01447654 0.99989522
vn 0.00000000 0.01447654 0.99989522
vn -0.00000001 0.38392407 0.92336470
vn -0.00000001 0.38392407 0.92336470
vn 0.96756256 0.00011124 0.25263163
vn 0.96756256 0.00011124 0.25263163
vn 0.99504095 -0.00428673 0.09937454
vn 0.99504095 -0.00428673 0.09937454
vn 0.99504095 -0.00428673 0.09937454
vn 0.96796495 0.09329533 0.23310925
vn 0.96796495 0.09329533 0.23310925
vn 0.92091197 -0.01227808 0.38957754
vn 0.92091197 -0.01227808 0.38957754
vn 0.91502666 0.17249310 0.36465383
vn 0.91502666 0.17249310 0.36465383
vn 0.89550239 0.30961949 0.31970501
vn 0.80092752 0.44294226 0.40288642
vn 0.66069895 0.55485934 0.50557691
vn 0.48833600 0.63433105 0.59929299
vn 0.38036144 0.67171377 0.63570899
vn 0.23796934 0.70981169 0.66297668
vn 0.00000002 0.73234916 0.68092930
vn 0.96772671 0.15829539 0.19608086
vn 0.32016692 0.85538322 0.40720132
vn 0.19008814 0.91132981 0.36516359
vn 0.00000004 0.93758839 0.34774727
vn 0.96837878 0.19086525 0.16066426
vn 0.88592368 0.38573077 0.25758711
vn 0.76577425 0.55535197 0.32430559
vn 0.61345994 0.69477832 0.37543312
vn 0.43848056 0.79674435 0.41585240
vn 0.88593823 0.42715487 0.18069921
vn 0.74048126 0.64063168 0.20317154
vn 0.56515741 0.79848033 0.20742773
vn 0.39021271 0.89642930 0.21011588
vn 0.24086291 0.94926810 0.20217599
vn 0.11965619 0.97803110 0.17069788
vn 0.00000001 0.98868972 0.14997564
vn 0.97151041 0.20017503 0.12687655
vn 0.22146240 0.97510594 0.01109290
vn 0.09497001 0.99532932 0.01732955
vn -0.00000000 0.99981147 0.01941870
vn 0.97606760 0.19659676 0.09296171
vn 0.89873052 0.43064180 0.08265214
vn 0.73719680 0.67321765 0.05761003
vn 0.53478402 0.84466815 0.02327327
vn 0.36695769 0.93020815 0.00740509
vn 0.76998919 0.62830198 -0.11114535
vn 0.55361491 0.81452107 -0.17339541
vn 0.38107949 0.90389860 -0.19428326
vn 0.25098032 0.94808322 -0.19531280
vn 0.11881201 0.97530180 -0.18619961
vn -0.00000001 0.98392123 -0.17860346
vn 0.98485327 0.16893479 0.03905393
vn 0.92338490 0.38251156 -0.03232896
vn 0.15061161 0.88840812 -0.43364424
vn -0.00000003 0.89860290 -0.43876284
vn 0.99299335 0.11543635 -0.02527470
vn 0.94801134 0.28294200 -0.14566493
vn 0.81788772 0.49798867 -0.28821367
vn 0.59954655 0.70203602 -0.38430381
vn 0.41539818 0.80580151 -0.42205247
vn 0.29367155 0.85329014 -0.43087482
vn 0.64161688 0.50900221 -0.57379830
vn 0.64161688 0.50900221 -0.57379830
vn 0.45251879 0.60826290 -0.65210652
vn 0.45251879 0.60826290 -0.65210652
vn 0.31771085 0.65100867 -0.68938202
vn 0.31771085 0.65100867 -0.68938202
vn 0.16801937 0.66955781 -0.72350663
vn 0.16801937 0.66955781 -0.72350663
vn -0.00000002 0.67333555 -0.73933703
vn -0.00000002 0.67333555 -0.73933703
vn 0.99578726 0.05830425 -0.07077086
vn 0.99578726 0.05830425 -0.07077086
vn 0.96016377 0.16576123 -0.22496419
vn 0.96016377 0.16576123 -0.22496419
vn 0.84831232 0.33064809 -0.41356754
vn 0.84831232 0.33064809 -0.41356754
vn 0.99551022 0.01952909 -0.09261800
vn 0.96168464 0.07197197 -0.26454243
vn 0.85738993 0.16024269 -0.48908567
vn 0.65763909 0.25809008 -0.70774323
vn 0.45877978 0.31323618 -0.83150733
vn 0.31339589 0.32938340 -0.89066809
vn 0.17298493 0.33677652 -0.92555809
vn 0.00000000 0.34251091 -0.93951386
vn 0.65370381 -0.00282852 -0.75674534
vn 0.65370381 -0.00282852 -0.75674534
vn 0.45037687 -0.00376562 -0.89283073
vn 0.45037687 -0.00376562 -0.89283073
vn 0.30865887 -0.00214810 -0.95117038
vn 0.30865887 -0.00214810 -0.95117038
vn 0.17609864 -0.00049911 -0.98437250
vn 0.17609864 -0.00049911 -0.98437250
vn 0.00000001 -0.00008052 -1.00000000
vn 0.00000001 -0.00008052 -1.00000000
vn 0.99521410 0.00015075 -0.09771921
vn 0.99521410 0.00015075 -0.09771921
vn 0.96136028 0.00020579 -0.27529326
vn 0.96136028 0.00020579 -0.27529326
vn 0.85630417 -0.00104987 -0.51647097
vn 0.85630417 -0.00104987 -0.51647097
vn 0.99549961 -0.01992997 -0.09264638
vn 0.99549961 -0.01992997 -0.09264638
vn 0.96127349 -0.07102395 -0.26628712
vn 0.85161841 -0.15852852 -0.49961460
vn 0.64378870 -0.25334102 -0.72204882
vn 0.44762972 -0.30158368 -0.84182835
vn 0.31073061 -0.31636223 -0.89630437
vn 0.17599782 -0.32397357 -0.92955154
vn -0.00000000 -0.32855433 -0.94448513
vn 0.44509992 -0.56578141 -0.69410193
vn 0.31487224 -0.59194732 -0.74192578
vn 0.17692980 -0.60704672 -0.77471948
vn 0.00000001 -0.61463606 -0.78881085
vn 0.99574482 -0.06024965 -0.06972924
vn 0.99574482 -0.06024965 -0.06972924
vn 0.95992488 -0.16717359 -0.22493832
vn 0.84150553 -0.32948971 -0.42814150
vn 0.62974960 -0.49019042 -0.60260165
vn 0.99250799 -0.12021612 -0.02181917
vn 0.99250799 -0.12021612 -0.02181917
vn 0.94804555 -0.28789550 -0.13537323
vn 0.82013655 -0.49702460 -0.28344786
vn 0.61517364 -0.67895418 -0.40072775
vn 0.44834810 -0.75856256 -0.47282857
vn 0.32607129 -0.79070961 -0.51812732
vn 0.18125603 -0.81578660 -0.54921627
vn 0.00000003 -0.82775635 -0.56108773
vn 0.00000003 -0.82775635 -0.56108773
vn 0.46901655 -0.85443878 -0.22351269
vn 0.34299392 -0.90186852 -0.26265681
vn 0.18477830 -0.94080877 -0.28414074
vn 0.00000001 -0.95692819 -0.29032490
vn 0.00000001 -0.95692819 -0.29032490
vn 0.98333788 -0.17630437 0.04431193
vn 0.98333788 -0.17630437 0.04431193
vn 0.92348039 -0.38338745 -0.01407648
vn 0.78732312 -0.61021513 -0.08809000
vn 0.60989773 -0.77460486 -0.16736852
vn 0.89601606 -0.43132228 0.10543478
vn 0.76514030 -0.63810760 0.08590160
vn 0.62283337 -0.78043014 0.05484018
vn 0.49478257 -0.86882132 0.01843339
vn 0.35766220 -0.93384320 0.00383921
vn 0.18568623 -0.98260915 0.00004022
vn -0.00000006 -1.00000000 0.00000030
vn -0.00000006 -1.00000000 0.00000030
vn 0.97303402 -0.20744430 0.10085496
vn 0.97303402 -0.20744430 0.10085496
vn 0.36502638 -0.89116293 0.26941523
vn 0.18646279 -0.94023538 0.28493685
vn -0.00000009 -0.95692837 0.29032430
vn -0.00000009 -0.95692837 0.29032430
vn 0.96710348 -0.21399140 0.13754478
vn 0.96710348 -0.21399140 0.13754478
vn 0.87706077 -0.43522438 0.20333284
vn 0.75968909 -0.60704976 0.23315895
vn 0.64137912 -0.72910029 0.23884256
vn 0.51335031 -0.82054448 0.25135279
vn 0.76653951 -0.54308093 0.34275427
vn 0.65747398 -0.64283621 0.39305168
vn 0.51811457 -0.72374183 0.45580158
vn 0.36276960 -0.78063190 0.50893229
vn 0.18434517 -0.81816614 0.54462928
vn 0.00000000 -0.83053643 0.55696440
vn 0.00000000 -0.83053643 0.55696440
vn 0.96366340 -0.20273979 0.17392397
vn 0.96366340 -0.20273979 0.17392397
vn 0.87122619 -0.39913175 0.28576013
vn 0.17606948 -0.62691581 0.75893098
vn 0.00000003 -0.63161522 0.77528203
vn 0.00000003 -0.63161522 0.77528203
vn 0.96288013 -0.16835016 0.21099815
vn 0.96288013 -0.16835016 0.21099815
vn 0.88229007 -0.32032910 0.34489653
vn 0.79115307 -0.44225124 0.42248186
vn 0.67638826 -0.52668893 0.51487654
vn 0.51329672 -0.58611327 0.62689525
vn 0.35124987 -0.61279893 0.70788497
vn 0.83052832 -0.27665120 0.48341170
vn 0.83052832 -0.27665120 0.48341170
vn 0.70529169 -0.33490655 0.62482107
vn 0.70529169 -0.33490655 0.62482107
vn 0.51297635 -0.36722672 0.77588648
vn 0.51297635 -0.36722672 0.77588648
vn 0.33184710 -0.36537057 0.86970216
vn 0.33184710 -0.36537057 0.86970216
vn 0.15911186 -0.34982216 0.92320520
vn 0.15911186 -0.34982216 0.92320520
vn 0.00000001 -0.34307709 0.93930727
vn 0.00000001 -0.34307709 0.93930727
vn 0.00000001 -0.34307709 0.93930727
vn 0.96389830 -0.09918456 0.24710865
vn 0.96389830 -0.09918456 0.24710865
vn 0.96389830 -0.09918456 0.24710865
vn 0.96389830 -0.09918456 0.24710865
vn 0.90424567 -0.19326863 0.38077161
vn 0.90424567 -0.19326863 0.38077161
vn -0.72654223 -0.01837510 0.68687606
vn -0.72654223 -0.01837510 0.68687606
vn -0.70644003 0.32434207 0.62908250
vn -0.70644003 0.32434207 0.62908250
vn -0.84198582 0.25406384 0.47593227
vn -0.84198582 0.25406384 0.47593227
vn -0.85823804 -0.02044868 0.51284450
vn -0.85823804 -0.02044868 0.51284450
vn -0.51917511 -0.01283276 0.85457152
vn -0.51917511 -0.01283276 0.85457152
vn -0.51350605 0.36817843 0.77508461
vn -0.51350605 0.36817843 0.77508461
vn -0.32805011 -0.01318313 0.94456834
vn -0.32805011 -0.01318313 0.94456834
vn -0.36134627 0.37160674 0.85518265
vn -0.36134627 0.37160674 0.85518265
vn -0.16151167 0.00494747 0.98685849
vn -0.16151167 0.00494747 0.98685849
vn -0.21182598 0.37691242 0.90170217
vn -0.21182598 0.37691242 0.90170217
vn -0.96756256 0.00011117 0.25263163
vn -0.96756256 0.00011117 0.25263163
vn -0.96796495 0.09329524 0.23310924
vn -0.96796495 0.09329524 0.23310924
vn -0.99504089 -0.00428673 0.09937454
vn -0.99504089 -0.00428673 0.09937454
vn -0.99504089 -0.00428673 0.09937454
vn -0.99504089 -0.00428673 0.09937454
vn -0.99504089 -0.00428673 0.09937454
vn -0.92091191 -0.01227821 0.38957745
vn -0.92091191 -0.01227821 0.38957745
vn -0.91502672 0.17249298 0.36465383
vn -0.91502672 0.17249298 0.36465383
vn -0.80092752 0.44294226 0.40288642
vn -0.89550239 0.30961937 0.31970507
vn -0.66069907 0.55485940 0.50557685
vn -0.48833606 0.63433099 0.59929305
vn -0.38036156 0.67171365 0.63570899
vn -0.23796934 0.70981157 0.66297668
vn -0.96772671 0.15829535 0.19608092
vn -0.19008814 0.91132981 0.36516365
vn -0.32016695 0.85538310 0.40720135
vn -0.96837878 0.19086525 0.16066429
vn -0.88592368 0.38573077 0.25758716
vn -0.76577431 0.55535197 0.32430565
vn -0.61346000 0.69477832 0.37543318
vn -0.43848059 0.79674435 0.41585240
vn -0.74048132 0.64063162 0.20317154
vn -0.88593823 0.42715493 0.18069930
vn -0.56515747 0.79848039 0.20742774
vn -0.39021271 0.89642924 0.21011586
vn -0.24086291 0.94926810 0.20217600
vn -0.24086291 0.94926810 0.20217600
vn -0.24086291 0.94926810 0.20217600
vn -0.11965618 0.97803110 0.17069791
vn -0.11965618 0.97803110 0.17069791
vn -0.97151041 0.20017511 0.12687661
vn -0.09497005 0.99532932 0.01732954
vn -0.09497005 0.99532932 0.01732954
vn -0.22146240 0.97510594 0.01109289
vn -0.22146240 0.97510594 0.01109289
vn -0.22146240 0.97510594 0.01109289
vn -0.97606760 0.19659668 0.09296177
vn -0.89873034 0.43064186 0.08265219
vn -0.73719674 0.67321777 0.05761008
vn -0.53478414 0.84466821 0.02327326
vn -0.36695772 0.93020815 0.00740507
vn -0.55361497 0.81452107 -0.17339543
vn -0.76998919 0.62830204 -0.11114533
vn -0.38107949 0.90389854 -0.19428325
vn -0.25098035 0.94808322 -0.19531283
vn -0.11881209 0.97530180 -0.18619961
vn -0.98485321 0.16893490 0.03905393
vn -0.92338496 0.38251173 -0.03232886
vn -0.15061168 0.88840812 -0.43364421
vn -0.99299335 0.11543641 -0.02527455
vn -0.94801134 0.28294209 -0.14566481
vn -0.81788766 0.49798861 -0.28821364
vn -0.59954661 0.70203590 -0.38430384
vn -0.41539827 0.80580157 -0.42205253
vn -0.29367155 0.85329014 -0.43087482
vn -0.45251885 0.60826296 -0.65210652
vn -0.45251885 0.60826296 -0.65210652
vn -0.64161700 0.50900215 -0.57379836
vn -0.64161700 0.50900215 -0.57379836
vn -0.31771079 0.65100878 -0.68938190
vn -0.31771079 0.65100878 -0.68938190
vn -0.16801938 0.66955799 -0.72350651
vn -0.16801938 0.66955799 -0.72350651
vn -0.99578726 0.05830417 -0.07077079
vn -0.99578726 0.05830417 -0.07077079
vn -0.96016377 0.16576114 -0.22496414
vn -0.96016377 0.16576114 -0.22496414
vn -0.84831232 0.33064809 -0.41356754
vn -0.84831232 0.33064809 -0.41356754
vn -0.99551022 0.01952895 -0.09261800
vn -0.96168464 0.07197181 -0.26454243
vn -0.85738993 0.16024268 -0.48908564
vn -0.65763909 0.25809023 -0.70774317
vn -0.45877975 0.31323633 -0.83150715
vn -0.31339586 0.32938346 -0.89066809
vn -0.17298493 0.33677649 -0.92555809
vn -0.45037687 -0.00376571 -0.89283073
vn -0.45037687 -0.00376571 -0.89283073
vn -0.65370381 -0.00282847 -0.75674522
vn -0.65370381 -0.00282847 -0.75674522
vn -0.30865887 -0.00214830 -0.95117044
vn -0.30865887 -0.00214830 -0.95117044
vn -0.17609864 -0.00049934 -0.98437244
vn -0.17609864 -0.00049934 -0.98437244
vn -0.99521410 0.00015076 -0.09771921
vn -0.99521410 0.00015076 -0.09771921
vn -0.96136028 0.00020581 -0.27529323
vn -0.96136028 0.00020581 -0.27529323
vn -0.85630417 -0.00104987 -0.51647097
vn -0.85630417 -0.00104987 -0.51647097
vn -0.96127355 -0.07102375 -0.26628712
vn -0.99549961 -0.01992984 -0.09264638
vn -0.85161841 -0.15852855 -0.49961460
vn -0.64378864 -0.25334117 -0.72204882
vn -0.44762966 -0.30158386 -0.84182829
vn -0.31073058 -0.31636226 -0.89630443
vn -0.17599784 -0.32397357 -0.92955154
vn -0.31487226 -0.59194732 -0.74192584
vn -0.44509995 -0.56578141 -0.69410193
vn -0.17692979 -0.60704654 -0.77471954
vn -0.99574488 -0.06024962 -0.06972924
vn -0.95992500 -0.16717349 -0.22493839
vn -0.84150553 -0.32948968 -0.42814150
vn -0.62974954 -0.49019057 -0.60260171
vn -0.94804555 -0.28789556 -0.13537326
vn -0.99250799 -0.12021609 -0.02181930
vn -0.82013655 -0.49702463 -0.28344786
vn -0.61517364 -0.67895418 -0.40072772
vn -0.44834810 -0.75856262 -0.47282860
vn -0.32607126 -0.79070961 -0.51812738
vn -0.18125598 -0.81578660 -0.54921621
vn -0.34299394 -0.90186846 -0.26265675
vn -0.46901661 -0.85443878 -0.22351269
vn -0.18477830 -0.94080877 -0.28414068
vn -0.98333782 -0.17630421 0.04431183
vn -0.92348039 -0.38338745 -0.01407649
vn -0.78732306 -0.61021519 -0.08808992
vn -0.60989755 -0.77460498 -0.16736850
vn -0.76514024 -0.63810772 0.08590162
vn -0.89601594 -0.43132228 0.10543473
vn -0.62283331 -0.78043020 0.05484013
vn -0.49478257 -0.86882132 0.01843337
vn -0.35766229 -0.93384314 0.00383917
vn -0.18568631 -0.98260909 0.00004019
vn -0.97303402 -0.20744416 0.10085483
vn -0.18646280 -0.94023544 0.28493682
vn -0.36502635 -0.89116293 0.26941523
vn -0.96710360 -0.21399133 0.13754459
vn -0.87706089 -0.43522429 0.20333266
vn -0.75968921 -0.60704976 0.23315895
vn -0.64137912 -0.72910017 0.23884253
vn -0.51335037 -0.82054448 0.25135285
vn -0.65747416 -0.64283603 0.39305162
vn -0.76653957 -0.54308081 0.34275427
vn -0.51811469 -0.72374177 0.45580167
vn -0.36276951 -0.78063202 0.50893229
vn -0.18434514 -0.81816614 0.54462928
vn -0.96366334 -0.20273978 0.17392389
vn -0.87122625 -0.39913166 0.28576007
vn -0.17606945 -0.62691575 0.75893092
vn -0.96288013 -0.16835015 0.21099818
vn -0.88229007 -0.32032913 0.34489655
vn -0.79115313 -0.44225118 0.42248181
vn -0.67638826 -0.52668875 0.51487660
vn -0.51329672 -0.58611327 0.62689531
vn -0.35124981 -0.61279899 0.70788491
vn -0.70529175 -0.33490649 0.62482101
vn -0.70529175 -0.33490649 0.62482101
vn -0.83052832 -0.27665120 0.48341170
vn -0.83052832 -0.27665120 0.48341170
vn -0.51297641 -0.36722666 0.77588654
vn -0.51297641 -0.36722666 0.77588654
vn -0.33184707 -0.36537066 0.86970222
vn -0.33184707 -0.36537066 0.86970222
vn -0.15911187 -0.34982228 0.92320520
vn -0.15911187 -0.34982228 0.92320520
vn -0.96389824 -0.09918444 0.24710867
vn -0.96389824 -0.09918444 0.24710867
vn -0.90424579 -0.19326851 0.38077167
vn -0.90424579 -0.19326851 0.38077167
vn 0.18961839 -0.14821470 0.97060668
vn 0.18961839 -0.14821470 0.97060668
vn -0.26326495 0.04681524 0.96358711
vn -0.26326495 0.04681524 0.96358711
vn -0.47316933 -0.83905858 0.26849863
vn -0.29639888 -0.91563195 0.27159896
vn 0.66312534 -0.23565693 -0.71044397
vn 0.66312534 -0.23565693 -0.71044397
vn 0.86547583 -0.34525338 -0.36297628
vn 0.86547583 -0.34525338 -0.36297628
vn -0.04986414 -0.98344582 -0.17420657
vn -0.13382763 -0.94593978 -0.29544574
vn 0.54603070 -0.28786069 0.78675717
vn 0.54603070 -0.28786069 0.78675717
vn -0.16035774 -0.96348929 0.21441492
vn 0.28157178 -0.05494317 -0.95796597
vn 0.28157178 -0.05494317 -0.95796597
vn -0.28390950 -0.87546808 -0.39108980
vn 0.92013252 -0.39021924 -0.03294427
vn 0.92013252 -0.39021924 -0.03294427
vn 0.88161111 -0.39361343 0.26044267
vn 0.88161111 -0.39361343 0.26044267
vn -0.03050604 -0.99869138 0.04104850
vn -0.02055881 -0.99795896 -0.06045940
vn 0.76458567 -0.36290470 0.53264344
vn 0.76458567 -0.36290470 0.53264344
vn -0.07520096 -0.98826921 0.13292395
vn 0.02480268 0.06899124 -0.99730897
vn 0.02480268 0.06899124 -0.99730897
vn -0.37712556 -0.86113816 -0.34090692
vn -0.50229782 0.16587362 0.84863585
vn -0.50229782 0.16587362 0.84863585
vn -0.52290505 -0.83440882 0.17416172
vn 0.70010626 0.69689751 0.15551586
vn 0.65868777 0.71092314 0.24641180
vn 0.68694556 0.72462618 -0.05498032
vn 0.71104628 0.70090395 0.05609736
vn 0.27404565 0.87978595 0.38842714
vn 0.24332477 0.92366713 0.29602727
vn 0.38901639 0.89519060 -0.21748602
vn 0.46358156 0.84342444 -0.27152815
vn 0.58033711 0.74517459 0.32851741
vn 0.61049539 0.77258074 -0.17439787
vn 0.45130521 0.80345505 0.38830861
vn -0.18961826 -0.14821418 0.97060686
vn -0.18961826 -0.14821418 0.97060686
vn 0.29639876 -0.91563189 0.27159905
vn 0.47316927 -0.83905864 0.26849863
vn 0.26326525 0.04681579 0.96358693
vn 0.26326525 0.04681579 0.96358693
vn -0.66312551 -0.23565666 -0.71044397
vn -0.66312551 -0.23565666 -0.71044397
vn 0.13382743 -0.94593978 -0.29544568
vn 0.04986407 -0.98344588 -0.17420648
vn -0.86547589 -0.34525341 -0.36297601
vn -0.86547589 -0.34525341 -0.36297601
vn -0.54603076 -0.28786048 0.78675717
vn -0.54603076 -0.28786048 0.78675717
vn 0.16035762 -0.96348929 0.21441501
vn -0.28157148 -0.05494271 -0.95796603
vn -0.28157148 -0.05494271 -0.95796603
vn 0.28390941 -0.87546808 -0.39108965
vn -0.92013246 -0.39021936 -0.03294414
vn -0.92013246 -0.39021936 -0.03294414
vn 0.02055871 -0.99795896 -0.06045931
vn 0.03050580 -0.99869138 0.04104857
vn -0.88161117 -0.39361304 0.26044276
vn -0.88161117 -0.39361304 0.26044276
vn -0.76458567 -0.36290452 0.53264344
vn -0.76458567 -0.36290452 0.53264344
vn 0.07520080 -0.98826921 0.13292406
vn -0.02480222 0.06899162 -0.99730891
vn -0.02480222 0.06899162 -0.99730891
vn 0.37712553 -0.86113822 -0.34090683
vn 0.52290493 -0.83440888 0.17416172
vn 0.50229841 0.16587426 0.84863538
vn 0.50229841 0.16587426 0.84863538
vn -0.70010602 0.69689769 0.15551595
vn -0.65868759 0.71092331 0.24641179
vn -0.68694562 0.72462606 -0.05498018
vn -0.71104634 0.70090383 0.05609746
vn -0.27404550 0.87978631 0.38842657
vn -0.24332468 0.92366743 0.29602668
vn -0.38901609 0.89519083 -0.21748593
vn -0.46358114 0.84342462 -0.27152795
vn -0.58033705 0.74517471 0.32851732
vn -0.61049515 0.77258086 -0.17439756
vn -0.45130491 0.80345541 0.38830826
vn 0.38884982 0.91723806 0.08643036
vn 0.38884982 0.91723818 0.08643036
vn 0.38884926 0.91723824 0.08643068
vn 0.38884926 0.91723824 0.08643068
vn 0.18729967 0.97842997 0.08714130
vn 0.18719716 0.97844970 0.08714058
vn 0.19843811 0.97622550 0.08721326
vn 0.19843811 0.97622550 0.08721326
vn 0.08880851 0.99233943 0.08588141
vn 0.08880851 0.99233943 0.08588142
vn 0.11739306 0.98932934 0.08629213
vn 0.11785924 0.98927349 0.08629827
vn 0.14635076 0.98543090 0.08664645
vn 0.14635065 0.98543084 0.08664630
vn 0.17345306 0.98100054 0.08690290
vn 0.17372288 0.98095262 0.08690504
vn 0.20068988 0.97577643 0.08708552
vn 0.20068987 0.97577649 0.08708551
vn 0.22756065 0.96985179 0.08719974
vn 0.22767013 0.96982664 0.08719286
vn 0.25437039 0.96316600 0.08721820
vn 0.27845782 0.95648211 0.08719651
vn 0.27840874 0.95649636 0.08719731
vn 0.30232444 0.94921541 0.08712126
vn 0.30232441 0.94921547 0.08712122
vn 0.32432535 0.94193631 0.08700111
vn 0.32416406 0.94199169 0.08700210
vn 0.34600478 0.93420398 0.08685423
vn 0.34600487 0.93420398 0.08685433
vn 0.36766180 0.92591232 0.08666827
vn 0.36739352 0.92601854 0.08667099
vn 0.13026457 0.98769170 0.08658109
vn 0.13026457 0.98769170 0.08658109
vn 0.14190403 0.98607439 0.08672182
vn 0.14207207 0.98604995 0.08672377
vn 0.16480778 0.98248488 0.08695979
vn 0.16493930 0.98246270 0.08696100
vn 0.10195471 0.98625046 0.13005891
vn 0.10195471 0.98625046 0.13005891
vn 0.12804641 0.98335421 0.12891357
vn 0.12806073 0.98335236 0.12891291
vn 0.18338767 0.97507322 0.12490477
vn 0.18353345 0.97504765 0.12489066
vn 0.24517111 0.96248865 0.11621936
vn 0.24588533 0.96232200 0.11609006
vn 0.31043318 0.94497049 0.10325692
vn 0.30798519 0.94571322 0.10378693
vn 0.36550424 0.92662364 0.08817762
vn 0.36550424 0.92662364 0.08817762
vn 0.36448094 0.92699355 0.08852559
vn 0.36448094 0.92699355 0.08852559
vn 0.41130385 0.90846658 0.07428212
vn 0.41130385 0.90846658 0.07428212
vn 0.41083458 0.90866876 0.07440469
vn 0.41083458 0.90866876 0.07440469
vn 0.43225783 0.89912510 0.06875642
vn 0.43225783 0.89912510 0.06875642
vn 0.23600477 0.96680516 0.09792680
vn 0.17043902 0.98046815 0.09814715
vn 0.16802093 0.98161429 0.09056736
vn 0.23556037 0.96779788 0.08876167
vn 0.23353006 0.96718568 0.10007796
vn 0.16325590 0.98152226 0.09980809
vn 0.15563881 0.97863281 0.13436696
vn 0.23064169 0.96431166 0.13002916
vn 0.22112186 0.95795393 0.18283708
vn 0.13570544 0.97369897 0.18301439
vn 0.12964612 0.95853609 0.25377256
vn 0.21226360 0.94398290 0.25266683
vn 0.19703808 0.93171805 0.30508599
vn 0.13032928 0.93390846 0.33291033
vn 0.12587832 0.90049136 0.41625732
vn 0.15995978 0.85691112 0.49001676
vn 0.12913105 0.75094235 0.64761931
vn 0.14602447 0.97758204 0.15169105
vn 0.22731784 0.96316892 0.14363943
vn 0.23626567 0.96687758 0.09657335
vn 0.17127328 0.98050910 0.09626725
vn 0.20778902 0.97428304 0.08715694
vn 0.20778902 0.97428304 0.08715694
vn 0.20778902 0.97428304 0.08715694
vn 0.20778902 0.97428304 0.08715694
vn 0.20778902 0.97428304 0.08715694
vn 0.20778902 0.97428304 0.08715694
vn 0.20778902 0.97428304 0.08715694
vn 0.20778902 0.97428304 0.08715694
vn 0.20778902 0.97428304 0.08715694
vn 0.20778902 0.97428304 0.08715694
vn 0.20778902 0.97428304 0.08715694
vn 0.20778902 0.97428304 0.08715694
vn 0.20778902 0.97428304 0.08715694
vn 0.20778902 0.97428304 0.08715694
vn 0.20778902 0.97428304 0.08715694
vn 0.20778902 0.97428304 0.08715694
vn -0.38617304 0.91836512 0.08646414
vn -0.38402578 0.91926253 0.08649110
vn -0.38402578 0.91926253 0.08649110
vn -0.38605073 0.91841632 0.08646569
vn -0.18730138 0.97842962 0.08714188
vn -0.19844021 0.97622502 0.08721396
vn -0.19844021 0.97622502 0.08721396
vn -0.18719888 0.97844934 0.08714118
vn -0.08082737 0.99303204 0.08575770
vn -0.12043266 0.98896062 0.08633068
vn -0.11858057 0.98918647 0.08630698
vn -0.08161471 0.99296653 0.08577023
vn -0.15855169 0.98353100 0.08676549
vn -0.17445554 0.98082197 0.08691108
vn -0.17393988 0.98091394 0.08690705
vn -0.15899187 0.98345959 0.08676915
vn -0.20065856 0.97578287 0.08708605
vn -0.17786521 0.98020774 0.08692970
vn -0.17743976 0.98028451 0.08693472
vn -0.20066276 0.97578204 0.08708607
vn -0.32528871 0.94160283 0.08701380
vn -0.32543328 0.94155306 0.08701282
vn -0.24749060 0.96495736 0.08721159
vn -0.30756250 0.94753301 0.08710019
vn -0.32321569 0.94231707 0.08700796
vn -0.32366711 0.94216233 0.08700523
vn -0.30753890 0.94754076 0.08710026
vn -0.34555817 0.93436909 0.08685702
vn -0.36637920 0.92641932 0.08668115
vn -0.36694455 0.92619604 0.08667548
vn -0.34554759 0.93437296 0.08685727
vn -0.13026488 0.98769164 0.08658130
vn -0.14207242 0.98604995 0.08672394
vn -0.14190438 0.98607427 0.08672199
vn -0.13026488 0.98769164 0.08658130
vn -0.16494016 0.98246247 0.08696131
vn -0.16480863 0.98248470 0.08696010
vn -0.08463767 0.99615991 0.02240461
vn -0.11079828 0.99359941 0.02200092
vn -0.11078380 0.99360096 0.02200115
vn -0.08463767 0.99615991 0.02240461
vn -0.16645201 0.98585069 0.01980593
vn -0.16630565 0.98587519 0.01981479
vn -0.22913730 0.97330105 0.01346280
vn -0.22841847 0.97346860 0.01356146
vn -0.29415944 0.95574939 0.00365661
vn -0.34873652 0.93718553 -0.00813932
vn -0.34977165 0.93679708 -0.00842808
vn -0.29169133 0.95650387 0.00406225
vn -0.39560592 0.91821522 -0.01941435
vn -0.39607987 0.91800886 -0.01950634
vn -0.41725886 0.90848047 -0.02363301
vn -0.41725886 0.90848047 -0.02363301
vn -0.23600462 0.96680516 0.09792676
vn -0.23556043 0.96779782 0.08876173
vn -0.16802089 0.98161429 0.09056737
vn -0.17043896 0.98046815 0.09814710
vn -0.23353004 0.96718568 0.10007797
vn -0.23064151 0.96431178 0.13002899
vn -0.15563861 0.97863281 0.13436674
vn -0.16325574 0.98152232 0.09980801
vn -0.22112185 0.95795393 0.18283704
vn -0.21226338 0.94398296 0.25266677
vn -0.12964624 0.95853609 0.25377280
vn -0.13570549 0.97369897 0.18301447
vn -0.19703816 0.93171811 0.30508608
vn -0.15995970 0.85691100 0.49001688
vn -0.12587830 0.90049124 0.41625732
vn -0.13032928 0.93390858 0.33291018
vn -0.12913102 0.75094211 0.64761961
vn -0.22731791 0.96316892 0.14363933
vn -0.14602420 0.97758222 0.15169080
vn -0.23626536 0.96687764 0.09657325
vn -0.17127307 0.98050922 0.09626712
vn -0.29191464 0.95246524 0.08715469
vn -0.29191464 0.95246524 0.08715469
vn -0.29191464 0.95246524 0.08715469
vn -0.29191464 0.95246524 0.08715469
vn -0.29191464 0.95246524 0.08715469
vn -0.29191464 0.95246524 0.08715469
vn -0.29191464 0.95246524 0.08715469
vn -0.29191464 0.95246524 0.08715469
vn -0.29191464 0.95246524 0.08715469
vn -0.29191464 0.95246524 0.08715469
vn -0.29191464 0.95246524 0.08715469
vn -0.29191464 0.95246524 0.08715469
vn -0.29191464 0.95246524 0.08715469
vn -0.29191464 0.95246524 0.08715469
vn -0.29191464 0.95246524 0.08715469
vn -0.29191464 0.95246524 0.08715469
vn 0.03821485 0.91266501 0.40691805
vn -0.84732223 0.29850340 -0.43925029
vn -0.70236826 0.37230089 -0.60668850
vn 0.04544438 0.91059029 0.41080442
vn -0.15452544 0.98057479 -0.12081018
vn 0.59076065 0.38172200 -0.71083766
vn 0.00716332 0.95925212 0.28246087
vn -0.03085857 0.86445975 0.50175422
vn 0.09222560 0.85403413 0.51197672
vn 0.45057118 -0.47416079 0.75641084
vn 0.70142281 -0.41252133 0.58123338
vn 0.12595925 0.86826783 0.47983873
vn 0.15451653 0.98057628 -0.12080888
vn -0.59075528 0.38172573 -0.71084017
vn -0.03821459 0.91266495 0.40691817
vn 0.84733468 0.29849353 -0.43923312
vn 0.00294862 0.83180565 0.55505913
vn 0.03173083 -0.52720970 0.84914255
vn 0.03085865 0.86446750 0.50174063
vn -0.00716483 0.95925927 0.28243637
vn -0.04544345 0.91059083 0.41080314
vn 0.70239216 0.37228990 -0.60666752
vn -0.04359541 0.82310492 0.56621355
vn 0.01448720 -0.56557232 0.82457149
vn -0.02905696 0.89992106 0.43508354
vn 0.47164896 0.47517240 -0.74280453
vn 0.08276821 0.83035797 0.55104923
vn -0.80336010 -0.35136205 0.48078829
vn 0.02601262 0.88008678 0.47409976
vn 0.17440757 0.53836095 -0.82446933
vn 0.00905559 0.83592886 0.54876328
vn -0.00244318 0.40461767 -0.91448277
vn 0.02340627 0.87919533 0.47588646
vn -0.16253071 0.46965101 -0.86776251
vn -0.09213045 0.83232909 0.54657137
vn 0.78750187 -0.29329789 0.54204917
vn -0.10111866 0.89077663 0.44304866
vn -0.52057809 0.32179335 -0.79085243
vn 0.00454409 0.82927704 0.55881935
vn 0.00262895 -0.59309280 0.80512989
vn 0.00155507 0.89785057 0.44029760
vn -0.01315407 0.53145701 -0.84698319
vn 0.02239016 0.82359284 0.56673926
vn 0.02126372 -0.54524934 0.83800423
vn 0.06247696 0.88841009 0.45477930
vn 0.52590340 0.31098217 -0.79165369
vn -0.07226390 0.84841275 0.52437937
vn -0.41269702 -0.47264382 0.77864563
vn -0.03419032 0.87811196 0.47723213
vn 0.23946571 0.49895811 -0.83288473
vn -0.12595890 0.86826789 0.47983885
vn -0.70103604 -0.41262099 0.58162922
vn -0.00408314 0.88737768 0.46102515
vn -0.21789697 0.53276080 -0.81773275
vn -0.13821672 0.87785214 0.45855418
vn -0.91491908 -0.28220013 0.28859356
vn 0.11683330 0.85232115 0.50980276
vn -0.38101384 -0.65327775 0.65426046
vn 0.04098498 0.90325481 0.42714286
vn -0.50124812 0.45332471 -0.73705298
vn -0.11683244 0.85231858 0.50980705
vn 0.38101411 -0.65328306 0.65425497
vn 0.13821711 0.87785280 0.45855284
vn 0.91518390 -0.28198060 0.28796792
vn 0.31308359 0.09529265 -0.94493282
vn 0.31308359 0.09529265 -0.94493282
vn 0.18119943 0.20355439 -0.96214986
vn 0.32586581 0.39967644 -0.85677898
vn 0.45678341 0.18431942 -0.87027311
vn 0.45678341 0.18431942 -0.87027311
vn 0.07590588 0.24295361 -0.96706355
vn 0.16168009 0.50357974 -0.84868544
vn 0.00004140 0.24395357 -0.96978694
vn 0.00000000 0.53371578 -0.84566391
vn -0.07589649 0.24300070 -0.96705246
vn -0.16168018 0.50357950 -0.84868568
vn -0.18123572 0.20358951 -0.96213567
vn -0.32577842 0.39971173 -0.85679585
vn -0.31304133 0.09529369 -0.94494671
vn -0.45657265 0.18439861 -0.87036699
vn 0.46065685 0.59698939 -0.65680975
vn 0.64140099 0.29844102 -0.70677990
vn 0.64140099 0.29844102 -0.70677990
vn 0.24404867 0.75302583 -0.61105835
vn 0.00000000 0.80319405 -0.59571761
vn -0.24404880 0.75302553 -0.61105865
vn -0.46053553 0.59708375 -0.65680903
vn -0.64111340 0.29875660 -0.70690751
vn 0.54906017 0.72693706 -0.41242647
vn 0.81080920 0.37728548 -0.44748673
vn 0.81080920 0.37728548 -0.44748673
vn 0.27193734 0.89445043 -0.35497677
vn 0.01431703 0.93788415 -0.34665331
vn -0.28880155 0.87696230 -0.38409749
vn -0.54892188 0.72706056 -0.41239282
vn -0.81068999 0.37773597 -0.44732243
vn 0.58887857 0.79147601 -0.16366988
vn 0.88791770 0.42350307 -0.17957598
vn 0.88791770 0.42350307 -0.17957598
vn 0.27974674 0.94693553 -0.15828773
vn -0.10694205 0.97902006 -0.17344522
vn -0.25926167 0.94737834 -0.18777053
vn -0.59696656 0.78105944 -0.18324058
vn -0.88812190 0.42344978 -0.17868949
vn 0.59290844 0.80236495 -0.06833931
vn 0.91136920 0.41156793 0.00425565
vn 0.28504243 0.95549977 -0.07596815
vn 0.04459193 0.99889684 0.01472304
vn -0.30420876 0.95014596 -0.06840896
vn -0.59040040 0.80481851 -0.06078404
vn -0.89694136 0.44209266 -0.00709090
vn 0.64541626 0.75204152 -0.13368404
vn 0.88392347 0.46579856 0.04136442
vn 0.38951951 0.90810347 -0.15369664
vn 0.02856101 0.99934113 0.02239562
vn -0.54163390 0.83987844 0.03517225
vn -0.88951772 0.43615943 0.13610055
vn 0.35869899 0.01395086 -0.93334913
vn 0.23303227 0.10286990 -0.96701288
vn 0.23303227 0.10286990 -0.96701288
vn 0.39828283 -0.00287771 -0.91725826
vn 0.12426779 0.14631854 -0.98140132
vn 0.04568786 0.16045502 -0.98598528
vn 0.00008484 0.16477521 -0.98633122
vn -0.04566525 0.16056481 -0.98596835
vn -0.12439844 0.14638980 -0.98137414
vn -0.23310561 0.10287153 -0.96699500
vn -0.35869896 0.01395334 -0.93334901
vn -0.39818481 -0.00290975 -0.91730058
vn -0.51245737 0.04184813 -0.85769242
vn -0.69372815 0.10276638 -0.71286768
vn -0.88895035 0.12785183 -0.43979678
vn -0.97324085 0.14475408 -0.17846188
vn -0.98478705 0.17338660 -0.01147255
vn -0.96002805 0.23575206 0.15088785
vn -0.91035253 0.30399966 0.28078923
vn -0.83537054 0.53320187 0.13361153
vn -0.62229580 0.77916551 -0.07516117
vn -0.11054991 0.99375701 0.01502801
vn 0.44674253 0.85131061 -0.27512076
vn 0.71853602 0.68301940 -0.13111284
vn 0.91230726 0.40403587 0.06671377
vn 0.97568798 0.15226449 0.15763417
vn 0.98302001 0.12883125 0.13066876
vn 0.98583102 0.16326420 0.03849671
vn 0.97285622 0.14525159 -0.18014680
vn 0.97285622 0.14525159 -0.18014680
vn 0.88888031 0.12724654 -0.44011381
vn 0.69403237 0.10236901 -0.71262866
vn 0.51275748 0.04180397 -0.85751522
vn 0.37330714 0.04272952 -0.92672330
vn 0.50063926 -0.00642235 -0.86563224
vn 0.46689668 -0.15510005 -0.87060416
vn 0.32529771 -0.05669440 -0.94391054
vn 0.40338928 -0.27532995 -0.87262279
vn 0.25347111 -0.13464877 -0.95792592
vn 0.33441374 -0.35233951 -0.87408483
vn 0.18726289 -0.17451096 -0.96668434
vn 0.26338899 -0.40572619 -0.87522149
vn 0.13167229 -0.19269782 -0.97238362
vn 0.18418266 -0.44112155 -0.87834430
vn 0.08283715 -0.19924730 -0.97644186
vn 0.09504580 -0.46163887 -0.88196146
vn 0.04027630 -0.20203835 -0.97854918
vn -0.00000000 -0.46873924 -0.88333660
vn -0.00001969 -0.20279795 -0.97922063
vn -0.09502241 -0.46164492 -0.88196075
vn -0.04016536 -0.20192927 -0.97857618
vn -0.18414417 -0.44115680 -0.87833452
vn -0.08258903 -0.19908719 -0.97649550
vn -0.26345715 -0.40572309 -0.87520242
vn -0.13180968 -0.19222546 -0.97245854
vn -0.33478403 -0.35208246 -0.87404668
vn -0.18767005 -0.17353328 -0.96678144
vn -0.40449631 -0.27434653 -0.87242001
vn -0.25391847 -0.13293755 -0.95804644
vn -0.46883044 -0.15350805 -0.86984682
vn -0.32554495 -0.05419702 -0.94397205
vn -0.50255209 -0.00640369 -0.86452317
vn -0.37260199 0.04428241 -0.92693412
vn 0.69400090 -0.07197037 -0.71636796
vn 0.65704513 -0.26686931 -0.70503366
vn 0.57617378 -0.43720564 -0.69056147
vn 0.49596786 -0.55075544 -0.67133027
vn 0.40411109 -0.63589770 -0.65751690
vn 0.29443005 -0.70224375 -0.64820111
vn 0.15619580 -0.74750543 -0.64563042
vn 0.00000001 -0.76412994 -0.64506251
vn -0.15619589 -0.74750531 -0.64563054
vn -0.29442164 -0.70224559 -0.64820296
vn -0.40410829 -0.63587242 -0.65754300
vn -0.49610582 -0.55050236 -0.67143595
vn -0.57666135 -0.43608785 -0.69086117
vn -0.65759546 -0.26479110 -0.70530415
vn -0.69420826 -0.07136491 -0.71622765
vn 0.87747467 -0.14423907 -0.45742047
vn 0.81439006 -0.37287551 -0.44467166
vn 0.70170832 -0.56882340 -0.42900515
vn 0.59456539 -0.69142580 -0.41039312
vn 0.48101205 -0.78256607 -0.39524391
vn 0.35080576 -0.85459244 -0.38289306
vn 0.18718705 -0.90712333 -0.37694588
vn 0.00000001 -0.92692500 -0.37524682
vn -0.18718725 -0.90712327 -0.37694603
vn -0.35078973 -0.85459989 -0.38289133
vn -0.48099124 -0.78256702 -0.39526767
vn -0.59460628 -0.69135147 -0.41045913
vn -0.70188189 -0.56838328 -0.42930442
vn -0.81442314 -0.37195209 -0.44538382
vn -0.87711591 -0.14380230 -0.45824525
vn 0.95601666 -0.18899164 -0.22430846
vn 0.87695932 -0.43102044 -0.21251813
vn 0.75294411 -0.62781632 -0.19728664
vn 0.63171011 -0.75269943 -0.18543495
vn 0.50815791 -0.84331548 -0.17491312
vn 0.36970377 -0.91429073 -0.16550441
vn 0.19808619 -0.96665788 -0.16227934
vn 0.00000001 -0.98682952 -0.16176423
vn -0.19808620 -0.96665782 -0.16227925
vn -0.36969122 -0.91429645 -0.16550052
vn -0.50814557 -0.84332126 -0.17492111
vn -0.63171911 -0.75268877 -0.18544695
vn -0.75298166 -0.62775791 -0.19732919
vn -0.87698126 -0.43089268 -0.21268630
vn -0.95597392 -0.18888012 -0.22458446
vn 0.97546721 -0.21823195 -0.02895715
vn 0.88920110 -0.45714644 -0.01840510
vn 0.76640439 -0.64217687 -0.01527172
vn 0.64134949 -0.76701802 -0.01881933
vn 0.51460975 -0.85713589 -0.02225097
vn 0.37496874 -0.92667127 -0.02605793
vn 0.20216566 -0.97889894 -0.02976388
vn 0.00000000 -0.99950778 -0.03137493
vn -0.20216426 -0.97889924 -0.02976437
vn -0.37496465 -0.92667288 -0.02605855
vn -0.51460797 -0.85713661 -0.02225908
vn -0.64134961 -0.76701784 -0.01882747
vn -0.76640701 -0.64217377 -0.01527667
vn -0.88919139 -0.45716453 -0.01842199
vn -0.97541136 -0.21845372 -0.02916568
vn 0.95938963 -0.23831245 0.15092629
vn 0.87439072 -0.46099144 0.15141910
vn 0.76205587 -0.63284516 0.13703251
vn 0.64658451 -0.75416350 0.11474236
vn 0.52211708 -0.84793395 0.09166197
vn 0.38087958 -0.92191005 0.07079975
vn 0.20552325 -0.97685671 0.05925553
vn -0.00000001 -0.99847656 0.05517780
vn -0.20552033 -0.97685730 0.05925607
vn -0.38088682 -0.92190737 0.07079704
vn -0.52212882 -0.84792596 0.09166908
vn -0.64657968 -0.75416589 0.11475492
vn -0.76205039 -0.63284606 0.13705879
vn -0.87433004 -0.46111983 0.15137921
vn -0.95916206 -0.23967046 0.15022103
vn 0.95015460 -0.23625296 0.20344743
vn 0.86366332 -0.46699247 0.18974711
vn 0.75434321 -0.62983686 0.18512674
vn 0.64850950 -0.74399084 0.16097540
vn 0.53413796 -0.83615100 0.12469298
vn 0.38427818 -0.90792894 0.16731811
vn 0.21214116 -0.96938348 0.12366076
vn -0.00000010 -0.98637789 0.16449556
vn -0.21188612 -0.96893001 0.12758900
vn -0.38430178 -0.90792841 0.16726671
vn -0.53180718 -0.83608323 0.13470742
vn -0.64993584 -0.74052233 0.17090984
vn -0.75378573 -0.63238955 0.17857963
vn -0.86541355 -0.46575215 0.18475513
vn -0.94815499 -0.24073316 0.20748433
vn 0.96328288 -0.22393350 0.14812185
vn 0.86757028 -0.47321892 0.15292443
vn 0.73625392 -0.65445358 0.17210659
vn 0.60226113 -0.76137531 0.23997775
vn 0.29595339 -0.95082611 0.09133048
vn -0.00999125 -0.99734974 0.07206798
vn -0.34715638 -0.93304861 0.09435447
vn -0.47044596 -0.85536844 0.21685353
vn -0.65300393 -0.73894560 0.16596812
vn -0.74352235 -0.65133488 0.15145114
vn -0.85418987 -0.49894041 0.14634962
vn -0.95864856 -0.23910233 0.15434709
vn -0.97817832 -0.03408089 0.20495303
vn 0.30580750 0.12152161 -0.94430625
vn 0.37502140 0.10136788 -0.92145735
vn 0.29166108 0.06730378 -0.95415097
vn 0.23186404 -0.01697308 -0.97260010
vn 0.16939440 -0.07275194 -0.98285955
vn 0.11969986 -0.10191020 -0.98756588
vn 0.08144470 -0.11710012 -0.98977494
vn 0.05097156 -0.12515640 -0.99082690
vn 0.02473754 -0.12879699 -0.99136245
vn 0.00005006 -0.12974085 -0.99154794
vn -0.02438184 -0.12856917 -0.99140084
vn -0.05031241 -0.12477739 -0.99090838
vn -0.08116985 -0.11622476 -0.98990065
vn -0.11956357 -0.10022573 -0.98775470
vn -0.16809325 -0.07031077 -0.98326051
vn -0.22938094 -0.01345152 -0.97324377
vn -0.28722692 0.07160872 -0.95518219
vn -0.37305409 0.10200491 -0.92218536
vn -0.29858401 0.12421925 -0.94626486
vn -0.50620866 0.06498957 -0.85995889
vn -0.69250089 0.01296388 -0.72130054
vn -0.88626534 -0.04914695 -0.46056333
vn -0.97035855 -0.07599436 -0.22941031
vn -0.99533230 -0.08880109 -0.03779064
vn -0.98202205 -0.12200180 0.14404260
vn -0.96721733 -0.12438352 0.22140349
vn 0.98326498 -0.02428583 0.18055563
vn 0.96968508 -0.11643060 0.21483706
vn 0.98214024 -0.11956405 0.14527562
vn 0.99538034 -0.08841616 -0.03742596
vn 0.97042835 -0.07609322 -0.22908245
vn 0.88685960 -0.04890151 -0.45944417
vn 0.69271117 0.01417320 -0.72107589
vn 0.50445133 0.06653298 -0.86087304
vn 0.92281359 0.33577499 -0.18886589
vn 0.94026870 0.32841942 -0.08964071
vn 0.98977035 0.10781036 -0.09344350
vn 0.97368443 0.11474357 -0.19690807
vn 0.83278918 0.52598041 -0.17264640
vn 0.83853430 0.53811610 -0.08539017
vn -0.92281359 0.33577496 -0.18886594
vn -0.97368431 0.11474345 -0.19690818
vn -0.98977119 0.10781173 -0.09343249
vn -0.94026911 0.32841593 -0.08964926
vn -0.83278918 0.52598041 -0.17264640
vn -0.83853477 0.53811353 -0.08540066
vn -0.99340755 0.09970235 0.05657711
vn -0.94481927 0.32419911 0.04702887
vn -0.83681995 0.54646516 0.03328976
vn 0.00000017 1.00000000 -0.00000000
vn 0.00000017 1.00000000 -0.00000000
vn 0.00000017 1.00000000 -0.00000000
vn 0.00000017 1.00000000 -0.00000000
vn 0.00000017 1.00000000 -0.00000000
vn 0.00000017 1.00000000 -0.00000000
vn 0.00000017 1.00000000 -0.00000000
vn 0.00000017 1.00000000 -0.00000000
vn 0.00000017 1.00000000 -0.00000000
vn 0.00000017 1.00000000 -0.00000000
vn 0.00000017 1.00000000 -0.00000000
vn 0.00000017 1.00000000 -0.00000000
vn 0.00000017 1.00000000 -0.00000000
vn 0.00000017 1.00000000 -0.00000000
vn 0.00000017 1.00000000 -0.00000000
vn 0.00000017 1.00000000 -0.00000000
vn 0.00000017 1.00000000 -0.00000000
vn 0.00000017 1.00000000 -0.00000000
vn 0.00000017 1.00000000 -0.00000000
vn 0.00000017 1.00000000 -0.00000000
vn 0.00000017 1.00000000 -0.00000000
vn 0.00000017 1.00000000 -0.00000000
vn 0.00000017 1.00000000 -0.00000000
vn 0.00000017 1.00000000 -0.00000000
vn 0.00000017 1.00000000 -0.00000000
vn 0.00000017 1.00000000 -0.00000000
vn 0.00000017 1.00000000 -0.00000000
vn 0.00000017 1.00000000 -0.00000000
vn 0.00000017 1.00000000 -0.00000000
vn 0.00000017 1.00000000 -0.00000000
vn 0.00000017 1.00000000 -0.00000000
vn 0.00000017 1.00000000 -0.00000000
vn -0.00000018 1.00000000 -0.00000000
vn -0.00000018 1.00000000 -0.00000000
vn -0.00000018 1.00000000 -0.00000000
vn -0.00000018 1.00000000 -0.00000000
vn -0.00000018 1.00000000 -0.00000000
vn -0.00000018 1.00000000 -0.00000000
vn -0.00000018 1.00000000 -0.00000000
vn -0.00000018 1.00000000 -0.00000000
vn -0.00000018 1.00000000 -0.00000000
vn -0.00000018 1.00000000 -0.00000000
vn -0.00000018 1.00000000 -0.00000000
vn -0.00000018 1.00000000 -0.00000000
vn -0.00000018 1.00000000 -0.00000000
vn -0.00000018 1.00000000 -0.00000000
vn -0.00000018 1.00000000 -0.00000000
vn -0.00000018 1.00000000 -0.00000000
vn -0.00000018 1.00000000 -0.00000000
vn -0.00000018 1.00000000 -0.00000000
vn -0.00000018 1.00000000 -0.00000000
vn -0.00000018 1.00000000 -0.00000000
vn -0.00000018 1.00000000 -0.00000000
vn -0.00000018 1.00000000 -0.00000000
vn -0.00000018 1.00000000 -0.00000000
vn -0.00000018 1.00000000 -0.00000000
vn -0.00000018 1.00000000 -0.00000000
vn -0.00000018 1.00000000 -0.00000000
vn -0.00000018 1.00000000 -0.00000000
vn -0.00000018 1.00000000 -0.00000000
vn -0.00000018 1.00000000 -0.00000000
vn -0.00000018 1.00000000 -0.00000000
vn -0.00000018 1.00000000 -0.00000000
vn -0.00000018 1.00000000 -0.00000000
vn 0.08880851 0.99233937 0.08588143
vn 0.08880851 0.99233937 0.08588143
vn -0.09431385 0.99182415 0.08596493
vn -0.09431385 0.99182415 0.08596493
vn -0.24601845 0.96533465 0.08720148
vn 0.30023071 0.94897759 0.09645350
vn 0.30051932 0.94880670 0.09723173
vn 0.30176416 0.94932234 0.08789507
vn 0.30340734 0.94829875 0.09313157
vn 0.30833691 0.94228762 0.13047077
vn 0.30946401 0.93865937 0.15215340
vn 0.30518472 0.94460493 0.12076369
vn 0.30019009 0.93085402 0.20831867
vn 0.27723175 0.92744291 0.25098258
vn 0.23993702 0.93596810 0.25767070
vn -0.30023032 0.94897765 0.09645343
vn -0.30051911 0.94880676 0.09723170
vn -0.30176431 0.94932228 0.08789516
vn -0.30340758 0.94829875 0.09313171
vn -0.30833700 0.94228745 0.13047066
vn -0.30946434 0.93865937 0.15215336
vn -0.30518463 0.94460499 0.12076364
vn -0.30018923 0.93085444 0.20831823
vn -0.27723202 0.92744267 0.25098297
vn -0.23993686 0.93596810 0.25767055
vn 0.25437820 0.96316451 0.08721172
vn -0.33672678 0.94120979 -0.02719018
vn -0.04771605 -0.45876685 -0.88727456
vn -0.10397000 -0.99409342 -0.03112297
vn -0.10588899 -0.99283457 0.05538198
vn -0.09285008 -0.98644501 0.13529655
vn -0.01971488 -0.20018445 -0.97955990
vn -0.07965806 -0.75666857 -0.64892781
vn -0.10166113 -0.98156720 -0.16183639
vn -0.09578666 -0.92125446 -0.37698182
vn -0.01253469 -0.12965634 -0.99147975
vn 0.19586575 -0.96753776 0.15971009
vn 0.01972027 -0.20025256 -0.97954583
vn 0.01254569 -0.12979399 -0.99146169
vn 0.10396998 -0.99409342 -0.03112299
vn 0.10588897 -0.99283457 0.05538198
vn 0.06446497 -0.98924339 0.13130812
vn 0.04771606 -0.45876682 -0.88727468
vn 0.09578668 -0.92125446 -0.37698188
vn 0.07965807 -0.75666845 -0.64892793
vn 0.10166117 -0.98156714 -0.16183643
vn -0.17722996 -0.97403860 0.14084856
vn -0.01320012 -0.98488533 0.17270416
vn 0.42019546 -0.89911681 0.12257611
vn 0.06698339 -0.12197081 -0.99027085
vn 0.22425202 -0.41779044 -0.88043302
vn 0.42171758 -0.81885403 -0.38940012
vn 0.35430896 -0.66802090 -0.65438002
vn 0.44838569 -0.89350933 -0.02431927
vn 0.44381636 -0.87996864 -0.16935891
vn 0.45542648 -0.88677788 0.07881590
vn 0.10352526 -0.19423176 -0.97547764
vn 0.33275583 -0.92995179 0.15640755
vn 0.27639416 -0.88243216 -0.38068333
vn 0.29213852 -0.94231176 -0.16341284
vn 0.03823086 -0.12761743 -0.99108636
vn 0.05980747 -0.19867611 -0.97823870
vn 0.29721457 -0.95439613 -0.02813479
vn 0.30702513 -0.93829566 0.15917537
vn 0.14024769 -0.44501761 -0.88447154
vn 0.23051804 -0.72425377 -0.64985996
vn 0.30220243 -0.95112246 0.06355973
vn 0.61519206 -0.77629113 0.13751736
vn 0.35118410 -0.92036164 0.17205890
vn 0.65284061 -0.72427911 0.22185358
vn -0.22422451 -0.41784084 -0.88041615
vn -0.06641886 -0.12143209 -0.99037510
vn -0.44379222 -0.87998044 -0.16936092
vn -0.42168397 -0.81886631 -0.38941064
vn -0.44838038 -0.89351195 -0.02432401
vn -0.10322050 -0.19402188 -0.97555166
vn -0.45544201 -0.88676977 0.07881637
vn -0.43439642 -0.88977015 0.14003183
vn -0.35429087 -0.66802245 -0.65438825
vn -0.36071664 -0.91596985 0.17573474
vn -0.30219680 -0.95112443 0.06355628
vn -0.05948685 -0.19854644 -0.97828454
vn -0.03768766 -0.12730449 -0.99114746
vn -0.27639440 -0.88243198 -0.38068354
vn -0.23051816 -0.72425348 -0.64986020
vn -0.29721209 -0.95439690 -0.02813673
vn -0.29213858 -0.94231170 -0.16341281
vn -0.14019707 -0.44503954 -0.88446856
vn -0.33309630 -0.92865056 0.16326389
vn -0.40174583 -0.90615296 0.13223934
vn -0.38992000 -0.90316468 0.17959908
vn -0.00359198 -0.92979628 -0.36805710
vn 0.00439600 -0.99856639 0.05334861
vn 0.00982359 -0.99188560 0.12675418
vn 0.33268300 -0.85536522 -0.39707983
vn 0.44269380 -0.89631432 0.02535438
vn 0.44975230 -0.89216775 0.04195009
vn 0.60864246 -0.64441407 -0.46290925
vn 0.77238804 -0.62355971 -0.12078895
vn 0.78389633 -0.61620045 -0.07618243
vn 0.76675797 -0.32237807 -0.55511671
vn 0.91196740 -0.25619513 -0.32043663
vn 0.94819200 -0.22047874 -0.22873819
vn 0.75407904 0.05429416 -0.65453577
vn 0.84897232 0.12670664 -0.51302189
vn 0.89562088 0.19990855 -0.39736620
vn 0.55120516 0.39399698 -0.73548585
vn 0.60342711 0.44721207 -0.66020995
vn 0.63724023 0.54695821 -0.54291964
vn 0.19898801 0.59876442 -0.77581257
vn 0.22532532 0.64182609 -0.73299921
vn 0.23285137 0.73958290 -0.63150406
vn -0.22335875 0.73300892 -0.64250207
vn -0.21130037 0.66727090 -0.71421415
vn -0.21073619 0.60748035 -0.76587075
vn -0.62516081 0.52941722 -0.57349062
vn -0.61419231 0.50926483 -0.60284090
vn -0.56905293 0.41659528 -0.70896202
vn -0.88714528 0.19341907 -0.41900179
vn -0.87985027 0.17737027 -0.44091195
vn -0.78135258 0.07965888 -0.61898524
vn -0.95587593 -0.21126473 -0.20412847
vn -0.93056560 -0.24069817 -0.27588421
vn -0.79798526 -0.30694693 -0.51865530
vn -0.79552239 -0.60580921 -0.01181313
vn -0.76838046 -0.62934470 -0.11626213
vn -0.63290828 -0.64180326 -0.43303078
vn -0.44354334 -0.88967413 0.10839409
vn -0.43161163 -0.90205687 0.00223364
vn -0.34534398 -0.85800844 -0.38020936
vn -0.00197119 -0.92472881 0.38062149
vn 0.46171322 -0.81852829 0.34180745
vn 0.82073939 -0.52614957 0.22260618
vn 0.99227685 -0.11352855 0.04997892
vn 0.93582618 0.32489243 -0.13665397
vn 0.66355067 0.68778837 -0.29435974
vn 0.23808427 0.89094752 -0.38668913
vn -0.24206333 0.88742596 -0.39227608
vn -0.66589743 0.67863005 -0.30990627
vn -0.93620813 0.31354040 -0.15876649
vn -0.99200088 -0.12348042 0.02621036
vn -0.82169312 -0.53268862 0.20264117
vn -0.46468657 -0.82151616 0.33042029
vn -0.00145915 -0.90908122 0.41661653
vn 0.47410014 -0.79337364 0.38182113
vn 0.83189368 -0.47039321 0.29442036
vn 0.98390555 -0.02500049 0.17693229
vn 0.90271431 0.42639959 0.05736106
vn 0.62453294 0.78006291 -0.03821656
vn 0.22136483 0.97105503 -0.08972099
vn -0.22323067 0.97095513 -0.08610694
vn -0.62405926 0.78087831 -0.02791316
vn -0.89969641 0.43045059 0.07251625
vn -0.98093516 -0.01716704 0.19357564
vn -0.83157152 -0.46194172 0.30838108
vn -0.47621983 -0.78827012 0.38967285
vn 0.00215099 -0.54059339 0.84128124
vn 0.00215099 -0.54059339 0.84128124
vn 0.37221456 -0.45037979 0.81155068
vn 0.37221456 -0.45037979 0.81155068
vn 0.64694870 -0.19897223 0.73611653
vn 0.64694870 -0.19897223 0.73611653
vn 0.75526714 0.14592890 0.63896519
vn 0.75526714 0.14592890 0.63896519
vn 0.67811358 0.48859844 0.54902965
vn 0.67811358 0.48859844 0.54902965
vn 0.45688170 0.74458015 0.48668215
vn 0.45688170 0.74458015 0.48668215
vn 0.16014838 0.87437660 0.45805916
vn 0.16014838 0.87437660 0.45805916
vn -0.15584981 0.87324184 0.46169201
vn -0.15584981 0.87324184 0.46169201
vn -0.44828889 0.74340403 0.49637446
vn -0.44828889 0.74340403 0.49637446
vn -0.66575408 0.49126193 0.56163442
vn -0.66575408 0.49126193 0.56163442
vn -0.74365509 0.15261354 0.65091187
vn -0.74365509 0.15261354 0.65091187
vn -0.63887846 -0.19198887 0.74496615
vn -0.63887846 -0.19198887 0.74496615
vn -0.36697412 -0.44631109 0.81617194
vn -0.36697412 -0.44631109 0.81617194
vn -0.04842301 -0.85227668 0.52084517
vn 0.43097618 -0.88374859 0.18234065
vn 0.75849003 -0.63232213 -0.15767561
vn 0.94302797 -0.22905374 -0.24131443
vn 0.88110375 0.16952354 -0.44149518
vn 0.60343271 0.47857592 -0.63783550
vn 0.18071207 0.62388331 -0.76033729
vn -0.24152161 0.58803153 -0.77193677
vn -0.60477114 0.41308638 -0.68089026
vn -0.86104482 0.10704584 -0.49713489
vn -0.93175632 -0.25724328 -0.25623482
vn -0.82073474 -0.57129812 -0.00362748
vn -0.51420468 -0.78876787 0.33680671
vn -0.59909445 0.79957581 0.04200736
vn -0.27273205 0.30482626 0.91252297
vn 0.20869233 -0.74145055 0.63772923
vn -0.59909445 0.79957581 0.04200736
vn 0.31208992 0.32501602 0.89272875
vn 0.54807234 -0.63251632 0.54730237
vn -0.59909445 0.79957581 0.04200736
vn 0.73848128 0.27076805 0.61751932
vn 0.78857160 -0.50838470 0.34597689
vn -0.59909445 0.79957581 0.04200736
vn 0.94447011 0.22750597 0.23710200
vn 0.94927299 -0.30601159 0.07237244
vn -0.59909445 0.79957581 0.04200736
vn 0.95824158 -0.05234523 -0.28112811
vn 0.96829659 0.16311854 -0.18919341
vn -0.59909445 0.79957581 0.04200736
vn 0.72759283 0.09165438 -0.67985898
vn 0.80743521 0.03610141 -0.58885062
vn -0.59909445 0.79957581 0.04200736
vn 0.29329413 0.12510511 -0.94780129
vn 0.48991281 -0.14489946 -0.85964507
vn -0.59909445 0.79957581 0.04200736
vn -0.11633044 0.05936737 -0.99143469
vn 0.08714081 -0.33124459 -0.93951237
vn -0.59909445 0.79957581 0.04200736
vn -0.44366008 -0.09156175 -0.89150566
vn -0.32833552 -0.46638620 -0.82138902
vn -0.72125614 -0.32098126 -0.61380833
vn -0.69067037 -0.49714816 -0.52518398
vn -0.59909445 0.79957581 0.04200736
vn -0.91763669 -0.38338646 -0.10468037
vn -0.81043404 -0.53516328 -0.23832105
vn -0.59909445 0.79957581 0.04200736
vn -0.93276858 -0.14373003 0.33058214
vn -0.65242839 -0.74391419 0.14466828
vn -0.59909445 0.79957581 0.04200736
vn -0.71916401 0.12477893 0.68354464
vn -0.59909445 0.79957581 0.04200736
vn -0.23776820 -0.82456976 0.51337218
vn -0.14557588 0.39326799 0.90782595
vn 0.39221728 0.36939666 0.84244394
vn 0.77070582 0.26986867 0.57722050
vn 0.95700896 0.17576441 0.23073965
vn 0.98722404 0.05400434 -0.14990774
vn 0.84995604 -0.13804756 -0.50844646
vn 0.53455925 -0.37824169 -0.75576431
vn 0.07496393 -0.57697242 -0.81331623
vn -0.41186082 -0.63283968 -0.65565598
vn -0.77733058 -0.52437305 -0.34754899
vn -0.95294410 -0.30261791 0.01788745
vn -0.92191851 -0.02392318 0.38664472
vn -0.64817327 0.24540158 0.72086722
vn -0.00034304 0.46510732 0.88525432
vn 0.50387841 0.42124689 0.75409395
vn 0.80893922 0.28197035 0.51585853
vn 0.95869023 0.11516785 0.26009509
vn 0.99613225 -0.08744888 -0.00856418
vn 0.89464909 -0.34338051 -0.28581971
vn 0.58542216 -0.62313616 -0.51863492
vn 0.06565370 -0.80126077 -0.59470242
vn -0.47095299 -0.75685060 -0.45318925
vn -0.81833857 -0.54663968 -0.17750224
vn -0.95110470 -0.27105761 0.14808032
vn -0.86882341 0.03396377 0.49395582
vn -0.53290439 0.31774187 0.78425318
vn 0.12483764 0.41791135 0.89986980
vn 0.55605763 0.38625658 0.73593879
vn 0.81623060 0.26451185 0.51361567
vn 0.95311511 0.09754241 0.28645638
vn 0.99227595 -0.11225609 0.05279196
vn 0.90560836 -0.37617117 -0.19587955
vn 0.60894394 -0.66777217 -0.42809770
vn 0.07997661 -0.84696060 -0.52560574
vn -0.46532404 -0.78816313 -0.40283075
vn -0.80870777 -0.57265520 -0.13437909
vn -0.93164897 -0.30162126 0.20261973
vn -0.81701624 0.00277066 0.57660812
vn -0.41615173 0.28335151 0.86401945
vn 0.20340498 0.33438584 0.92022425
vn 0.59444767 0.28683648 0.75123692
vn 0.81937659 0.17861651 0.54471856
vn 0.94098192 0.03833860 0.33627859
vn 0.98385799 -0.13994764 0.11152592
vn 0.91348380 -0.37535682 -0.15701850
vn 0.60090333 -0.64724487 -0.46903014
vn -0.03780475 -0.76223570 -0.64619464
vn -0.59473282 -0.62054259 -0.51109666
vn -0.87618297 -0.41567904 -0.24395563
vn -0.97470212 -0.20158453 0.09653786
vn -0.83938044 0.04195467 0.54192293
vn -0.35561377 0.25652993 0.89873868
vn 0.12673908 0.28763932 0.94931597
vn 0.58988428 0.21094376 0.77944803
vn 0.81402987 0.10473047 0.57130277
vn 0.93345779 -0.01913471 0.35817650
vn 0.97776473 -0.18688557 0.09513150
vn 0.85119820 -0.43621504 -0.29185268
vn 0.29607224 -0.65097934 -0.69897574
vn -0.35899925 -0.58294904 -0.72889644
vn -0.71577460 -0.42467695 -0.55436105
vn -0.89753973 -0.28158522 -0.33931148
vn -0.98698616 -0.14197019 -0.07551812
vn -0.95365620 0.02490455 0.29986614
vn -0.58381516 0.22047848 0.78137648
vn 0.00259819 -0.92973453 -0.36822152
vn 0.32080913 -0.86071235 -0.39529198
vn 0.58840299 -0.66774637 -0.45595708
vn 0.75562567 -0.36622596 -0.54305488
vn 0.76683313 0.00378022 -0.64183551
vn 0.58288634 0.36066264 -0.72812504
vn 0.22265238 0.59168690 -0.77481127
vn -0.21621479 0.60615790 -0.76539123
vn -0.59303838 0.39327240 -0.70259684
vn -0.79434049 0.03198841 -0.60663003
vn -0.78545070 -0.35636401 -0.50603545
vn -0.60548186 -0.67266995 -0.42533150
vn -0.32228476 -0.86789405 -0.37801126
vn -0.85876036 -0.45958683 -0.22651832
vn -0.70546037 -0.67895114 0.20334987
vn 0.95744717 -0.28181750 -0.06223987
vn 0.95238262 0.05803334 -0.29933181
vn -0.30835575 -0.72486579 0.61602473
vn 0.68438286 0.31404296 -0.65802521
vn 0.15818135 -0.68319821 0.71289480
vn 0.25617078 0.38945070 -0.88470596
vn -0.16571841 0.30233094 -0.93868715
vn -0.51233727 0.12185785 -0.85009485
vn 0.54386419 -0.78056198 0.30811501
vn -0.77996600 -0.16414706 -0.60391122
vn 0.78379709 -0.62085533 -0.01416988
vn 0.00000011 -0.44763100 -0.89421839
vn 0.00000008 0.00000128 1.00000000
vn 0.00000008 0.00000128 1.00000000
vn 0.00000008 0.00000128 1.00000000
vn 0.00000008 0.00000128 1.00000000
vn 0.00000008 0.00000128 1.00000000
vn 0.00000008 0.00000128 1.00000000
vn 0.00000008 0.00000128 1.00000000
vn 0.00000008 0.00000128 1.00000000
vn 0.00000008 0.00000128 1.00000000
vn 0.00000008 0.00000128 1.00000000
vn 0.00000008 0.00000128 1.00000000
vn 0.00000008 0.00000128 1.00000000
vn 0.00000008 0.00000128 1.00000000
vn 0.11095627 -0.21140538 -0.97108006
vn 0.20802514 -0.39635593 -0.89421892
vn 0.29452172 -0.56116432 -0.77353203
vn 0.36634815 -0.69801825 -0.61527199
vn 0.42015103 -0.80053389 -0.42733896
vn 0.45345110 -0.86398089 -0.21890472
vn 0.46472198 -0.88545662 0.00000081
vn 0.45345065 -0.86398149 0.21890333
vn 0.42015043 -0.80053431 0.42733881
vn 0.36634651 -0.69801891 0.61527222
vn 0.29452163 -0.56116587 0.77353078
vn 0.20802499 -0.39635918 0.89421761
vn 0.11095451 -0.21140899 0.97107947
vn 0.19649401 -0.13562694 -0.97107953
vn 0.36839503 -0.25428364 -0.89421749
vn 0.52157390 -0.36001217 -0.77353209
vn 0.64877146 -0.44781289 -0.61527175
vn 0.74405289 -0.51358265 -0.42733863
vn 0.80302334 -0.55428737 -0.21890458
vn 0.82298386 -0.56806493 0.00000075
vn 0.80302316 -0.55428815 0.21890324
vn 0.74405289 -0.51358300 0.42733812
vn 0.64877051 -0.44781515 0.61527115
vn 0.52157319 -0.36001644 0.77353060
vn 0.36839437 -0.25428456 0.89421755
vn 0.19649142 -0.13562898 0.97107977
vn 0.23701768 -0.02877396 -0.97107911
vn 0.44437003 -0.05395758 -0.89421695
vn 0.62913734 -0.07639235 -0.77353120
vn 0.78256738 -0.09502098 -0.61527175
vn 0.89749950 -0.10897721 -0.42733896
vn 0.96863204 -0.11761197 -0.21890517
vn 0.99270892 -0.12053695 0.00000076
vn 0.96863234 -0.11761190 0.21890369
vn 0.89750016 -0.10897646 0.42733806
vn 0.78256857 -0.09502057 0.61527032
vn 0.62913901 -0.07639062 0.77353007
vn 0.44436970 -0.05395642 0.89421713
vn 0.23701446 -0.02877850 0.97107983
vn 0.22324298 0.08466952 -0.97107863
vn 0.41854438 0.15873142 -0.89421749
vn 0.59257340 0.22473222 -0.77353239
vn 0.73708797 0.27953994 -0.61527139
vn 0.84534073 0.32059473 -0.42733863
vn 0.91233855 0.34600383 -0.21890597
vn 0.93501562 0.35460654 0.00000085
vn 0.91233855 0.34600487 0.21890432
vn 0.84534073 0.32059500 0.42733839
vn 0.73708856 0.27953956 0.61527085
vn 0.59257537 0.22473457 0.77353013
vn 0.41854385 0.15873194 0.89421773
vn 0.22324048 0.08466060 0.97107995
vn 0.15832750 0.17871180 -0.97107911
vn 0.29683644 0.33505690 -0.89421755
vn 0.42025864 0.47437298 -0.77353281
vn 0.52274889 0.59006315 -0.61527157
vn 0.59952384 0.67672211 -0.42733872
vn 0.64703947 0.73035616 -0.21890579
vn 0.66312319 0.74851030 0.00000077
vn 0.64703947 0.73035669 0.21890444
vn 0.59952426 0.67672163 0.42733899
vn 0.52275008 0.59006315 0.61527061
vn 0.42026040 0.47437525 0.77353042
vn 0.29683647 0.33505398 0.89421868
vn 0.15832531 0.17870654 0.97108036
vn 0.05713961 0.23182124 -0.97107887
vn 0.10712644 0.43462431 -0.89421797
vn 0.15166815 0.61534095 -0.77353233
vn 0.18865533 0.76540905 -0.61527085
vn 0.21636248 0.87782037 -0.42733911
vn 0.23351191 0.94739223 -0.21890676
vn 0.23931667 0.97094154 0.00000070
vn 0.23351225 0.94739234 0.21890578
vn 0.21636318 0.87782025 0.42733905
vn 0.18865542 0.76540965 0.61527002
vn 0.15166831 0.61534256 0.77353114
vn 0.10712722 0.43462363 0.89421815
vn 0.05713907 0.23181970 0.97107917
vn -0.05713943 0.23181944 -0.97107923
vn -0.10712629 0.43462422 -0.89421803
vn -0.15166852 0.61534059 -0.77353263
vn -0.18865547 0.76540834 -0.61527169
vn -0.21636231 0.87782019 -0.42733970
vn -0.23351237 0.94739217 -0.21890688
vn -0.23931764 0.97094142 0.00000073
vn -0.23351258 0.94739228 0.21890573
vn -0.21636245 0.87782043 0.42733896
vn -0.18865520 0.76540965 0.61527020
vn -0.15166841 0.61534339 0.77353048
vn -0.10712674 0.43462557 0.89421731
vn -0.05713870 0.23182036 0.97107899
vn -0.15832742 0.17871435 -0.97107869
vn -0.29683599 0.33505836 -0.89421719
vn -0.42025858 0.47437212 -0.77353340
vn -0.52274972 0.59006131 -0.61527264
vn -0.59952420 0.67672157 -0.42733926
vn -0.64703989 0.73035598 -0.21890543
vn -0.66312426 0.74850941 0.00000087
vn -0.64703989 0.73035651 0.21890399
vn -0.59952354 0.67672229 0.42733896
vn -0.52275014 0.59006280 0.61527085
vn -0.42026034 0.47437507 0.77353060
vn -0.29683641 0.33505559 0.89421815
vn -0.15832511 0.17871450 0.97107899
vn -0.22324306 0.08466783 -0.97107869
vn -0.22324306 0.08466783 -0.97107869
vn -0.41854373 0.15873468 -0.89421725
vn -0.41854373 0.15873468 -0.89421725
vn -0.59257311 0.22473340 -0.77353215
vn -0.59257311 0.22473340 -0.77353215
vn -0.73708814 0.27953944 -0.61527139
vn -0.73708814 0.27953944 -0.61527139
vn -0.84534091 0.32059404 -0.42733851
vn -0.84534091 0.32059404 -0.42733851
vn -0.91233861 0.34600377 -0.21890561
vn -0.91233861 0.34600377 -0.21890561
vn -0.93501574 0.35460630 0.00000092
vn -0.93501574 0.35460630 0.00000092
vn -0.91233891 0.34600428 0.21890406
vn -0.91233891 0.34600428 0.21890406
vn -0.84534073 0.32059467 0.42733866
vn -0.84534073 0.32059467 0.42733866
vn -0.73708862 0.27953890 0.61527097
vn -0.73708862 0.27953890 0.61527097
vn -0.59257567 0.22473206 0.77353060
vn -0.59257567 0.22473206 0.77353060
vn -0.41854385 0.15873186 0.89421779
vn -0.41854385 0.15873186 0.89421779
vn -0.22324073 0.08466461 0.97107959
vn -0.22324073 0.08466461 0.97107959
vn 0.00000011 0.00000207 -1.00000000
vn 0.00000011 0.00000207 -1.00000000
vn 0.00000011 0.00000207 -1.00000000
vn 0.00000011 0.00000207 -1.00000000
vn 0.00000011 0.00000207 -1.00000000
vn 0.00000011 0.00000207 -1.00000000
vn 0.00000011 0.00000207 -1.00000000
vn 0.00000011 0.00000207 -1.00000000
vn 0.00000011 0.00000207 -1.00000000
vn 0.00000011 0.00000207 -1.00000000
vn 0.00000011 0.00000207 -1.00000000
vn 0.00000011 0.00000207 -1.00000000
vn 0.00000011 0.00000207 -1.00000000
vn -0.23701726 -0.02877977 -0.97107905
vn -0.44436970 -0.05395597 -0.89421725
vn -0.62913728 -0.07639161 -0.77353132
vn -0.78256756 -0.09502091 -0.61527151
vn -0.89749950 -0.10897703 -0.42733908
vn -0.96863186 -0.11761167 -0.21890591
vn -0.99270892 -0.12053633 0.00000076
vn -0.96863222 -0.11761159 0.21890445
vn -0.89749980 -0.10897743 0.42733830
vn -0.78256834 -0.09502187 0.61527038
vn -0.62913889 -0.07639185 0.77353007
vn -0.44436941 -0.05395405 0.89421755
vn -0.23701411 -0.02877897 0.97107995
vn -0.19649424 -0.13563158 -0.97107881
vn -0.36839473 -0.25428492 -0.89421725
vn -0.52157354 -0.36001480 -0.77353126
vn -0.64877146 -0.44781318 -0.61527151
vn -0.74405295 -0.51358217 -0.42733902
vn -0.80302328 -0.55428708 -0.21890517
vn -0.82298362 -0.56806511 0.00000074
vn -0.80302334 -0.55428743 0.21890408
vn -0.74405271 -0.51358277 0.42733875
vn -0.64877039 -0.44781500 0.61527133
vn -0.52157342 -0.36001593 0.77353066
vn -0.36839429 -0.25428402 0.89421773
vn -0.19649166 -0.13562766 0.97108001
vn -0.11095602 -0.21140945 -0.97107929
vn -0.20802514 -0.39635774 -0.89421815
vn -0.29452151 -0.56116635 -0.77353054
vn -0.36634797 -0.69801849 -0.61527187
vn -0.42015111 -0.80053377 -0.42733914
vn -0.45345071 -0.86398101 -0.21890444
vn -0.46472105 -0.88545722 0.00000090
vn -0.45345089 -0.86398113 0.21890372
vn -0.42015097 -0.80053359 0.42733958
vn -0.36634675 -0.69801831 0.61527270
vn -0.29452214 -0.56116563 0.77353078
vn -0.20802519 -0.39635926 0.89421755
vn -0.11095426 -0.21140759 0.97107983
vn 0.00000008 -0.23875418 -0.97108006
vn 0.00000015 -0.63376021 -0.77352953
vn 0.00000028 -0.78831613 -0.61527044
vn -0.00000031 -0.90409160 -0.42733899
vn 0.00000042 -0.97574633 -0.21890461
vn 0.00000025 -1.00000000 0.00000090
vn -0.00000014 -0.97574651 0.21890381
vn -0.00000062 -0.90409130 0.42733940
vn 0.00000031 -0.78831464 0.61527234
vn 0.00000013 -0.63375872 0.77353078
vn 0.00000008 -0.44763196 0.89421797
vn -0.00000004 -0.23875511 0.97107989
vt 0.20239973 0.59385586
vt 0.85709041 0.45116812
vt 0.20263559 0.59385955
vt 0.85732627 0.45117188
vt 0.85437429 0.44805229
vt 0.85736114 0.45097268
vt 0.85460311 0.44775337
vt 0.85712546 0.45091802
vt 0.20216686 0.59385657
vt 0.85685754 0.45116889
vt 0.85491729 0.44752628
vt 0.85688090 0.45087224
vt 0.20192462 0.59385514
vt 0.85661530 0.45116746
vt 0.85529208 0.44737452
vt 0.85662657 0.45084113
vt 0.20167612 0.59385455
vt 0.85636681 0.45116681
vt 0.85569495 0.44728255
vt 0.85636997 0.45082420
vt 0.20142004 0.59385371
vt 0.85611075 0.45116597
vt 0.85611159 0.45081937
vt 0.85611361 0.44725144
vt 0.20303157 0.59386599
vt 0.85772228 0.45117825
vt 0.85300112 0.45029151
vt 0.85405838 0.44876319
vt 0.85784304 0.45118564
vt 0.85412109 0.44859356
vt 0.85773516 0.45110911
vt 0.20283814 0.59386230
vt 0.85752887 0.45117456
vt 0.85422248 0.44832134
vt 0.85755360 0.45103788
vt 0.85423064 0.44843203
vt 0.85440707 0.44824076
vt 0.85465074 0.44800109
vt 0.85497475 0.44781190
vt 0.85533828 0.44767725
vt 0.85572112 0.44757646
vt 0.85611361 0.44754064
vt 0.85412097 0.44864833
vt 0.85536557 0.44807565
vt 0.85573435 0.44800425
vt 0.85611361 0.44797939
vt 0.85411906 0.44872862
vt 0.85423040 0.44864726
vt 0.85442877 0.44849902
vt 0.85469484 0.44832885
vt 0.85501873 0.44818509
vt 0.85422266 0.44880575
vt 0.85442007 0.44873953
vt 0.85469699 0.44862550
vt 0.85502636 0.44853044
vt 0.85536826 0.44846272
vt 0.85573506 0.44842035
vt 0.85611361 0.44840592
vt 0.85411400 0.44883263
vt 0.85536903 0.44912565
vt 0.85573524 0.44912678
vt 0.85611361 0.44912678
vt 0.85410446 0.44894964
vt 0.85419911 0.44903517
vt 0.85438877 0.44907850
vt 0.85466963 0.44911742
vt 0.85501671 0.44912732
vt 0.85434741 0.44944239
vt 0.85462976 0.44957149
vt 0.85499001 0.44963092
vt 0.85536397 0.44968122
vt 0.85573524 0.44971818
vt 0.85611361 0.44973004
vt 0.85409200 0.44906658
vt 0.85417104 0.44926953
vt 0.85573465 0.45025092
vt 0.85611361 0.45027423
vt 0.85408288 0.44917333
vt 0.85415614 0.44948018
vt 0.85432225 0.44980079
vt 0.85459518 0.44997019
vt 0.85496026 0.45009404
vt 0.85535222 0.45018631
vt 0.85239470 0.44972003
vt 0.85458750 0.45029354
vt 0.85229349 0.44954515
vt 0.85494649 0.45046812
vt 0.85221511 0.44935149
vt 0.85534376 0.45059466
vt 0.85217482 0.44915932
vt 0.85573238 0.45067751
vt 0.85216361 0.44896978
vt 0.85611361 0.45070606
vt 0.85280520 0.45015770
vt 0.85408002 0.44925839
vt 0.85265136 0.45003289
vt 0.85415637 0.44964749
vt 0.85251218 0.44986540
vt 0.85432732 0.45004982
vt 0.85283148 0.45011586
vt 0.85270947 0.44995755
vt 0.85261023 0.44977230
vt 0.85254002 0.44962317
vt 0.85248005 0.44946492
vt 0.85243917 0.44929528
vt 0.85241979 0.44912940
vt 0.85241467 0.44896978
vt 0.19799547 0.59226000
vt 0.85268617 0.44957232
vt 0.19797257 0.59211004
vt 0.85266328 0.44942230
vt 0.19795872 0.59195495
vt 0.85264945 0.44926727
vt 0.19795220 0.59180343
vt 0.85264289 0.44911575
vt 0.19795063 0.59165752
vt 0.85264134 0.44896978
vt 0.19817799 0.59277415
vt 0.85286868 0.45008641
vt 0.19809347 0.59259784
vt 0.85278416 0.44991010
vt 0.19802999 0.59240794
vt 0.85272068 0.44972026
vt 0.19822133 0.59275818
vt 0.85291201 0.45007050
vt 0.19817728 0.59257615
vt 0.19814827 0.59239173
vt 0.19814581 0.59224951
vt 0.19814993 0.59210539
vt 0.19815743 0.59195471
vt 0.19816445 0.59180462
vt 0.19816720 0.59165752
vt 0.19832107 0.59213269
vt 0.19835632 0.59198141
vt 0.19838826 0.59182656
vt 0.19841866 0.59165752
vt 0.19826719 0.59275627
vt 0.85295790 0.45006859
vt 0.19826166 0.59257972
vt 0.19826335 0.59240627
vt 0.19828990 0.59227252
vt 0.19831251 0.59276819
vt 0.85300320 0.45008051
vt 0.19834241 0.59260547
vt 0.19837178 0.59244692
vt 0.19842729 0.59232306
vt 0.19849142 0.59218943
vt 0.19855718 0.59204876
vt 0.19862102 0.59190202
vt 0.19868954 0.59174168
vt 0.19868954 0.59157324
vt 0.19865513 0.59228301
vt 0.19874822 0.59216082
vt 0.19884107 0.59203041
vt 0.19894350 0.59188616
vt 0.19894350 0.59142876
vt 0.19835404 0.59279299
vt 0.85304475 0.45010525
vt 0.19841716 0.59265125
vt 0.19848526 0.59252131
vt 0.19856186 0.59239960
vt 0.19848298 0.59271502
vt 0.19857684 0.59261072
vt 0.19868881 0.59251606
vt 0.19880091 0.59241366
vt 0.19891462 0.59231508
vt 0.19903521 0.59220612
vt 0.19916840 0.59208417
vt 0.19916840 0.59123075
vt 0.19838862 0.59282839
vt 0.85307932 0.45014071
vt 0.19905260 0.59250021
vt 0.19919340 0.59241652
vt 0.19934402 0.59232461
vt 0.19934402 0.59099030
vt 0.19841266 0.59287155
vt 0.85310334 0.45018387
vt 0.19853351 0.59279466
vt 0.19864944 0.59272146
vt 0.19878191 0.59264576
vt 0.19891863 0.59257579
vt 0.19869336 0.59284163
vt 0.19884808 0.59280658
vt 0.19900428 0.59276366
vt 0.19915678 0.59271038
vt 0.19931257 0.59264910
vt 0.19947374 0.59258115
vt 0.19947374 0.59073377
vt 0.19842345 0.59291983
vt 0.85311413 0.45023209
vt 0.19856143 0.59288538
vt 0.19939348 0.59290147
vt 0.19957049 0.59284949
vt 0.19957049 0.59046555
vt 0.19841872 0.59296906
vt 0.85310942 0.45028132
vt 0.19856119 0.59298253
vt 0.19870572 0.59298050
vt 0.19887283 0.59298706
vt 0.19904763 0.59297299
vt 0.19922049 0.59294295
vt 0.19867748 0.59313440
vt 0.20266160 0.59406030
vt 0.19885743 0.59318376
vt 0.20242460 0.59411025
vt 0.19904666 0.59320509
vt 0.20217770 0.59415102
vt 0.19924290 0.59319723
vt 0.20192601 0.59418035
vt 0.19944173 0.59317219
vt 0.20167239 0.59419525
vt 0.19963966 0.59312809
vt 0.19963966 0.59018683
vt 0.20141920 0.59419930
vt 0.19839671 0.59302318
vt 0.20303403 0.59392726
vt 0.85308743 0.45033550
vt 0.85772473 0.45123953
vt 0.19853081 0.59308159
vt 0.20285402 0.59400010
vt 0.20044048 0.59385133
vt 0.85513121 0.45116359
vt 0.85509735 0.45091331
vt 0.85762399 0.44775337
vt 0.85486132 0.45096689
vt 0.85785294 0.44805229
vt 0.20020467 0.59385395
vt 0.85489535 0.45116621
vt 0.20067342 0.59385312
vt 0.85536408 0.45116544
vt 0.85534209 0.45086873
vt 0.85730976 0.44752628
vt 0.20091563 0.59385288
vt 0.85560632 0.45116514
vt 0.85559654 0.45083874
vt 0.85693496 0.44737452
vt 0.20116404 0.59385335
vt 0.85585475 0.45116562
vt 0.85585314 0.45082301
vt 0.85653210 0.44728255
vt 0.19980846 0.59385848
vt 0.85449916 0.45117080
vt 0.85448664 0.45110166
vt 0.85810602 0.44859356
vt 0.19831041 0.59033573
vt 0.19968767 0.59386539
vt 0.85300112 0.44764805
vt 0.85437840 0.45117766
vt 0.85816866 0.44876319
vt 0.20000201 0.59385574
vt 0.85469270 0.45116800
vt 0.85466844 0.45103121
vt 0.85800457 0.44832134
vt 0.85782003 0.44824076
vt 0.85799640 0.44843203
vt 0.85757643 0.44800109
vt 0.85725230 0.44781190
vt 0.85688889 0.44767725
vt 0.85650611 0.44757646
vt 0.85810614 0.44864833
vt 0.85649270 0.44800425
vt 0.85686141 0.44807565
vt 0.85810810 0.44872862
vt 0.85799658 0.44864726
vt 0.85779828 0.44849902
vt 0.85753220 0.44832885
vt 0.85720843 0.44818509
vt 0.85780698 0.44873953
vt 0.85800439 0.44880575
vt 0.85753006 0.44862550
vt 0.85720062 0.44853044
vt 0.85532957 0.44696969
vt 0.85579044 0.45092529
vt 0.85685885 0.44846272
vt 0.85225010 0.44712490
vt 0.85649204 0.44842035
vt 0.85811305 0.44883263
vt 0.85579044 0.45092529
vt 0.85649180 0.44912678
vt 0.85225010 0.44712490
vt 0.85532886 0.44763261
vt 0.85685813 0.44912565
vt 0.85812265 0.44894964
vt 0.85802788 0.44903517
vt 0.85783821 0.44907850
vt 0.85755759 0.44911742
vt 0.85721034 0.44912732
vt 0.85759735 0.44957149
vt 0.85787964 0.44944239
vt 0.85723722 0.44963092
vt 0.85686314 0.44968122
vt 0.85649180 0.44971818
vt 0.85813504 0.44906658
vt 0.85805613 0.44926953
vt 0.85649246 0.45025092
vt 0.85814416 0.44917333
vt 0.85807091 0.44948018
vt 0.85790491 0.44980079
vt 0.85763198 0.44997019
vt 0.85726684 0.45009404
vt 0.85687488 0.45018631
vt 0.85229349 0.44839442
vt 0.85728073 0.45046812
vt 0.85239470 0.44821954
vt 0.85763961 0.45029354
vt 0.85221511 0.44858807
vt 0.85688329 0.45059466
vt 0.85217482 0.44878024
vt 0.85649484 0.45067751
vt 0.85280520 0.44778192
vt 0.85814708 0.44925839
vt 0.85265136 0.44790667
vt 0.85807061 0.44964749
vt 0.85251218 0.44807416
vt 0.85789979 0.45004982
vt 0.85283148 0.44782370
vt 0.85270947 0.44798201
vt 0.85261023 0.44816732
vt 0.85254002 0.44831640
vt 0.85248005 0.44847465
vt 0.85243917 0.44864428
vt 0.85241979 0.44881016
vt 0.19797257 0.59120500
vt 0.85266328 0.44851726
vt 0.19799547 0.59105492
vt 0.85268617 0.44836724
vt 0.19795872 0.59135997
vt 0.85264945 0.44867229
vt 0.19795220 0.59151149
vt 0.85264289 0.44882381
vt 0.19817799 0.59054089
vt 0.85286868 0.44785321
vt 0.19809347 0.59071720
vt 0.85278416 0.44802946
vt 0.19802999 0.59090710
vt 0.85272068 0.44821936
vt 0.19817728 0.59073889
vt 0.19822133 0.59055674
vt 0.19814827 0.59092331
vt 0.19814581 0.59106553
vt 0.19814993 0.59120953
vt 0.19815743 0.59136033
vt 0.19816445 0.59151042
vt 0.19835632 0.59133351
vt 0.19832107 0.59118235
vt 0.19838826 0.59148848
vt 0.19826719 0.59055865
vt 0.19826166 0.59073520
vt 0.19826335 0.59090877
vt 0.19828990 0.59104240
vt 0.19834241 0.59070957
vt 0.19831251 0.59054673
vt 0.19837178 0.59086800
vt 0.19842729 0.59099185
vt 0.19849142 0.59112561
vt 0.19855718 0.59126616
vt 0.19862102 0.59141302
vt 0.19874822 0.59115422
vt 0.19865513 0.59103191
vt 0.19884107 0.59128463
vt 0.19835404 0.59052205
vt 0.19841716 0.59066367
vt 0.19848526 0.59079373
vt 0.19856186 0.59091544
vt 0.19857684 0.59070432
vt 0.19848298 0.59060001
vt 0.19868881 0.59079885
vt 0.19880091 0.59090126
vt 0.19891462 0.59099984
vt 0.19903521 0.59110880
vt 0.19838862 0.59048653
vt 0.19919340 0.59089851
vt 0.19905260 0.59081483
vt 0.19841266 0.59044337
vt 0.19853351 0.59052038
vt 0.19864944 0.59059358
vt 0.19878191 0.59066927
vt 0.19891863 0.59073913
vt 0.19884808 0.59050834
vt 0.19869336 0.59047329
vt 0.19900428 0.59055138
vt 0.19915678 0.59060466
vt 0.19931257 0.59066594
vt 0.19842345 0.59039521
vt 0.19856143 0.59042966
vt 0.19939348 0.59041357
vt 0.19841872 0.59034598
vt 0.19856119 0.59033239
vt 0.19870572 0.59033442
vt 0.19887283 0.59032798
vt 0.19904763 0.59034204
vt 0.19922049 0.59037197
vt 0.19885743 0.59013116
vt 0.20041446 0.59410560
vt 0.19867748 0.59018064
vt 0.20017746 0.59405458
vt 0.19904666 0.59010994
vt 0.20066118 0.59414756
vt 0.19924290 0.59011781
vt 0.20091270 0.59417808
vt 0.19944173 0.59014285
vt 0.20116600 0.59419405
vt 0.19839671 0.59029174
vt 0.19980577 0.59391975
vt 0.19853081 0.59023345
vt 0.19998546 0.59399343
vt 0.85233808 0.45152229
vt 0.85312480 0.45102060
vt 0.85226697 0.45154393
vt 0.85305357 0.45099890
vt 0.85304534 0.45107335
vt 0.85309660 0.45108920
vt 0.85233796 0.45102227
vt 0.85312468 0.45152086
vt 0.85239917 0.45108199
vt 0.85318601 0.45146108
vt 0.85313892 0.45140964
vt 0.85309631 0.45145321
vt 0.85239929 0.45146406
vt 0.85318607 0.45107889
vt 0.85313916 0.45113170
vt 0.85226679 0.45099890
vt 0.85305339 0.45154428
vt 0.85304499 0.45147032
vt 0.85243970 0.45117033
vt 0.85322666 0.45137274
vt 0.85245383 0.45127368
vt 0.85324061 0.45126933
vt 0.85317630 0.45127016
vt 0.85316712 0.45134550
vt 0.85243982 0.45137674
vt 0.85322672 0.45116621
vt 0.85316724 0.45119506
vt 0.85219342 0.45101273
vt 0.85297996 0.45153046
vt 0.85299128 0.45145732
vt 0.85219342 0.45152843
vt 0.85297996 0.45101446
vt 0.85299152 0.45108771
vt 0.85238826 0.45127332
vt 0.85237914 0.45134842
vt 0.85235083 0.45113379
vt 0.85237902 0.45119792
vt 0.85225707 0.45147008
vt 0.85220337 0.45145571
vt 0.85220313 0.45108616
vt 0.85225677 0.45107311
vt 0.85235107 0.45141178
vt 0.85230815 0.45109016
vt 0.85230845 0.45145428
vt 0.85260016 0.45102054
vt 0.85286236 0.45152259
vt 0.85283434 0.45145398
vt 0.85278302 0.45146984
vt 0.85252911 0.45099890
vt 0.85279131 0.45154428
vt 0.85259998 0.45152056
vt 0.85286224 0.45102233
vt 0.85283411 0.45108998
vt 0.85287666 0.45113355
vt 0.85266113 0.45146084
vt 0.85292363 0.45108217
vt 0.85266125 0.45107883
vt 0.85292369 0.45146430
vt 0.85287690 0.45141149
vt 0.85252893 0.45154393
vt 0.85279107 0.45099890
vt 0.85278279 0.45107287
vt 0.85270178 0.45137256
vt 0.85296428 0.45117050
vt 0.85290468 0.45119768
vt 0.85291392 0.45127302
vt 0.85271579 0.45126915
vt 0.85297817 0.45127386
vt 0.85270190 0.45116609
vt 0.85296434 0.45137697
vt 0.85290486 0.45134813
vt 0.85245562 0.45153010
vt 0.85271770 0.45101273
vt 0.85272908 0.45108587
vt 0.85272926 0.45145547
vt 0.85245562 0.45101440
vt 0.85271770 0.45152873
vt 0.85265023 0.45126951
vt 0.85264117 0.45119441
vt 0.85261291 0.45140904
vt 0.85264105 0.45134491
vt 0.85251927 0.45107281
vt 0.85246551 0.45108718
vt 0.85246527 0.45145667
vt 0.85251892 0.45146972
vt 0.85261315 0.45113105
vt 0.85257030 0.45145267
vt 0.85257053 0.45108855
vt 0.64629203 0.50729650
vt 0.64629203 0.50729650
vt 0.64629203 0.50729650
vt 0.64629203 0.50729650
vt 0.64323145 0.51099026
vt 0.64323145 0.51099026
vt 0.64323145 0.51099026
vt 0.64323145 0.51099026
vt 0.64629203 0.50729650
vt 0.64629203 0.50729650
vt 0.64629203 0.50729650
vt 0.64629203 0.50729650
vt 0.64629203 0.50729650
vt 0.64629203 0.50729650
vt 0.64629203 0.50729650
vt 0.64629203 0.50729650
vt 0.64629203 0.50729650
vt 0.64629203 0.50729650
vt 0.64629203 0.50729650
vt 0.64629203 0.50729650
vt 0.64629203 0.50729650
vt 0.64629203 0.50729650
vt 0.64629203 0.50729650
vt 0.64629203 0.50729650
vt 0.64629203 0.50729650
vt 0.64629203 0.50729650
vt 0.64629203 0.50729650
vt 0.64629203 0.50729650
vt 0.64629203 0.50729650
vt 0.64629203 0.50729650
vt 0.64629203 0.50729650
vt 0.64323145 0.51099026
vt 0.64323145 0.51099026
vt 0.64323145 0.51099026
vt 0.64323145 0.51099026
vt 0.64323145 0.51099026
vt 0.64323145 0.51099026
vt 0.64323145 0.51099026
vt 0.64323145 0.51099026
vt 0.64323145 0.51099026
vt 0.64323145 0.51099026
vt 0.64323145 0.51099026
vt 0.64323145 0.51099026
vt 0.64323145 0.51099026
vt 0.64323145 0.51099026
vt 0.64323145 0.51099026
vt 0.64323145 0.51099026
vt 0.64323145 0.51099026
vt 0.82708299 0.62246501
vt 0.64323145 0.51099026
vt 0.82708299 0.62246501
vt 0.64323145 0.51099026
vt 0.82708299 0.62246501
vt 0.64323145 0.51099026
vt 0.82708299 0.62246501
vt 0.64323145 0.51099026
vt 0.64323145 0.51099026
vt 0.22800048 0.59203863
vt 0.25025702 0.59203863
vt 0.24952199 0.60355794
vt 0.22810894 0.60355794
vt 0.22807480 0.60867989
vt 0.24873070 0.60868096
vt 0.24681389 0.61388171
vt 0.22791620 0.61387622
vt 0.22764422 0.61910778
vt 0.24332787 0.61911607
vt 0.24095687 0.62171066
vt 0.22752579 0.62170511
vt 0.22741021 0.62355965
vt 0.23825714 0.62356186
vt 0.23328106 0.62548304
vt 0.22724216 0.62548578
vt 0.22715198 0.62631005
vt 0.24535359 0.61648291
vt 0.22779565 0.61647576
vt 0.22787771 0.58052164
vt 0.25004557 0.58052164
vt 0.79643065 0.24513757
vt 0.79433763 0.24194157
vt 0.79117662 0.23980558
vt 0.78742963 0.23905659
vt 0.78366566 0.23980558
vt 0.78045863 0.24194157
vt 0.77829766 0.24513757
vt 0.77750963 0.24890661
vt 0.77821666 0.25267661
vt 0.78030962 0.25587261
vt 0.78347063 0.25800759
vt 0.78721863 0.25875759
vt 0.79098165 0.25800759
vt 0.79418862 0.25587261
vt 0.79634964 0.25267661
vt 0.79713762 0.24890661
vt 0.64629197 0.50729644
vt 0.64629197 0.50729644
vt 0.64629197 0.50729644
vt 0.64629197 0.50729644
vt 0.64211041 0.51099026
vt 0.64211041 0.51099026
vt 0.64211041 0.51099026
vt 0.64211041 0.51099026
vt 0.64629197 0.50729644
vt 0.64629197 0.50729644
vt 0.64629197 0.50729644
vt 0.64629197 0.50729644
vt 0.64629197 0.50729644
vt 0.64629197 0.50729644
vt 0.64629197 0.50729644
vt 0.64629197 0.50729644
vt 0.64629197 0.50729644
vt 0.64629197 0.50729644
vt 0.64629197 0.50729644
vt 0.64629197 0.50729644
vt 0.64629197 0.50729644
vt 0.64629197 0.50729644
vt 0.64629197 0.50729644
vt 0.64629197 0.50729644
vt 0.64629197 0.50729644
vt 0.64629197 0.50729644
vt 0.64629197 0.50729644
vt 0.64629197 0.50729644
vt 0.64629197 0.50729644
vt 0.64629197 0.50729644
vt 0.64629197 0.50729644
vt 0.64211041 0.51099026
vt 0.64211041 0.51099026
vt 0.64211041 0.51099026
vt 0.64211041 0.51099026
vt 0.64211041 0.51099026
vt 0.64211041 0.51099026
vt 0.64211041 0.51099026
vt 0.64211041 0.51099026
vt 0.64211041 0.51099026
vt 0.64211041 0.51099026
vt 0.64211041 0.51099026
vt 0.64211041 0.51099026
vt 0.64211041 0.51099026
vt 0.64211041 0.51099026
vt 0.64211041 0.51099026
vt 0.64211041 0.51099026
vt 0.64211041 0.51099026
vt 0.64211041 0.51099026
vt 0.64211041 0.51099026
vt 0.64211041 0.51099026
vt 0.64211041 0.51099026
vt 0.64211041 0.51099026
vt 0.17914993 0.59203863
vt 0.17904148 0.60355794
vt 0.15762791 0.60355794
vt 0.15689282 0.59203863
vt 0.17907561 0.60867989
vt 0.17923364 0.61387622
vt 0.16033594 0.61388171
vt 0.15841918 0.60868049
vt 0.17950566 0.61910778
vt 0.17962460 0.62170511
vt 0.16619299 0.62171066
vt 0.16382200 0.61911607
vt 0.17974021 0.62355912
vt 0.17990763 0.62548578
vt 0.17386939 0.62548304
vt 0.16889277 0.62356186
vt 0.17999849 0.62631005
vt 0.17935477 0.61647576
vt 0.16179618 0.61648291
vt 0.17927271 0.58052164
vt 0.15710481 0.58052164
vt 0.69897300 0.58502513
vt 0.69967997 0.58879417
vt 0.69889200 0.59256417
vt 0.69673097 0.59576017
vt 0.69352400 0.59789515
vt 0.68976092 0.59864515
vt 0.68601298 0.59789515
vt 0.68285197 0.59576017
vt 0.68075901 0.59256417
vt 0.68005198 0.58879417
vt 0.68084002 0.58502513
vt 0.68300098 0.58182913
vt 0.68620801 0.57969314
vt 0.68997198 0.57894415
vt 0.69371891 0.57969314
vt 0.69687998 0.58182913
vt 0.59415752 0.50819170
vt 0.59403932 0.50823987
vt 0.59389520 0.50806832
vt 0.59400219 0.50799656
vt 0.59084177 0.50834775
vt 0.59096599 0.50837445
vt 0.59092665 0.50856477
vt 0.59079921 0.50856447
vt 0.59382206 0.50940043
vt 0.59372926 0.50930166
vt 0.59396935 0.50915706
vt 0.59408104 0.50923574
vt 0.59425122 0.50840211
vt 0.59412628 0.50842488
vt 0.59094197 0.50814044
vt 0.59105867 0.50819230
vt 0.59350532 0.50953352
vt 0.59343570 0.50941837
vt 0.59428692 0.50862002
vt 0.59415960 0.50861633
vt 0.59110373 0.50795037
vt 0.59120828 0.50802547
vt 0.59319246 0.50956827
vt 0.59314591 0.50944865
vt 0.59132171 0.50778502
vt 0.59141022 0.50788033
vt 0.59286618 0.50959164
vt 0.59284335 0.50947207
vt 0.59158814 0.50765073
vt 0.59165734 0.50776255
vt 0.59252715 0.50959164
vt 0.59252906 0.50947249
vt 0.59189159 0.50755262
vt 0.59193838 0.50767660
vt 0.59218830 0.50958085
vt 0.59221488 0.50946200
vt 0.59222001 0.50749445
vt 0.59224284 0.50762570
vt 0.59186280 0.50954711
vt 0.59191334 0.50942898
vt 0.59256083 0.50748849
vt 0.59255874 0.50762194
vt 0.59155130 0.50950241
vt 0.59162450 0.50938946
vt 0.59290093 0.50750530
vt 0.59287393 0.50763583
vt 0.59123892 0.50935924
vt 0.59133482 0.50926346
vt 0.59322733 0.50757396
vt 0.59317660 0.50769633
vt 0.59098518 0.50918639
vt 0.59109956 0.50911140
vt 0.59352744 0.50768167
vt 0.59345484 0.50779122
vt 0.59084320 0.50899148
vt 0.59096777 0.50893998
vt 0.59428704 0.50883740
vt 0.59415984 0.50880730
vt 0.59378958 0.50782436
vt 0.59369797 0.50791681
vt 0.59079212 0.50878167
vt 0.59092027 0.50875568
vt 0.59422934 0.50904548
vt 0.59410655 0.50899005
vt 0.22380024 0.57082862
vt 0.96458000 0.37378597
vt 0.22504142 0.57082862
vt 0.22504142 0.56956416
vt 0.22380024 0.56956416
vt 0.96458000 0.40624702
vt 0.22628254 0.57082862
vt 0.22628254 0.56956416
vt 0.22752371 0.57082862
vt 0.22752371 0.56956416
vt 0.22876489 0.57082862
vt 0.22876489 0.56956416
vt 0.23000596 0.57082862
vt 0.23000596 0.56956416
vt 0.23124714 0.57082862
vt 0.23124714 0.56956416
vt 0.22504142 0.56829965
vt 0.22380024 0.56829965
vt 0.96458000 0.43870902
vt 0.22628254 0.56829965
vt 0.22752371 0.56829965
vt 0.22876489 0.56829965
vt 0.23000596 0.56829965
vt 0.23124714 0.56829965
vt 0.22504142 0.56703520
vt 0.22380024 0.56703520
vt 0.96458000 0.47117001
vt 0.22628254 0.56703520
vt 0.22752371 0.56703520
vt 0.22876489 0.56703520
vt 0.23000596 0.56703520
vt 0.23124714 0.56703520
vt 0.22504142 0.56577075
vt 0.22380024 0.56577075
vt 0.96458000 0.50363201
vt 0.22628254 0.56577075
vt 0.22752371 0.56577075
vt 0.22876489 0.56577075
vt 0.23000596 0.56577075
vt 0.23124714 0.56577075
vt 0.22504142 0.56450629
vt 0.22380024 0.56450629
vt 0.22628254 0.56450629
vt 0.22752371 0.56450629
vt 0.22876489 0.56450629
vt 0.23000596 0.56450629
vt 0.23124714 0.56450629
vt 0.22504142 0.56324178
vt 0.22380024 0.56324178
vt 0.22628254 0.56324178
vt 0.22752371 0.56324178
vt 0.23000596 0.56324178
vt 0.23124714 0.56324178
vt 0.99644297 0.34132499
vt 0.22380024 0.57209307
vt 0.96458000 0.34132499
vt 0.99644297 0.37378597
vt 0.22504142 0.57209307
vt 0.22628254 0.57209307
vt 0.22752371 0.57209307
vt 0.22876489 0.57209307
vt 0.23000596 0.57209307
vt 0.23124714 0.57209307
vt 0.23248826 0.57209307
vt 0.23248826 0.57082862
vt 0.23248826 0.56956416
vt 0.23248826 0.56829965
vt 0.23248832 0.56703520
vt 0.23248832 0.56577075
vt 0.23248832 0.56450629
vt 0.23248826 0.56324178
vt 0.23248832 0.56197727
vt 0.23124714 0.56197727
vt 0.23000596 0.56197727
vt 0.22814429 0.56513846
vt 0.22628254 0.56197727
vt 0.22504142 0.56197727
vt 0.22380024 0.56197727
vt 0.22255909 0.56324178
vt 0.22255909 0.56197727
vt 0.22255909 0.56450629
vt 0.22255909 0.56577075
vt 0.99644297 0.50363201
vt 0.99644297 0.47117001
vt 0.99644297 0.43870902
vt 0.99644297 0.40624702
vt 0.23188217 0.58441317
vt 0.23188217 0.58360314
vt 0.23126246 0.58360314
vt 0.23126246 0.58441317
vt 0.23064274 0.58360314
vt 0.23064274 0.58441317
vt 0.23002300 0.58360314
vt 0.23002300 0.58441317
vt 0.22940332 0.58360314
vt 0.22940332 0.58441317
vt 0.22878356 0.58360314
vt 0.22878356 0.58441317
vt 0.22816385 0.58360314
vt 0.22816385 0.58441317
vt 0.22754414 0.58360314
vt 0.22754414 0.58441317
vt 0.22692442 0.58360314
vt 0.22692442 0.58441317
vt 0.22630471 0.58360314
vt 0.22630471 0.58441317
vt 0.22568500 0.58360314
vt 0.22568500 0.58441317
vt 0.22506525 0.58360314
vt 0.22506525 0.58441317
vt 0.22444557 0.58360314
vt 0.22444557 0.58441317
vt 0.22382586 0.58360314
vt 0.22382586 0.58441317
vt 0.22320610 0.58360314
vt 0.22320610 0.58441317
vt 0.23188217 0.58279312
vt 0.23126246 0.58279312
vt 0.23064274 0.58279312
vt 0.23002300 0.58279312
vt 0.22940332 0.58279312
vt 0.22878356 0.58279312
vt 0.22816385 0.58279312
vt 0.22754414 0.58279312
vt 0.22692442 0.58279312
vt 0.22630471 0.58279312
vt 0.22568500 0.58279312
vt 0.22506525 0.58279312
vt 0.22444557 0.58279312
vt 0.22382586 0.58279312
vt 0.22320610 0.58279312
vt 0.23188217 0.58198309
vt 0.23126246 0.58198309
vt 0.23064274 0.58198309
vt 0.23002300 0.58198309
vt 0.22940332 0.58198309
vt 0.22878356 0.58198309
vt 0.22816385 0.58198309
vt 0.22754414 0.58198309
vt 0.22692442 0.58198309
vt 0.22630471 0.58198309
vt 0.22568500 0.58198309
vt 0.22506525 0.58198309
vt 0.22444557 0.58198309
vt 0.22382586 0.58198309
vt 0.22320610 0.58198309
vt 0.23188217 0.58117306
vt 0.23126246 0.58117306
vt 0.23064274 0.58117306
vt 0.23002300 0.58117306
vt 0.22940332 0.58117306
vt 0.22878356 0.58117306
vt 0.22816385 0.58117306
vt 0.22754414 0.58117306
vt 0.22692442 0.58117306
vt 0.22630471 0.58117306
vt 0.22568500 0.58117306
vt 0.22506525 0.58117306
vt 0.22444557 0.58117306
vt 0.22382586 0.58117306
vt 0.22320610 0.58117306
vt 0.23188217 0.58036304
vt 0.23126246 0.58036304
vt 0.23064274 0.58036304
vt 0.23002300 0.58036304
vt 0.22940332 0.58036304
vt 0.22878356 0.58036304
vt 0.22816385 0.58036304
vt 0.22754414 0.58036304
vt 0.22692442 0.58036304
vt 0.22630471 0.58036304
vt 0.22568500 0.58036304
vt 0.22506525 0.58036304
vt 0.22444557 0.58036304
vt 0.22382586 0.58036304
vt 0.22320610 0.58036304
vt 0.23188217 0.57955301
vt 0.23126246 0.57955301
vt 0.23064274 0.57955301
vt 0.23002300 0.57955301
vt 0.22940332 0.57955301
vt 0.22878356 0.57955301
vt 0.22816385 0.57955301
vt 0.22754414 0.57955301
vt 0.22692442 0.57955301
vt 0.22630471 0.57955301
vt 0.22568500 0.57955301
vt 0.22506525 0.57955301
vt 0.22444557 0.57955301
vt 0.22382586 0.57955301
vt 0.22320610 0.57955301
vt 0.23188217 0.57879108
vt 0.23126246 0.57879108
vt 0.23064274 0.57879108
vt 0.23002300 0.57879108
vt 0.22940332 0.57879108
vt 0.22878356 0.57879108
vt 0.22816385 0.57879108
vt 0.22754414 0.57879108
vt 0.22692442 0.57879108
vt 0.22630471 0.57879108
vt 0.22568500 0.57879108
vt 0.22506525 0.57879108
vt 0.22444557 0.57879108
vt 0.22382586 0.57879108
vt 0.22320610 0.57879108
vt 0.23188217 0.57776260
vt 0.23126246 0.57776260
vt 0.23064274 0.57776260
vt 0.23002300 0.57776260
vt 0.26137361 0.54643571
vt 0.26137361 0.54643571
vt 0.26137361 0.54643571
vt 0.22568500 0.57776260
vt 0.22506525 0.57776260
vt 0.22444557 0.57776260
vt 0.22382583 0.57776260
vt 0.22320610 0.57776260
vt 0.22258642 0.57776260
vt 0.23250186 0.58522314
vt 0.23250186 0.58441317
vt 0.23188217 0.58522314
vt 0.23126246 0.58522314
vt 0.23064274 0.58522314
vt 0.23002300 0.58522314
vt 0.22940332 0.58522314
vt 0.22878356 0.58522314
vt 0.22816385 0.58522314
vt 0.22754414 0.58522314
vt 0.22692442 0.58522314
vt 0.22630471 0.58522314
vt 0.22568497 0.58522314
vt 0.22506525 0.58522314
vt 0.22444557 0.58522314
vt 0.22382583 0.58522314
vt 0.22320610 0.58522314
vt 0.22258642 0.58441317
vt 0.22258642 0.58522314
vt 0.22258642 0.58360314
vt 0.22258642 0.58279312
vt 0.22258642 0.58198309
vt 0.22258642 0.58117306
vt 0.22258642 0.58036304
vt 0.22258642 0.57955301
vt 0.22258642 0.57879108
vt 0.23250186 0.57776260
vt 0.23250186 0.57879108
vt 0.23250186 0.57955301
vt 0.23250186 0.58036304
vt 0.23250186 0.58117306
vt 0.23250186 0.58198309
vt 0.23250186 0.58279312
vt 0.23250186 0.58360314
vt 0.96841502 0.60611796
vt 0.96841502 0.63106799
vt 0.93607098 0.63106799
vt 0.93607098 0.60611796
vt 0.99702001 0.60611796
vt 0.99702001 0.63106799
vt 0.90194499 0.60611796
vt 0.86960101 0.60611796
vt 0.86960101 0.63106799
vt 0.90194499 0.63106799
vt 0.93054998 0.60611796
vt 0.93054998 0.63106799
vt 0.86960101 0.65421498
vt 0.90194499 0.65421498
vt 0.93054998 0.65421498
vt 0.82932103 0.75046200
vt 0.83435202 0.74837804
vt 0.83888000 0.74535203
vt 0.84273100 0.74150097
vt 0.84575701 0.73697299
vt 0.84784102 0.73194200
vt 0.84890300 0.72660100
vt 0.84890300 0.72115499
vt 0.84784102 0.71581304
vt 0.84575701 0.71078199
vt 0.84273100 0.70625401
vt 0.83888102 0.70240301
vt 0.83435202 0.69937700
vt 0.82932103 0.69729304
vt 0.82397997 0.69623101
vt 0.81853402 0.69623101
vt 0.81319302 0.69729304
vt 0.80816102 0.69937700
vt 0.80363297 0.70240301
vt 0.79978198 0.70625401
vt 0.79675698 0.71078199
vt 0.79467303 0.71581304
vt 0.79360998 0.72115499
vt 0.79360998 0.72659999
vt 0.79467201 0.73194200
vt 0.79675698 0.73697299
vt 0.79978198 0.74150097
vt 0.80363297 0.74535203
vt 0.80816102 0.74837804
vt 0.81319201 0.75046200
vt 0.81853402 0.75152397
vt 0.82397997 0.75152397
vt 0.82932103 0.75046200
vt 0.82397997 0.75152397
vt 0.81853402 0.75152397
vt 0.81319201 0.75046200
vt 0.80816102 0.74837804
vt 0.80363297 0.74535203
vt 0.79978198 0.74150097
vt 0.79675698 0.73697299
vt 0.79467201 0.73194200
vt 0.79360998 0.72659999
vt 0.79360998 0.72115499
vt 0.79467303 0.71581304
vt 0.79675698 0.71078199
vt 0.79978198 0.70625401
vt 0.80363297 0.70240301
vt 0.80816102 0.69937700
vt 0.81319302 0.69729304
vt 0.81853402 0.69623101
vt 0.82397997 0.69623101
vt 0.82932103 0.69729304
vt 0.83435202 0.69937700
vt 0.83888102 0.70240301
vt 0.84273100 0.70625401
vt 0.84575701 0.71078199
vt 0.84784102 0.71581304
vt 0.84890300 0.72115499
vt 0.84890300 0.72660100
vt 0.84784102 0.73194200
vt 0.84575701 0.73697299
vt 0.84273100 0.74150097
vt 0.83888000 0.74535203
vt 0.83435202 0.74837804
vt 0.64629203 0.50729650
vt 0.64629203 0.50729650
vt 0.64629197 0.50729644
vt 0.64629197 0.50729644
vt 0.64629197 0.50729644
vt 0.20570974 0.58052164
vt 0.20574324 0.59203863
vt 0.20669585 0.60355794
vt 0.20741838 0.60867929
vt 0.21023698 0.61646861
vt 0.21196046 0.61909950
vt 0.20901902 0.61387128
vt 0.21409479 0.62169909
vt 0.21656264 0.62355691
vt 0.22120401 0.62548852
vt 0.20144014 0.58052164
vt 0.20140712 0.59203863
vt 0.20045452 0.60355794
vt 0.19973150 0.60867882
vt 0.19691281 0.61646861
vt 0.19518939 0.61909950
vt 0.19813134 0.61387128
vt 0.19305560 0.62169909
vt 0.19058771 0.62355691
vt 0.18594585 0.62548852
vt 0.64629203 0.50729650
vt 0.22938544 0.56387401
vt 0.22723429 0.58360314
vt 0.22723429 0.58036304
vt 0.22723429 0.57955301
vt 0.22723429 0.57879108
vt 0.22723429 0.58441317
vt 0.22723429 0.58279312
vt 0.22723429 0.58117306
vt 0.22723429 0.58198309
vt 0.22723429 0.58522314
vt 0.24476872 0.56261337
vt 0.22785401 0.58441317
vt 0.22785401 0.58522314
vt 0.22785401 0.58036304
vt 0.22785401 0.57955301
vt 0.22785401 0.57879108
vt 0.22785401 0.58360314
vt 0.22785401 0.58198309
vt 0.22785401 0.58279312
vt 0.22785401 0.58117306
vt 0.24414901 0.56261337
vt 0.23600151 0.57070220
vt 0.22909342 0.57879108
vt 0.22909342 0.58522314
vt 0.22909342 0.58360314
vt 0.22909342 0.58198309
vt 0.22909342 0.58279312
vt 0.22909342 0.58036304
vt 0.22909342 0.58117306
vt 0.22909342 0.57955301
vt 0.22909342 0.58441317
vt 0.24476872 0.56261337
vt 0.22847369 0.58198309
vt 0.22847369 0.58117306
vt 0.22847369 0.58522314
vt 0.22847369 0.58441317
vt 0.22847369 0.58036304
vt 0.22847369 0.57879108
vt 0.22847369 0.58360314
vt 0.22847369 0.58279312
vt 0.22847369 0.57955301
vt 0.24538845 0.56261337
vt 0.23693107 0.57070220
vt 0.22971316 0.57827687
vt 0.22599487 0.58360314
vt 0.22599481 0.58522314
vt 0.22599487 0.58117306
vt 0.22599487 0.58198309
vt 0.22599487 0.58036304
vt 0.22599487 0.58441317
vt 0.22599487 0.57955301
vt 0.22599487 0.57879108
vt 0.22599487 0.58279312
vt 0.24414901 0.56261337
vt 0.22661455 0.57955301
vt 0.22661455 0.58441317
vt 0.22661455 0.58522314
vt 0.22661455 0.58198309
vt 0.22661455 0.58279312
vt 0.22661455 0.58036304
vt 0.22661455 0.58117306
vt 0.22661455 0.58360314
vt 0.22661455 0.57879108
vt 0.24352930 0.56261337
vt 0.23507193 0.57070220
vt 0.50380307 0.19259936
vt 0.78404957 0.14356893
vt 0.06848599 0.33456379
vt 0.53805375 0.18886399
vt 0.80489606 0.14870709
vt 0.07249029 0.33555079
vt 0.57191157 0.20097476
vt 0.07557725 0.33828557
vt 0.82096690 0.16294456
vt 0.58126473 0.24254882
vt 0.07703969 0.34214169
vt 0.82858038 0.18301976
vt 0.57304925 0.28857970
vt 0.07654258 0.34623575
vt 0.82599241 0.20433354
vt 0.55271858 0.31912738
vt 0.07419980 0.34962988
vt 0.81379586 0.22200334
vt 0.52123153 0.33741516
vt 0.07054806 0.35154647
vt 0.79478478 0.23198110
vt 0.77331442 0.23198110
vt 0.06642392 0.35154647
vt 0.48629966 0.33741516
vt 0.75430334 0.22200334
vt 0.06277218 0.34962988
vt 0.45536885 0.32118148
vt 0.06042941 0.34623575
vt 0.74210680 0.20433354
vt 0.43552622 0.29243159
vt 0.05993230 0.34214169
vt 0.73951882 0.18301976
vt 0.43140623 0.25761813
vt 0.06139473 0.33828557
vt 0.74713230 0.16294461
vt 0.44548354 0.22241539
vt 0.06448170 0.33555079
vt 0.76320314 0.14870709
vt 0.47100967 0.17960870
vt 0.78404957 0.14356893
vt 0.80489606 0.14870709
vt 0.82096690 0.16294456
vt 0.82858038 0.18301976
vt 0.82599241 0.20433354
vt 0.81379586 0.22200334
vt 0.79478478 0.23198110
vt 0.77331442 0.23198110
vt 0.75430334 0.22200334
vt 0.74210680 0.20433354
vt 0.73951882 0.18301976
vt 0.74713230 0.16294461
vt 0.76320314 0.14870709
vt 0.78404957 0.14356893
vt 0.80489606 0.14870709
vt 0.82096690 0.16294456
vt 0.82858038 0.18301976
vt 0.82599241 0.20433354
vt 0.81379586 0.22200334
vt 0.79478478 0.23198110
vt 0.77331442 0.23198110
vt 0.75430334 0.22200334
vt 0.74210680 0.20433354
vt 0.73951882 0.18301976
vt 0.74713230 0.16294461
vt 0.76320314 0.14870709
vt 0.76200563 0.19135308
vt 0.78404957 0.14356893
vt 0.78603065 0.19727474
vt 0.80489606 0.14870709
vt 0.80455190 0.21368313
vt 0.82096690 0.16294456
vt 0.81332624 0.23681921
vt 0.82858038 0.18301976
vt 0.81034374 0.26138288
vt 0.82599241 0.20433354
vt 0.79628742 0.28174686
vt 0.81379586 0.22200334
vt 0.77437764 0.29324603
vt 0.79478478 0.23198110
vt 0.74963361 0.29324603
vt 0.77331442 0.23198110
vt 0.72772378 0.28174686
vt 0.75430334 0.22200334
vt 0.71366757 0.26138288
vt 0.74210680 0.20433354
vt 0.71068501 0.23681921
vt 0.73951882 0.18301976
vt 0.71945935 0.21368313
vt 0.74713230 0.16294461
vt 0.73798054 0.19727474
vt 0.76320314 0.14870709
vt 0.06848599 0.33456379
vt 0.07249029 0.33555079
vt 0.07557725 0.33828557
vt 0.07703969 0.34214169
vt 0.07654258 0.34623575
vt 0.07419980 0.34962988
vt 0.07054806 0.35154647
vt 0.06642392 0.35154647
vt 0.06277218 0.34962988
vt 0.06042941 0.34623575
vt 0.05993230 0.34214169
vt 0.06139473 0.33828557
vt 0.06448170 0.33555079
vt 0.00000000 1.00000000
vt 0.06848599 0.33456379
vt 0.06848599 0.33456379
vt 0.00000000 1.00000000
vt 0.07249029 0.33555079
vt 0.07249029 0.33555079
vt 0.00000000 1.00000000
vt 0.07557725 0.33828557
vt 0.07557725 0.33828557
vt 0.00000000 1.00000000
vt 0.07703969 0.34214169
vt 0.07703969 0.34214169
vt 0.00000000 1.00000000
vt 0.07654258 0.34623575
vt 0.07654258 0.34623575
vt 0.00000000 1.00000000
vt 0.07419980 0.34962988
vt 0.07419980 0.34962988
vt 0.00000000 1.00000000
vt 0.07054806 0.35154647
vt 0.07054806 0.35154647
vt 0.00000000 1.00000000
vt 0.06642392 0.35154647
vt 0.06642392 0.35154647
vt 0.00000000 1.00000000
vt 0.06277218 0.34962988
vt 0.06277218 0.34962988
vt 0.06042941 0.34623575
vt 0.06042941 0.34623575
vt 0.00000000 1.00000000
vt 0.05993230 0.34214169
vt 0.05993230 0.34214169
vt 0.00000000 1.00000000
vt 0.06139473 0.33828557
vt 0.06139473 0.33828557
vt 0.00000000 1.00000000
vt 0.06448170 0.33555079
vt 0.00000000 1.00000000
vt 0.06448170 0.33555079
vt 0.06848599 0.33456379
vt 0.07249029 0.33555079
vt 0.07557725 0.33828557
vt 0.07703969 0.34214169
vt 0.07654258 0.34623575
vt 0.07419980 0.34962988
vt 0.07054806 0.35154647
vt 0.06642392 0.35154647
vt 0.06277218 0.34962988
vt 0.06042941 0.34623575
vt 0.05993230 0.34214169
vt 0.06139473 0.33828557
vt 0.06448170 0.33555079
vt 0.06848599 0.33456379
vt 0.07249029 0.33555079
vt 0.07557725 0.33828557
vt 0.07703969 0.34214169
vt 0.07654258 0.34623575
vt 0.07419980 0.34962988
vt 0.07054806 0.35154647
vt 0.06642392 0.35154647
vt 0.06277218 0.34962988
vt 0.06042941 0.34623575
vt 0.05993230 0.34214169
vt 0.06139473 0.33828557
vt 0.06448170 0.33555079
vt 0.06848599 0.33456379
vt 0.07249029 0.33555079
vt 0.07557725 0.33828557
vt 0.07703969 0.34214169
vt 0.07654258 0.34623575
vt 0.07419980 0.34962988
vt 0.07054806 0.35154647
vt 0.06642392 0.35154647
vt 0.06277218 0.34962988
vt 0.06042941 0.34623575
vt 0.05993230 0.34214169
vt 0.06139473 0.33828557
vt 0.06448170 0.33555079
vt 0.06848599 0.33456379
vt 0.07249029 0.33555079
vt 0.07557725 0.33828557
vt 0.07703969 0.34214169
vt 0.07654258 0.34623575
vt 0.07419980 0.34962988
vt 0.07054806 0.35154647
vt 0.06642392 0.35154647
vt 0.06277218 0.34962988
vt 0.06042941 0.34623575
vt 0.05993230 0.34214169
vt 0.06139473 0.33828557
vt 0.06448170 0.33555079
vt 0.06848599 0.33456379
vt 0.07249029 0.33555079
vt 0.07557725 0.33828557
vt 0.07703969 0.34214169
vt 0.07654258 0.34623575
vt 0.07419980 0.34962988
vt 0.07054806 0.35154647
vt 0.06642392 0.35154647
vt 0.06277218 0.34962988
vt 0.06042941 0.34623575
vt 0.05993230 0.34214169
vt 0.06139473 0.33828557
vt 0.06448170 0.33555079
vt 0.50380307 0.19259936
vt 0.53805375 0.18886399
vt 0.57191157 0.20097476
vt 0.58126473 0.24254882
vt 0.57304925 0.28857970
vt 0.55271858 0.31912738
vt 0.52123153 0.33741516
vt 0.48629966 0.33741516
vt 0.45536885 0.32118148
vt 0.43552622 0.29243159
vt 0.43140623 0.25761813
vt 0.44548354 0.22241539
vt 0.47100967 0.17960870
vt 0.05993230 0.34214169
vt 0.06139473 0.33828557
vt 0.07703969 0.34214169
vt 0.07654258 0.34623575
vt 0.06448170 0.33555079
vt 0.07419980 0.34962988
vt 0.06848599 0.33456379
vt 0.07054806 0.35154647
vt 0.06642392 0.35154647
vt 0.06277218 0.34962988
vt 0.07249029 0.33555079
vt 0.06042941 0.34623575
vt 0.07557725 0.33828557
vt 0.76589572 0.18540275
vt 0.76137745 0.19132572
vt 0.76190913 0.19132572
vt 0.76244068 0.19132572
vt 0.76297218 0.19132572
vt 0.76350373 0.19132572
vt 0.76403528 0.19132572
vt 0.76456684 0.19132572
vt 0.76509839 0.19132572
vt 0.76562989 0.19132572
vt 0.76616150 0.19132572
vt 0.76669294 0.19132572
vt 0.76722455 0.19132572
vt 0.76775610 0.19132572
vt 0.76536411 0.18490922
vt 0.76536411 0.18540275
vt 0.76536411 0.18589628
vt 0.76536411 0.18638992
vt 0.76536411 0.18688345
vt 0.76536411 0.18737710
vt 0.76536411 0.18787062
vt 0.76536411 0.18836427
vt 0.76536411 0.18885779
vt 0.76536411 0.18935138
vt 0.76536411 0.18984497
vt 0.76536411 0.19033855
vt 0.76536411 0.19083214
vt 0.76483262 0.18490922
vt 0.76483262 0.18540275
vt 0.76483262 0.18589628
vt 0.76483262 0.18638992
vt 0.76483262 0.18688345
vt 0.76483262 0.18737710
vt 0.76483262 0.18787062
vt 0.76483262 0.18836427
vt 0.76483262 0.18885779
vt 0.76483262 0.18935138
vt 0.76483262 0.18984497
vt 0.76483262 0.19033855
vt 0.76483262 0.19083214
vt 0.76430106 0.18490922
vt 0.76430106 0.18540275
vt 0.76430106 0.18589628
vt 0.76430106 0.18638992
vt 0.76430106 0.18688345
vt 0.76430106 0.18737710
vt 0.76430106 0.18787062
vt 0.76430106 0.18836427
vt 0.76430106 0.18885779
vt 0.76430106 0.18935138
vt 0.76430106 0.18984497
vt 0.76430106 0.19033855
vt 0.76430106 0.19083214
vt 0.76376951 0.18490922
vt 0.76376951 0.18540275
vt 0.76376951 0.18589628
vt 0.76376951 0.18638992
vt 0.76376951 0.18688345
vt 0.76376951 0.18737710
vt 0.76376951 0.18787062
vt 0.76376951 0.18836427
vt 0.76376951 0.18885779
vt 0.76376951 0.18935138
vt 0.76376951 0.18984497
vt 0.76376951 0.19033855
vt 0.76376951 0.19083214
vt 0.76323795 0.18490922
vt 0.76323795 0.18540275
vt 0.76323795 0.18589628
vt 0.76323795 0.18638992
vt 0.76323795 0.18688345
vt 0.76323795 0.18737710
vt 0.76323795 0.18787062
vt 0.76323795 0.18836427
vt 0.76323795 0.18885779
vt 0.76323795 0.18935138
vt 0.76323795 0.18984497
vt 0.76323795 0.19033855
vt 0.76323795 0.19083214
vt 0.76270640 0.18490922
vt 0.76270640 0.18540275
vt 0.76270640 0.18589628
vt 0.76270640 0.18638992
vt 0.76270640 0.18688345
vt 0.76270640 0.18737710
vt 0.76270640 0.18787062
vt 0.76270640 0.18836427
vt 0.76270640 0.18885779
vt 0.76270640 0.18935138
vt 0.76270640 0.18984497
vt 0.76270640 0.19033855
vt 0.76270640 0.19083214
vt 0.76217490 0.18490922
vt 0.76217490 0.18540275
vt 0.76217490 0.18589628
vt 0.76217490 0.18638992
vt 0.76217490 0.18688345
vt 0.76217490 0.18737710
vt 0.76217490 0.18787062
vt 0.76217490 0.18836427
vt 0.76217490 0.18885779
vt 0.76217490 0.18935138
vt 0.76217490 0.18984497
vt 0.76217490 0.19033855
vt 0.76217490 0.19083214
vt 0.76164329 0.18490922
vt 0.76164329 0.18540275
vt 0.76164329 0.18589628
vt 0.76164329 0.18638992
vt 0.76164329 0.18688345
vt 0.76164329 0.18737710
vt 0.76164329 0.18787062
vt 0.76164329 0.18836427
vt 0.76164329 0.18885779
vt 0.76164329 0.18935138
vt 0.76164329 0.18984497
vt 0.76164329 0.19033855
vt 0.76164329 0.19083214
vt 0.76111174 0.18490922
vt 0.76802188 0.18490922
vt 0.76111174 0.18540275
vt 0.76802188 0.18540275
vt 0.76111174 0.18589628
vt 0.76802188 0.18589628
vt 0.76111174 0.18638992
vt 0.76802188 0.18638992
vt 0.76111174 0.18688345
vt 0.76802188 0.18688345
vt 0.76111174 0.18737710
vt 0.76802188 0.18737710
vt 0.76111174 0.18787062
vt 0.76802188 0.18787062
vt 0.76111174 0.18836427
vt 0.76802188 0.18836427
vt 0.76111174 0.18885779
vt 0.76802188 0.18885779
vt 0.76111174 0.18935138
vt 0.76802188 0.18935138
vt 0.76111174 0.18984497
vt 0.76802188 0.18984497
vt 0.76111174 0.19033855
vt 0.76802188 0.19033855
vt 0.76111174 0.19083214
vt 0.76802188 0.19083214
vt 0.76137745 0.18441558
vt 0.76190913 0.18441558
vt 0.76244068 0.18441558
vt 0.76297218 0.18441558
vt 0.76350373 0.18441558
vt 0.76403528 0.18441558
vt 0.76456684 0.18441558
vt 0.76509839 0.18441558
vt 0.76562989 0.18441558
vt 0.76616150 0.18441558
vt 0.76669294 0.18441558
vt 0.76722455 0.18441558
vt 0.76775610 0.18441558
vt 0.76749033 0.18490922
vt 0.76749033 0.18540275
vt 0.76749033 0.18589628
vt 0.76749033 0.18638992
vt 0.76749033 0.18688345
vt 0.76749033 0.18737710
vt 0.76749033 0.18787062
vt 0.76749033 0.18836427
vt 0.76749033 0.18885779
vt 0.76749033 0.18935138
vt 0.76749033 0.18984497
vt 0.76749033 0.19033855
vt 0.76749033 0.19083214
vt 0.76695877 0.18490922
vt 0.76695877 0.18540275
vt 0.76695877 0.18589628
vt 0.76695877 0.18638992
vt 0.76695877 0.18688345
vt 0.76695877 0.18737710
vt 0.76695877 0.18787062
vt 0.76695877 0.18836427
vt 0.76695877 0.18885779
vt 0.76695877 0.18935138
vt 0.76695877 0.18984497
vt 0.76695877 0.19033855
vt 0.76695877 0.19083214
vt 0.76642728 0.18490922
vt 0.76642728 0.18540275
vt 0.76642728 0.18589628
vt 0.76642728 0.18638992
vt 0.76642728 0.18688345
vt 0.76642728 0.18737710
vt 0.76642728 0.18787062
vt 0.76642728 0.18836427
vt 0.76642728 0.18885779
vt 0.76642728 0.18935138
vt 0.76642728 0.18984497
vt 0.76642728 0.19033855
vt 0.76642728 0.19083214
vt 0.76589572 0.18490922
vt 0.76589572 0.18589628
vt 0.76589572 0.18638992
vt 0.76589572 0.18688345
vt 0.76589572 0.18737710
vt 0.76589572 0.18787062
vt 0.76589572 0.18836427
vt 0.76589572 0.18885779
vt 0.76589572 0.18935138
vt 0.76589572 0.18984497
vt 0.76589572 0.19033855
vt 0.76589572 0.19083214
f 26/26/26 29/29/29 31/31/31
f 30/30/30 28/28/28 43/43/43
f 43/43/43 28/28/28 47/47/47
f 47/47/47 28/28/28 59/59/59
f 59/59/59 28/28/28 63/63/63
f 63/63/63 28/28/28 74/74/74
f 74/74/74 28/28/28 78/78/78
f 78/78/78 28/28/28 95/95/95
f 94/94/94 27/27/27 100/100/100
f 100/100/100 27/27/27 119/119/119
f 119/119/119 27/27/27 125/125/125
f 125/125/125 27/27/27 138/138/138
f 138/138/138 27/27/27 143/143/143
f 143/143/143 27/27/27 158/158/158
f 158/158/158 27/27/27 171/171/171
f 171/171/171 27/27/27 177/177/177
f 177/177/177 27/27/27 190/190/190
f 190/190/190 27/27/27 196/196/196
f 196/196/196 27/27/27 217/217/217
f 218/218/218 29/29/29 26/26/26
f 242/242/242 243/243/243 248/248/248
f 244/244/244 260/260/260 249/249/249
f 260/260/260 263/263/263 249/249/249
f 263/263/263 277/277/277 249/249/249
f 277/277/277 283/283/283 249/249/249
f 283/283/283 293/293/293 249/249/249
f 293/293/293 296/296/296 249/249/249
f 296/296/296 311/311/311 249/249/249
f 310/310/310 316/316/316 247/247/247
f 316/316/316 332/332/332 247/247/247
f 331/331/331 338/338/338 245/245/245
f 338/338/338 347/347/347 245/245/245
f 347/347/347 352/352/352 245/245/245
f 352/352/352 361/361/361 245/245/245
f 361/361/361 371/371/371 245/245/245
f 371/371/371 374/374/374 245/245/245
f 374/374/374 384/384/384 245/245/245
f 384/384/384 387/387/387 245/245/245
f 387/387/387 403/403/403 245/245/245
f 404/404/404 241/241/241 246/246/246
f 515/515/515 516/516/516 517/517/517
f 567/567/567 566/566/566 568/568/568
f 609/609/609 610/610/610 611/611/611
f 658/658/658 656/656/656 655/655/655
f 740/740/740 685/685/685 684/684/684
f 736/736/736 692/692/692 698/698/698
f 514/514/514 513/513/513 515/515/515
f 606/606/606 1079/1079/1079 611/611/611
f 1099/1099/1099 658/658/658 655/655/655
f 1089/1089/1089 567/567/567 568/568/568
f 1100/1100/1100 514/514/514 515/515/515
f 1100/1100/1100 515/515/515 517/517/517
f 1079/1079/1079 609/609/609 611/611/611
f 607/607/607 606/606/606 611/611/611
f 942/942/942 1121/1121/1121 1154/1154/1154
f 1111/1111/1111 940/940/940 1132/1132/1132
f 938/938/938 1144/1144/1144 1142/1142/1142
f 944/944/944 1164/1164/1164 956/956/956
f 1596/1596/1596 1552/1552/1552 1414/1414/1414
f 1409/1409/1409 1607/1607/1607 1426/1426/1426
f 1414/1414/1414 1551/1551/1551 1427/1427/1427
f 1408/1408/1408 1426/1426/1426 1439/1439/1439
f 1427/1427/1427 1550/1550/1550 1440/1440/1440
f 1407/1407/1407 1439/1439/1439 1452/1452/1452
f 1406/1406/1406 1452/1452/1452 1465/1465/1465
f 1440/1440/1440 1549/1549/1549 1453/1453/1453
f 1405/1405/1405 1465/1465/1465 1478/1478/1478
f 1453/1453/1453 1548/1548/1548 1466/1466/1466
f 1404/1404/1404 1478/1478/1478 1491/1491/1491
f 1466/1466/1466 1547/1547/1547 1479/1479/1479
f 1403/1403/1403 1491/1491/1491 1504/1504/1504
f 1479/1479/1479 1546/1546/1546 1492/1492/1492
f 1402/1402/1402 1504/1504/1504 1517/1517/1517
f 1492/1492/1492 1545/1545/1545 1505/1505/1505
f 1401/1401/1401 1517/1517/1517 1542/1542/1542
f 1505/1505/1505 1544/1544/1544 1518/1518/1518
f 1413/1413/1413 1543/1543/1543 1569/1569/1569
f 1519/1519/1519 1556/1556/1556 1557/1557/1557
f 1412/1412/1412 1569/1569/1569 1582/1582/1582
f 1557/1557/1557 1555/1555/1555 1570/1570/1570
f 1411/1411/1411 1582/1582/1582 1595/1595/1595
f 1570/1570/1570 1554/1554/1554 1583/1583/1583
f 1583/1583/1583 1553/1553/1553 1596/1596/1596
f 1410/1410/1410 1595/1595/1595 1607/1607/1607
f 2/2/2 4/4/4 6/6/6
f 2/2/2 6/6/6 8/8/8
f 10/10/10 2/2/2 8/8/8
f 10/10/10 8/8/8 12/12/12
f 14/14/14 10/10/10 12/12/12
f 14/14/14 12/12/12 16/16/16
f 18/18/18 14/14/14 16/16/16
f 18/18/18 16/16/16 20/20/20
f 22/22/22 18/18/18 20/20/20
f 22/22/22 20/20/20 23/23/23
f 33/33/33 26/26/26 31/31/31
f 33/33/33 31/31/31 35/35/35
f 4/4/4 33/33/33 35/35/35
f 4/4/4 35/35/35 6/6/6
f 5/5/5 34/34/34 36/36/36
f 5/5/5 36/36/36 37/37/37
f 7/7/7 5/5/5 37/37/37
f 7/7/7 37/37/37 38/38/38
f 11/11/11 7/7/7 38/38/38
f 11/11/11 38/38/38 39/39/39
f 15/15/15 11/11/11 39/39/39
f 15/15/15 39/39/39 40/40/40
f 19/19/19 15/15/15 40/40/40
f 19/19/19 40/40/40 41/41/41
f 24/24/24 19/19/19 41/41/41
f 24/24/24 41/41/41 42/42/42
f 34/34/34 30/30/30 43/43/43
f 34/34/34 43/43/43 36/36/36
f 41/41/41 40/40/40 44/44/44
f 41/41/41 44/44/44 45/45/45
f 42/42/42 41/41/41 45/45/45
f 42/42/42 45/45/45 46/46/46
f 36/36/36 43/43/43 47/47/47
f 36/36/36 47/47/47 48/48/48
f 37/37/37 36/36/36 48/48/48
f 37/37/37 48/48/48 49/49/49
f 38/38/38 37/37/37 49/49/49
f 38/38/38 49/49/49 50/50/50
f 39/39/39 38/38/38 50/50/50
f 39/39/39 50/50/50 51/51/51
f 40/40/40 39/39/39 51/51/51
f 40/40/40 51/51/51 44/44/44
f 49/49/49 48/48/48 52/52/52
f 49/49/49 52/52/52 53/53/53
f 50/50/50 49/49/49 53/53/53
f 50/50/50 53/53/53 54/54/54
f 51/51/51 50/50/50 54/54/54
f 51/51/51 54/54/54 55/55/55
f 44/44/44 51/51/51 55/55/55
f 44/44/44 55/55/55 56/56/56
f 45/45/45 44/44/44 56/56/56
f 45/45/45 56/56/56 57/57/57
f 46/46/46 45/45/45 57/57/57
f 46/46/46 57/57/57 58/58/58
f 48/48/48 47/47/47 59/59/59
f 48/48/48 59/59/59 52/52/52
f 57/57/57 56/56/56 60/60/60
f 57/57/57 60/60/60 61/61/61
f 58/58/58 57/57/57 61/61/61
f 58/58/58 61/61/61 62/62/62
f 52/52/52 59/59/59 63/63/63
f 52/52/52 63/63/63 64/64/64
f 53/53/53 52/52/52 64/64/64
f 53/53/53 64/64/64 65/65/65
f 54/54/54 53/53/53 65/65/65
f 54/54/54 65/65/65 66/66/66
f 55/55/55 54/54/54 66/66/66
f 55/55/55 66/66/66 67/67/67
f 56/56/56 55/55/55 67/67/67
f 56/56/56 67/67/67 60/60/60
f 66/66/66 65/65/65 68/68/68
f 66/66/66 68/68/68 69/69/69
f 67/67/67 66/66/66 69/69/69
f 67/67/67 69/69/69 70/70/70
f 60/60/60 67/67/67 70/70/70
f 60/60/60 70/70/70 71/71/71
f 61/61/61 60/60/60 71/71/71
f 61/61/61 71/71/71 72/72/72
f 62/62/62 61/61/61 72/72/72
f 62/62/62 72/72/72 73/73/73
f 64/64/64 63/63/63 74/74/74
f 64/64/64 74/74/74 75/75/75
f 65/65/65 64/64/64 75/75/75
f 65/65/65 75/75/75 68/68/68
f 73/73/73 72/72/72 76/76/76
f 73/73/73 76/76/76 77/77/77
f 75/75/75 74/74/74 78/78/78
f 75/75/75 78/78/78 79/79/79
f 68/68/68 75/75/75 79/79/79
f 68/68/68 79/79/79 80/80/80
f 69/69/69 68/68/68 80/80/80
f 69/69/69 80/80/80 81/81/81
f 70/70/70 69/69/69 81/81/81
f 70/70/70 81/81/81 82/82/82
f 71/71/71 70/70/70 82/82/82
f 71/71/71 82/82/82 83/83/83
f 72/72/72 71/71/71 83/83/83
f 72/72/72 83/83/83 76/76/76
f 82/82/82 81/81/81 85/85/85
f 82/82/82 85/85/85 87/87/87
f 83/83/83 82/82/82 87/87/87
f 83/83/83 87/87/87 89/89/89
f 76/76/76 83/83/83 89/89/89
f 76/76/76 89/89/89 91/91/91
f 77/77/77 76/76/76 91/91/91
f 77/77/77 91/91/91 93/93/93
f 79/79/79 78/78/78 95/95/95
f 79/79/79 95/95/95 97/97/97
f 80/80/80 79/79/79 97/97/97
f 80/80/80 97/97/97 99/99/99
f 81/81/81 80/80/80 99/99/99
f 81/81/81 99/99/99 85/85/85
f 96/96/96 94/94/94 100/100/100
f 96/96/96 100/100/100 101/101/101
f 98/98/98 96/96/96 101/101/101
f 98/98/98 101/101/101 102/102/102
f 84/84/84 98/98/98 102/102/102
f 84/84/84 102/102/102 103/103/103
f 86/86/86 84/84/84 103/103/103
f 86/86/86 103/103/103 104/104/104
f 88/88/88 86/86/86 104/104/104
f 88/88/88 104/104/104 105/105/105
f 90/90/90 88/88/88 105/105/105
f 90/90/90 105/105/105 106/106/106
f 92/92/92 90/90/90 106/106/106
f 92/92/92 106/106/106 107/107/107
f 104/104/104 103/103/103 109/109/109
f 104/104/104 109/109/109 111/111/111
f 105/105/105 104/104/104 111/111/111
f 105/105/105 111/111/111 113/113/113
f 106/106/106 105/105/105 113/113/113
f 106/106/106 113/113/113 115/115/115
f 107/107/107 106/106/106 115/115/115
f 107/107/107 115/115/115 117/117/117
f 101/101/101 100/100/100 119/119/119
f 101/101/101 119/119/119 121/121/121
f 102/102/102 101/101/101 121/121/121
f 102/102/102 121/121/121 123/123/123
f 103/103/103 102/102/102 123/123/123
f 103/103/103 123/123/123 109/109/109
f 120/120/120 118/118/118 124/124/124
f 120/120/120 124/124/124 126/126/126
f 122/122/122 120/120/120 126/126/126
f 122/122/122 126/126/126 127/127/127
f 108/108/108 122/122/122 127/127/127
f 108/108/108 127/127/127 128/128/128
f 110/110/110 108/108/108 128/128/128
f 110/110/110 128/128/128 129/129/129
f 112/112/112 110/110/110 129/129/129
f 112/112/112 129/129/129 130/130/130
f 114/114/114 112/112/112 130/130/130
f 114/114/114 130/130/130 131/131/131
f 116/116/116 114/114/114 131/131/131
f 116/116/116 131/131/131 132/132/132
f 130/130/130 129/129/129 133/133/133
f 130/130/130 133/133/133 134/134/134
f 131/131/131 130/130/130 134/134/134
f 131/131/131 134/134/134 135/135/135
f 132/132/132 131/131/131 135/135/135
f 132/132/132 135/135/135 136/136/136
f 126/126/126 124/124/124 137/137/137
f 126/126/126 137/137/137 139/139/139
f 127/127/127 126/126/126 139/139/139
f 127/127/127 139/139/139 140/140/140
f 128/128/128 127/127/127 140/140/140
f 128/128/128 140/140/140 141/141/141
f 129/129/129 128/128/128 141/141/141
f 129/129/129 141/141/141 133/133/133
f 139/139/139 137/137/137 142/142/142
f 139/139/139 142/142/142 144/144/144
f 140/140/140 139/139/139 144/144/144
f 140/140/140 144/144/144 145/145/145
f 141/141/141 140/140/140 145/145/145
f 141/141/141 145/145/145 146/146/146
f 133/133/133 141/141/141 146/146/146
f 133/133/133 146/146/146 147/147/147
f 134/134/134 133/133/133 147/147/147
f 134/134/134 147/147/147 148/148/148
f 135/135/135 134/134/134 148/148/148
f 135/135/135 148/148/148 149/149/149
f 136/136/136 135/135/135 149/149/149
f 136/136/136 149/149/149 150/150/150
f 148/148/148 147/147/147 152/152/152
f 148/148/148 152/152/152 153/153/153
f 149/149/149 148/148/148 153/153/153
f 149/149/149 153/153/153 154/154/154
f 150/150/150 149/149/149 154/154/154
f 150/150/150 154/154/154 155/155/155
f 144/144/144 142/142/142 157/157/157
f 144/144/144 157/157/157 159/159/159
f 145/145/145 144/144/144 159/159/159
f 145/145/145 159/159/159 160/160/160
f 146/146/146 145/145/145 160/160/160
f 146/146/146 160/160/160 161/161/161
f 147/147/147 146/146/146 161/161/161
f 147/147/147 161/161/161 152/152/152
f 160/160/160 159/159/159 162/162/162
f 160/160/160 162/162/162 163/163/163
f 161/161/161 160/160/160 163/163/163
f 161/161/161 163/163/163 164/164/164
f 152/152/152 161/161/161 164/164/164
f 152/152/152 164/164/164 165/165/165
f 153/153/153 152/152/152 165/165/165
f 153/153/153 165/165/165 166/166/166
f 154/154/154 153/153/153 166/166/166
f 154/154/154 166/166/166 167/167/167
f 155/155/155 154/154/154 167/167/167
f 155/155/155 167/167/167 168/168/168
f 159/159/159 157/157/157 170/170/170
f 159/159/159 170/170/170 162/162/162
f 167/167/167 166/166/166 172/172/172
f 167/167/167 172/172/172 173/173/173
f 168/168/168 167/167/167 173/173/173
f 168/168/168 173/173/173 174/174/174
f 162/162/162 170/170/170 176/176/176
f 162/162/162 176/176/176 178/178/178
f 163/163/163 162/162/162 178/178/178
f 163/163/163 178/178/178 179/179/179
f 164/164/164 163/163/163 179/179/179
f 164/164/164 179/179/179 180/180/180
f 165/165/165 164/164/164 180/180/180
f 165/165/165 180/180/180 181/181/181
f 166/166/166 165/165/165 181/181/181
f 166/166/166 181/181/181 172/172/172
f 180/180/180 179/179/179 182/182/182
f 180/180/180 182/182/182 183/183/183
f 181/181/181 180/180/180 183/183/183
f 181/181/181 183/183/183 184/184/184
f 172/172/172 181/181/181 184/184/184
f 172/172/172 184/184/184 185/185/185
f 173/173/173 172/172/172 185/185/185
f 173/173/173 185/185/185 186/186/186
f 174/174/174 173/173/173 186/186/186
f 174/174/174 186/186/186 187/187/187
f 178/178/178 176/176/176 189/189/189
f 178/178/178 189/189/189 191/191/191
f 179/179/179 178/178/178 191/191/191
f 179/179/179 191/191/191 182/182/182
f 187/187/187 186/186/186 192/192/192
f 187/187/187 192/192/192 193/193/193
f 191/191/191 189/189/189 195/195/195
f 191/191/191 195/195/195 197/197/197
f 182/182/182 191/191/191 197/197/197
f 182/182/182 197/197/197 198/198/198
f 183/183/183 182/182/182 198/198/198
f 183/183/183 198/198/198 199/199/199
f 184/184/184 183/183/183 199/199/199
f 184/184/184 199/199/199 200/200/200
f 185/185/185 184/184/184 200/200/200
f 185/185/185 200/200/200 201/201/201
f 186/186/186 185/185/185 201/201/201
f 186/186/186 201/201/201 192/192/192
f 199/199/199 198/198/198 202/202/202
f 199/199/199 202/202/202 204/204/204
f 200/200/200 199/199/199 204/204/204
f 200/200/200 204/204/204 206/206/206
f 201/201/201 200/200/200 206/206/206
f 201/201/201 206/206/206 208/208/208
f 192/192/192 201/201/201 208/208/208
f 192/192/192 208/208/208 210/210/210
f 193/193/193 192/192/192 210/210/210
f 193/193/193 210/210/210 212/212/212
f 197/197/197 195/195/195 215/215/215
f 197/197/197 215/215/215 219/219/219
f 198/198/198 197/197/197 219/219/219
f 198/198/198 219/219/219 202/202/202
f 214/214/214 211/211/211 17/17/17
f 214/214/214 17/17/17 21/21/21
f 220/220/220 216/216/216 25/25/25
f 220/220/220 25/25/25 32/32/32
f 203/203/203 220/220/220 32/32/32
f 203/203/203 32/32/32 3/3/3
f 205/205/205 203/203/203 3/3/3
f 205/205/205 3/3/3 1/1/1
f 207/207/207 205/205/205 1/1/1
f 207/207/207 1/1/1 9/9/9
f 209/209/209 207/207/207 9/9/9
f 209/209/209 9/9/9 13/13/13
f 211/211/211 209/209/209 13/13/13
f 211/211/211 13/13/13 17/17/17
f 222/222/222 223/223/223 225/225/225
f 222/222/222 225/225/225 228/228/228
f 230/230/230 231/231/231 223/223/223
f 230/230/230 223/223/223 222/222/222
f 234/234/234 235/235/235 231/231/231
f 234/234/234 231/231/231 230/230/230
f 238/238/238 239/239/239 235/235/235
f 238/238/238 235/235/235 234/234/234
f 22/22/22 23/23/23 239/239/239
f 22/22/22 239/239/239 238/238/238
f 251/251/251 252/252/252 243/243/243
f 251/251/251 243/243/243 242/242/242
f 228/228/228 225/225/225 252/252/252
f 228/228/228 252/252/252 251/251/251
f 226/226/226 254/254/254 255/255/255
f 226/226/226 255/255/255 253/253/253
f 224/224/224 256/256/256 254/254/254
f 224/224/224 254/254/254 226/226/226
f 232/232/232 257/257/257 256/256/256
f 232/232/232 256/256/256 224/224/224
f 236/236/236 258/258/258 257/257/257
f 236/236/236 257/257/257 232/232/232
f 240/240/240 259/259/259 258/258/258
f 240/240/240 258/258/258 236/236/236
f 24/24/24 42/42/42 259/259/259
f 24/24/24 259/259/259 240/240/240
f 253/253/253 255/255/255 260/260/260
f 253/253/253 260/260/260 244/244/244
f 259/259/259 261/261/261 262/262/262
f 259/259/259 262/262/262 258/258/258
f 42/42/42 46/46/46 261/261/261
f 42/42/42 261/261/261 259/259/259
f 255/255/255 264/264/264 263/263/263
f 255/255/255 263/263/263 260/260/260
f 254/254/254 265/265/265 264/264/264
f 254/254/254 264/264/264 255/255/255
f 256/256/256 266/266/266 265/265/265
f 256/256/256 265/265/265 254/254/254
f 257/257/257 267/267/267 266/266/266
f 257/257/257 266/266/266 256/256/256
f 258/258/258 262/262/262 267/267/267
f 258/258/258 267/267/267 257/257/257
f 265/265/265 268/268/268 269/269/269
f 265/265/265 269/269/269 264/264/264
f 266/266/266 270/270/270 268/268/268
f 266/266/266 268/268/268 265/265/265
f 267/267/267 271/271/271 270/270/270
f 267/267/267 270/270/270 266/266/266
f 262/262/262 274/274/274 271/271/271
f 262/262/262 271/271/271 267/267/267
f 261/261/261 276/276/276 274/274/274
f 261/261/261 274/274/274 262/262/262
f 46/46/46 58/58/58 276/276/276
f 46/46/46 276/276/276 261/261/261
f 264/264/264 269/269/269 277/277/277
f 264/264/264 277/277/277 263/263/263
f 275/275/275 278/278/278 280/280/280
f 275/275/275 280/280/280 273/273/273
f 58/58/58 62/62/62 279/279/279
f 58/58/58 279/279/279 276/276/276
f 269/269/269 284/284/284 283/283/283
f 269/269/269 283/283/283 277/277/277
f 268/268/268 285/285/285 284/284/284
f 268/268/268 284/284/284 269/269/269
f 270/270/270 286/286/286 285/285/285
f 270/270/270 285/285/285 268/268/268
f 271/271/271 287/287/287 286/286/286
f 271/271/271 286/286/286 270/270/270
f 272/272/272 281/281/281 287/287/287
f 272/272/272 287/287/287 271/271/271
f 286/286/286 288/288/288 289/289/289
f 286/286/286 289/289/289 285/285/285
f 287/287/287 290/290/290 288/288/288
f 287/287/287 288/288/288 286/286/286
f 282/282/282 291/291/291 290/290/290
f 282/282/282 290/290/290 287/287/287
f 279/279/279 292/292/292 291/291/291
f 279/279/279 291/291/291 282/282/282
f 62/62/62 73/73/73 292/292/292
f 62/62/62 292/292/292 279/279/279
f 284/284/284 294/294/294 293/293/293
f 284/284/284 293/293/293 283/283/283
f 285/285/285 289/289/289 294/294/294
f 285/285/285 294/294/294 284/284/284
f 73/73/73 77/77/77 295/295/295
f 73/73/73 295/295/295 292/292/292
f 294/294/294 297/297/297 296/296/296
f 294/294/294 296/296/296 293/293/293
f 289/289/289 298/298/298 297/297/297
f 289/289/289 297/297/297 294/294/294
f 288/288/288 299/299/299 298/298/298
f 288/288/288 298/298/298 289/289/289
f 290/290/290 300/300/300 299/299/299
f 290/290/290 299/299/299 288/288/288
f 291/291/291 301/301/301 300/300/300
f 291/291/291 300/300/300 290/290/290
f 292/292/292 295/295/295 301/301/301
f 292/292/292 301/301/301 291/291/291
f 300/300/300 303/303/303 305/305/305
f 300/300/300 305/305/305 299/299/299
f 301/301/301 307/307/307 303/303/303
f 301/301/301 303/303/303 300/300/300
f 295/295/295 309/309/309 307/307/307
f 295/295/295 307/307/307 301/301/301
f 77/77/77 93/93/93 309/309/309
f 77/77/77 309/309/309 295/295/295
f 297/297/297 313/313/313 311/311/311
f 297/297/297 311/311/311 296/296/296
f 298/298/298 315/315/315 313/313/313
f 298/298/298 313/313/313 297/297/297
f 299/299/299 305/305/305 315/315/315
f 299/299/299 315/315/315 298/298/298
f 312/312/312 317/317/317 316/316/316
f 312/312/312 316/316/316 310/310/310
f 314/314/314 318/318/318 317/317/317
f 314/314/314 317/317/317 312/312/312
f 304/304/304 319/319/319 318/318/318
f 304/304/304 318/318/318 314/314/314
f 302/302/302 320/320/320 319/319/319
f 302/302/302 319/319/319 304/304/304
f 306/306/306 321/321/321 320/320/320
f 306/306/306 320/320/320 302/302/302
f 308/308/308 322/322/322 321/321/321
f 308/308/308 321/321/321 306/306/306
f 92/92/92 107/107/107 322/322/322
f 92/92/92 322/322/322 308/308/308
f 320/320/320 324/324/324 326/326/326
f 320/320/320 326/326/326 319/319/319
f 321/321/321 328/328/328 324/324/324
f 321/321/321 324/324/324 320/320/320
f 322/322/322 330/330/330 328/328/328
f 322/322/322 328/328/328 321/321/321
f 107/107/107 117/117/117 330/330/330
f 107/107/107 330/330/330 322/322/322
f 317/317/317 334/334/334 332/332/332
f 317/317/317 332/332/332 316/316/316
f 318/318/318 336/336/336 334/334/334
f 318/318/318 334/334/334 317/317/317
f 319/319/319 326/326/326 336/336/336
f 319/319/319 336/336/336 318/318/318
f 333/333/333 337/337/337 338/338/338
f 333/333/333 338/338/338 331/331/331
f 335/335/335 339/339/339 337/337/337
f 335/335/335 337/337/337 333/333/333
f 325/325/325 340/340/340 339/339/339
f 325/325/325 339/339/339 335/335/335
f 323/323/323 341/341/341 340/340/340
f 323/323/323 340/340/340 325/325/325
f 327/327/327 342/342/342 341/341/341
f 327/327/327 341/341/341 323/323/323
f 329/329/329 343/343/343 342/342/342
f 329/329/329 342/342/342 327/327/327
f 116/116/116 132/132/132 343/343/343
f 116/116/116 343/343/343 329/329/329
f 342/342/342 344/344/344 345/345/345
f 342/342/342 345/345/345 341/341/341
f 343/343/343 346/346/346 344/344/344
f 343/343/343 344/344/344 342/342/342
f 132/132/132 136/136/136 346/346/346
f 132/132/132 346/346/346 343/343/343
f 337/337/337 348/348/348 347/347/347
f 337/337/337 347/347/347 338/338/338
f 339/339/339 349/349/349 348/348/348
f 339/339/339 348/348/348 337/337/337
f 340/340/340 350/350/350 349/349/349
f 340/340/340 349/349/349 339/339/339
f 341/341/341 345/345/345 350/350/350
f 341/341/341 350/350/350 340/340/340
f 348/348/348 351/351/351 352/352/352
f 348/348/348 352/352/352 347/347/347
f 349/349/349 353/353/353 351/351/351
f 349/349/349 351/351/351 348/348/348
f 350/350/350 354/354/354 353/353/353
f 350/350/350 353/353/353 349/349/349
f 345/345/345 355/355/355 354/354/354
f 345/345/345 354/354/354 350/350/350
f 344/344/344 356/356/356 355/355/355
f 344/344/344 355/355/355 345/345/345
f 346/346/346 357/357/357 356/356/356
f 346/346/346 356/356/356 344/344/344
f 136/136/136 151/151/151 357/357/357
f 136/136/136 357/357/357 346/346/346
f 356/356/356 358/358/358 359/359/359
f 356/356/356 359/359/359 355/355/355
f 357/357/357 360/360/360 358/358/358
f 357/357/357 358/358/358 356/356/356
f 151/151/151 156/156/156 360/360/360
f 151/151/151 360/360/360 357/357/357
f 351/351/351 362/362/362 361/361/361
f 351/351/351 361/361/361 352/352/352
f 353/353/353 363/363/363 362/362/362
f 353/353/353 362/362/362 351/351/351
f 354/354/354 364/364/364 363/363/363
f 354/354/354 363/363/363 353/353/353
f 355/355/355 359/359/359 364/364/364
f 355/355/355 364/364/364 354/354/354
f 363/363/363 365/365/365 366/366/366
f 363/363/363 366/366/366 362/362/362
f 364/364/364 367/367/367 365/365/365
f 364/364/364 365/365/365 363/363/363
f 359/359/359 368/368/368 367/367/367
f 359/359/359 367/367/367 364/364/364
f 358/358/358 369/369/369 368/368/368
f 358/358/358 368/368/368 359/359/359
f 360/360/360 370/370/370 369/369/369
f 360/360/360 369/369/369 358/358/358
f 156/156/156 169/169/169 370/370/370
f 156/156/156 370/370/370 360/360/360
f 362/362/362 366/366/366 371/371/371
f 362/362/362 371/371/371 361/361/361
f 370/370/370 372/372/372 373/373/373
f 370/370/370 373/373/373 369/369/369
f 169/169/169 175/175/175 372/372/372
f 169/169/169 372/372/372 370/370/370
f 366/366/366 375/375/375 374/374/374
f 366/366/366 374/374/374 371/371/371
f 365/365/365 376/376/376 375/375/375
f 365/365/365 375/375/375 366/366/366
f 367/367/367 377/377/377 376/376/376
f 367/367/367 376/376/376 365/365/365
f 368/368/368 378/378/378 377/377/377
f 368/368/368 377/377/377 367/367/367
f 369/369/369 373/373/373 378/378/378
f 369/369/369 378/378/378 368/368/368
f 377/377/377 379/379/379 380/380/380
f 377/377/377 380/380/380 376/376/376
f 378/378/378 381/381/381 379/379/379
f 378/378/378 379/379/379 377/377/377
f 373/373/373 382/382/382 381/381/381
f 373/373/373 381/381/381 378/378/378
f 372/372/372 383/383/383 382/382/382
f 372/372/372 382/382/382 373/373/373
f 175/175/175 188/188/188 383/383/383
f 175/175/175 383/383/383 372/372/372
f 375/375/375 385/385/385 384/384/384
f 375/375/375 384/384/384 374/374/374
f 376/376/376 380/380/380 385/385/385
f 376/376/376 385/385/385 375/375/375
f 188/188/188 194/194/194 386/386/386
f 188/188/188 386/386/386 383/383/383
f 385/385/385 388/388/388 387/387/387
f 385/385/385 387/387/387 384/384/384
f 380/380/380 389/389/389 388/388/388
f 380/380/380 388/388/388 385/385/385
f 379/379/379 390/390/390 389/389/389
f 379/379/379 389/389/389 380/380/380
f 381/381/381 391/391/391 390/390/390
f 381/381/381 390/390/390 379/379/379
f 382/382/382 392/392/392 391/391/391
f 382/382/382 391/391/391 381/381/381
f 383/383/383 386/386/386 392/392/392
f 383/383/383 392/392/392 382/382/382
f 390/390/390 393/393/393 395/395/395
f 390/390/390 395/395/395 389/389/389
f 391/391/391 397/397/397 393/393/393
f 391/391/391 393/393/393 390/390/390
f 392/392/392 399/399/399 397/397/397
f 392/392/392 397/397/397 391/391/391
f 386/386/386 401/401/401 399/399/399
f 386/386/386 399/399/399 392/392/392
f 194/194/194 213/213/213 401/401/401
f 194/194/194 401/401/401 386/386/386
f 388/388/388 405/405/405 403/403/403
f 388/388/388 403/403/403 387/387/387
f 389/389/389 395/395/395 405/405/405
f 389/389/389 405/405/405 388/388/388
f 214/214/214 21/21/21 237/237/237
f 214/214/214 237/237/237 402/402/402
f 406/406/406 250/250/250 241/241/241
f 406/406/406 241/241/241 404/404/404
f 396/396/396 227/227/227 250/250/250
f 396/396/396 250/250/250 406/406/406
f 394/394/394 221/221/221 227/227/227
f 394/394/394 227/227/227 396/396/396
f 398/398/398 229/229/229 221/221/221
f 398/398/398 221/221/221 394/394/394
f 400/400/400 233/233/233 229/229/229
f 400/400/400 229/229/229 398/398/398
f 402/402/402 237/237/237 233/233/233
f 402/402/402 233/233/233 400/400/400
f 408/408/408 410/410/410 411/411/411
f 408/408/408 411/411/411 412/412/412
f 414/414/414 416/416/416 417/417/417
f 414/414/414 417/417/417 418/418/418
f 420/420/420 408/408/408 412/412/412
f 420/420/420 412/412/412 421/421/421
f 423/423/423 414/414/414 418/418/418
f 423/423/423 418/418/418 424/424/424
f 426/426/426 428/428/428 429/429/429
f 426/426/426 429/429/429 430/430/430
f 432/432/432 420/420/420 421/421/421
f 432/432/432 421/421/421 433/433/433
f 435/435/435 423/423/423 424/424/424
f 435/435/435 424/424/424 436/436/436
f 410/410/410 438/438/438 439/439/439
f 410/410/410 439/439/439 411/411/411
f 416/416/416 426/426/426 430/430/430
f 416/416/416 430/430/430 417/417/417
f 428/428/428 432/432/432 433/433/433
f 428/428/428 433/433/433 429/429/429
f 440/440/440 441/441/441 431/431/431
f 440/440/440 431/431/431 427/427/427
f 442/442/442 443/443/443 425/425/425
f 442/442/442 425/425/425 415/415/415
f 444/444/444 445/445/445 437/437/437
f 444/444/444 437/437/437 409/409/409
f 446/446/446 447/447/447 422/422/422
f 446/446/446 422/422/422 434/434/434
f 441/441/441 448/448/448 419/419/419
f 441/441/441 419/419/419 431/431/431
f 443/443/443 440/440/440 427/427/427
f 443/443/443 427/427/427 425/425/425
f 447/447/447 449/449/449 413/413/413
f 447/447/447 413/413/413 422/422/422
f 448/448/448 450/450/450 407/407/407
f 448/448/448 407/407/407 419/419/419
f 449/449/449 442/442/442 415/415/415
f 449/449/449 415/415/415 413/413/413
f 450/450/450 444/444/444 409/409/409
f 450/450/450 409/409/409 407/407/407
f 452/452/452 453/453/453 454/454/454
f 452/452/452 454/454/454 456/456/456
f 458/458/458 459/459/459 460/460/460
f 458/458/458 460/460/460 462/462/462
f 464/464/464 465/465/465 453/453/453
f 464/464/464 453/453/453 452/452/452
f 467/467/467 468/468/468 459/459/459
f 467/467/467 459/459/459 458/458/458
f 470/470/470 471/471/471 472/472/472
f 470/470/470 472/472/472 474/474/474
f 476/476/476 477/477/477 465/465/465
f 476/476/476 465/465/465 464/464/464
f 479/479/479 480/480/480 468/468/468
f 479/479/479 468/468/468 467/467/467
f 456/456/456 454/454/454 481/481/481
f 456/456/456 481/481/481 483/483/483
f 462/462/462 460/460/460 471/471/471
f 462/462/462 471/471/471 470/470/470
f 474/474/474 472/472/472 477/477/477
f 474/474/474 477/477/477 476/476/476
f 484/484/484 473/473/473 475/475/475
f 484/484/484 475/475/475 485/485/485
f 486/486/486 461/461/461 469/469/469
f 486/486/486 469/469/469 487/487/487
f 488/488/488 455/455/455 482/482/482
f 488/488/488 482/482/482 489/489/489
f 490/490/490 478/478/478 466/466/466
f 490/490/490 466/466/466 491/491/491
f 485/485/485 475/475/475 463/463/463
f 485/485/485 463/463/463 492/492/492
f 487/487/487 469/469/469 473/473/473
f 487/487/487 473/473/473 484/484/484
f 491/491/491 466/466/466 457/457/457
f 491/491/491 457/457/457 493/493/493
f 492/492/492 463/463/463 451/451/451
f 492/492/492 451/451/451 494/494/494
f 493/493/493 457/457/457 461/461/461
f 493/493/493 461/461/461 486/486/486
f 494/494/494 451/451/451 455/455/455
f 494/494/494 455/455/455 488/488/488
f 495/495/495 496/496/496 497/497/497
f 495/495/495 497/497/497 498/498/498
f 499/499/499 500/500/500 501/501/501
f 499/499/499 501/501/501 502/502/502
f 503/503/503 504/504/504 505/505/505
f 503/503/503 505/505/505 506/506/506
f 507/507/507 508/508/508 509/509/509
f 507/507/507 509/509/509 510/510/510
f 511/511/511 512/512/512 513/513/513
f 511/511/511 513/513/513 514/514/514
f 518/518/518 519/519/519 520/520/520
f 518/518/518 520/520/520 521/521/521
f 522/522/522 523/523/523 524/524/524
f 522/522/522 524/524/524 525/525/525
f 526/526/526 527/527/527 528/528/528
f 526/526/526 528/528/528 529/529/529
f 529/529/529 528/528/528 530/530/530
f 529/529/529 530/530/530 531/531/531
f 531/531/531 530/530/530 500/500/500
f 531/531/531 500/500/500 499/499/499
f 532/532/532 533/533/533 534/534/534
f 532/532/532 534/534/534 535/535/535
f 535/535/535 534/534/534 536/536/536
f 535/535/535 536/536/536 537/537/537
f 537/537/537 536/536/536 538/538/538
f 537/537/537 538/538/538 539/539/539
f 540/540/540 541/541/541 542/542/542
f 540/540/540 542/542/542 544/544/544
f 545/545/545 543/543/543 547/547/547
f 545/545/545 547/547/547 549/549/549
f 548/548/548 546/546/546 550/550/550
f 548/548/548 550/550/550 551/551/551
f 552/552/552 553/553/553 554/554/554
f 552/552/552 554/554/554 555/555/555
f 556/556/556 557/557/557 558/558/558
f 556/556/556 558/558/558 559/559/559
f 560/560/560 561/561/561 562/562/562
f 560/560/560 562/562/562 563/563/563
f 564/564/564 565/565/565 566/566/566
f 564/564/564 566/566/566 567/567/567
f 563/563/563 562/562/562 565/565/565
f 563/563/563 565/565/565 564/564/564
f 559/559/559 558/558/558 569/569/569
f 559/559/559 569/569/569 570/570/570
f 570/570/570 569/569/569 561/561/561
f 570/570/570 561/561/561 560/560/560
f 555/555/555 554/554/554 557/557/557
f 555/555/555 557/557/557 556/556/556
f 571/571/571 572/572/572 553/553/553
f 571/571/571 553/553/553 552/552/552
f 538/538/538 541/541/541 540/540/540
f 538/538/538 540/540/540 539/539/539
f 589/589/589 590/590/590 591/591/591
f 589/589/589 591/591/591 592/592/592
f 593/593/593 594/594/594 595/595/595
f 593/593/593 595/595/595 596/596/596
f 597/597/597 598/598/598 599/599/599
f 597/597/597 599/599/599 600/600/600
f 601/601/601 602/602/602 603/603/603
f 601/601/601 603/603/603 604/604/604
f 605/605/605 606/606/606 607/607/607
f 605/605/605 607/607/607 608/608/608
f 612/612/612 613/613/613 614/614/614
f 612/612/612 614/614/614 615/615/615
f 616/616/616 617/617/617 618/618/618
f 616/616/616 618/618/618 619/619/619
f 620/620/620 621/621/621 622/622/622
f 620/620/620 622/622/622 623/623/623
f 621/621/621 624/624/624 625/625/625
f 621/621/621 625/625/625 622/622/622
f 624/624/624 593/593/593 596/596/596
f 624/624/624 596/596/596 625/625/625
f 626/626/626 627/627/627 628/628/628
f 626/626/626 628/628/628 629/629/629
f 627/627/627 630/630/630 631/631/631
f 627/627/627 631/631/631 628/628/628
f 630/630/630 632/632/632 633/633/633
f 630/630/630 633/633/633 631/631/631
f 634/634/634 635/635/635 636/636/636
f 634/634/634 636/636/636 637/637/637
f 635/635/635 638/638/638 639/639/639
f 635/635/635 639/639/639 636/636/636
f 638/638/638 640/640/640 641/641/641
f 638/638/638 641/641/641 639/639/639
f 642/642/642 643/643/643 644/644/644
f 642/642/642 644/644/644 645/645/645
f 646/646/646 647/647/647 648/648/648
f 646/646/646 648/648/648 649/649/649
f 650/650/650 651/651/651 652/652/652
f 650/650/650 652/652/652 653/653/653
f 654/654/654 655/655/655 656/656/656
f 654/654/654 656/656/656 657/657/657
f 651/651/651 654/654/654 657/657/657
f 651/651/651 657/657/657 652/652/652
f 647/647/647 659/659/659 660/660/660
f 647/647/647 660/660/660 648/648/648
f 659/659/659 650/650/650 653/653/653
f 659/659/659 653/653/653 660/660/660
f 643/643/643 646/646/646 649/649/649
f 643/643/643 649/649/649 644/644/644
f 661/661/661 642/642/642 645/645/645
f 661/661/661 645/645/645 662/662/662
f 633/633/633 632/632/632 634/634/634
f 633/633/633 634/634/634 637/637/637
f 679/679/679 680/680/680 681/681/681
f 679/679/679 681/681/681 682/682/682
f 683/683/683 684/684/684 685/685/685
f 683/683/683 685/685/685 686/686/686
f 687/687/687 688/688/688 689/689/689
f 687/687/687 689/689/689 690/690/690
f 691/691/691 692/692/692 680/680/680
f 691/691/691 680/680/680 679/679/679
f 693/693/693 694/694/694 684/684/684
f 693/693/693 684/684/684 683/683/683
f 695/695/695 696/696/696 688/688/688
f 695/695/695 688/688/688 687/687/687
f 697/697/697 698/698/698 692/692/692
f 697/697/697 692/692/692 691/691/691
f 699/699/699 700/700/700 694/694/694
f 699/699/699 694/694/694 693/693/693
f 701/701/701 702/702/702 696/696/696
f 701/701/701 696/696/696 695/695/695
f 703/703/703 704/704/704 700/700/700
f 703/703/703 700/700/700 699/699/699
f 705/705/705 706/706/706 702/702/702
f 705/705/705 702/702/702 701/701/701
f 707/707/707 708/708/708 704/704/704
f 707/707/707 704/704/704 703/703/703
f 709/709/709 710/710/710 706/706/706
f 709/709/709 706/706/706 705/705/705
f 711/711/711 712/712/712 708/708/708
f 711/711/711 708/708/708 707/707/707
f 713/713/713 714/714/714 710/710/710
f 713/713/713 710/710/710 709/709/709
f 715/715/715 716/716/716 712/712/712
f 715/715/715 712/712/712 711/711/711
f 717/717/717 718/718/718 714/714/714
f 717/717/717 714/714/714 713/713/713
f 719/719/719 720/720/720 716/716/716
f 719/719/719 716/716/716 715/715/715
f 721/721/721 722/722/722 718/718/718
f 721/721/721 718/718/718 717/717/717
f 723/723/723 724/724/724 720/720/720
f 723/723/723 720/720/720 719/719/719
f 725/725/725 726/726/726 722/722/722
f 725/725/725 722/722/722 721/721/721
f 727/727/727 728/728/728 724/724/724
f 727/727/727 724/724/724 723/723/723
f 729/729/729 730/730/730 726/726/726
f 729/729/729 726/726/726 725/725/725
f 731/731/731 732/732/732 728/728/728
f 731/731/731 728/728/728 727/727/727
f 733/733/733 734/734/734 730/730/730
f 733/733/733 730/730/730 729/729/729
f 735/735/735 736/736/736 698/698/698
f 735/735/735 698/698/698 697/697/697
f 737/737/737 738/738/738 732/732/732
f 737/737/737 732/732/732 731/731/731
f 739/739/739 740/740/740 734/734/734
f 739/739/739 734/734/734 733/733/733
f 741/741/741 742/742/742 736/736/736
f 741/741/741 736/736/736 735/735/735
f 682/682/682 681/681/681 738/738/738
f 682/682/682 738/738/738 737/737/737
f 686/686/686 685/685/685 740/740/740
f 686/686/686 740/740/740 739/739/739
f 690/690/690 689/689/689 742/742/742
f 690/690/690 742/742/742 741/741/741
f 706/706/706 710/710/710 720/720/720
f 706/706/706 720/720/720 724/724/724
f 702/702/702 706/706/706 724/724/724
f 702/702/702 724/724/724 728/728/728
f 710/710/710 714/714/714 716/716/716
f 710/710/710 716/716/716 720/720/720
f 714/714/714 718/718/718 712/712/712
f 714/714/714 712/712/712 716/716/716
f 718/718/718 722/722/722 708/708/708
f 718/718/718 708/708/708 712/712/712
f 696/696/696 702/702/702 728/728/728
f 696/696/696 728/728/728 732/732/732
f 688/688/688 696/696/696 732/732/732
f 688/688/688 732/732/732 738/738/738
f 689/689/689 688/688/688 738/738/738
f 689/689/689 738/738/738 681/681/681
f 722/722/722 726/726/726 704/704/704
f 722/722/722 704/704/704 708/708/708
f 742/742/742 689/689/689 681/681/681
f 742/742/742 681/681/681 680/680/680
f 726/726/726 730/730/730 700/700/700
f 726/726/726 700/700/700 704/704/704
f 730/730/730 734/734/734 694/694/694
f 730/730/730 694/694/694 700/700/700
f 734/734/734 740/740/740 684/684/684
f 734/734/734 684/684/684 694/694/694
f 742/742/742 680/680/680 692/692/692
f 742/742/742 692/692/692 736/736/736
f 743/743/743 745/745/745 746/746/746
f 743/743/743 746/746/746 747/747/747
f 745/745/745 749/749/749 750/750/750
f 745/745/745 750/750/750 746/746/746
f 749/749/749 751/751/751 752/752/752
f 749/749/749 752/752/752 750/750/750
f 751/751/751 753/753/753 754/754/754
f 751/751/751 754/754/754 752/752/752
f 753/753/753 755/755/755 756/756/756
f 753/753/753 756/756/756 754/754/754
f 755/755/755 757/757/757 758/758/758
f 755/755/755 758/758/758 756/756/756
f 747/747/747 746/746/746 759/759/759
f 747/747/747 759/759/759 760/760/760
f 746/746/746 750/750/750 762/762/762
f 746/746/746 762/762/762 759/759/759
f 750/750/750 752/752/752 763/763/763
f 750/750/750 763/763/763 762/762/762
f 752/752/752 754/754/754 764/764/764
f 752/752/752 764/764/764 763/763/763
f 754/754/754 756/756/756 765/765/765
f 754/754/754 765/765/765 764/764/764
f 756/756/756 758/758/758 766/766/766
f 756/756/756 766/766/766 765/765/765
f 760/760/760 759/759/759 767/767/767
f 760/760/760 767/767/767 768/768/768
f 759/759/759 762/762/762 770/770/770
f 759/759/759 770/770/770 767/767/767
f 762/762/762 763/763/763 771/771/771
f 762/762/762 771/771/771 770/770/770
f 763/763/763 764/764/764 772/772/772
f 763/763/763 772/772/772 771/771/771
f 764/764/764 765/765/765 773/773/773
f 764/764/764 773/773/773 772/772/772
f 765/765/765 766/766/766 774/774/774
f 765/765/765 774/774/774 773/773/773
f 768/768/768 767/767/767 775/775/775
f 768/768/768 775/775/775 776/776/776
f 767/767/767 770/770/770 778/778/778
f 767/767/767 778/778/778 775/775/775
f 770/770/770 771/771/771 779/779/779
f 770/770/770 779/779/779 778/778/778
f 771/771/771 772/772/772 780/780/780
f 771/771/771 780/780/780 779/779/779
f 772/772/772 773/773/773 781/781/781
f 772/772/772 781/781/781 780/780/780
f 773/773/773 774/774/774 782/782/782
f 773/773/773 782/782/782 781/781/781
f 776/776/776 775/775/775 783/783/783
f 776/776/776 783/783/783 784/784/784
f 775/775/775 778/778/778 785/785/785
f 775/775/775 785/785/785 783/783/783
f 778/778/778 779/779/779 786/786/786
f 778/778/778 786/786/786 785/785/785
f 780/780/780 781/781/781 788/788/788
f 780/780/780 788/788/788 787/787/787
f 781/781/781 782/782/782 789/789/789
f 781/781/781 789/789/789 788/788/788
f 784/784/784 783/783/783 790/790/790
f 784/784/784 790/790/790 791/791/791
f 783/783/783 785/785/785 792/792/792
f 783/783/783 792/792/792 790/790/790
f 785/785/785 786/786/786 793/793/793
f 785/785/785 793/793/793 792/792/792
f 788/788/788 789/789/789 795/795/795
f 788/788/788 795/795/795 794/794/794
f 796/796/796 798/798/798 744/744/744
f 796/796/796 744/744/744 799/799/799
f 797/797/797 800/800/800 745/745/745
f 797/797/797 745/745/745 743/743/743
f 800/800/800 801/801/801 749/749/749
f 800/800/800 749/749/749 745/745/745
f 801/801/801 802/802/802 751/751/751
f 801/801/801 751/751/751 749/749/749
f 802/802/802 803/803/803 753/753/753
f 802/802/802 753/753/753 751/751/751
f 803/803/803 804/804/804 755/755/755
f 803/803/803 755/755/755 753/753/753
f 804/804/804 805/805/805 757/757/757
f 804/804/804 757/757/757 755/755/755
f 805/805/805 806/806/806 807/807/807
f 805/805/805 807/807/807 757/757/757
f 757/757/757 807/807/807 808/808/808
f 757/757/757 808/808/808 758/758/758
f 758/758/758 808/808/808 809/809/809
f 758/758/758 809/809/809 766/766/766
f 766/766/766 809/809/809 810/810/810
f 766/766/766 810/810/810 774/774/774
f 774/774/774 810/810/810 811/811/811
f 774/774/774 811/811/811 782/782/782
f 782/782/782 811/811/811 812/812/812
f 782/782/782 812/812/812 789/789/789
f 789/789/789 812/812/812 813/813/813
f 789/789/789 813/813/813 795/795/795
f 795/795/795 813/813/813 814/814/814
f 795/795/795 814/814/814 815/815/815
f 794/794/794 795/795/795 815/815/815
f 794/794/794 815/815/815 816/816/816
f 780/780/780 787/787/787 817/817/817
f 780/780/780 817/817/817 779/779/779
f 790/790/790 792/792/792 818/818/818
f 790/790/790 818/818/818 819/819/819
f 791/791/791 790/790/790 819/819/819
f 791/791/791 819/819/819 820/820/820
f 821/821/821 791/791/791 820/820/820
f 821/821/821 820/820/820 822/822/822
f 823/823/823 784/784/784 791/791/791
f 823/823/823 791/791/791 821/821/821
f 824/824/824 776/776/776 784/784/784
f 824/824/824 784/784/784 823/823/823
f 826/826/826 769/769/769 777/777/777
f 826/826/826 777/777/777 825/825/825
f 827/827/827 761/761/761 769/769/769
f 827/827/827 769/769/769 826/826/826
f 828/828/828 748/748/748 761/761/761
f 828/828/828 761/761/761 827/827/827
f 799/799/799 744/744/744 748/748/748
f 799/799/799 748/748/748 828/828/828
f 829/829/829 830/830/830 831/831/831
f 829/829/829 831/831/831 832/832/832
f 832/832/832 831/831/831 833/833/833
f 832/832/832 833/833/833 834/834/834
f 834/834/834 833/833/833 835/835/835
f 834/834/834 835/835/835 836/836/836
f 836/836/836 835/835/835 837/837/837
f 836/836/836 837/837/837 838/838/838
f 1131/1131/1131 1125/1125/1125 839/839/839
f 1131/1131/1131 839/839/839 840/840/840
f 1136/1136/1136 1139/1139/1139 841/841/841
f 1136/1136/1136 841/841/841 842/842/842
f 1112/1112/1112 1117/1117/1117 843/843/843
f 1112/1112/1112 843/843/843 844/844/844
f 1106/1106/1106 1102/1102/1102 845/845/845
f 1106/1106/1106 845/845/845 846/846/846
f 1156/1156/1156 1162/1162/1162 847/847/847
f 1156/1156/1156 847/847/847 848/848/848
f 1150/1150/1150 1145/1145/1145 849/849/849
f 1150/1150/1150 849/849/849 850/850/850
f 850/850/850 849/849/849 851/851/851
f 850/850/850 851/851/851 852/852/852
f 852/852/852 851/851/851 853/853/853
f 852/852/852 853/853/853 854/854/854
f 854/854/854 853/853/853 855/855/855
f 854/854/854 855/855/855 856/856/856
f 856/856/856 855/855/855 857/857/857
f 856/856/856 857/857/857 858/858/858
f 830/830/830 859/859/859 860/860/860
f 830/830/830 860/860/860 831/831/831
f 831/831/831 860/860/860 861/861/861
f 831/831/831 861/861/861 833/833/833
f 833/833/833 861/861/861 862/862/862
f 833/833/833 862/862/862 835/835/835
f 835/835/835 862/862/862 863/863/863
f 835/835/835 863/863/863 837/837/837
f 1125/1125/1125 1127/1127/1127 864/864/864
f 1125/1125/1125 864/864/864 839/839/839
f 1139/1139/1139 1140/1140/1140 865/865/865
f 1139/1139/1139 865/865/865 841/841/841
f 1117/1117/1117 1119/1119/1119 866/866/866
f 1117/1117/1117 866/866/866 843/843/843
f 1102/1102/1102 1107/1107/1107 867/867/867
f 1102/1102/1102 867/867/867 845/845/845
f 1162/1162/1162 1159/1159/1159 868/868/868
f 1162/1162/1162 868/868/868 847/847/847
f 1145/1145/1145 1153/1153/1153 869/869/869
f 1145/1145/1145 869/869/869 849/849/849
f 849/849/849 869/869/869 870/870/870
f 849/849/849 870/870/870 851/851/851
f 851/851/851 870/870/870 871/871/871
f 851/851/851 871/871/871 853/853/853
f 853/853/853 871/871/871 872/872/872
f 853/853/853 872/872/872 855/855/855
f 855/855/855 872/872/872 873/873/873
f 855/855/855 873/873/873 857/857/857
f 859/859/859 874/874/874 875/875/875
f 859/859/859 875/875/875 860/860/860
f 860/860/860 875/875/875 876/876/876
f 860/860/860 876/876/876 861/861/861
f 861/861/861 876/876/876 877/877/877
f 861/861/861 877/877/877 862/862/862
f 862/862/862 877/877/877 878/878/878
f 862/862/862 878/878/878 863/863/863
f 1127/1127/1127 1126/1126/1126 879/879/879
f 1127/1127/1127 879/879/879 864/864/864
f 1140/1140/1140 1133/1133/1133 880/880/880
f 1140/1140/1140 880/880/880 865/865/865
f 1119/1119/1119 1118/1118/1118 881/881/881
f 1119/1119/1119 881/881/881 866/866/866
f 1107/1107/1107 1109/1109/1109 882/882/882
f 1107/1107/1107 882/882/882 867/867/867
f 1159/1159/1159 1158/1158/1158 883/883/883
f 1159/1159/1159 883/883/883 868/868/868
f 1153/1153/1153 1148/1148/1148 884/884/884
f 1153/1153/1153 884/884/884 869/869/869
f 869/869/869 884/884/884 885/885/885
f 869/869/869 885/885/885 870/870/870
f 870/870/870 885/885/885 886/886/886
f 870/870/870 886/886/886 871/871/871
f 871/871/871 886/886/886 887/887/887
f 871/871/871 887/887/887 872/872/872
f 872/872/872 887/887/887 888/888/888
f 872/872/872 888/888/888 873/873/873
f 874/874/874 889/889/889 890/890/890
f 874/874/874 890/890/890 875/875/875
f 875/875/875 890/890/890 891/891/891
f 875/875/875 891/891/891 876/876/876
f 876/876/876 891/891/891 892/892/892
f 876/876/876 892/892/892 877/877/877
f 877/877/877 892/892/892 893/893/893
f 877/877/877 893/893/893 878/878/878
f 1126/1126/1126 1129/1129/1129 894/894/894
f 1126/1126/1126 894/894/894 879/879/879
f 1133/1133/1133 1134/1134/1134 895/895/895
f 1133/1133/1133 895/895/895 880/880/880
f 1118/1118/1118 1120/1120/1120 896/896/896
f 1118/1118/1118 896/896/896 881/881/881
f 1109/1109/1109 1108/1108/1108 897/897/897
f 1109/1109/1109 897/897/897 882/882/882
f 1158/1158/1158 1161/1161/1161 898/898/898
f 1158/1158/1158 898/898/898 883/883/883
f 1148/1148/1148 1147/1147/1147 899/899/899
f 1148/1148/1148 899/899/899 884/884/884
f 884/884/884 899/899/899 900/900/900
f 884/884/884 900/900/900 885/885/885
f 885/885/885 900/900/900 901/901/901
f 885/885/885 901/901/901 886/886/886
f 886/886/886 901/901/901 902/902/902
f 886/886/886 902/902/902 887/887/887
f 887/887/887 902/902/902 903/903/903
f 887/887/887 903/903/903 888/888/888
f 889/889/889 904/904/904 905/905/905
f 889/889/889 905/905/905 890/890/890
f 890/890/890 905/905/905 906/906/906
f 890/890/890 906/906/906 891/891/891
f 891/891/891 906/906/906 907/907/907
f 891/891/891 907/907/907 892/892/892
f 892/892/892 907/907/907 908/908/908
f 892/892/892 908/908/908 893/893/893
f 1129/1129/1129 1128/1128/1128 909/909/909
f 1129/1129/1129 909/909/909 894/894/894
f 1134/1134/1134 1137/1137/1137 910/910/910
f 1134/1134/1134 910/910/910 895/895/895
f 1120/1120/1120 1114/1114/1114 911/911/911
f 1120/1120/1120 911/911/911 896/896/896
f 1108/1108/1108 1103/1103/1103 912/912/912
f 1108/1108/1108 912/912/912 897/897/897
f 1161/1161/1161 1160/1160/1160 913/913/913
f 1161/1161/1161 913/913/913 898/898/898
f 1147/1147/1147 1149/1149/1149 914/914/914
f 1147/1147/1147 914/914/914 899/899/899
f 899/899/899 914/914/914 915/915/915
f 899/899/899 915/915/915 900/900/900
f 900/900/900 915/915/915 916/916/916
f 900/900/900 916/916/916 901/901/901
f 901/901/901 916/916/916 917/917/917
f 901/901/901 917/917/917 902/902/902
f 902/902/902 917/917/917 918/918/918
f 902/902/902 918/918/918 903/903/903
f 904/904/904 919/919/919 920/920/920
f 904/904/904 920/920/920 905/905/905
f 905/905/905 920/920/920 921/921/921
f 905/905/905 921/921/921 906/906/906
f 906/906/906 921/921/921 922/922/922
f 906/906/906 922/922/922 907/907/907
f 907/907/907 922/922/922 923/923/923
f 907/907/907 923/923/923 908/908/908
f 1128/1128/1128 1130/1130/1130 924/924/924
f 1128/1128/1128 924/924/924 909/909/909
f 1137/1137/1137 1141/1141/1141 925/925/925
f 1137/1137/1137 925/925/925 910/910/910
f 1114/1114/1114 1115/1115/1115 926/926/926
f 1114/1114/1114 926/926/926 911/911/911
f 1103/1103/1103 1104/1104/1104 927/927/927
f 1103/1103/1103 927/927/927 912/912/912
f 1160/1160/1160 1155/1155/1155 928/928/928
f 1160/1160/1160 928/928/928 913/913/913
f 1149/1149/1149 1151/1151/1151 929/929/929
f 1149/1149/1149 929/929/929 914/914/914
f 914/914/914 929/929/929 930/930/930
f 914/914/914 930/930/930 915/915/915
f 915/915/915 930/930/930 931/931/931
f 915/915/915 931/931/931 916/916/916
f 916/916/916 931/931/931 932/932/932
f 916/916/916 932/932/932 917/917/917
f 917/917/917 932/932/932 933/933/933
f 917/917/917 933/933/933 918/918/918
f 919/919/919 934/934/934 935/935/935
f 919/919/919 935/935/935 920/920/920
f 920/920/920 935/935/935 936/936/936
f 920/920/920 936/936/936 921/921/921
f 921/921/921 936/936/936 937/937/937
f 921/921/921 937/937/937 922/922/922
f 922/922/922 937/937/937 938/938/938
f 922/922/922 938/938/938 923/923/923
f 1130/1130/1130 1123/1123/1123 939/939/939
f 1130/1130/1130 939/939/939 924/924/924
f 1141/1141/1141 1138/1138/1138 940/940/940
f 1141/1141/1141 940/940/940 925/925/925
f 1115/1115/1115 1116/1116/1116 941/941/941
f 1115/1115/1115 941/941/941 926/926/926
f 1104/1104/1104 1105/1105/1105 942/942/942
f 1104/1104/1104 942/942/942 927/927/927
f 1155/1155/1155 1163/1163/1163 943/943/943
f 1155/1155/1155 943/943/943 928/928/928
f 1151/1151/1151 1152/1152/1152 944/944/944
f 1151/1151/1151 944/944/944 929/929/929
f 929/929/929 944/944/944 945/945/945
f 929/929/929 945/945/945 930/930/930
f 930/930/930 945/945/945 946/946/946
f 930/930/930 946/946/946 931/931/931
f 931/931/931 946/946/946 947/947/947
f 931/931/931 947/947/947 932/932/932
f 932/932/932 947/947/947 948/948/948
f 932/932/932 948/948/948 933/933/933
f 934/934/934 949/949/949 950/950/950
f 934/934/934 950/950/950 935/935/935
f 935/935/935 950/950/950 951/951/951
f 935/935/935 951/951/951 936/936/936
f 936/936/936 951/951/951 952/952/952
f 936/936/936 952/952/952 937/937/937
f 944/944/944 956/956/956 957/957/957
f 944/944/944 957/957/957 945/945/945
f 945/945/945 957/957/957 958/958/958
f 945/945/945 958/958/958 946/946/946
f 946/946/946 958/958/958 959/959/959
f 946/946/946 959/959/959 947/947/947
f 947/947/947 959/959/959 960/960/960
f 947/947/947 960/960/960 948/948/948
f 962/962/962 963/963/963 829/829/829
f 962/962/962 829/829/829 964/964/964
f 964/964/964 829/829/829 832/832/832
f 964/964/964 832/832/832 965/965/965
f 965/965/965 832/832/832 834/834/834
f 965/965/965 834/834/834 966/966/966
f 966/966/966 834/834/834 836/836/836
f 966/966/966 836/836/836 967/967/967
f 967/967/967 836/836/836 838/838/838
f 967/967/967 838/838/838 968/968/968
f 1124/1124/1124 1131/1131/1131 840/840/840
f 1124/1124/1124 840/840/840 969/969/969
f 1135/1135/1135 1136/1136/1136 842/842/842
f 1135/1135/1135 842/842/842 970/970/970
f 1113/1113/1113 1112/1112/1112 844/844/844
f 1113/1113/1113 844/844/844 971/971/971
f 1110/1110/1110 1106/1106/1106 846/846/846
f 1110/1110/1110 846/846/846 972/972/972
f 1157/1157/1157 1156/1156/1156 848/848/848
f 1157/1157/1157 848/848/848 973/973/973
f 1146/1146/1146 1150/1150/1150 850/850/850
f 1146/1146/1146 850/850/850 974/974/974
f 974/974/974 850/850/850 852/852/852
f 974/974/974 852/852/852 975/975/975
f 975/975/975 852/852/852 854/854/854
f 975/975/975 854/854/854 976/976/976
f 976/976/976 854/854/854 856/856/856
f 976/976/976 856/856/856 977/977/977
f 977/977/977 856/856/856 858/858/858
f 977/977/977 858/858/858 978/978/978
f 978/978/978 858/858/858 979/979/979
f 978/978/978 979/979/979 980/980/980
f 858/858/858 857/857/857 981/981/981
f 858/858/858 981/981/981 979/979/979
f 857/857/857 873/873/873 982/982/982
f 857/857/857 982/982/982 981/981/981
f 873/873/873 888/888/888 983/983/983
f 873/873/873 983/983/983 982/982/982
f 888/888/888 903/903/903 984/984/984
f 888/888/888 984/984/984 983/983/983
f 903/903/903 918/918/918 985/985/985
f 903/903/903 985/985/985 984/984/984
f 918/918/918 933/933/933 986/986/986
f 918/918/918 986/986/986 985/985/985
f 933/933/933 948/948/948 987/987/987
f 933/933/933 987/987/987 986/986/986
f 948/948/948 960/960/960 961/961/961
f 948/948/948 961/961/961 987/987/987
f 989/989/989 988/988/988 949/949/949
f 989/989/989 949/949/949 934/934/934
f 990/990/990 989/989/989 934/934/934
f 990/990/990 934/934/934 919/919/919
f 991/991/991 990/990/990 919/919/919
f 991/991/991 919/919/919 904/904/904
f 992/992/992 991/991/991 904/904/904
f 992/992/992 904/904/904 889/889/889
f 993/993/993 992/992/992 889/889/889
f 993/993/993 889/889/889 874/874/874
f 994/994/994 993/993/993 874/874/874
f 994/994/994 874/874/874 859/859/859
f 995/995/995 994/994/994 859/859/859
f 995/995/995 859/859/859 830/830/830
f 963/963/963 995/995/995 830/830/830
f 963/963/963 830/830/830 829/829/829
f 996/996/996 997/997/997 998/998/998
f 996/996/996 998/998/998 999/999/999
f 1000/1000/1000 1001/1001/1001 997/997/997
f 1000/1000/1000 997/997/997 996/996/996
f 1002/1002/1002 1003/1003/1003 1004/1004/1004
f 1002/1002/1002 1004/1004/1004 1005/1005/1005
f 1006/1006/1006 1002/1002/1002 1005/1005/1005
f 1006/1006/1006 1005/1005/1005 1007/1007/1007
f 1004/1004/1004 1008/1008/1008 1009/1009/1009
f 1004/1004/1004 1009/1009/1009 1005/1005/1005
f 1005/1005/1005 1009/1009/1009 1010/1010/1010
f 1005/1005/1005 1010/1010/1010 1007/1007/1007
f 525/525/525 524/524/524 496/496/496
f 525/525/525 496/496/496 495/495/495
f 617/617/617 589/589/589 592/592/592
f 617/617/617 592/592/592 618/618/618
f 517/517/517 516/516/516 519/519/519
f 517/517/517 519/519/519 518/518/518
f 521/521/521 520/520/520 523/523/523
f 521/521/521 523/523/523 522/522/522
f 510/510/510 509/509/509 512/512/512
f 510/510/510 512/512/512 511/511/511
f 506/506/506 505/505/505 508/508/508
f 506/506/506 508/508/508 507/507/507
f 1075/1075/1075 1076/1076/1076 504/504/504
f 1075/1075/1075 504/504/504 503/503/503
f 1077/1077/1077 597/597/597 600/600/600
f 1077/1077/1077 600/600/600 1078/1078/1078
f 598/598/598 601/601/601 604/604/604
f 598/598/598 604/604/604 599/599/599
f 602/602/602 605/605/605 608/608/608
f 602/602/602 608/608/608 603/603/603
f 609/609/609 612/612/612 615/615/615
f 609/609/609 615/615/615 610/610/610
f 613/613/613 616/616/616 619/619/619
f 613/613/613 619/619/619 614/614/614
f 1080/1080/1080 571/571/571 552/552/552
f 1080/1080/1080 552/552/552 1081/1081/1081
f 1082/1082/1082 555/555/555 556/556/556
f 1082/1082/1082 556/556/556 1083/1083/1083
f 1084/1084/1084 570/570/570 560/560/560
f 1084/1084/1084 560/560/560 1085/1085/1085
f 1086/1086/1086 559/559/559 570/570/570
f 1086/1086/1086 570/570/570 1084/1084/1084
f 1087/1087/1087 563/563/563 564/564/564
f 1087/1087/1087 564/564/564 1088/1088/1088
f 1088/1088/1088 564/564/564 567/567/567
f 1088/1088/1088 567/567/567 1089/1089/1089
f 1085/1085/1085 560/560/560 563/563/563
f 1085/1085/1085 563/563/563 1087/1087/1087
f 1083/1083/1083 556/556/556 559/559/559
f 1083/1083/1083 559/559/559 1086/1086/1086
f 1081/1081/1081 552/552/552 555/555/555
f 1081/1081/1081 555/555/555 1082/1082/1082
f 1090/1090/1090 1091/1091/1091 642/642/642
f 1090/1090/1090 642/642/642 661/661/661
f 1092/1092/1092 1093/1093/1093 646/646/646
f 1092/1092/1092 646/646/646 643/643/643
f 1094/1094/1094 1095/1095/1095 650/650/650
f 1094/1094/1094 650/650/650 659/659/659
f 1096/1096/1096 1094/1094/1094 659/659/659
f 1096/1096/1096 659/659/659 647/647/647
f 1097/1097/1097 1098/1098/1098 654/654/654
f 1097/1097/1097 654/654/654 651/651/651
f 1098/1098/1098 1099/1099/1099 655/655/655
f 1098/1098/1098 655/655/655 654/654/654
f 1095/1095/1095 1097/1097/1097 651/651/651
f 1095/1095/1095 651/651/651 650/650/650
f 1093/1093/1093 1096/1096/1096 647/647/647
f 1093/1093/1093 647/647/647 646/646/646
f 1091/1091/1091 1092/1092/1092 643/643/643
f 1091/1091/1091 643/643/643 642/642/642
f 788/788/788 794/794/794 1101/1101/1101
f 788/788/788 1101/1101/1101 787/787/787
f 1122/1122/1122 1121/1121/1121 942/942/942
f 1122/1122/1122 942/942/942 1105/1105/1105
f 1165/1165/1165 1152/1152/1152 943/943/943
f 1165/1165/1165 943/943/943 1163/1163/1163
f 1143/1143/1143 1132/1132/1132 940/940/940
f 1143/1143/1143 940/940/940 1138/1138/1138
f 938/938/938 937/937/937 952/952/952
f 938/938/938 952/952/952 1144/1144/1144
f 1116/1116/1116 1122/1122/1122 1105/1105/1105
f 1116/1116/1116 1105/1105/1105 941/941/941
f 971/971/971 844/844/844 1106/1106/1106
f 971/971/971 1106/1106/1106 1110/1110/1110
f 926/926/926 941/941/941 1105/1105/1105
f 926/926/926 1105/1105/1105 1104/1104/1104
f 911/911/911 926/926/926 1104/1104/1104
f 911/911/911 1104/1104/1104 1103/1103/1103
f 896/896/896 911/911/911 1103/1103/1103
f 896/896/896 1103/1103/1103 1108/1108/1108
f 881/881/881 896/896/896 1108/1108/1108
f 881/881/881 1108/1108/1108 1109/1109/1109
f 866/866/866 881/881/881 1109/1109/1109
f 866/866/866 1109/1109/1109 1107/1107/1107
f 843/843/843 866/866/866 1107/1107/1107
f 843/843/843 1107/1107/1107 1102/1102/1102
f 844/844/844 843/843/843 1102/1102/1102
f 844/844/844 1102/1102/1102 1106/1106/1106
f 940/940/940 1111/1111/1111 1122/1122/1122
f 940/940/940 1122/1122/1122 1116/1116/1116
f 1111/1111/1111 954/954/954 1121/1121/1121
f 1111/1111/1111 1121/1121/1121 1122/1122/1122
f 970/970/970 842/842/842 1112/1112/1112
f 970/970/970 1112/1112/1112 1113/1113/1113
f 925/925/925 940/940/940 1116/1116/1116
f 925/925/925 1116/1116/1116 1115/1115/1115
f 910/910/910 925/925/925 1115/1115/1115
f 910/910/910 1115/1115/1115 1114/1114/1114
f 895/895/895 910/910/910 1114/1114/1114
f 895/895/895 1114/1114/1114 1120/1120/1120
f 880/880/880 895/895/895 1120/1120/1120
f 880/880/880 1120/1120/1120 1118/1118/1118
f 865/865/865 880/880/880 1118/1118/1118
f 865/865/865 1118/1118/1118 1119/1119/1119
f 841/841/841 865/865/865 1119/1119/1119
f 841/841/841 1119/1119/1119 1117/1117/1117
f 842/842/842 841/841/841 1117/1117/1117
f 842/842/842 1117/1117/1117 1112/1112/1112
f 1142/1142/1142 953/953/953 1132/1132/1132
f 1142/1142/1142 1132/1132/1132 1143/1143/1143
f 968/968/968 838/838/838 1131/1131/1131
f 968/968/968 1131/1131/1131 1124/1124/1124
f 923/923/923 938/938/938 1123/1123/1123
f 923/923/923 1123/1123/1123 1130/1130/1130
f 908/908/908 923/923/923 1130/1130/1130
f 908/908/908 1130/1130/1130 1128/1128/1128
f 893/893/893 908/908/908 1128/1128/1128
f 893/893/893 1128/1128/1128 1129/1129/1129
f 878/878/878 893/893/893 1129/1129/1129
f 878/878/878 1129/1129/1129 1126/1126/1126
f 863/863/863 878/878/878 1126/1126/1126
f 863/863/863 1126/1126/1126 1127/1127/1127
f 837/837/837 863/863/863 1127/1127/1127
f 837/837/837 1127/1127/1127 1125/1125/1125
f 838/838/838 837/837/837 1125/1125/1125
f 838/838/838 1125/1125/1125 1131/1131/1131
f 938/938/938 1142/1142/1142 1143/1143/1143
f 938/938/938 1143/1143/1143 1123/1123/1123
f 1123/1123/1123 1143/1143/1143 1138/1138/1138
f 1123/1123/1123 1138/1138/1138 939/939/939
f 969/969/969 840/840/840 1136/1136/1136
f 969/969/969 1136/1136/1136 1135/1135/1135
f 924/924/924 939/939/939 1138/1138/1138
f 924/924/924 1138/1138/1138 1141/1141/1141
f 909/909/909 924/924/924 1141/1141/1141
f 909/909/909 1141/1141/1141 1137/1137/1137
f 894/894/894 909/909/909 1137/1137/1137
f 894/894/894 1137/1137/1137 1134/1134/1134
f 879/879/879 894/894/894 1134/1134/1134
f 879/879/879 1134/1134/1134 1133/1133/1133
f 864/864/864 879/879/879 1133/1133/1133
f 864/864/864 1133/1133/1133 1140/1140/1140
f 839/839/839 864/864/864 1140/1140/1140
f 839/839/839 1140/1140/1140 1139/1139/1139
f 840/840/840 839/839/839 1139/1139/1139
f 840/840/840 1139/1139/1139 1136/1136/1136
f 1164/1164/1164 944/944/944 1152/1152/1152
f 1164/1164/1164 1152/1152/1152 1165/1165/1165
f 973/973/973 848/848/848 1150/1150/1150
f 973/973/973 1150/1150/1150 1146/1146/1146
f 928/928/928 943/943/943 1152/1152/1152
f 928/928/928 1152/1152/1152 1151/1151/1151
f 913/913/913 928/928/928 1151/1151/1151
f 913/913/913 1151/1151/1151 1149/1149/1149
f 898/898/898 913/913/913 1149/1149/1149
f 898/898/898 1149/1149/1149 1147/1147/1147
f 883/883/883 898/898/898 1147/1147/1147
f 883/883/883 1147/1147/1147 1148/1148/1148
f 868/868/868 883/883/883 1148/1148/1148
f 868/868/868 1148/1148/1148 1153/1153/1153
f 847/847/847 868/868/868 1153/1153/1153
f 847/847/847 1153/1153/1153 1145/1145/1145
f 848/848/848 847/847/847 1145/1145/1145
f 848/848/848 1145/1145/1145 1150/1150/1150
f 955/955/955 1164/1164/1164 1165/1165/1165
f 955/955/955 1165/1165/1165 1154/1154/1154
f 1154/1154/1154 1165/1165/1165 1163/1163/1163
f 1154/1154/1154 1163/1163/1163 942/942/942
f 972/972/972 846/846/846 1156/1156/1156
f 972/972/972 1156/1156/1156 1157/1157/1157
f 927/927/927 942/942/942 1163/1163/1163
f 927/927/927 1163/1163/1163 1155/1155/1155
f 912/912/912 927/927/927 1155/1155/1155
f 912/912/912 1155/1155/1155 1160/1160/1160
f 897/897/897 912/912/912 1160/1160/1160
f 897/897/897 1160/1160/1160 1161/1161/1161
f 882/882/882 897/897/897 1161/1161/1161
f 882/882/882 1161/1161/1161 1158/1158/1158
f 867/867/867 882/882/882 1158/1158/1158
f 867/867/867 1158/1158/1158 1159/1159/1159
f 845/845/845 867/867/867 1159/1159/1159
f 845/845/845 1159/1159/1159 1162/1162/1162
f 846/846/846 845/845/845 1162/1162/1162
f 846/846/846 1162/1162/1162 1156/1156/1156
f 1183/1183/1183 1186/1186/1186 1211/1211/1211
f 1183/1183/1183 1211/1211/1211 1210/1210/1210
f 1212/1212/1212 1213/1213/1213 1226/1226/1226
f 1212/1212/1212 1226/1226/1226 1225/1225/1225
f 1194/1194/1194 1197/1197/1197 1215/1215/1215
f 1194/1194/1194 1215/1215/1215 1214/1214/1214
f 1174/1174/1174 1177/1177/1177 1208/1208/1208
f 1174/1174/1174 1208/1208/1208 1207/1207/1207
f 1186/1186/1186 1187/1187/1187 1212/1212/1212
f 1186/1186/1186 1212/1212/1212 1211/1211/1211
f 1197/1197/1197 1200/1200/1200 1216/1216/1216
f 1197/1197/1197 1216/1216/1216 1215/1215/1215
f 1177/1177/1177 1180/1180/1180 1209/1209/1209
f 1177/1177/1177 1209/1209/1209 1208/1208/1208
f 1167/1167/1167 1170/1170/1170 1206/1206/1206
f 1167/1167/1167 1206/1206/1206 1205/1205/1205
f 1187/1187/1187 1190/1190/1190 1213/1213/1213
f 1187/1187/1187 1213/1213/1213 1212/1212/1212
f 1200/1200/1200 1203/1203/1203 1217/1217/1217
f 1200/1200/1200 1217/1217/1217 1216/1216/1216
f 1180/1180/1180 1183/1183/1183 1210/1210/1210
f 1180/1180/1180 1210/1210/1210 1209/1209/1209
f 1190/1190/1190 1194/1194/1194 1214/1214/1214
f 1190/1190/1190 1214/1214/1214 1213/1213/1213
f 1203/1203/1203 1167/1167/1167 1205/1205/1205
f 1203/1203/1203 1205/1205/1205 1217/1217/1217
f 1170/1170/1170 1174/1174/1174 1207/1207/1207
f 1170/1170/1170 1207/1207/1207 1206/1206/1206
f 1222/1222/1222 1223/1223/1223 1242/1242/1242
f 1222/1222/1222 1242/1242/1242 1240/1240/1240
f 1205/1205/1205 1206/1206/1206 1219/1219/1219
f 1205/1205/1205 1219/1219/1219 1218/1218/1218
f 1213/1213/1213 1214/1214/1214 1227/1227/1227
f 1213/1213/1213 1227/1227/1227 1226/1226/1226
f 1206/1206/1206 1207/1207/1207 1220/1220/1220
f 1206/1206/1206 1220/1220/1220 1219/1219/1219
f 1214/1214/1214 1215/1215/1215 1228/1228/1228
f 1214/1214/1214 1228/1228/1228 1227/1227/1227
f 1207/1207/1207 1208/1208/1208 1221/1221/1221
f 1207/1207/1207 1221/1221/1221 1220/1220/1220
f 1215/1215/1215 1216/1216/1216 1229/1229/1229
f 1215/1215/1215 1229/1229/1229 1228/1228/1228
f 1208/1208/1208 1209/1209/1209 1222/1222/1222
f 1208/1208/1208 1222/1222/1222 1221/1221/1221
f 1216/1216/1216 1217/1217/1217 1230/1230/1230
f 1216/1216/1216 1230/1230/1230 1229/1229/1229
f 1209/1209/1209 1210/1210/1210 1223/1223/1223
f 1209/1209/1209 1223/1223/1223 1222/1222/1222
f 1217/1217/1217 1205/1205/1205 1218/1218/1218
f 1217/1217/1217 1218/1218/1218 1230/1230/1230
f 1210/1210/1210 1211/1211/1211 1224/1224/1224
f 1210/1210/1210 1224/1224/1224 1223/1223/1223
f 1211/1211/1211 1212/1212/1212 1225/1225/1225
f 1211/1211/1211 1225/1225/1225 1224/1224/1224
f 1230/1230/1230 1218/1218/1218 1232/1232/1232
f 1230/1230/1230 1232/1232/1232 1256/1256/1256
f 1223/1223/1223 1224/1224/1224 1244/1244/1244
f 1223/1223/1223 1244/1244/1244 1242/1242/1242
f 1224/1224/1224 1225/1225/1225 1246/1246/1246
f 1224/1224/1224 1246/1246/1246 1244/1244/1244
f 1225/1225/1225 1226/1226/1226 1248/1248/1248
f 1225/1225/1225 1248/1248/1248 1246/1246/1246
f 1218/1218/1218 1219/1219/1219 1234/1234/1234
f 1218/1218/1218 1234/1234/1234 1232/1232/1232
f 1226/1226/1226 1227/1227/1227 1250/1250/1250
f 1226/1226/1226 1250/1250/1250 1248/1248/1248
f 1219/1219/1219 1220/1220/1220 1236/1236/1236
f 1219/1219/1219 1236/1236/1236 1234/1234/1234
f 1227/1227/1227 1228/1228/1228 1252/1252/1252
f 1227/1227/1227 1252/1252/1252 1250/1250/1250
f 1220/1220/1220 1221/1221/1221 1238/1238/1238
f 1220/1220/1220 1238/1238/1238 1236/1236/1236
f 1228/1228/1228 1229/1229/1229 1254/1254/1254
f 1228/1228/1228 1254/1254/1254 1252/1252/1252
f 1221/1221/1221 1222/1222/1222 1240/1240/1240
f 1221/1221/1221 1240/1240/1240 1238/1238/1238
f 1229/1229/1229 1230/1230/1230 1256/1256/1256
f 1229/1229/1229 1256/1256/1256 1254/1254/1254
f 1168/1168/1168 1202/1202/1202 1269/1269/1269
f 1168/1168/1168 1269/1269/1269 1257/1257/1257
f 1185/1185/1185 1182/1182/1182 1262/1262/1262
f 1185/1185/1185 1262/1262/1262 1263/1263/1263
f 1188/1188/1188 1185/1185/1185 1263/1263/1263
f 1188/1188/1188 1263/1263/1263 1264/1264/1264
f 1191/1191/1191 1188/1188/1188 1264/1264/1264
f 1191/1191/1191 1264/1264/1264 1265/1265/1265
f 1171/1171/1171 1168/1168/1168 1257/1257/1257
f 1171/1171/1171 1257/1257/1257 1258/1258/1258
f 1193/1193/1193 1191/1191/1191 1265/1265/1265
f 1193/1193/1193 1265/1265/1265 1266/1266/1266
f 1173/1173/1173 1171/1171/1171 1258/1258/1258
f 1173/1173/1173 1258/1258/1258 1259/1259/1259
f 1196/1196/1196 1193/1193/1193 1266/1266/1266
f 1196/1196/1196 1266/1266/1266 1267/1267/1267
f 1176/1176/1176 1173/1173/1173 1259/1259/1259
f 1176/1176/1176 1259/1259/1259 1260/1260/1260
f 1199/1199/1199 1196/1196/1196 1267/1267/1267
f 1199/1199/1199 1267/1267/1267 1268/1268/1268
f 1179/1179/1179 1176/1176/1176 1260/1260/1260
f 1179/1179/1179 1260/1260/1260 1261/1261/1261
f 1202/1202/1202 1199/1199/1199 1268/1268/1268
f 1202/1202/1202 1268/1268/1268 1269/1269/1269
f 1182/1182/1182 1179/1179/1179 1261/1261/1261
f 1182/1182/1182 1261/1261/1261 1262/1262/1262
f 1388/1388/1388 1387/1387/1387 1301/1301/1301
f 1388/1388/1388 1301/1301/1301 1304/1304/1304
f 1390/1390/1390 1389/1389/1389 1281/1281/1281
f 1390/1390/1390 1281/1281/1281 1283/1283/1283
f 1391/1391/1391 1388/1388/1388 1304/1304/1304
f 1391/1391/1391 1304/1304/1304 1308/1308/1308
f 1392/1392/1392 1390/1390/1390 1283/1283/1283
f 1392/1392/1392 1283/1283/1283 1286/1286/1286
f 1393/1393/1393 1391/1391/1391 1308/1308/1308
f 1393/1393/1393 1308/1308/1308 1272/1272/1272
f 1394/1394/1394 1392/1392/1392 1286/1286/1286
f 1394/1394/1394 1286/1286/1286 1289/1289/1289
f 1395/1395/1395 1394/1394/1394 1289/1289/1289
f 1395/1395/1395 1289/1289/1289 1292/1292/1292
f 1396/1396/1396 1395/1395/1395 1292/1292/1292
f 1396/1396/1396 1292/1292/1292 1295/1295/1295
f 1397/1397/1397 1393/1393/1393 1272/1272/1272
f 1397/1397/1397 1272/1272/1272 1275/1275/1275
f 1398/1398/1398 1396/1396/1396 1295/1295/1295
f 1398/1398/1398 1295/1295/1295 1297/1297/1297
f 1399/1399/1399 1397/1397/1397 1275/1275/1275
f 1399/1399/1399 1275/1275/1275 1278/1278/1278
f 1387/1387/1387 1398/1398/1398 1297/1297/1297
f 1387/1387/1387 1297/1297/1297 1301/1301/1301
f 1389/1389/1389 1399/1399/1399 1278/1278/1278
f 1389/1389/1389 1278/1278/1278 1281/1281/1281
f 1293/1293/1293 1290/1290/1290 1315/1315/1315
f 1293/1293/1293 1315/1315/1315 1316/1316/1316
f 1296/1296/1296 1293/1293/1293 1316/1316/1316
f 1296/1296/1296 1316/1316/1316 1317/1317/1317
f 1274/1274/1274 1271/1271/1271 1309/1309/1309
f 1274/1274/1274 1309/1309/1309 1310/1310/1310
f 1298/1298/1298 1296/1296/1296 1317/1317/1317
f 1298/1298/1298 1317/1317/1317 1318/1318/1318
f 1277/1277/1277 1274/1274/1274 1310/1310/1310
f 1277/1277/1277 1310/1310/1310 1311/1311/1311
f 1300/1300/1300 1298/1298/1298 1318/1318/1318
f 1300/1300/1300 1318/1318/1318 1319/1319/1319
f 1280/1280/1280 1277/1277/1277 1311/1311/1311
f 1280/1280/1280 1311/1311/1311 1312/1312/1312
f 1303/1303/1303 1300/1300/1300 1319/1319/1319
f 1303/1303/1303 1319/1319/1319 1320/1320/1320
f 1284/1284/1284 1280/1280/1280 1312/1312/1312
f 1284/1284/1284 1312/1312/1312 1313/1313/1313
f 1306/1306/1306 1303/1303/1303 1320/1320/1320
f 1306/1306/1306 1320/1320/1320 1321/1321/1321
f 1287/1287/1287 1284/1284/1284 1313/1313/1313
f 1287/1287/1287 1313/1313/1313 1314/1314/1314
f 1271/1271/1271 1306/1306/1306 1321/1321/1321
f 1271/1271/1271 1321/1321/1321 1309/1309/1309
f 1290/1290/1290 1287/1287/1287 1314/1314/1314
f 1290/1290/1290 1314/1314/1314 1315/1315/1315
f 1312/1312/1312 1311/1311/1311 1324/1324/1324
f 1312/1312/1312 1324/1324/1324 1325/1325/1325
f 1320/1320/1320 1319/1319/1319 1332/1332/1332
f 1320/1320/1320 1332/1332/1332 1333/1333/1333
f 1313/1313/1313 1312/1312/1312 1325/1325/1325
f 1313/1313/1313 1325/1325/1325 1326/1326/1326
f 1321/1321/1321 1320/1320/1320 1333/1333/1333
f 1321/1321/1321 1333/1333/1333 1334/1334/1334
f 1314/1314/1314 1313/1313/1313 1326/1326/1326
f 1314/1314/1314 1326/1326/1326 1327/1327/1327
f 1309/1309/1309 1321/1321/1321 1334/1334/1334
f 1309/1309/1309 1334/1334/1334 1322/1322/1322
f 1315/1315/1315 1314/1314/1314 1327/1327/1327
f 1315/1315/1315 1327/1327/1327 1328/1328/1328
f 1316/1316/1316 1315/1315/1315 1328/1328/1328
f 1316/1316/1316 1328/1328/1328 1329/1329/1329
f 1317/1317/1317 1316/1316/1316 1329/1329/1329
f 1317/1317/1317 1329/1329/1329 1330/1330/1330
f 1310/1310/1310 1309/1309/1309 1322/1322/1322
f 1310/1310/1310 1322/1322/1322 1323/1323/1323
f 1318/1318/1318 1317/1317/1317 1330/1330/1330
f 1318/1318/1318 1330/1330/1330 1331/1331/1331
f 1311/1311/1311 1310/1310/1310 1323/1323/1323
f 1311/1311/1311 1323/1323/1323 1324/1324/1324
f 1319/1319/1319 1318/1318/1318 1331/1331/1331
f 1319/1319/1319 1331/1331/1331 1332/1332/1332
f 1329/1329/1329 1328/1328/1328 1341/1341/1341
f 1329/1329/1329 1341/1341/1341 1342/1342/1342
f 1330/1330/1330 1329/1329/1329 1342/1342/1342
f 1330/1330/1330 1342/1342/1342 1343/1343/1343
f 1323/1323/1323 1322/1322/1322 1335/1335/1335
f 1323/1323/1323 1335/1335/1335 1336/1336/1336
f 1331/1331/1331 1330/1330/1330 1343/1343/1343
f 1331/1331/1331 1343/1343/1343 1344/1344/1344
f 1324/1324/1324 1323/1323/1323 1336/1336/1336
f 1324/1324/1324 1336/1336/1336 1337/1337/1337
f 1332/1332/1332 1331/1331/1331 1344/1344/1344
f 1332/1332/1332 1344/1344/1344 1345/1345/1345
f 1325/1325/1325 1324/1324/1324 1337/1337/1337
f 1325/1325/1325 1337/1337/1337 1338/1338/1338
f 1333/1333/1333 1332/1332/1332 1345/1345/1345
f 1333/1333/1333 1345/1345/1345 1346/1346/1346
f 1326/1326/1326 1325/1325/1325 1338/1338/1338
f 1326/1326/1326 1338/1338/1338 1339/1339/1339
f 1334/1334/1334 1333/1333/1333 1346/1346/1346
f 1334/1334/1334 1346/1346/1346 1347/1347/1347
f 1327/1327/1327 1326/1326/1326 1339/1339/1339
f 1327/1327/1327 1339/1339/1339 1340/1340/1340
f 1322/1322/1322 1334/1334/1334 1347/1347/1347
f 1322/1322/1322 1347/1347/1347 1335/1335/1335
f 1328/1328/1328 1327/1327/1327 1340/1340/1340
f 1328/1328/1328 1340/1340/1340 1341/1341/1341
f 1338/1338/1338 1337/1337/1337 1350/1350/1350
f 1338/1338/1338 1350/1350/1350 1351/1351/1351
f 1346/1346/1346 1345/1345/1345 1358/1358/1358
f 1346/1346/1346 1358/1358/1358 1359/1359/1359
f 1339/1339/1339 1338/1338/1338 1351/1351/1351
f 1339/1339/1339 1351/1351/1351 1352/1352/1352
f 1347/1347/1347 1346/1346/1346 1359/1359/1359
f 1347/1347/1347 1359/1359/1359 1360/1360/1360
f 1340/1340/1340 1339/1339/1339 1352/1352/1352
f 1340/1340/1340 1352/1352/1352 1353/1353/1353
f 1335/1335/1335 1347/1347/1347 1360/1360/1360
f 1335/1335/1335 1360/1360/1360 1348/1348/1348
f 1341/1341/1341 1340/1340/1340 1353/1353/1353
f 1341/1341/1341 1353/1353/1353 1354/1354/1354
f 1342/1342/1342 1341/1341/1341 1354/1354/1354
f 1342/1342/1342 1354/1354/1354 1355/1355/1355
f 1343/1343/1343 1342/1342/1342 1355/1355/1355
f 1343/1343/1343 1355/1355/1355 1356/1356/1356
f 1336/1336/1336 1335/1335/1335 1348/1348/1348
f 1336/1336/1336 1348/1348/1348 1349/1349/1349
f 1344/1344/1344 1343/1343/1343 1356/1356/1356
f 1344/1344/1344 1356/1356/1356 1357/1357/1357
f 1337/1337/1337 1336/1336/1336 1349/1349/1349
f 1337/1337/1337 1349/1349/1349 1350/1350/1350
f 1345/1345/1345 1344/1344/1344 1357/1357/1357
f 1345/1345/1345 1357/1357/1357 1358/1358/1358
f 1355/1355/1355 1354/1354/1354 1367/1367/1367
f 1355/1355/1355 1367/1367/1367 1368/1368/1368
f 1356/1356/1356 1355/1355/1355 1368/1368/1368
f 1356/1356/1356 1368/1368/1368 1369/1369/1369
f 1349/1349/1349 1348/1348/1348 1361/1361/1361
f 1349/1349/1349 1361/1361/1361 1362/1362/1362
f 1357/1357/1357 1356/1356/1356 1369/1369/1369
f 1357/1357/1357 1369/1369/1369 1370/1370/1370
f 1350/1350/1350 1349/1349/1349 1362/1362/1362
f 1350/1350/1350 1362/1362/1362 1363/1363/1363
f 1358/1358/1358 1357/1357/1357 1370/1370/1370
f 1358/1358/1358 1370/1370/1370 1371/1371/1371
f 1351/1351/1351 1350/1350/1350 1363/1363/1363
f 1351/1351/1351 1363/1363/1363 1364/1364/1364
f 1359/1359/1359 1358/1358/1358 1371/1371/1371
f 1359/1359/1359 1371/1371/1371 1372/1372/1372
f 1352/1352/1352 1351/1351/1351 1364/1364/1364
f 1352/1352/1352 1364/1364/1364 1365/1365/1365
f 1360/1360/1360 1359/1359/1359 1372/1372/1372
f 1360/1360/1360 1372/1372/1372 1373/1373/1373
f 1353/1353/1353 1352/1352/1352 1365/1365/1365
f 1353/1353/1353 1365/1365/1365 1366/1366/1366
f 1348/1348/1348 1360/1360/1360 1373/1373/1373
f 1348/1348/1348 1373/1373/1373 1361/1361/1361
f 1354/1354/1354 1353/1353/1353 1366/1366/1366
f 1354/1354/1354 1366/1366/1366 1367/1367/1367
f 1195/1195/1195 1198/1198/1198 1384/1384/1384
f 1195/1195/1195 1384/1384/1384 1383/1383/1383
f 1172/1172/1172 1175/1175/1175 1377/1377/1377
f 1172/1172/1172 1377/1377/1377 1376/1376/1376
f 1198/1198/1198 1201/1201/1201 1385/1385/1385
f 1198/1198/1198 1385/1385/1385 1384/1384/1384
f 1175/1175/1175 1178/1178/1178 1378/1378/1378
f 1175/1175/1175 1378/1378/1378 1377/1377/1377
f 1201/1201/1201 1204/1204/1204 1386/1386/1386
f 1201/1201/1201 1386/1386/1386 1385/1385/1385
f 1178/1178/1178 1181/1181/1181 1379/1379/1379
f 1178/1178/1178 1379/1379/1379 1378/1378/1378
f 1204/1204/1204 1166/1166/1166 1374/1374/1374
f 1204/1204/1204 1374/1374/1374 1386/1386/1386
f 1181/1181/1181 1184/1184/1184 1380/1380/1380
f 1181/1181/1181 1380/1380/1380 1379/1379/1379
f 1184/1184/1184 1189/1189/1189 1381/1381/1381
f 1184/1184/1184 1381/1381/1381 1380/1380/1380
f 1189/1189/1189 1192/1192/1192 1382/1382/1382
f 1189/1189/1189 1382/1382/1382 1381/1381/1381
f 1166/1166/1166 1169/1169/1169 1375/1375/1375
f 1166/1166/1166 1375/1375/1375 1374/1374/1374
f 1192/1192/1192 1195/1195/1195 1383/1383/1383
f 1192/1192/1192 1383/1383/1383 1382/1382/1382
f 1169/1169/1169 1172/1172/1172 1376/1376/1376
f 1169/1169/1169 1376/1376/1376 1375/1375/1375
f 1260/1260/1260 1259/1259/1259 1399/1399/1399
f 1260/1260/1260 1399/1399/1399 1389/1389/1389
f 1267/1267/1267 1266/1266/1266 1398/1398/1398
f 1267/1267/1267 1398/1398/1398 1387/1387/1387
f 1259/1259/1259 1258/1258/1258 1397/1397/1397
f 1259/1259/1259 1397/1397/1397 1399/1399/1399
f 1266/1266/1266 1265/1265/1265 1396/1396/1396
f 1266/1266/1266 1396/1396/1396 1398/1398/1398
f 1258/1258/1258 1257/1257/1257 1393/1393/1393
f 1258/1258/1258 1393/1393/1393 1397/1397/1397
f 1265/1265/1265 1264/1264/1264 1395/1395/1395
f 1265/1265/1265 1395/1395/1395 1396/1396/1396
f 1264/1264/1264 1263/1263/1263 1394/1394/1394
f 1264/1264/1264 1394/1394/1394 1395/1395/1395
f 1263/1263/1263 1262/1262/1262 1392/1392/1392
f 1263/1263/1263 1392/1392/1392 1394/1394/1394
f 1257/1257/1257 1269/1269/1269 1391/1391/1391
f 1257/1257/1257 1391/1391/1391 1393/1393/1393
f 1262/1262/1262 1261/1261/1261 1390/1390/1390
f 1262/1262/1262 1390/1390/1390 1392/1392/1392
f 1269/1269/1269 1268/1268/1268 1388/1388/1388
f 1269/1269/1269 1388/1388/1388 1391/1391/1391
f 1261/1261/1261 1260/1260/1260 1389/1389/1389
f 1261/1261/1261 1389/1389/1389 1390/1390/1390
f 1268/1268/1268 1267/1267/1267 1387/1387/1387
f 1268/1268/1268 1387/1387/1387 1388/1388/1388
f 1601/1601/1601 1600/1600/1600 1419/1419/1419
f 1601/1601/1601 1419/1419/1419 1420/1420/1420
f 1602/1602/1602 1601/1601/1601 1420/1420/1420
f 1602/1602/1602 1420/1420/1420 1421/1421/1421
f 1603/1603/1603 1602/1602/1602 1421/1421/1421
f 1603/1603/1603 1421/1421/1421 1422/1422/1422
f 1400/1400/1400 1596/1596/1596 1414/1414/1414
f 1400/1400/1400 1414/1414/1414 1415/1415/1415
f 1604/1604/1604 1603/1603/1603 1422/1422/1422
f 1604/1604/1604 1422/1422/1422 1423/1423/1423
f 1597/1597/1597 1400/1400/1400 1415/1415/1415
f 1597/1597/1597 1415/1415/1415 1416/1416/1416
f 1605/1605/1605 1604/1604/1604 1423/1423/1423
f 1605/1605/1605 1423/1423/1423 1424/1424/1424
f 1598/1598/1598 1597/1597/1597 1416/1416/1416
f 1598/1598/1598 1416/1416/1416 1417/1417/1417
f 1606/1606/1606 1605/1605/1605 1424/1424/1424
f 1606/1606/1606 1424/1424/1424 1425/1425/1425
f 1599/1599/1599 1598/1598/1598 1417/1417/1417
f 1599/1599/1599 1417/1417/1417 1418/1418/1418
f 1607/1607/1607 1606/1606/1606 1425/1425/1425
f 1607/1607/1607 1425/1425/1425 1426/1426/1426
f 1600/1600/1600 1599/1599/1599 1418/1418/1418
f 1600/1600/1600 1418/1418/1418 1419/1419/1419
f 1421/1421/1421 1420/1420/1420 1433/1433/1433
f 1421/1421/1421 1433/1433/1433 1434/1434/1434
f 1422/1422/1422 1421/1421/1421 1434/1434/1434
f 1422/1422/1422 1434/1434/1434 1435/1435/1435
f 1415/1415/1415 1414/1414/1414 1427/1427/1427
f 1415/1415/1415 1427/1427/1427 1428/1428/1428
f 1423/1423/1423 1422/1422/1422 1435/1435/1435
f 1423/1423/1423 1435/1435/1435 1436/1436/1436
f 1416/1416/1416 1415/1415/1415 1428/1428/1428
f 1416/1416/1416 1428/1428/1428 1429/1429/1429
f 1424/1424/1424 1423/1423/1423 1436/1436/1436
f 1424/1424/1424 1436/1436/1436 1437/1437/1437
f 1417/1417/1417 1416/1416/1416 1429/1429/1429
f 1417/1417/1417 1429/1429/1429 1430/1430/1430
f 1425/1425/1425 1424/1424/1424 1437/1437/1437
f 1425/1425/1425 1437/1437/1437 1438/1438/1438
f 1418/1418/1418 1417/1417/1417 1430/1430/1430
f 1418/1418/1418 1430/1430/1430 1431/1431/1431
f 1426/1426/1426 1425/1425/1425 1438/1438/1438
f 1426/1426/1426 1438/1438/1438 1439/1439/1439
f 1419/1419/1419 1418/1418/1418 1431/1431/1431
f 1419/1419/1419 1431/1431/1431 1432/1432/1432
f 1420/1420/1420 1419/1419/1419 1432/1432/1432
f 1420/1420/1420 1432/1432/1432 1433/1433/1433
f 1435/1435/1435 1434/1434/1434 1447/1447/1447
f 1435/1435/1435 1447/1447/1447 1448/1448/1448
f 1428/1428/1428 1427/1427/1427 1440/1440/1440
f 1428/1428/1428 1440/1440/1440 1441/1441/1441
f 1436/1436/1436 1435/1435/1435 1448/1448/1448
f 1436/1436/1436 1448/1448/1448 1449/1449/1449
f 1429/1429/1429 1428/1428/1428 1441/1441/1441
f 1429/1429/1429 1441/1441/1441 1442/1442/1442
f 1437/1437/1437 1436/1436/1436 1449/1449/1449
f 1437/1437/1437 1449/1449/1449 1450/1450/1450
f 1430/1430/1430 1429/1429/1429 1442/1442/1442
f 1430/1430/1430 1442/1442/1442 1443/1443/1443
f 1438/1438/1438 1437/1437/1437 1450/1450/1450
f 1438/1438/1438 1450/1450/1450 1451/1451/1451
f 1431/1431/1431 1430/1430/1430 1443/1443/1443
f 1431/1431/1431 1443/1443/1443 1444/1444/1444
f 1439/1439/1439 1438/1438/1438 1451/1451/1451
f 1439/1439/1439 1451/1451/1451 1452/1452/1452
f 1432/1432/1432 1431/1431/1431 1444/1444/1444
f 1432/1432/1432 1444/1444/1444 1445/1445/1445
f 1433/1433/1433 1432/1432/1432 1445/1445/1445
f 1433/1433/1433 1445/1445/1445 1446/1446/1446
f 1434/1434/1434 1433/1433/1433 1446/1446/1446
f 1434/1434/1434 1446/1446/1446 1447/1447/1447
f 1448/1448/1448 1447/1447/1447 1460/1460/1460
f 1448/1448/1448 1460/1460/1460 1461/1461/1461
f 1441/1441/1441 1440/1440/1440 1453/1453/1453
f 1441/1441/1441 1453/1453/1453 1454/1454/1454
f 1449/1449/1449 1448/1448/1448 1461/1461/1461
f 1449/1449/1449 1461/1461/1461 1462/1462/1462
f 1442/1442/1442 1441/1441/1441 1454/1454/1454
f 1442/1442/1442 1454/1454/1454 1455/1455/1455
f 1450/1450/1450 1449/1449/1449 1462/1462/1462
f 1450/1450/1450 1462/1462/1462 1463/1463/1463
f 1443/1443/1443 1442/1442/1442 1455/1455/1455
f 1443/1443/1443 1455/1455/1455 1456/1456/1456
f 1451/1451/1451 1450/1450/1450 1463/1463/1463
f 1451/1451/1451 1463/1463/1463 1464/1464/1464
f 1444/1444/1444 1443/1443/1443 1456/1456/1456
f 1444/1444/1444 1456/1456/1456 1457/1457/1457
f 1452/1452/1452 1451/1451/1451 1464/1464/1464
f 1452/1452/1452 1464/1464/1464 1465/1465/1465
f 1445/1445/1445 1444/1444/1444 1457/1457/1457
f 1445/1445/1445 1457/1457/1457 1458/1458/1458
f 1446/1446/1446 1445/1445/1445 1458/1458/1458
f 1446/1446/1446 1458/1458/1458 1459/1459/1459
f 1447/1447/1447 1446/1446/1446 1459/1459/1459
f 1447/1447/1447 1459/1459/1459 1460/1460/1460
f 1454/1454/1454 1453/1453/1453 1466/1466/1466
f 1454/1454/1454 1466/1466/1466 1467/1467/1467
f 1462/1462/1462 1461/1461/1461 1474/1474/1474
f 1462/1462/1462 1474/1474/1474 1475/1475/1475
f 1455/1455/1455 1454/1454/1454 1467/1467/1467
f 1455/1455/1455 1467/1467/1467 1468/1468/1468
f 1463/1463/1463 1462/1462/1462 1475/1475/1475
f 1463/1463/1463 1475/1475/1475 1476/1476/1476
f 1456/1456/1456 1455/1455/1455 1468/1468/1468
f 1456/1456/1456 1468/1468/1468 1469/1469/1469
f 1464/1464/1464 1463/1463/1463 1476/1476/1476
f 1464/1464/1464 1476/1476/1476 1477/1477/1477
f 1457/1457/1457 1456/1456/1456 1469/1469/1469
f 1457/1457/1457 1469/1469/1469 1470/1470/1470
f 1465/1465/1465 1464/1464/1464 1477/1477/1477
f 1465/1465/1465 1477/1477/1477 1478/1478/1478
f 1458/1458/1458 1457/1457/1457 1470/1470/1470
f 1458/1458/1458 1470/1470/1470 1471/1471/1471
f 1459/1459/1459 1458/1458/1458 1471/1471/1471
f 1459/1459/1459 1471/1471/1471 1472/1472/1472
f 1460/1460/1460 1459/1459/1459 1472/1472/1472
f 1460/1460/1460 1472/1472/1472 1473/1473/1473
f 1461/1461/1461 1460/1460/1460 1473/1473/1473
f 1461/1461/1461 1473/1473/1473 1474/1474/1474
f 1475/1475/1475 1474/1474/1474 1487/1487/1487
f 1475/1475/1475 1487/1487/1487 1488/1488/1488
f 1468/1468/1468 1467/1467/1467 1480/1480/1480
f 1468/1468/1468 1480/1480/1480 1481/1481/1481
f 1476/1476/1476 1475/1475/1475 1488/1488/1488
f 1476/1476/1476 1488/1488/1488 1489/1489/1489
f 1469/1469/1469 1468/1468/1468 1481/1481/1481
f 1469/1469/1469 1481/1481/1481 1482/1482/1482
f 1477/1477/1477 1476/1476/1476 1489/1489/1489
f 1477/1477/1477 1489/1489/1489 1490/1490/1490
f 1470/1470/1470 1469/1469/1469 1482/1482/1482
f 1470/1470/1470 1482/1482/1482 1483/1483/1483
f 1478/1478/1478 1477/1477/1477 1490/1490/1490
f 1478/1478/1478 1490/1490/1490 1491/1491/1491
f 1471/1471/1471 1470/1470/1470 1483/1483/1483
f 1471/1471/1471 1483/1483/1483 1484/1484/1484
f 1472/1472/1472 1471/1471/1471 1484/1484/1484
f 1472/1472/1472 1484/1484/1484 1485/1485/1485
f 1473/1473/1473 1472/1472/1472 1485/1485/1485
f 1473/1473/1473 1485/1485/1485 1486/1486/1486
f 1474/1474/1474 1473/1473/1473 1486/1486/1486
f 1474/1474/1474 1486/1486/1486 1487/1487/1487
f 1467/1467/1467 1466/1466/1466 1479/1479/1479
f 1467/1467/1467 1479/1479/1479 1480/1480/1480
f 1489/1489/1489 1488/1488/1488 1501/1501/1501
f 1489/1489/1489 1501/1501/1501 1502/1502/1502
f 1482/1482/1482 1481/1481/1481 1494/1494/1494
f 1482/1482/1482 1494/1494/1494 1495/1495/1495
f 1490/1490/1490 1489/1489/1489 1502/1502/1502
f 1490/1490/1490 1502/1502/1502 1503/1503/1503
f 1483/1483/1483 1482/1482/1482 1495/1495/1495
f 1483/1483/1483 1495/1495/1495 1496/1496/1496
f 1491/1491/1491 1490/1490/1490 1503/1503/1503
f 1491/1491/1491 1503/1503/1503 1504/1504/1504
f 1484/1484/1484 1483/1483/1483 1496/1496/1496
f 1484/1484/1484 1496/1496/1496 1497/1497/1497
f 1485/1485/1485 1484/1484/1484 1497/1497/1497
f 1485/1485/1485 1497/1497/1497 1498/1498/1498
f 1486/1486/1486 1485/1485/1485 1498/1498/1498
f 1486/1486/1486 1498/1498/1498 1499/1499/1499
f 1487/1487/1487 1486/1486/1486 1499/1499/1499
f 1487/1487/1487 1499/1499/1499 1500/1500/1500
f 1480/1480/1480 1479/1479/1479 1492/1492/1492
f 1480/1480/1480 1492/1492/1492 1493/1493/1493
f 1488/1488/1488 1487/1487/1487 1500/1500/1500
f 1488/1488/1488 1500/1500/1500 1501/1501/1501
f 1481/1481/1481 1480/1480/1480 1493/1493/1493
f 1481/1481/1481 1493/1493/1493 1494/1494/1494
f 1495/1495/1495 1494/1494/1494 1507/1507/1507
f 1495/1495/1495 1507/1507/1507 1508/1508/1508
f 1503/1503/1503 1502/1502/1502 1515/1515/1515
f 1503/1503/1503 1515/1515/1515 1516/1516/1516
f 1496/1496/1496 1495/1495/1495 1508/1508/1508
f 1496/1496/1496 1508/1508/1508 1509/1509/1509
f 1504/1504/1504 1503/1503/1503 1516/1516/1516
f 1504/1504/1504 1516/1516/1516 1517/1517/1517
f 1497/1497/1497 1496/1496/1496 1509/1509/1509
f 1497/1497/1497 1509/1509/1509 1510/1510/1510
f 1498/1498/1498 1497/1497/1497 1510/1510/1510
f 1498/1498/1498 1510/1510/1510 1511/1511/1511
f 1499/1499/1499 1498/1498/1498 1511/1511/1511
f 1499/1499/1499 1511/1511/1511 1512/1512/1512
f 1500/1500/1500 1499/1499/1499 1512/1512/1512
f 1500/1500/1500 1512/1512/1512 1513/1513/1513
f 1493/1493/1493 1492/1492/1492 1505/1505/1505
f 1493/1493/1493 1505/1505/1505 1506/1506/1506
f 1501/1501/1501 1500/1500/1500 1513/1513/1513
f 1501/1501/1501 1513/1513/1513 1514/1514/1514
f 1494/1494/1494 1493/1493/1493 1506/1506/1506
f 1494/1494/1494 1506/1506/1506 1507/1507/1507
f 1502/1502/1502 1501/1501/1501 1514/1514/1514
f 1502/1502/1502 1514/1514/1514 1515/1515/1515
f 1516/1516/1516 1515/1515/1515 1538/1538/1538
f 1516/1516/1516 1538/1538/1538 1540/1540/1540
f 1509/1509/1509 1508/1508/1508 1524/1524/1524
f 1509/1509/1509 1524/1524/1524 1526/1526/1526
f 1517/1517/1517 1516/1516/1516 1540/1540/1540
f 1517/1517/1517 1540/1540/1540 1542/1542/1542
f 1510/1510/1510 1509/1509/1509 1526/1526/1526
f 1510/1510/1510 1526/1526/1526 1528/1528/1528
f 1511/1511/1511 1510/1510/1510 1528/1528/1528
f 1511/1511/1511 1528/1528/1528 1530/1530/1530
f 1512/1512/1512 1511/1511/1511 1530/1530/1530
f 1512/1512/1512 1530/1530/1530 1532/1532/1532
f 1513/1513/1513 1512/1512/1512 1532/1532/1532
f 1513/1513/1513 1532/1532/1532 1534/1534/1534
f 1506/1506/1506 1505/1505/1505 1518/1518/1518
f 1506/1506/1506 1518/1518/1518 1520/1520/1520
f 1514/1514/1514 1513/1513/1513 1534/1534/1534
f 1514/1514/1514 1534/1534/1534 1536/1536/1536
f 1507/1507/1507 1506/1506/1506 1520/1520/1520
f 1507/1507/1507 1520/1520/1520 1522/1522/1522
f 1515/1515/1515 1514/1514/1514 1536/1536/1536
f 1515/1515/1515 1536/1536/1536 1538/1538/1538
f 1508/1508/1508 1507/1507/1507 1522/1522/1522
f 1508/1508/1508 1522/1522/1522 1524/1524/1524
f 1527/1527/1527 1525/1525/1525 1560/1560/1560
f 1527/1527/1527 1560/1560/1560 1561/1561/1561
f 1543/1543/1543 1541/1541/1541 1568/1568/1568
f 1543/1543/1543 1568/1568/1568 1569/1569/1569
f 1529/1529/1529 1527/1527/1527 1561/1561/1561
f 1529/1529/1529 1561/1561/1561 1562/1562/1562
f 1531/1531/1531 1529/1529/1529 1562/1562/1562
f 1531/1531/1531 1562/1562/1562 1563/1563/1563
f 1533/1533/1533 1531/1531/1531 1563/1563/1563
f 1533/1533/1533 1563/1563/1563 1564/1564/1564
f 1535/1535/1535 1533/1533/1533 1564/1564/1564
f 1535/1535/1535 1564/1564/1564 1565/1565/1565
f 1521/1521/1521 1519/1519/1519 1557/1557/1557
f 1521/1521/1521 1557/1557/1557 1558/1558/1558
f 1537/1537/1537 1535/1535/1535 1565/1565/1565
f 1537/1537/1537 1565/1565/1565 1566/1566/1566
f 1523/1523/1523 1521/1521/1521 1558/1558/1558
f 1523/1523/1523 1558/1558/1558 1559/1559/1559
f 1539/1539/1539 1537/1537/1537 1566/1566/1566
f 1539/1539/1539 1566/1566/1566 1567/1567/1567
f 1525/1525/1525 1523/1523/1523 1559/1559/1559
f 1525/1525/1525 1559/1559/1559 1560/1560/1560
f 1541/1541/1541 1539/1539/1539 1567/1567/1567
f 1541/1541/1541 1567/1567/1567 1568/1568/1568
f 1569/1569/1569 1568/1568/1568 1581/1581/1581
f 1569/1569/1569 1581/1581/1581 1582/1582/1582
f 1562/1562/1562 1561/1561/1561 1574/1574/1574
f 1562/1562/1562 1574/1574/1574 1575/1575/1575
f 1563/1563/1563 1562/1562/1562 1575/1575/1575
f 1563/1563/1563 1575/1575/1575 1576/1576/1576
f 1564/1564/1564 1563/1563/1563 1576/1576/1576
f 1564/1564/1564 1576/1576/1576 1577/1577/1577
f 1565/1565/1565 1564/1564/1564 1577/1577/1577
f 1565/1565/1565 1577/1577/1577 1578/1578/1578
f 1558/1558/1558 1557/1557/1557 1570/1570/1570
f 1558/1558/1558 1570/1570/1570 1571/1571/1571
f 1566/1566/1566 1565/1565/1565 1578/1578/1578
f 1566/1566/1566 1578/1578/1578 1579/1579/1579
f 1559/1559/1559 1558/1558/1558 1571/1571/1571
f 1559/1559/1559 1571/1571/1571 1572/1572/1572
f 1567/1567/1567 1566/1566/1566 1579/1579/1579
f 1567/1567/1567 1579/1579/1579 1580/1580/1580
f 1560/1560/1560 1559/1559/1559 1572/1572/1572
f 1560/1560/1560 1572/1572/1572 1573/1573/1573
f 1568/1568/1568 1567/1567/1567 1580/1580/1580
f 1568/1568/1568 1580/1580/1580 1581/1581/1581
f 1561/1561/1561 1560/1560/1560 1573/1573/1573
f 1561/1561/1561 1573/1573/1573 1574/1574/1574
f 1576/1576/1576 1575/1575/1575 1588/1588/1588
f 1576/1576/1576 1588/1588/1588 1589/1589/1589
f 1577/1577/1577 1576/1576/1576 1589/1589/1589
f 1577/1577/1577 1589/1589/1589 1590/1590/1590
f 1578/1578/1578 1577/1577/1577 1590/1590/1590
f 1578/1578/1578 1590/1590/1590 1591/1591/1591
f 1571/1571/1571 1570/1570/1570 1583/1583/1583
f 1571/1571/1571 1583/1583/1583 1584/1584/1584
f 1579/1579/1579 1578/1578/1578 1591/1591/1591
f 1579/1579/1579 1591/1591/1591 1592/1592/1592
f 1572/1572/1572 1571/1571/1571 1584/1584/1584
f 1572/1572/1572 1584/1584/1584 1585/1585/1585
f 1580/1580/1580 1579/1579/1579 1592/1592/1592
f 1580/1580/1580 1592/1592/1592 1593/1593/1593
f 1573/1573/1573 1572/1572/1572 1585/1585/1585
f 1573/1573/1573 1585/1585/1585 1586/1586/1586
f 1581/1581/1581 1580/1580/1580 1593/1593/1593
f 1581/1581/1581 1593/1593/1593 1594/1594/1594
f 1574/1574/1574 1573/1573/1573 1586/1586/1586
f 1574/1574/1574 1586/1586/1586 1587/1587/1587
f 1582/1582/1582 1581/1581/1581 1594/1594/1594
f 1582/1582/1582 1594/1594/1594 1595/1595/1595
f 1575/1575/1575 1574/1574/1574 1587/1587/1587
f 1575/1575/1575 1587/1587/1587 1588/1588/1588
f 1589/1589/1589 1588/1588/1588 1600/1600/1600
f 1589/1589/1589 1600/1600/1600 1601/1601/1601
f 1590/1590/1590 1589/1589/1589 1601/1601/1601
f 1590/1590/1590 1601/1601/1601 1602/1602/1602
f 1591/1591/1591 1590/1590/1590 1602/1602/1602
f 1591/1591/1591 1602/1602/1602 1603/1603/1603
f 1584/1584/1584 1583/1583/1583 1596/1596/1596
f 1584/1584/1584 1596/1596/1596 1400/1400/1400
f 1592/1592/1592 1591/1591/1591 1603/1603/1603
f 1592/1592/1592 1603/1603/1603 1604/1604/1604
f 1585/1585/1585 1584/1584/1584 1400/1400/1400
f 1585/1585/1585 1400/1400/1400 1597/1597/1597
f 1593/1593/1593 1592/1592/1592 1604/1604/1604
f 1593/1593/1593 1604/1604/1604 1605/1605/1605
f 1586/1586/1586 1585/1585/1585 1597/1597/1597
f 1586/1586/1586 1597/1597/1597 1598/1598/1598
f 1594/1594/1594 1593/1593/1593 1605/1605/1605
f 1594/1594/1594 1605/1605/1605 1606/1606/1606
f 1587/1587/1587 1586/1586/1586 1598/1598/1598
f 1587/1587/1587 1598/1598/1598 1599/1599/1599
f 1595/1595/1595 1594/1594/1594 1606/1606/1606
f 1595/1595/1595 1606/1606/1606 1607/1607/1607
f 1588/1588/1588 1587/1587/1587 1599/1599/1599
f 1588/1588/1588 1599/1599/1599 1600/1600/1600
f 446/446/446 449/449/449 447/447/447
f 449/449/449 446/446/446 445/445/445
f 449/449/449 445/445/445 442/442/442
f 442/442/442 445/445/445 443/443/443
f 443/443/443 445/445/445 440/440/440
f 440/440/440 445/445/445 441/441/441
f 441/441/441 445/445/445 448/448/448
f 448/448/448 445/445/445 450/450/450
f 450/450/450 445/445/445 444/444/444
f 418/418/418 436/436/436 424/424/424
f 436/436/436 418/418/418 439/439/439
f 439/439/439 418/418/418 417/417/417
f 439/439/439 417/417/417 430/430/430
f 439/439/439 430/430/430 429/429/429
f 439/439/439 429/429/429 433/433/433
f 439/439/439 433/433/433 421/421/421
f 439/439/439 421/421/421 412/412/412
f 439/439/439 412/412/412 411/411/411
f 493/493/493 490/490/490 491/491/491
f 490/490/490 493/493/493 489/489/489
f 489/489/489 493/493/493 486/486/486
f 489/489/489 486/486/486 487/487/487
f 489/489/489 487/487/487 484/484/484
f 489/489/489 484/484/484 485/485/485
f 489/489/489 485/485/485 492/492/492
f 489/489/489 492/492/492 494/494/494
f 489/489/489 494/494/494 488/488/488
f 480/480/480 459/459/459 468/468/468
f 459/459/459 480/480/480 481/481/481
f 459/459/459 481/481/481 460/460/460
f 460/460/460 481/481/481 471/471/471
f 471/471/471 481/481/481 472/472/472
f 472/472/472 481/481/481 477/477/477
f 477/477/477 481/481/481 465/465/465
f 465/465/465 481/481/481 453/453/453
f 453/453/453 481/481/481 454/454/454
f 577/577/577 575/575/575 576/576/576
f 575/575/575 577/577/577 578/578/578
f 575/575/575 578/578/578 574/574/574
f 574/574/574 578/578/578 579/579/579
f 574/574/574 579/579/579 573/573/573
f 573/573/573 579/579/579 580/580/580
f 573/573/573 580/580/580 588/588/588
f 588/588/588 580/580/580 581/581/581
f 588/588/588 581/581/581 587/587/587
f 587/587/587 581/581/581 582/582/582
f 587/587/587 582/582/582 586/586/586
f 586/586/586 582/582/582 583/583/583
f 586/586/586 583/583/583 585/585/585
f 585/585/585 583/583/583 584/584/584
f 677/677/677 675/675/675 676/676/676
f 675/675/675 677/677/677 678/678/678
f 675/675/675 678/678/678 674/674/674
f 674/674/674 678/678/678 663/663/663
f 674/674/674 663/663/663 673/673/673
f 673/673/673 663/663/663 664/664/664
f 673/673/673 664/664/664 672/672/672
f 672/672/672 664/664/664 665/665/665
f 672/672/672 665/665/665 671/671/671
f 671/671/671 665/665/665 666/666/666
f 671/671/671 666/666/666 670/670/670
f 670/670/670 666/666/666 667/667/667
f 670/670/670 667/667/667 669/669/669
f 669/669/669 667/667/667 668/668/668
f 1011/1011/1011 1041/1041/1041 1042/1042/1042
f 1041/1041/1041 1011/1011/1011 1012/1012/1012
f 1041/1041/1041 1012/1012/1012 1040/1040/1040
f 1040/1040/1040 1012/1012/1012 1013/1013/1013
f 1040/1040/1040 1013/1013/1013 1039/1039/1039
f 1039/1039/1039 1013/1013/1013 1014/1014/1014
f 1039/1039/1039 1014/1014/1014 1038/1038/1038
f 1038/1038/1038 1014/1014/1014 1015/1015/1015
f 1038/1038/1038 1015/1015/1015 1037/1037/1037
f 1037/1037/1037 1015/1015/1015 1016/1016/1016
f 1037/1037/1037 1016/1016/1016 1036/1036/1036
f 1036/1036/1036 1016/1016/1016 1017/1017/1017
f 1036/1036/1036 1017/1017/1017 1035/1035/1035
f 1035/1035/1035 1017/1017/1017 1018/1018/1018
f 1035/1035/1035 1018/1018/1018 1034/1034/1034
f 1034/1034/1034 1018/1018/1018 1019/1019/1019
f 1034/1034/1034 1019/1019/1019 1033/1033/1033
f 1033/1033/1033 1019/1019/1019 1020/1020/1020
f 1033/1033/1033 1020/1020/1020 1032/1032/1032
f 1032/1032/1032 1020/1020/1020 1021/1021/1021
f 1032/1032/1032 1021/1021/1021 1031/1031/1031
f 1031/1031/1031 1021/1021/1021 1022/1022/1022
f 1031/1031/1031 1022/1022/1022 1030/1030/1030
f 1030/1030/1030 1022/1022/1022 1023/1023/1023
f 1030/1030/1030 1023/1023/1023 1029/1029/1029
f 1029/1029/1029 1023/1023/1023 1024/1024/1024
f 1029/1029/1029 1024/1024/1024 1028/1028/1028
f 1028/1028/1028 1024/1024/1024 1025/1025/1025
f 1028/1028/1028 1025/1025/1025 1027/1027/1027
f 1027/1027/1027 1025/1025/1025 1026/1026/1026
f 1045/1045/1045 1043/1043/1043 1044/1044/1044
f 1043/1043/1043 1045/1045/1045 1046/1046/1046
f 1043/1043/1043 1046/1046/1046 1074/1074/1074
f 1074/1074/1074 1046/1046/1046 1047/1047/1047
f 1074/1074/1074 1047/1047/1047 1073/1073/1073
f 1073/1073/1073 1047/1047/1047 1048/1048/1048
f 1073/1073/1073 1048/1048/1048 1072/1072/1072
f 1072/1072/1072 1048/1048/1048 1049/1049/1049
f 1072/1072/1072 1049/1049/1049 1071/1071/1071
f 1071/1071/1071 1049/1049/1049 1050/1050/1050
f 1071/1071/1071 1050/1050/1050 1070/1070/1070
f 1070/1070/1070 1050/1050/1050 1051/1051/1051
f 1070/1070/1070 1051/1051/1051 1069/1069/1069
f 1069/1069/1069 1051/1051/1051 1052/1052/1052
f 1069/1069/1069 1052/1052/1052 1068/1068/1068
f 1068/1068/1068 1052/1052/1052 1053/1053/1053
f 1068/1068/1068 1053/1053/1053 1067/1067/1067
f 1067/1067/1067 1053/1053/1053 1054/1054/1054
f 1067/1067/1067 1054/1054/1054 1066/1066/1066
f 1066/1066/1066 1054/1054/1054 1055/1055/1055
f 1066/1066/1066 1055/1055/1055 1065/1065/1065
f 1065/1065/1065 1055/1055/1055 1056/1056/1056
f 1065/1065/1065 1056/1056/1056 1064/1064/1064
f 1064/1064/1064 1056/1056/1056 1057/1057/1057
f 1064/1064/1064 1057/1057/1057 1063/1063/1063
f 1063/1063/1063 1057/1057/1057 1058/1058/1058
f 1063/1063/1063 1058/1058/1058 1062/1062/1062
f 1062/1062/1062 1058/1058/1058 1059/1059/1059
f 1062/1062/1062 1059/1059/1059 1061/1061/1061
f 1061/1061/1061 1059/1059/1059 1060/1060/1060
f 1253/1253/1253 1249/1249/1249 1251/1251/1251
f 1249/1249/1249 1253/1253/1253 1247/1247/1247
f 1247/1247/1247 1253/1253/1253 1255/1255/1255
f 1247/1247/1247 1255/1255/1255 1245/1245/1245
f 1245/1245/1245 1255/1255/1255 1231/1231/1231
f 1245/1245/1245 1231/1231/1231 1243/1243/1243
f 1243/1243/1243 1231/1231/1231 1233/1233/1233
f 1243/1243/1243 1233/1233/1233 1241/1241/1241
f 1241/1241/1241 1233/1233/1233 1235/1235/1235
f 1241/1241/1241 1235/1235/1235 1239/1239/1239
f 1239/1239/1239 1235/1235/1235 1237/1237/1237
f 1294/1294/1294 1288/1288/1288 1291/1291/1291
f 1288/1288/1288 1294/1294/1294 1299/1299/1299
f 1288/1288/1288 1299/1299/1299 1285/1285/1285
f 1285/1285/1285 1299/1299/1299 1302/1302/1302
f 1285/1285/1285 1302/1302/1302 1282/1282/1282
f 1282/1282/1282 1302/1302/1302 1305/1305/1305
f 1282/1282/1282 1305/1305/1305 1279/1279/1279
f 1279/1279/1279 1305/1305/1305 1307/1307/1307
f 1279/1279/1279 1307/1307/1307 1276/1276/1276
f 1276/1276/1276 1307/1307/1307 1270/1270/1270
f 1276/1276/1276 1270/1270/1270 1273/1273/1273

